002021119071655016000090
002021119071808019030045
001021119071812016010125
001021119071822016010098
001021119071826016010081
002021119071836019060101
001021119072032016010095
002021119072151019030001
001021119072152016010128
001021119072159016010048
001021119072202016010090
001021119072231016010121
008021119072409016010129
001021119072416016010071
001021119072422016010050
001021119072436016010045
002021119072446019030022
001021119072535016010105
001021119072552016010122
001021119072604016010080
002021119072607019060003
002021119072658015030473
001021119072701016010073
002021119072703015030476
002021119072711014030055
001021119072728016010084
001021119072732016010106
001021119072736016010110
001021119072739016010119
001021119072742016010130
001021119072820016010124
001021119072829016010077
001021119072836016010079
001021119072844016010056
002021119072848019060084
001021119072850016010100
002021119072914019110027
002021119072919019020083
002021119072924015030444
002021119072927015030444
004021119072927012160275
001021119072944016010032
002021119073009019020392
001021119073012019010125
002021119073042012180252
003021119073044012030402
003021119073047014010606
006021119073105011000359
001021119073107016010024
006021119073111019100067
006021119073115019100067
002021119073120019010087
003021119073123013010768
003021119073127013010771
003021119073130012040293
006021119073156011000051
006021119073204019100067
006021119073207019100067
002021119073207019020391
001021119073241016010127
002021119073259019050227
004021119073312013030625
008021119073323013020543
002021119073323014030374
008021119073328013020067
004021119073329013030624
002021119073339012140379
004021119073359014030479
001021119073402016010082
008021119073445013020745
002021119073455019020079
001021119073502016000073
006021119073514011000675
006021119073551012010019
002021119073551019010124
002021119073601019010116
002021119073602019010116
003021119073605013010800
002021119073610019050216
004021119073612012150135
002021119073613012130312
008021119073626012070187
002021119073640019020231
003021119073653012040466
008021119073658012070387
004021119073717012180299
004021119073720013030546
002021119073722013030592
003021119073732013010365
006021119073733011000078
002021119073736019030047
001021119073737016010120
002021119073743019010132
008021119073748013020844
008021119073751013020849
004021119073802012160136
008021119073810015020658
002021119073813014030400
008021119073820014020570
008021119073826014020588
006021119073834012070006
002021119073859019020103
002021119073902019060113
009021119073914015020671
002021119073915019100032
009021119073916015020671
004021119073923012160282
002021119073933019050188
006021119073935011000692
004021119073937012170178
008021119073941015020577
004021119073944012180284
002021119073944013030627
006021119073945011000573
009021119073946012070428
002021119073949013030509
002021119073952013030509
004021119073953012170144
008021119073955015020604
002021119073957012170305
004021119073957012130341
002021119073958019050094
004021119074000012140467
006021119074001011000573
002021119074004019100039
008021119074004012090372
003021119074005012060427
009021119074007014020451
002021119074018012130297
003021119074019013010007
009021119074019012110443
003021119074022012040442
009021119074023013020683
002021119074025019110006
002021119074030019110005
003021119074031013010677
003021119074032013010746
002021119074037019020095
004021119074040015030463
002021119074042019020313
004021119074047013030509
002021119074054019100046
002021119074104019020398
003021119074108012060434
006021119074111011000710
002021119074114019020124
006021119074115015090630
002021119074121019030049
002021119074121012130165
002021119074128019050244
009021119074131014020501
004021119074133013030565
004021119074142012180046
004021119074145012160163
002021119074151019020326
002021119074158019020379
006021119074201015090568
002021119074203019020400
006021119074206013010009
002021119074206014030239
006021119074211011000491
004021119074213015030465
002021119074216013030638
001021119074218013030157
002021119074227014030489
002021119074230014030421
009021119074231014020404
002021119074232019060114
004021119074240012140462
003021119074242013010347
004021119074243013030386
006021119074244014030174
002021119074245012180288
009021119074245013020723
004021119074249012170292
003021119074250012060331
002021119074251015030428
004021119074252012150190
003021119074254015010801
006021119074256011000165
003021119074257012060396
004021119074300013030508
003021119074301012060007
003021119074303012030349
003021119074305012060433
004021119074305012180171
006021119074307013010014
003021119074309013010799
002021119074309019070014
003021119074311012030276
006021119074313013010001
008021119074314012120490
009021119074314015020683
009021119074320013020823
004021119074326012140472
002021119074328019100018
009021119074332012100398
004021119074334013030609
002021119074335019020368
004021119074338014030342
002021119074340012180273
003021119074341014010003
006021119074343012160021
006021119074346011000687
003021119074346013010672
009021119074347014020562
002021119074353014030404
004021119074403012170257
008021119074408012120489
002021119074416019020186
002021119074423014030366
002021119074425019020383
003021119074432013010505
002021119074433019040024
002021119074435013030618
009021119074436012120473
002021119074438015030426
003021119074438012050254
009021119074439015020635
008021119074441012070437
003021119074442013010651
002021119074444012150249
008021119074451012080467
008021119074452012080467
004021119074455015030368
006021119074459011000677
009021119074500015020679
009021119074503012090248
004021119074507012180276
004021119074511013030498
003021119074513015010678
008021119074514013020778
006021119074516015090608
002021119074517012180308
004021119074518012160134
006021119074519015090608
003021119074519012010364
008021119074521015020675
002021119074521012180253
009021119074522012110297
004021119074524012170279
002021119074526014030475
009021119074526012120478
009021119074529012080304
004021119074530014030305
002021119074533012150274
002021119074535012130250
004021119074536012140466
008021119074539013020532
004021119074539014030077
004021119074543012160075
002021119074543015030434
008021119074544012080408
006021119074544011000651
004021119074546012160149
002021119074547019020387
004021119074550015030343
002021119074550015030436
003021119074553013010794
002021119074553012150091
004021119074558013030443
001021119074601016000152
004021119074601013030608
009021119074602012100429
004021119074604014030368
009021119074607012090404
004021119074608013030246
008021119074609013020692
009021119074610013020387
004021119074610012150283
002021119074610014030424
008021119074612013020864
002021119074612019020127
002021119074613014030226
009021119074614013020562
003021119074615012060414
006021119074617011000722
004021119074619014030426
004021119074621012180262
009021119074623013020438
002021119074625019050224
009021119074626014020625
003021119074626013010737
004021119074626014030160
003021119074628013010803
004021119074630012140167
009021119074630012070429
003021119074632012040470
002021119074632019020061
004021119074633014030334
004021119074635012170194
008021119074636013020855
004021119074638014030459
008021119074639013020859
004021119074642012150318
002021119074642019050217
008021119074651012080343
004021119074652012150310
009021119074652012080463
008021119074654012080431
002021119074654013030639
008021119074655015020660
004021119074655013030507
009021119074656012080189
002021119074658019050239
009021119074659013020878
006021119074659015090579
003021119074659012060384
009021119074702012080456
008021119074703012100434
002021119074704019040035
006021119074704011000683
004021119074706012180046
003021119074707012040423
006021119074707015090621
003021119074708013010726
006021119074712013020240
008021119074714012110483
002021119074717013030349
002021119074717019050235
003021119074724013010714
002021119074725012130340
006021119074726011000717
002021119074727019020353
009021119074727013020851
003021119074728015010687
009021119074730015020668
006021119074731011000595
009021119074732015020029
002021119074733012140445
002021119074734012130339
009021119074735013020873
006021119074736011000203
002021119074736012150309
004021119074737013030545
006021119074739011000699
002021119074739014030159
009021119074739014020523
004021119074742013030634
006021119074742015090627
003021119074742012040472
004021119074745012160271
009021119074745013020821
004021119074746012180278
003021119074747013010550
006021119074747013010321
004021119074749012140149
002021119074749019050184
003021119074750013010693
003021119074752012020121
004021119074752012150073
002021119074753019020346
009021119074753013020755
006021119074755011000276
003021119074755015010798
009021119074756014020532
002021119074756012170293
004021119074756013030162
003021119074758012020348
002021119074759012160088
009021119074800012110377
002021119074800019060033
004021119074800012160256
003021119074801012060359
004021119074803013030551
003021119074804012020344
002021119074806019020323
004021119074808012150319
004021119074810012140421
009021119074814015020386
006021119074819012110223
003021119074821013010577
009021119074823012110400
006021119074825011000343
003021119074828012040337
006021119074830014020288
004021119074832012150241
009021119074834013020701
006021119074835011000086
009021119074837013020674
004021119074837012170146
006021119074838011000445
003021119074838012040444
004021119074839012160285
009021119074840013020748
003021119074841013010601
006021119074841011000678
009021119074842014020589
004021119074842012150196
004021119074844012170218
006021119074844011000586
009021119074845012100423
003021119074845012040376
009021119074846012100423
002021119074848012160313
003021119074848012040473
008021119074851015020647
006021119074853011000715
002021119074856019020374
003021119074856013010781
009021119074857016010123
003021119074858012060420
002021119074901019020065
009021119074901015020469
006021119074901011000597
009021119074904013020766
002021119074905019020394
006021119074905014010053
003021119074907012010309
004021119074909012160287
002021119074909012150278
002021119074910019110046
003021119074911013010772
002021119074912013030466
009021119074912012090393
008021119074913014020620
006021119074913011000663
004021119074914014030398
003021119074917013010759
006021119074917011000666
002021119074918019050112
009021119074918012080163
002021119074919012170277
008021119074920015020681
003021119074922012020332
006021119074922019100066
004021119074923012170073
002021119074924019020150
003021119074925014010492
006021119074926014010241
009021119074927012070445
003021119074928013010788
006021119074929015090603
002021119074929015030477
003021119074931012060005
006021119074931015090620
002021119074933019100070
004021119074933012130336
006021119074934011000727
004021119074935015030445
002021119074936012160291
006021119074937011000408
004021119074938013030641
002021119074939012140458
006021119074939013030003
004021119074941012170258
006021119074942013020581
002021119074944012160314
009021119074945012110151
006021119074945012020340
003021119074946012040447
002021119074947015030431
009021119074948013020850
008021119074949013020797
006021119074949011000564
003021119074950012010341
004021119074950019050128
002021119074950019010108
001021119074950016000101
006021119074952011000686
003021119074952012030256
004021119074952012130310
001021119074953016000101
002021119074954019030048
001021119074954018010067
003021119074954012030403
006021119074955011000408
004021119074956012130280
001021119074957015010763
003021119074958012050364
009021119074958013020874
004021119074959012170127
002021119074959019020363
006021119075000015090580
002021119075001019050164
003021119075001012030036
004021119075003012140457
006021119075003011000731
003021119075004015010797
002021119075004019020340
004021119075006012170195
006021119075007011000729
003021119075008013010625
004021119075009012170193
002021119075010019110002
003021119075010012040452
009021119075010013020877
006021119075011011000730
002021119075011013030649
004021119075012013030629
009021119075013013020877
006021119075014011000574
008021119075014012090379
003021119075014012060426
002021119075015012130343
003021119075017013010758
002021119075017019060107
008021119075017012110482
009021119075018012120377
002021119075018012140474
003021119075020012050195
008021119075020012120476
002021119075021013030642
009021119075023012070010
008021119075023015020535
002021119075023012170301
006021119075025011000643
004021119075025013030644
008021119075026012080383
009021119075026012100411
006021119075027011000120
008021119075028013020703
003021119075028013010580
004021119075029012140435
009021119075029014020511
008021119075031012070442
006021119075032013020154
004021119075033013030188
003021119075033013010426
008021119075034015020654
006021119075034011000706
004021119075035012180185
002021119075035019020260
003021119075035012020086
001021119075035015100546
002021119075037015030469
003021119075039015010786
006021119075039011000726
009021119075039012100006
002021119075040019050195
008021119075043013020868
004021119075043012170290
003021119075045012050368
004021119075045015030371
002021119075046012130333
009021119075046015020677
002021119075048014030482
009021119075048015020677
004021119075048014030440
009021119075049014020630
002021119075050019020393
006021119075051011000719
009021119075052013020858
004021119075052014030325
003021119075053013010727
006021119075054011000704
002021119075055012130329
004021119075056012160143
009021119075057012070440
006021119075057011000690
002021119075058012160259
004021119075100012150271
003021119075100012030399
009021119075100013020749
006021119075101011000283
008021119075101012080430
002021119075102019060119
002021119075102014030418
004021119075103012130322
009021119075103012110460
003021119075103012030342
008021119075104012120479
004021119075104013030084
006021119075104011000262
003021119075105012050315
009021119075106013020606
004021119075106013030506
002021119075106019020390
008021119075107012110488
006021119075107012120199
002021119075108015030410
003021119075108012050363
009021119075109012090335
003021119075110012010389
004021119075110013030382
006021119075110011000713
008021119075111013020818
004021119075112013030504
006021119075112011000258
002021119075113019020382
002021119075113014030399
008021119075113012110143
009021119075114014020594
006021119075115011000713
003021119075116012050313
004021119075116012180251
002021119075116015030388
009021119075116013020761
006021119075117011000555
002021119075117019100063
008021119075117015020620
009021119075119014020622
006021119075120011000694
004021119075120012170253
002021119075120014030290
008021119075121012090375
006021119075122011000525
004021119075123013030398
002021119075123019050026
004021119075125013030458
006021119075125011000700
002021119075126019020372
003021119075128012030387
004021119075128012140460
006021119075128011000473
009021119075128012100436
004021119075129012180259
008021119075129015020644
003021119075130012050183
006021119075132012040209
008021119075132012110454
009021119075133012080135
003021119075133013010787
006021119075134011000598
003021119075134012020228
004021119075134013030187
009021119075136012080457
002021119075136019050084
003021119075136012060378
004021119075136013030120
008021119075136013020881
004021119075139012130214
008021119075139013020881
003021119075141012030266
002021119075142012130263
008021119075142013020881
004021119075142012150255
004021119075143012140446
003021119075143013010575
006021119075144012160114
003021119075145012040465
004021119075146012180277
006021119075147013010392
003021119075147014010208
002021119075149019070031
004021119075149013030577
003021119075150012050365
009021119075150012100431
006021119075150011000595
001021119075151015030112
003021119075152013010624
004021119075152013030339
006021119075153011000041
003021119075154012030355
009021119075155012070443
002021119075155019070038
008021119075155012120484
006021119075156011000670
003021119075157014010432
002021119075157015030337
009021119075158015020545
003021119075159012050345
002021119075201012140425
006021119075201011000632
003021119075201012060381
002021119075202015030262
009021119075202012070384
001021119075202013020180
008021119075203012090267
006021119075204011000632
002021119075205012150314
003021119075205013010785
009021119075205013020865
004021119075206012130319
003021119075206013010724
002021119075207019050237
008021119075207012070415
002021119075207014030476
004021119075208015030356
009021119075208013020824
002021119075209012140419
008021119075210015020640
004021119075211012170056
002021119075211014030480
006021119075211014030087
009021119075211012090333
003021119075212013010654
002021119075213019050205
002021119075213014030450
004021119075214012160243
003021119075214013010770
009021119075215012090383
008021119075215012070441
006021119075215012130091
003021119075216013010541
008021119075218013020831
009021119075218015020502
006021119075220011000720
003021119075220012030366
004021119075220012140388
002021119075221013030563
009021119075221015020655
003021119075222012050303
008021119075222012100311
004021119075223012130278
009021119075224012110427
006021119075224011000498
003021119075225012030335
009021119075227012110484
004021119075227013030606
003021119075228012040414
006021119075228012010292
006021119075230013030176
004021119075230012170268
009021119075231013020651
006021119075232013010015
003021119075232012030386
003021119075233012050028
004021119075233013030530
003021119075235012050307
004021119075235012130242
009021119075235012090350
006021119075236012010170
002021119075237015030376
003021119075237015010780
004021119075238013030075
009021119075238012100284
002021119075239015030386
004021119075240012130059
002021119075240019020221
003021119075240012060374
009021119075241012100334
002021119075242012140235
009021119075243012080220
004021119075243015030467
003021119075244012020390
004021119075245012140086
002021119075245012150226
002021119075246019050241
009021119075246012110474
002021119075247012170266
008021119075247012120143
004021119075247012180272
006021119075249012020013
009021119075249013020574
001021119075249016000168
004021119075250012150312
002021119075250012160300
003021119075250013010795
004021119075251012130305
001021119075252016000168
002021119075252019050242
004021119075254014030088
006021119075254013020068
008021119075255014020554
003021119075255013010662
002021119075257019020318
003021119075257012050350
009021119075257012080284
002021119075257015030466
004021119075258013030264
001021119075258016000163
008021119075258015020652
003021119075259012060379
002021119075300014030444
002021119075300019050091
006021119075300011000725
004021119075301013030354
008021119075301012120415
008021119075303012110178
001021119075304015100556
003021119075305012060364
009021119075306014020553
004021119075306012180271
001021119075306015100559
002021119075306012130288
006021119075307011000231
002021119075308013030631
002021119075309019050209
004021119075309012160224
008021119075309014020567
001021119075309015100556
003021119075310015010791
009021119075310013020826
002021119075311012130254
006021119075312012020288
008021119075312012110373
001021119075313016000163
002021119075313019050225
002021119075313015030471
003021119075313012060363
004021119075314014030331
002021119075314012140442
008021119075315013020808
004021119075316013030379
002021119075316012140389
003021119075316012020396
008021119075316012090041
006021119075317011000568
002021119075317019110043
002021119075318012150263
003021119075318015010716
008021119075319012100400
004021119075319012130075
006021119075319012130116
003021119075321013010682
004021119075321012130210
002021119075322012140475
002021119075322019040001
003021119075323012060166
008021119075324015020667
009021119075324012070193
004021119075324015030437
001021119075324018010070
002021119075324013030648
004021119075326013030356
003021119075326013010199
009021119075327013020542
002021119075327012140468
008021119075327013020880
004021119075328013030571
003021119075328012060428
009021119075329012080428
003021119075330012040437
002021119075330014030336
004021119075330014030425
001021119075330018010054
008021119075330013020188
002021119075330019110014
006021119075332012060241
004021119075332012130290
009021119075332014020626
002021119075333012160215
008021119075333013020017
003021119075333012010419
002021119075333019050029
004021119075334015030389
009021119075335012070435
003021119075335015010805
006021119075336014030056
004021119075336012140470
008021119075336013020832
002021119075336014030416
002021119075336019050029
009021119075338012070414
004021119075338013030485
002021119075339019020397
008021119075339012120494
009021119075339013020861
006021119075339011000728
008021119075340012120494
003021119075340012050366
004021119075340013030496
006021119075341012020037
003021119075342012020400
002021119075342019110048
004021119075343013030637
008021119075343014020231
002021119075344012150108
003021119075345012030400
008021119075345012100347
004021119075346012150098
006021119075346011000718
003021119075346012060229
008021119075347015020643
006021119075348011000681
004021119075348012150198
009021119075348013020769
003021119075348013010598
003021119075350012010247
008021119075350012080267
004021119075350015030408
009021119075350012100134
004021119075351012140434
008021119075351012090406
009021119075351012110461
006021119075352011000566
004021119075353013030460
009021119075353013020780
003021119075353013010646
006021119075354013020412
008021119075354012100432
003021119075355013010460
006021119075356012110164
002021119075356013030484
004021119075356013030590
003021119075357012060388
009021119075357012110473
008021119075357012090418
004021119075358013030591
003021119075358015010550
006021119075400012040300
003021119075401012040367
004021119075401012130342
008021119075401012080447
003021119075403014010603
004021119075403013030617
009021119075404012090256
008021119075404012090351
006021119075405011000640
004021119075405012180290
001021119075406016000126
003021119075406013010520
008021119075407015020663
004021119075407013030576
008021119075408012120454
006021119075408011000385
003021119075409012050310
001021119075409016000126
001021119075410016000126
004021119075410012180206
008021119075410012120454
006021119075411015090617
008021119075411012120454
002021119075411019020399
003021119075411013010740
002021119075412014030289
004021119075412013030646
009021119075412012070407
008021119075413012120454
003021119075413015010704
008021119075414012100257
002021119075414012130327
006021119075414011000627
002021119075414019100071
003021119075415014010598
004021119075415012180158
008021119075416012110406
006021119075416011000594
002021119075417016000144
009021119075417014020581
009021119075418013020685
003021119075418012040469
004021119075418012060309
001021119075418018010048
006021119075419011000601
004021119075420012140463
003021119075420012040459
006021119075420011000410
002021119075421019020349
003021119075421012040222
009021119075422013020758
009021119075423013020781
006021119075423011000723
008021119075423015020451
003021119075423012050210
004021119075424012140422
002021119075425014030031
003021119075425012050351
004021119075425013030573
009021119075426012090302
008021119075426014020534
006021119075427012170077
003021119075428012030353
004021119075428014030454
009021119075429013020789
002021119075430012160306
004021119075430013030550
003021119075430012030230
008021119075430013020841
006021119075430011000065
009021119075432012110351
006021119075432015090628
004021119075432013030456
002021119075433014030484
003021119075433012060410
004021119075434014030423
006021119075435012020137
003021119075435012060421
009021119075435013020255
004021119075436012180258
008021119075436012070331
003021119075437012040454
006021119075437011000724
006021119075438012130120
004021119075438012140363
002021119075438012170303
009021119075438013020536
002021119075440014030375
003021119075440013010735
009021119075441012070338
004021119075441014030438
006021119075442012010201
002021119075442012180157
009021119075443012080466
004021119075444012170020
009021119075444012080466
002021119075445012160253
006021119075445011000581
002021119075445019060102
003021119075445012040461
009021119075447014020525
004021119075447013030562
003021119075447012040462
008021119075447012080123
006021119075448012180106
002021119075448012130338
004021119075449012140444
008021119075450012090420
002021119075450019110037
009021119075450012110455
002021119075450012180287
006021119075452016010086
009021119075453012120496
002021119075453019050152
003021119075453013010542
004021119075453015030451
002021119075453014030388
004021119075454013030325
002021119075455012170271
008021119075455012080448
009021119075455012080452
006021119075455011000422
009021119075456012080452
002021119075457019020275
004021119075457012150307
002021119075457012180275
004021119075458012180296
003021119075458012030390
006021119075458012110004
009021119075459012080375
002021119075459012170295
002021119075500019050152
008021119075500012120354
003021119075501014010605
006021119075501011000277
004021119075501013030603
002021119075501012180249
009021119075502015020591
004021119075503012150270
008021119075503012120395
003021119075503015010615
006021119075504012020002
002021119075504012140374
003021119075505012040373
002021119075505019110050
009021119075505014020598
008021119075506012080462
004021119075506012150260
002021119075506012180249
003021119075507012040467
008021119075508012120477
009021119075508013020793
006021119075508015090629
002021119075508012150300
002021119075508019050212
003021119075509013010695
004021119075509013030372
002021119075510012180249
009021119075510015020680
008021119075511012110375
004021119075512012150290
003021119075512012030344
009021119075513013020681
002021119075513014030365
006021119075513011000639
003021119075514015010668
002021119075514012170019
008021119075514012120486
004021119075514013030448
002021119075514019100065
009021119075516012080429
004021119075516012150294
004021119075517013030482
002021119075517012150102
009021119075518012080429
008021119075518014020608
003021119075518012050347
002021119075518019020007
006021119075518015020540
002021119075518012150305
008021119075519012110437
004021119075520012140471
004021119075521013030516
002021119075521015030461
006021119075521015090616
009021119075521012100364
008021119075522012070439
004021119075523015030246
002021119075524012170273
009021119075524012110446
003021119075525012010393
008021119075525013020504
002021119075526012160310
004021119075526012180292
003021119075527012010162
009021119075527012070446
008021119075527013020840
004021119075527012150304
001021119075528013030071
006021119075528013020397
002021119075529019100061
002021119075529016000123
003021119075530012060432
002021119075530014030465
004021119075530013030479
008021119075530012100443
008021119075531012100443
004021119075531014030021
009021119075532012070244
006021119075532012110087
008021119075533012090017
004021119075533013030523
002021119075533019100002
002021119075534015030402
001021119075534015030454
009021119075535012120242
004021119075535013030441
006021119075536012120124
008021119075536014020538
002021119075537012140148
004021119075537015030443
009021119075539012120256
004021119075539013030558
006021119075539013020241
008021119075539012080458
003021119075540015010792
009021119075541012120256
004021119075542012130205
009021119075542012120256
002021119075543019100072
004021119075543012140452
008021119075543012090421
004021119075544013030619
001021119075544016000062
009021119075544012120256
009021119075545012070432
008021119075545012090348
003021119075545015010690
009021119075546012070432
002021119075546015030279
001021119075546015100557
002021119075547012160296
009021119075547012070432
006021119075547019100008
003021119075548012010387
002021119075548019100068
004021119075548012160087
002021119075549015030459
008021119075550012120491
009021119075550014020582
003021119075551012010173
002021119075551015030458
003021119075551015010769
004021119075551012150293
009021119075552014020628
006021119075552011000517
008021119075552012120401
008021119075553012120421
004021119075554013030469
006021119075554013030199
009021119075554014020443
003021119075554012020393
008021119075555014020578
002021119075555019110029
002021119075556013030589
009021119075557012110410
003021119075557015010803
006021119075558013030240
009021119075558014020486
004021119075558013030366
009021119075559014020486
002021119075559019100008
002021119075601014030427
006021119075601012020162
009021119075602012080425
002021119075602019020307
004021119075602012180212
008021119075603014020619
003021119075603013010769
006021119075604011000309
002021119075604015030351
004021119075605012180307
003021119075605013010413
002021119075605019010134
009021119075606012080350
006021119075607011000388
004021119075607015030438
003021119075607012050354
009021119075607012110404
003021119075609012020389
004021119075609013030119
008021119075609012100416
002021119075609012160308
009021119075609012110367
002021119075610019040028
006021119075610011000668
004021119075611012180266
006021119075612011000388
003021119075612012010327
009021119075612012080419
003021119075613012060356
008021119075613012100224
002021119075614012130326
006021119075614011000440
004021119075614014030393
003021119075615012010414
009021119075616013020836
008021119075616012090341
006021119075617012050057
003021119075617012020286
004021119075618012150171
003021119075619015010751
008021119075619014020493
009021119075619013020836
002021119075620019060108
006021119075620013010151
002021119075620014030072
009021119075620013020738
004021119075621013030535
009021119075621013020738
003021119075622015010717
008021119075622014020618
009021119075623013020738
004021119075623012160311
006021119075623011000263
003021119075623012050356
009021119075624012100047
002021119075624019020377
008021119075624012070264
004021119075625012170207
003021119075625013010529
006021119075626011000001
003021119075627012020381
009021119075627013020468
002021119075627019100013
008021119075627014020524
004021119075628013030425
006021119075629011000388
008021119075629015020057
009021119075630012120368
004021119075630012140443
002021119075631019020273
004021119075631013030633
008021119075632014020416
006021119075633012060015
002021119075633014030458
004021119075633013030066
009021119075633014020036
001021119075633019030050
003021119075633012040353
008021119075634013020586
003021119075635012040382
008021119075635015020410
002021119075635019060076
002021119075636013030518
004021119075636012150303
006021119075636011000656
004021119075637012140154
003021119075637013010515
009021119075638012090400
002021119075638012170280
008021119075638012120487
003021119075639012020269
002021119075639013030541
006021119075639011000656
004021119075640012150100
002021119075641019060076
009021119075641012090330
008021119075641012110481
002021119075641013030630
004021119075642012170267
003021119075642013010791
006021119075642012080114
004021119075643015030460
008021119075644013020460
003021119075644013010780
002021119075644014030279
009021119075644015020568
008021119075646014020394
003021119075646012060400
009021119075646015020478
006021119075647011000654
004021119075647012170298
003021119075648012080007
008021119075648014020426
002021119075649019060097
009021119075649012110378
004021119075650012160280
008021119075650012080297
006021119075650015090611
003021119075650013010606
004021119075651015030455
009021119075652012100394
008021119075653012070444
008021119075654015020666
003021119075654013010522
006021119075654011000712
004021119075654012160190
009021119075655013020767
004021119075656012180268
006021119075656012170053
002021119075656014030381
003021119075656014010452
008021119075657012100424
004021119075658012170291
002021119075658019060120
009021119075658012110414
002021119075659013030263
003021119075659012030317
008021119075700012110412
008021119075701014020537
004021119075701013030622
009021119075701012100323
003021119075702012050238
009021119075702012100323
003021119075703013010653
008021119075703012070148
002021119075703013030596
002021119075703019100044
004021119075704012140469
009021119075705015020646
006021119075705011000534
008021119075705013020819
002021119075706012130330
002021119075706019060095
004021119075706012130264
003021119075706012020404
009021119075707012100418
004021119075708012180220
006021119075708014030096
008021119075708012070427
003021119075708012020392
002021119075709019040034
009021119075709012110354
006021119075710012050222
002021119075710012140453
003021119075710012030327
008021119075711012070447
002021119075711012180305
003021119075712012050225
009021119075713012100445
006021119075713011000714
004021119075714012160301
006021119075714011000707
008021119075714012070286
002021119075714014030485
003021119075715012050311
002021119075715019050243
004021119075716014030150
002021119075716019050243
003021119075717015010610
008021119075717013020810
004021119075718012130317
009021119075719012100312
002021119075720014030486
006021119075720012020010
008021119075720014020494
003021119075721012020391
004021119075721012160236
002021119075721019010118
008021119075722013020862
009021119075722012120493
004021119075722012150128
002021119075723015030470
003021119075724012030398
006021119075725012090035
009021119075725012090339
008021119075725012100288
003021119075726012030389
009021119075726012100405
004021119075726014030437
002021119075726019040015
002021119075727012170299
004021119075727012150268
008021119075728013020869
002021119075729019030046
004021119075729013030614
003021119075729015010761
009021119075729012070368
002021119075729012160279
008021119075731015020674
003021119075731013010733
002021119075732014030217
004021119075732014030430
009021119075732013020644
002021119075733019110040
003021119075734012030010
006021119075734012130223
009021119075734013020411
008021119075735014020180
004021119075735012170228
003021119075736013010732
008021119075736014020180
002021119075737015030423
006021119075738013020274
001021119075738015100543
004021119075738013030645
009021119075738013020835
008021119075739012120488
009021119075739013020835
003021119075739013010710
002021119075740015030424
006021119075740012140043
003021119075740013010763
008021119075740015020665
004021119075741014030267
002021119075741019110049
001021119075741015100560
009021119075742012120399
004021119075742013030636
008021119075743012090380
006021119075743012050129
003021119075743012050341
003021119075745012010420
009021119075745013020843
008021119075746013020860
006021119075746012050085
002021119075747013030623
009021119075747012080380
003021119075747012030401
006021119075748012160012
004021119075749013030440
002021119075749012150201
008021119075749014020529
002021119075749019040030
009021119075750012090345
003021119075750012050369
006021119075750011000600
002021119075751015030362
008021119075752012080078
002021119075753012170250
003021119075753013010739
006021119075753011000635
009021119075753012070426
002021119075753019040030
008021119075755012100441
003021119075755012050266
009021119075755012100322
002021119075755012130337
006021119075756011000691
001021119075757018010059
008021119075757012110397
002021119075758012170307
009021119075758012120427
003021119075758013010259
002021119075759019050148
006021119075759015090631
008021119075800013020833
002021119075800012140431
001021119075801018010059
003021119075801012060365
002021119075801015030478
009021119075801012120480
006021119075801011000398
004021119075802012130282
006021119075802015090618
008021119075803012110409
004021119075804014030470
002021119075804012130316
009021119075804013020721
003021119075804013010666
001021119075805018010047
002021119075805012160307
006021119075805012130286
008021119075806012120440
003021119075806013010294
009021119075807014020597
006021119075807011000648
002021119075808012160292
008021119075809012110477
004021119075809015030457
003021119075809012040406
002021119075809013030587
009021119075810012100442
008021119075811012120392
006021119075811011000388
003021119075811012040397
002021119075811015030468
009021119075812012070438
003021119075812015010721
002021119075813015030187
006021119075813012130102
009021119075813012070438
004021119075813012160272
003021119075814014010553
008021119075814012110424
004021119075816012130271
002021119075816015030247
009021119075816012100201
006021119075817015020199
008021119075817016000147
002021119075817012140430
003021119075817012030372
004021119075818012140426
008021119075818016000147
009021119075819014020489
002021119075819012150273
003021119075819012010413
006021119075820012020279
002021119075820014030453
008021119075821014020088
003021119075821012040273
004021119075821012140088
008021119075822014020435
009021119075822014020606
002021119075822014030387
003021119075823012050320
004021119075823012160293
002021119075824012170231
008021119075825014020545
009021119075825014020504
003021119075825012050123
002021119075825019050240
002021119075825012130302
002021119075826012180154
009021119075827014020563
002021119075827019020301
006021119075827011000490
004021119075828012180144
008021119075828012100169
001021119075828013020226
003021119075828012020008
009021119075829012090279
002021119075830019040033
006021119075830011000388
008021119075831014020092
003021119075831012010400
004021119075831014030390
006021119075832015020461
008021119075832014020092
004021119075833013030607
009021119075833013020572
003021119075834012020398
008021119075835014020574
004021119075835012140465
006021119075835014030109
009021119075836013020812
004021119075836012170297
008021119075837013020820
006021119075838011000439
003021119075838012050194
004021119075838012150287
009021119075839012090401
004021119075840012160233
008021119075840015020669
002021119075840013030584
006021119075840011000662
002021119075842014030299
004021119075842012140461
009021119075842012120434
008021119075843015020013
009021119075843012110480
003021119075843014010607
002021119075844012140409
004021119075844015030441
002021119075845014030100
004021119075846012160231
008021119075846014020414
009021119075846012110487
004021119075847015030306
008021119075847015020623
003021119075847012010372
002021119075848012180297
009021119075848012110487
002021119075849013030548
003021119075849014010616
008021119075849015020623
009021119075849012100420
004021119075850012150069
009021119075850012070422
008021119075850013020867
002021119075851012130279
002021119075852014030467
008021119075852013020837
003021119075852012020300
006021119075852013020409
003021119075853012030396
009021119075853012110487
004021119075853012140456
009021119075854012110487
002021119075854014030369
004021119075854012170235
002021119075855014030471
009021119075855012090408
008021119075855015020618
001021119075855018010065
004021119075856012140424
003021119075856013010730
004021119075857012130014
002021119075857015030383
009021119075858012100223
008021119075858012100444
004021119075859012140337
002021119075859015030474
006021119075859012090150
002021119075901014030456
004021119075901012140429
009021119075901012100358
003021119075902013010702
008021119075902012090419
004021119075902012130284
004021119075903012170286
008021119075903012120393
003021119075904012050334
009021119075904012120485
006021119075904011000682
002021119075905014030447
004021119075905012170054
002021119075906013030308
008021119075906012070321
002021119075907019020263
009021119075907012120482
003021119075908013010631
006021119075908012010254
004021119075908012150295
002021119075908015030442
002021119075909014030487
008021119075909015020639
003021119075910013010567
009021119075910012080459
009021119075911012070403
006021119075911011000674
002021119075911012180257
004021119075911012140464
004021119075912012140225
008021119075912012080366
002021119075913014030158
008021119075913014020615
003021119075913014020020
008021119075914014020512
002021119075914019070001
009021119075914013020879
004021119075915013030567
002021119075915012130276
006021119075915012160104
002021119075916012180263
004021119075916013030412
008021119075917012080366
009021119075917012110421
002021119075917014030448
002021119075918019020286
008021119075918012100439
002021119075919013030510
004021119075919012150297
004021119075919012170284
003021119075919012060398
009021119075919012120461
001021119075920018010068
003021119075920013010473
006021119075920012060389
002021119075920019020211
002021119075921014030466
008021119075921014020528
002021119075921019050213
008021119075922012080453
009021119075922014020607
004021119075923012160289
002021119075924012130303
008021119075924012080017
002021119075924019100052
003021119075924013010650
009021119075925012070390
004021119075925012140408
002021119075926012160312
004021119075926012130298
003021119075926012020399
006021119075927013020428
008021119075927012100419
002021119075928019110013
003021119075928012050204
009021119075928013020838
008021119075928014020542
002021119075929012180261
004021119075929012150301
003021119075930012030304
009021119075930015020531
002021119075930019050230
001021119075932012070090
008021119075932012120481
004021119075932013030538
009021119075933012070421
004021119075933012170209
003021119075933014010436
008021119075934012110478
002021119075934019050170
009021119075935012090272
003021119075935012060221
003021119075936012030194
004021119075936015030395
001021119075936016000166
008021119075936012110478
004021119075937014030471
008021119075939012100252
004021119075939012180282
009021119075940012120412
006021119075942012160085
004021119075942012140473
008021119075942014020586
008021119075943014020571
003021119075943012010375
009021119075943015020580
002021119075944019040020
008021119075944014020006
004021119075944012130320
002021119075946015030244
002021119075946019010119
009021119075946014020536
008021119075947012090235
003021119075947012050357
004021119075947012140127
008021119075948012090368
009021119075949012090300
004021119075949012180304
002021119075950012140449
003021119075950012050009
004021119075950012170219
008021119075951012100379
002021119075951012150118
002021119075952019010109
008021119075953012090309
008021119075953014020411
009021119075954012080373
002021119075954012140428
004021119075954013030605
008021119075955015020638
006021119075955012020274
002021119075956012160302
004021119075956012130314
003021119075956015010783
009021119075957012070382
002021119075957019050214
008021119075958012110485
003021119075959012010337
004021119075959012170217
002021119075959014030356
006021119075959015020563
009021119080000012080454
002021119080000019050223
002021119080000014030449
003021119080001013010244
004021119080001012130295
006021119080001012120196
002021119080002013030465
006021119080003012080127
004021119080004012130270
001021119080004018010071
003021119080004014010338
008021119080004013020198
004021119080005012170287
008021119080005013020599
009021119080006015020657
004021119080006012130334
008021119080007014020398
009021119080007015020657
002021119080007019030042
002021119080008013030647
008021119080008014020398
009021119080008015020657
004021119080008013030399
001021119080008018010066
003021119080008013010190
008021119080009012110294
002021119080009012130292
006021119080009013010296
009021119080010012100350
009021119080011012100350
008021119080011014020530
003021119080011012060423
001021119080012016000157
002021119080012012150250
002021119080013019040009
004021119080014012150286
009021119080014014020624
003021119080014012050359
008021119080014014020007
004021119080015015030101
002021119080015012140439
003021119080016013010793
002021119080016019040016
008021119080017013020282
009021119080017013020753
009021119080018013020753
008021119080018012120448
004021119080018013030348
002021119080019012160230
003021119080020012030303
002021119080020019020212
008021119080021015020678
004021119080021012130285
009021119080021012110416
008021119080022015020598
004021119080022015030439
009021119080023012110416
003021119080023012030300
002021119080023014030373
009021119080024012110416
006021119080024012030316
008021119080024013020822
004021119080024012020358
002021119080026019080001
003021119080026013010765
004021119080027012140437
009021119080027012100329
008021119080028013020811
006021119080028013010215
004021119080028013030104
001021119080028018010018
003021119080029012030338
009021119080029013020790
002021119080029019050228
009021119080030012100327
004021119080031012160298
002021119080031012170275
008021119080031015020678
001021119080031016000008
004021119080032012150299
009021119080033013020706
008021119080033012070411
002021119080033012160228
008021119080034015020678
003021119080034012010401
009021119080036012110467
006021119080036014020550
002021119080036012140447
004021119080036012170304
008021119080036015020664
003021119080038012040445
004021119080038012130335
008021119080038015020664
008021119080039012080427
009021119080039012080424
006021119080039011000636
004021119080041014030452
006021119080041011000026
009021119080042012070358
002021119080042019050196
006021119080042015030168
008021119080043013020626
003021119080043012030095
008021119080044012090291
001021119080044012040131
004021119080045012170222
008021119080045015020672
009021119080045014020611
006021119080046012080131
002021119080046019020230
008021119080047012100381
009021119080048013020870
008021119080048015020682
008021119080049015020682
002021119080049019050238
001021119080050016000139
006021119080051012160222
008021119080051015020022
009021119080051012070344
003021119080052013010674
008021119080053012080464
001021119080053016000112
006021119080053013010117
002021119080053019090016
009021119080053012090220
009021119080056012100318
008021119080056014020424
002021119080056014030176
009021119080057013020515
006021119080057012010190
004021119080058013030465
008021119080058014020617
002021119080059019040012
004021119080059013030610
009021119080059012120431
004021119080101012180301
003021119080101012040429
006021119080102013020326
009021119080102012120474
003021119080103012030351
009021119080103012120425
008021119080103012120414
008021119080104012100447
006021119080104012060312
008021119080105012100447
009021119080105014020623
001021119080107016000164
002021119080107019010008
008021119080107012100447
008021119080108012090416
004021119080108015030475
009021119080108013020825
002021119080109019010008
001021119080110016000164
008021119080110013020848
002021119080111019050064
009021119080111012100380
004021119080111013030024
001021119080112012150311
008021119080112012090416
009021119080113012120470
008021119080114012090416
006021119080114012150195
001021119080114012150311
009021119080115012120483
008021119080115012120414
002021119080115012150261
008021119080116012090377
002021119080118012170306
008021119080118012070417
003021119080118014010525
009021119080118012080450
008021119080119014020565
004021119080120012180260
009021119080120012080413
008021119080120012090407
001021119080122016000003
006021119080123014020055
009021119080124012110340
001021119080125016000003
009021119080125013020726
009021119080126013020726
006021119080126014010295
003021119080128012010398
008021119080128012080360
002021119080128014030481
001021119080128016000154
009021119080129014020417
001021119080130016000154
002021119080130019010072
008021119080131012070341
009021119080131012090411
009021119080132012080394
008021119080133012090414
009021119080134012080394
002021119080135019020335
004021119080135012180159
009021119080136012080394
008021119080136015020676
009021119080138012100446
002021119080138019050222
004021119080138013030222
009021119080139012120444
008021119080139012070357
009021119080140012100446
003021119080140013010284
002021119080141019040006
004021119080141012130267
008021119080142012110486
009021119080142012100430
001021119080143018010008
008021119080143014020305
003021119080143012010293
002021119080144019030025
009021119080145012120475
001021119080145015100551
008021119080146012110438
001021119080147016000058
009021119080147012080396
008021119080148012120350
003021119080149013010004
008021119080149012090410
009021119080149012080396
001021119080151016000058
003021119080152012010010
008021119080152013020857
009021119080152014020602
004021119080153013030346
008021119080153014020546
009021119080154012070360
009021119080155012070377
008021119080155014020566
008021119080156014020025
001021119080157018010055
003021119080158012030328
009021119080159012080364
008021119080200014020593
008021119080201013020863
009021119080202012120492
002021119080202019050234
008021119080204012090343
001021119080204016000141
003021119080204013010454
009021119080205012070410
009021119080206012070410
002021119080206019050193
002021119080207019050193
009021119080207012100425
001021119080207016000141
008021119080207014020551
008021119080209013020866
002021119080209012140405
009021119080210012110353
008021119080210015020630
002021119080212019050171
008021119080212014020331
009021119080213012090396
001021119080214016000088
008021119080214012070308
002021119080215019050171
009021119080216013020660
008021119080217012120447
001021119080217016000167
004021119080218014030022
009021119080219012120419
003021119080220013010767
008021119080220015020541
001021119080221016000161
006021119080221012010028
009021119080221013020876
003021119080223013010801
009021119080224012100280
001021119080224019030043
008021119080225015020641
009021119080227013020619
001021119080227018010069
008021119080228012100307
009021119080229012080414
001021119080230019010128
008021119080232012070197
009021119080232013020852
001021119080232019030038
008021119080235012100218
009021119080235014020616
008021119080236014020120
009021119080236012110458
009021119080239013020747
008021119080239013020702
008021119080241013020702
008021119080242013020702
009021119080242013020813
008021119080244013020643
003021119080245013010774
008021119080245013020425
009021119080246012110382
009021119080247012110382
008021119080247012070433
009021119080248012110382
003021119080250012020401
009021119080250012090413
008021119080250013020817
009021119080252012090344
008021119080254012120463
008021119080255012070236
009021119080255012080346
006021119080255011000169
009021119080256014020470
008021119080257012120464
006021119080257012030282
002021119080258019060001
009021119080300013020795
002021119080301019060103
008021119080301015020659
009021119080302012070404
006021119080303012130049
009021119080304012070376
008021119080304012080266
009021119080307012100428
001021119080307019020282
009021119080308012070392
003021119080309012020368
003021119080310012050353
002021119080311019020327
009021119080311013020689
008021119080311014020351
009021119080316014020627
003021119080316012040411
008021119080318015010696
009021119080318012070431
004021119080319012140420
008021119080320012080461
009021119080321014020502
008021119080321012080358
008021119080324012080358
009021119080325014020540
009021119080326013020783
002021119080329019060115
009021119080329012070366
008021119080331012090388
009021119080332012110464
001021119080333016000025
002021119080333019010094
001021119080335016000025
009021119080336012090412
009021119080338012090381
009021119080344012090391
009021119080347012090402
008021119080351016000149
008021119080354012080418
008021119080355013020773
008021119080358015020624
009021119080359012080361
008021119080359013020803
008021119080402016000124
008021119080408012110476
009021119080409012080225
008021119080409013020640
008021119080410012110160
008021119080413012110476
009021119080415012120301
008021119080416012120450
009021119080418012120465
009021119080420012100385
002021119080426019010131
009021119080426013020554
004021119080430012140441
009021119080431012100367
006021119080435013010358
001021119080435018010061
009021119080443012080345
002021119080451019050220
009021119080453014020513
009021119080454012120306
009021119080458012110479
008021119080510014020592
003021119080510012020376
002021119080513019010133
008021119080525014020568
002021119080528019050183
009021119080539012120402
006021119080549012010405
004021119080554012180279
002021119080643019010074
002021119080654014030001
009021119080710013020799
001021119080720019020149
002021119080745014030488
008021119080747014020604
003021119080830014010524
003021119080832013010689
002021119080858019030033
002021119080925019020378
009021119081009012120472
009021119081018012090357
008021119081037012090399
002021119081109019020333
001021119081410019050245
001021119081523016000012
009021119081649012080438
002021119081705019050126
003021119081903012030261
001021119082107016000007
001021119082109016000001
001021119082152014010103
002021119082225019030032
002021119082228019010111
002021119082233019010031
001021119082346016000052
004021119083824019060084
002021119085420019010127
002021119100912019020180
006021119130009015090611
001021119140134018010068
002021119143137019030045
003021119155354012030261
001021119165209016000112
001021119165227016000139
001021119165229016000139
001021119165232016000157
009021119165439012090388
009021119165525012090309
008021119165543012090416
003021119165549013010460
001021119165607012020345
003021119165623012020376
002021119165638019020230
001021119165639012020388
006021119165834011000169
009021119170139012120427
003021119170229015010805
002021119170644015030371
004021119170652015030371
001021119170731019020282
001021119170735015010738
002021119171016019010119
002021119171019019010124
002021119171021019010094
002021119171023019010094
002021119171024019010109
002021119171709019100039
002021119171716019100052
004021119171928012170286
002021119173004019060120
003021119173246013010653
002021119174510019050225
002021119174559019050148
002021119174954019100061
002021119175231019090016
002021119175549019010072
001021119175701016010127
003021119180139013010801
002021119180240019010131
002021119180244019010133
008021119182734016010123
002021119182800019010127
001021119182949016010086
001021119182958016010121
001021119183010016010071
001021119184236016010077
002021119185133019010118
002021119185134019010118
002021119185138019030047
002021119185144019010132
001021119185231018010068
001021119185249016000167
001021119185308012010382
001021119185323012010375
004021119185324012160215
001021119185341012010277
004021119185351012140453
002021119185353012170301
004021119185353012130250
001021119185354012010392
002021119185356012180288
001021119185401012010338
002021119185401019010111
002021119185405019010008
003021119185406012010415
003021119185408012060388
001021119185424012050309
006021119185424013020581
001021119185425012060429
003021119185426013010575
003021119185428012010011
001021119185429012050345
003021119185435012040417
003021119185437012020391
009021119185437013020836
003021119185441012060381
001021119185442012050358
003021119185445012040273
003021119185447012060364
001021119185448012020344
001021119185449012010292
003021119185451012050225
003021119185454012060221
001021119185457012040354
003021119185458012010400
002021119185502012130292
003021119185503012060359
003021119185504012020340
002021119185507012140235
003021119185508012020401
001021119185509012030363
001021119185516012040464
001021119185517012060416
006021119185517012050222
003021119185520013010426
001021119185520012060383
003021119185523013010454
003021119185525013010007
001021119185526012030365
003021119185527013010732
001021119185529012010376
003021119185530013010001
001021119185538012040411
008021119185538012080123
003021119185541013010781
003021119185543012050194
008021119185544012080418
003021119185545012050195
003021119185547012050028
003021119185548012010401
001021119185548012060253
008021119185548012080383
003021119185550012050307
003021119185552012050359
006021119185556012020037
004021119185559012150118
008021119185600012080462
002021119185605013030541
002021119185608013030630
003021119185608013010601
001021119185610019010128
003021119185613012050238
004021119185613012130314
009021119185616012080242
002021119185617013030592
003021119185618012060229
004021119185618012140430
002021119185620013030308
003021119185620012060015
003021119185623012040397
008021119185625012080408
003021119185627012060423
004021119185629012140464
002021119185630019030025
003021119185632012030366
004021119185633012170231
001021119185634016000164
002021119185635012160292
004021119185635012170280
001021119185637016000164
003021119185638013010550
002021119185639012130278
003021119185641013010759
002021119185642012130271
001021119185642012040450
004021119185644012150318
003021119185644012040443
002021119185645012130303
004021119185648012130059
001021119185648012050285
003021119185648012050354
002021119185650019010116
001021119185652012050217
001021119185652016000073
004021119185653012160228
008021119185653012090399
002021119185654012160306
008021119185654012090399
004021119185656012180263
001021119185656016000025
008021119185656012080458
002021119185657012130297
001021119185657012040438
001021119185657016000025
004021119185701012130295
003021119185704012040426
001021119185704012010364
002021119185704012150261
004021119185705012180158
004021119185707012150073
003021119185707012050308
002021119185710013030509
002021119185710019050243
004021119185712013030627
003021119185712012050360
002021119185712019050243
009021119185712012080459
001021119185714016000154
008021119185714012110178
004021119185715013030460
003021119185716013010805
001021119185716016000154
002021119185717013030649
004021119185717013030608
001021119185717016000154
001021119185718012040355
001021119185719016000003
002021119185720013030648
004021119185720012180268
001021119185721012040425
004021119185722013030425
001021119185722016000003
003021119185723012060331
001021119185723016000141
004021119185725012140167
004021119185726013030546
001021119185726012040468
001021119185726016000141
003021119185727012050303
004021119185729012150260
001021119185729012050357
002021119185730012170306
001021119185730016000101
004021119185731013030567
004021119185732012140434
001021119185733016000101
004021119185734013030120
001021119185736016000163
006021119185736011000517
004021119185737013030479
002021119185737013030346
004021119185740013030066
001021119185740012050213
002021119185740013030484
001021119185740016000163
006021119185741011000662
001021119185742012050179
002021119185743014030393
003021119185743012050353
006021119185743011000686
002021119185744014030077
001021119185744012010361
004021119185744012170291
001021119185745016000163
002021119185746012150309
003021119185746012040473
004021119185746012170054
006021119185746011000600
008021119185746012080078
006021119185747011000704
002021119185748013030623
006021119185748011000725
004021119185749013030356
004021119185751013030646
002021119185751012150201
006021119185751011000718
001021119185751016000062
004021119185752013030325
002021119185753013030548
004021119185754013030629
004021119185755013030104
006021119185755011000568
002021119185756012150314
002021119185757014030424
004021119185757014030454
003021119185757012050365
004021119185758013030119
003021119185759012050057
002021119185800012180271
006021119185800013030176
004021119185801014030425
009021119185801012080361
002021119185802012130333
004021119185802012150287
003021119185803012060434
002021119185803012140441
003021119185804012030372
006021119185804011000065
004021119185805014030390
003021119185806012050315
004021119185807013030496
003021119185808013010606
004021119185809013030523
004021119185811013030625
003021119185813012060420
004021119185813012180304
009021119185813012080380
004021119185814013030508
001021119185815013010059
001021119185815012040131
004021119185816013030516
006021119185816011000439
002021119185817014030381
004021119185818013030565
003021119185820013010529
004021119185821012150303
002021119185821013030485
009021119185821012090357
004021119185822013030399
002021119185824013030639
002021119185824019110027
002021119185825013030263
004021119185825013030591
003021119185825012020137
004021119185826012130280
002021119185828012130339
004021119185829014030440
001021119185829012020325
003021119185830012060427
006021119185830013030003
002021119185831012170019
004021119185832012160301
003021119185832013010567
003021119185833012050356
004021119185834012140457
002021119185834014030416
004021119185835013030558
002021119185836012130120
003021119185838015010769
004021119185838012160298
001021119185839012050129
002021119185839013030642
004021119185840012150293
003021119185841012050369
001021119185843012010005
002021119185844012170275
004021119185844012130285
001021119185845012050367
002021119185846015030434
001021119185846012050348
004021119185848012130320
002021119185850012140425
003021119185850012040337
004021119185850012150100
004021119185853013030571
003021119185854012010405
004021119185855013030577
004021119185858012170284
003021119185859012060433
002021119185900012160272
004021119185901012170257
002021119185902012160243
004021119185903013030507
003021119185903012030381
002021119185905019110040
002021119185906012130326
004021119185906012150190
003021119185908012050311
004021119185908013030443
002021119185909012150274
001021119185911012050331
004021119185911012140388
003021119185911012050009
004021119185914012130214
004021119185916013030636
003021119185916013010733
002021119185918013030510
004021119185919013030441
002021119185921012170222
004021119185921013030348
001021119185922012060372
003021119185923013010522
004021119185924012170304
001021119185924012060415
002021119185925012170277
004021119185926012180220
001021119185926012050343
003021119185927013010650
002021119185928012140148
004021119185929013030644
003021119185930013010771
004021119185931012170298
003021119185932013010654
004021119185932013030633
004021119185934012150319
004021119185935013030386
004021119185937013030504
001021119185937012050279
002021119185939012160314
004021119185939012150198
004021119185942012170268
002021119185942014030470
003021119185943013010695
004021119185943013030605
001021119185945013030157
004021119185946013030024
002021119185946012150305
009021119185947012090418
004021119185948012150307
003021119185949013010331
001021119185949016000168
001021119185950015010450
002021119185950012130340
004021119185950012150196
001021119185951016000168
004021119185952012160143
002021119185952012130279
003021119185952012040410
004021119185954013030576
004021119185956013030482
004021119185958013030187
002021119185958013030398
006021119185958012160085
004021119190000012140420
002021119190002012140389
004021119190003012150255
001021119190005013010479
002021119190005012180253
002021119190006012160296
004021119190006013030188
004021119190008013030264
003021119190008013010651
001021119190008012050344
002021119190008014030305
002021119190011012180273
004021119190011012180212
004021119190013012170178
008021119190013012080297
002021119190014012170266
002021119190015012180307
004021119190016013030535
002021119190017012160312
004021119190018012150290
002021119190019012180273
004021119190020012140465
002021119190022012180249
004021119190022013030551
004021119190024013030412
004021119190025013030622
002021119190026012170293
002021119190027012160134
002021119190028012180308
004021119190028012170267
006021119190028012130223
004021119190029012170073
003021119190029013010794
002021119190030012160259
003021119190032013010716
004021119190032012130341
002021119190033012150263
004021119190034012170290
002021119190035012160253
004021119190037013030609
002021119190037012160313
002021119190038012140443
004021119190040012150241
002021119190040012160313
004021119190041012170218
002021119190042012140445
002021119190043012150108
004021119190044013030538
009021119190044012090341
004021119190045013030634
002021119190045012180249
009021119190045012110404
004021119190047013030448
002021119190047012160307
001021119190048015100546
004021119190049013030469
002021119190049012180154
006021119190050012150195
002021119190051013030465
004021119190052013030440
004021119190055012180262
002021119190055012150278
004021119190057013030607
001021119190057015100557
002021119190058012130310
004021119190059012180046
002021119190101012160279
001021119190101015100556
004021119190102012170193
006021119190103012160104
004021119190104012140426
004021119190107013030645
004021119190110013030562
001021119190111012050321
004021119190114012150286
004021119190116012130335
004021119190117012170279
002021119190119012140475
004021119190123012160289
002021119190128013030518
002021119190129012160275
004021119190129013030590
004021119190133013030366
004021119190133013030084
004021119190136013030573
004021119190139012170217
003021119190141012040442
004021119190154013030246
001021119190154012150311
003021119190155013010800
002021119190155019050223
001021119190156012150311
002021119190157012170250
004021119190157013030530
002021119190200012150102
003021119190200012050347
001021119190200012150311
004021119190201012160311
001021119190201012150311
004021119190202013030624
002021119190206012140409
002021119190209012180261
004021119190209012160236
002021119190209019050224
002021119190210013030638
002021119190213012150249
004021119190214013030498
002021119190215013030631
004021119190216012160114
002021119190219012140428
004021119190220012180260
002021119190221012130343
002021119190222012150283
002021119190222019060084
004021119190223012160287
002021119190225012140474
004021119190227012160136
002021119190227012170295
002021119190229012170273
004021119190231012180282
002021119190232012150226
004021119190234013030610
002021119190234012140043
004021119190237013030506
002021119190237012150226
004021119190240012160149
002021119190242013030589
004021119190243013030240
003021119190251012020333
002021119190252012130276
004021119190253013030354
009021119190254012100436
001021119190256013010021
009021119190256012100436
004021119190258013030456
004021119190302012180292
002021119190304012170307
004021119190305012150301
002021119190318019040016
001021119190319015100560
004021119190322012160256
003021119190323012060426
004021119190326013030647
004021119190330012140337
004021119190333012170292
004021119190336012180185
004021119190342012140449
002021119190347019040035
004021119190348012160190
002021119190348019040035
004021119190350012160231
002021119190352012170228
004021119190353012150295
004021119190357012180301
002021119190359014030421
003021119190400012020404
004021119190400012180279
004021119190403013030458
004021119190408013030379
004021119190420012140473
004021119190423013030222
004021119190428012160293
004021119190442012180259
003021119190446012060365
004021119190448013030372
004021119190451015030471
004021119190502013030637
002021119190620019060102
001021119190631015100551
001021119190634015100559
002021119190645015030431
003021119190656015010610
001021119190658016000088
008021119190722012100379
001021119190736019060076
002021119190814019060101
001021119190909016000161
001021119190910016000161
003021119190917012050320
003021119190921012050183
002021119190944019030032
002021119190948019030042
002021119190949019030042
001021119191000016000058
001021119191107016000126
001021119191109016000126
001021119191111016000126
002021119191145019050196
002021119191206019050029
002021119191310015020655
004021119191408012140467
003021119191503015010721
001021119191503015010717
003021119191505015010550
002021119191556019030001
002021119191645019030046
002021119191855019020149
002021119191900019020318
002021119191959019030033
002021119192006019030048
002021119192012019020127
002021119192735019040015
002021119193004019050195
001021119193026016010098
001021119193031016010106
001021119193034016010122
001021119193039016010081
001021119193042016010090
001021119193052016010082
001021119193057016010073
001021119193104016010032
002021119193106019020079
001021119193112016010050
001021119193117016010080
001021119193120016010130
001021119193123016010119
001021119193127016010048
001021119193131016010056
001021119193136016010045
001021119193139016010100
001021119193142016010095
001021119193147016010084
002021119193254019050227
002021119193302019040001
002021119193309019040001
002021119193357019010087
001021119193953013010700
002021119194057019050239
002021119194136019020286
002021119194216019040023
002021119194438019020212
002021119194907014030290
002021119194915014030375
002021119194924014030226
002021119194941014030453
002021119195003019050217
002021119195023014030480
002021119195037019030049
002021119195106019050212
002021119195109019050091
001021119195134014010460
002021119195159019050230
002021119195202019050193
002021119195204019050234
003021119195214012040346
008021119195215015020410
003021119195223012010421
003021119195227012060349
002021119195240019020392
003021119195242014010565
003021119195246013010674
003021119195255013010730
001021119195258012010409
003021119195301013010682
003021119195305013010727
003021119195310013010117
003021119195316013010505
003021119195319013010662
003021119195320012060421
003021119195322013010270
003021119195323012030316
001021119195326013010797
009021119195332012070358
009021119195335012070358
008021119195340013020837
001021119195346012010393
008021119195348013020833
001021119195353012010247
009021119195358013020844
009021119195401013020543
008021119195402012070415
001021119195403012010408
001021119195404012010348
003021119195405012060387
009021119195407013020789
001021119195408012010387
003021119195408012020016
006021119195409012030282
009021119195409013020789
009021119195411013020795
008021119195411012080431
001021119195412013010006
006021119195412012060241
009021119195414013020651
002021119195415014030475
008021119195415013020685
009021119195416013020851
008021119195418013020749
002021119195419013030349
009021119195419013020767
001021119195419019030038
002021119195420019100013
008021119195421013020411
002021119195422014030475
009021119195422012090300
001021119195423012060397
009021119195423013020824
008021119195423012090348
003021119195424012010420
008021119195424012090348
001021119195425012010028
002021119195425019050128
003021119195426013010740
009021119195426013020536
008021119195427012070441
008021119195428013020644
009021119195429013020769
001021119195430018010018
001021119195432012040458
009021119195432013020838
008021119195432012070447
003021119195433012030401
009021119195433013020562
001021119195433018010018
001021119195434018010067
001021119195435013010549
008021119195435012090406
002021119195436012130329
009021119195436012090412
003021119195437012010309
001021119195437018010048
008021119195438012090041
009021119195438013020835
001021119195439012050310
003021119195439012020300
009021119195440013020835
003021119195441012020381
001021119195441018010065
001021119195442012060405
008021119195442012090291
009021119195443012100358
001021119195445018010069
008021119195445012100201
003021119195446013010666
001021119195446012040475
009021119195446013020542
003021119195448012020358
008021119195449012090372
009021119195449012090330
003021119195450013010787
001021119195450012040475
003021119195452012020228
009021119195452012100307
008021119195453012100424
003021119195454012020358
003021119195454012010254
001021119195454012010201
009021119195455013020572
008021119195456012090017
002021119195457012130286
003021119195457012030386
008021119195457012090017
001021119195458012060353
003021119195458012010413
009021119195458013020821
008021119195459012100006
008021119195500012100424
001021119195501013010747
003021119195501012060166
009021119195501012110487
001021119195503012020111
008021119195503012100288
003021119195504012020367
008021119195504012070197
009021119195504012100446
001021119195505012020366
006021119195505013020240
003021119195506013010702
009021119195507012100364
008021119195507013020703
009021119195508013020701
003021119195509012020393
001021119195509012030376
003021119195510012020010
003021119195512012050313
001021119195512012010341
006021119195512012020274
009021119195513013020397
001021119195514012020383
008021119195514012100424
006021119195515013020241
001021119195516013010688
003021119195516012030399
003021119195517012050351
009021119195517013020811
001021119195518013010751
001021119195519012020002
003021119195519012030327
008021119195519012070344
009021119195519013020397
003021119195521012050350
008021119195521012090377
008021119195522013020848
009021119195522013020255
003021119195523012060410
001021119195523013010743
003021119195525012030342
008021119195525012100218
009021119195525012100284
003021119195527012030256
008021119195527012080350
009021119195528012080284
006021119195529019100067
003021119195530012050204
008021119195530012110454
009021119195531013020660
003021119195532015010794
008021119195532012070422
006021119195533019100067
009021119195534013020683
001021119195534013020226
003021119195535012050366
003021119195537012050123
001021119195537012030368
009021119195537013020825
008021119195537012120484
003021119195539012030396
009021119195539012110164
001021119195540012020306
009021119195541012090302
003021119195542012020392
008021119195542012120450
001021119195542018010047
001021119195543012060007
001021119195543018010047
001021119195544012030385
009021119195544012090396
003021119195545013010689
008021119195545012070437
001021119195545018010054
001021119195546013010712
009021119195546012100385
003021119195547012020279
008021119195547012080464
009021119195547012080425
001021119195548012030385
009021119195548012080425
003021119195549012060432
001021119195549012060407
008021119195549012080464
003021119195550012060389
001021119195550018010061
001021119195551012060431
009021119195551013020606
003021119195552012010398
008021119195552013020532
002021119195553014030423
001021119195553012010410
009021119195554012100280
008021119195555012100441
001021119195556013010700
003021119195556012060384
008021119195557012090372
003021119195558012050210
001021119195558013010762
006021119195558013020412
009021119195558012110424
003021119195559012060356
001021119195559013010798
008021119195559012120464
001021119195600018010070
003021119195601012040437
009021119195602012110416
008021119195602012110373
001021119195603013010035
003021119195603013010004
001021119195603013020180
008021119195603012070417
008021119195604012120477
003021119195605012060374
009021119195605013020879
001021119195606018010071
003021119195607012060379
001021119195608012020390
003021119195608012060400
009021119195609012120306
008021119195609012070410
003021119195610012060428
004021119195612012150128
003021119195613012050341
001021119195613012060005
001021119195614018010008
003021119195615012030400
001021119195616013010641
008021119195616013020808
009021119195617012100425
003021119195618013010772
001021119195618015010763
001021119195619014010524
003021119195619013010776
001021119195619018010055
009021119195620012100380
008021119195620012110438
001021119195621014010316
003021119195622013010785
001021119195623015030454
009021119195623012090400
008021119195623013020840
001021119195624012040403
001021119195625012040209
009021119195625012100327
008021119195626012120392
001021119195627012040465
003021119195627013010758
001021119195628018010059
009021119195628013020858
001021119195629014010604
003021119195630013010190
008021119195630012070357
001021119195631018010059
001021119195632014010424
009021119195632012070264
003021119195634013010785
001021119195634012060360
001021119195635012040446
001021119195637012040403
003021119195637013010294
008021119195637012090235
001021119195638012010414
009021119195638012080114
003021119195640012040467
001021119195640012040446
008021119195641012070236
001021119195642012010173
009021119195642012100429
003021119195643013010795
001021119195645012030305
009021119195645012090248
003021119195646013010799
001021119195647012060368
003021119195648012020021
009021119195648013020745
003021119195649012040376
001021119195649012030361
009021119195649012070414
001021119195650015010780
008021119195650012070193
003021119195652013010520
001021119195652012010419
009021119195652012110460
001021119195654012040462
001021119195655014010603
003021119195655013010780
009021119195655012100420
006021119195656011000388
009021119195656013020274
001021119195657012040461
009021119195657013020274
003021119195658012020403
006021119195658011000682
001021119195659014010208
008021119195659015020620
003021119195701012020389
006021119195701011000388
008021119195701015020669
001021119195702014010103
003021119195703012040353
001021119195704012020285
006021119195704011000675
001021119195705012040405
003021119195705013010765
004021119195705012150312
008021119195705012120476
001021119195706012040433
006021119195706015090630
003021119195707013010244
009021119195707012100430
001021119195708012060095
008021119195708012070148
006021119195709011000388
001021119195710014010526
003021119195710012030398
009021119195710012120399
008021119195711012110486
003021119195712012040300
001021119195712015010407
006021119195712011000677
009021119195713012080220
008021119195713012110486
003021119195714013010714
001021119195714012010019
009021119195714012120402
001021119195717015010787
006021119195717013020409
009021119195717012100329
001021119195718013010213
003021119195718012050266
001021119195720013010755
008021119195720012090267
006021119195720013020067
001021119195721013010604
003021119195721015010792
001021119195723014010267
006021119195723011000700
003021119195724015010751
009021119195724012100394
001021119195726013010783
003021119195727012030349
001021119195727015010753
006021119195728015090603
009021119195728013020747
001021119195729012020322
009021119195729013020747
003021119195730012040470
006021119195731011000670
003021119195732012060396
009021119195732013020674
001021119195733012010162
001021119195735015010784
004021119195735012130298
006021119195735013010215
009021119195735012100318
009021119195736012100318
008021119195737012080427
003021119195738012030397
009021119195739012120485
001021119195742012030335
008021119195742012070439
009021119195742012100323
009021119195743012100323
008021119195745012070433
006021119195745011000714
009021119195745012100323
001021119195746012010014
009021119195747013020790
006021119195747011000385
009021119195748013020878
001021119195749018010066
008021119195749012120487
006021119195750011000165
008021119195750012120487
003021119195751012040222
001021119195751012010340
003021119195754012060363
008021119195754013020822
009021119195754012110378
003021119195757012040452
008021119195757012110143
006021119195757019100066
004021119195758012130270
009021119195758012110354
003021119195759012040429
001021119195800012020398
002021119195800012130165
009021119195800013020793
006021119195800011000440
004021119195801012140154
008021119195801012080343
003021119195802015010803
003021119195803012040373
006021119195803011000627
008021119195803012120354
001021119195804012040420
009021119195804012070445
008021119195804012100347
003021119195806012010337
006021119195806011000086
004021119195807013030606
001021119195808012010293
009021119195808013020468
008021119195808013020282
003021119195810012010355
004021119195810012140446
006021119195810011000408
009021119195811012120419
008021119195811013020504
006021119195811011000473
001021119195812012060259
009021119195812012120419
003021119195813013010542
006021119195813011000627
002021119195814012160224
006021119195814011000445
009021119195814012120196
009021119195815012100322
006021119195817011000408
003021119195818012060398
002021119195818019060003
006021119195819011000687
009021119195819012080419
003021119195821013010646
006021119195821011000408
004021119195822012140471
006021119195822011000525
004021119195823012160224
003021119195824012010389
009021119195824012090279
008021119195825012120490
006021119195825011000203
004021119195826013030382
001021119195826014010570
008021119195827012120490
006021119195827011000359
009021119195827013020554
003021119195828012020288
001021119195828014010553
004021119195828012150273
009021119195828013020826
001021119195829012020121
004021119195829012140379
006021119195829011000683
008021119195831012110479
006021119195831011000723
009021119195832013020813
001021119195833012040447
006021119195834011000586
006021119195835015090617
008021119195835012080448
009021119195835012080346
001021119195836015010731
008021119195836012080448
006021119195837011000643
001021119195838013010802
002021119195838014030056
009021119195838012120368
006021119195838011000699
008021119195839012080467
006021119195840011000728
002021119195840019080001
002021119195841014030055
001021119195841012060422
001021119195842012030333
003021119195842012010372
006021119195842011000643
008021119195842012100400
002021119195843012140442
001021119195844015010785
006021119195844011000720
009021119195844012110455
004021119195845012150299
008021119195845012110488
002021119195846014030072
006021119195846011000715
008021119195848013020586
006021119195848011000717
003021119195849012020162
001021119195849012020348
004021119195850012150299
006021119195850011000564
009021119195850013020877
003021119195851012040472
008021119195851013020425
009021119195851013020877
002021119195852012160302
004021119195853012160300
001021119195853012040444
009021119195853013020877
006021119195853015090620
009021119195854013020877
009021119195855012090344
006021119195855011000120
004021119195856012150271
006021119195858011000727
009021119195858013020428
009021119195859013020428
009021119195900012090256
003021119195901012020286
006021119195901011000729
009021119195903012110474
006021119195903011000408
006021119195904011000722
003021119195905012040466
009021119195905012080225
003021119195906012050368
006021119195906011000674
004021119195908012140470
009021119195908012110414
006021119195909011000690
009021119195911012110484
008021119195911012120493
006021119195911011000581
001021119195912012020352
009021119195912012110484
008021119195914012110087
004021119195915012160230
009021119195915012110421
006021119195916011000490
008021119195917012110437
009021119195918012110382
006021119195919011000691
009021119195919012110382
002021119195922012170053
006021119195923011000534
004021119195924012150294
002021119195925014030476
003021119195925012020400
006021119195925011000566
001021119195926015010789
004021119195926012130264
002021119195927012180305
003021119195928012060414
008021119195928012120491
006021119195929011000231
004021119195930012170195
001021119195932015010804
004021119195932014030174
006021119195932011000343
002021119195933012130284
006021119195934011000598
004021119195935014030299
001021119195935015010752
006021119195936011000555
009021119195936012080131
001021119195938012010403
003021119195938012040445
004021119195938013030584
002021119195940019050209
006021119195940011000719
004021119195941012140421
004021119195942013030071
006021119195942015090627
002021119195944019100070
006021119195944011000692
004021119195945013030162
003021119195947012010377
006021119195947011000678
004021119195949012160163
006021119195949011000639
002021119195950012150304
008021119195950015020638
009021119195950012080457
004021119195951012170209
006021119195951011000258
002021119195952012180266
001021119195953012020008
004021119195954012140461
001021119195954012020368
003021119195954012050085
009021119195955013020850
006021119195955011000283
001021119195956012010010
004021119195957012140363
009021119195957012080463
001021119195958012020396
006021119195959011000706
009021119195959013020326
008021119200001012080358
009021119200002012080429
001021119200003015010774
004021119200003012180266
009021119200003012080429
006021119200003011000601
004021119200004012130116
002021119200004019100068
009021119200004015020545
002021119200005012160291
009021119200005012120431
006021119200005011000694
004021119200006012160271
008021119200006012090379
001021119200007012010385
009021119200007012120444
002021119200007019100072
004021119200010013030619
002021119200010012140458
006021119200010011000422
009021119200010012120434
004021119200012013030075
009021119200012012120478
003021119200013012040338
002021119200014012160280
008021119200014012100419
004021119200015013030339
009021119200015012120492
008021119200017012100439
009021119200017015020545
003021119200018012040382
009021119200018012120492
006021119200019011000651
009021119200021012120483
006021119200022011000597
009021119200023012080163
004021119200025013030545
002021119200026012180275
001021119200026012060403
009021119200026012080466
004021119200028012150270
003021119200028013010768
009021119200028012080466
009021119200030012120425
006021119200031011000707
003021119200033012030404
009021119200033012120199
008021119200036013020599
009021119200038012100447
008021119200039013020797
009021119200040012100447
009021119200041012120494
003021119200042013010284
009021119200043012120494
003021119200044013010763
009021119200044012120494
009021119200046012120494
002021119200047012130263
004021119200049012180144
006021119200049011000636
009021119200050012120377
002021119200052013030563
008021119200052012070432
008021119200054012070377
006021119200054011000663
002021119200055019100046
004021119200056012140149
004021119200057012150268
006021119200058011000731
003021119200059012030338
002021119200059019100071
004021119200101012170258
001021119200104013010011
004021119200108012160282
004021119200110012160222
004021119200111012140429
006021119200111011000724
004021119200114012180272
006021119200114011000276
002021119200116012180297
004021119200122012180159
009021119200123012120465
001021119200125015010783
004021119200126012170127
001021119200126015010615
009021119200127012070421
002021119200128015030466
004021119200129012170194
009021119200130012120496
004021119200132012170235
004021119200134012170207
006021119200136011000263
004021119200137012170287
004021119200140012170297
006021119200140011000263
004021119200141012160285
002021119200142015030426
004021119200143012170146
006021119200143015090631
004021119200145015030467
002021119200146012130337
006021119200146015090579
002021119200150012150135
002021119200150019050183
002021119200152019050183
006021119200152011000648
002021119200153012170305
004021119200157012170219
004021119200159012150297
002021119200159012180157
004021119200201012170056
002021119200201012180287
002021119200206012140405
009021119200206012120474
003021119200211012040293
008021119200211012110443
008021119200213012120454
004021119200214012180171
004021119200218013030614
003021119200218012050363
009021119200219012120472
008021119200220012110477
002021119200220019110050
006021119200221019100008
009021119200223012120472
002021119200223019110050
006021119200225011000712
009021119200227012080456
006021119200227011000681
002021119200228012130267
006021119200230019100065
006021119200232011000410
009021119200234012120242
009021119200236012120242
009021119200237012120480
004021119200238012140460
006021119200238019100063
009021119200239012110480
004021119200241012180278
009021119200241012110480
004021119200243013030550
004021119200246012180206
008021119200253015020646
004021119200258012130334
002021119200258013030596
002021119200302012150069
004021119200302012170020
009021119200303012090345
004021119200306012140088
004021119200310012160088
002021119200312015030386
004021119200315012140437
002021119200317019010108
003021119200318012040414
002021119200321015030442
004021119200321012180296
003021119200321012040454
002021119200322015030383
008021119200323012110482
004021119200324012180276
002021119200325015030461
004021119200327015030368
002021119200328012150250
004021119200330012150310
002021119200331012160310
001021119200331015010790
004021119200332013030603
002021119200334012140086
004021119200334015030460
004021119200337013030587
002021119200340012150091
001021119200341015010678
002021119200342015030474
004021119200342013030641
001021119200343015010668
004021119200345015030168
001021119200346015010692
004021119200347015030112
004021119200349015030356
001021119200350015010596
004021119200352015030470
002021119200356019100008
004021119200357012180258
001021119200357012010190
001021119200358012040367
009021119200358015020469
004021119200359015030362
002021119200401015030469
001021119200404012020013
009021119200404012080413
009021119200406012080450
009021119200412012080189
004021119200417015030246
004021119200420012140419
009021119200420015020577
001021119200424014010492
004021119200424012180251
004021119200427013030617
004021119200430012150098
008021119200430015020623
002021119200432012180252
004021119200435015030439
001021119200438013010347
004021119200440015030389
002021119200441015030395
004021119200441012140463
002021119200443012160012
004021119200446012180277
004021119200450012160021
001021119200455012050334
001021119200458015030112
009021119200505012110367
004021119200506012160233
006021119200506019100032
004021119200507012160087
009021119200513012090411
009021119200516012090404
003021119200519012060369
009021119200519012110351
004021119200535012150171
008021119200535012080430
009021119200536012080127
002021119200539019050164
009021119200553012080452
001021119200554019050188
009021119200605015020568
006021119200612019100002
003021119200615012040423
009021119200622015020680
002021119200628014030356
002021119200636014030087
002021119200638015030410
002021119200654012130254
002021119200718019040024
008021119200725015020013
009021119200725012110297
002021119200733015020598
002021119200737019020340
006021119200752015020563
001021119200926012050234
009021119200938015020666
009021119200951015020665
004021119200954015030443
004021119200959015030408
002021119201000019050171
002021119201002019050171
004021119201021015030445
002021119201023015030468
001021119201033015010766
008021119201033015020678
004021119201039015030306
004021119201040015030437
002021119201040019020313
004021119201046015030457
002021119201049015030428
004021119201050015030376
004021119201054012150300
002021119201059019050228
002021119201139019020349
004021119201158013030466
003021119201223012040469
002021119201233019050220
002021119201237019020061
008021119201238012110294
008021119201239012110409
002021119201241019020397
001021119201244012060430
002021119201323019030022
003021119201359012050364
002021119201617019020150
002021119201620019020383
002021119201624019050170
002021119201627019020349
002021119201725019020353
008021119201801015020681
008021119201804015020640
002021119202037019020377
002021119202040019020372
002021119202149019020394
002021119202237019020231
002021119202323019020275
002021119202541019020211
002021119202558019020180
006021119202613019100044
002021119202706019020346
002021119202833019070038
002021119202836019040009
002021119202845019020273
002021119202848019070031
002021119202854019070014
002021119202956019020399
002021119203002019020221
009021119203017016010129
002021119203043019020231
002021119203047019050214
001021119203124016010110
001021119203128016010125
001021119203132016010079
001021119203138016010105
001021119203143016010128
001021119203209016010124
001021119203304016010024
002021119203339019020095
002021119203357019050222
001021119203635019030043
001021119203639019030050
001021119203735016010120
002021119203911019050238
002021119203919019050235
002021119203920019050235
002021119203925019020389
001021119204138019050245
002021119204142019060033
008021119204405014020570
008021119204549014020532
008021119204612014020588
008021119204614014020620
008021119204618014020524
002021119204625019060033
008021119204652014020424
008021119204655015010696
008021119204701014020088
008021119204707014020092
008021119204710014020530
008021119204713016000124
008021119204716014020586
008021119204719016000149
008021119204721015020500
008021119204737014020231
008021119204749015020647
008021119204755014020567
008021119204802014020528
008021119204815014020571
008021119204818014020435
008021119204834015020643
008021119204840014020426
008021119204859014020608
008021119204902012090419
002021119204906019050026
008021119204912014020542
008021119204915014020554
008021119204916014020625
008021119204922014020617
008021119204929014020578
008021119204932015020630
002021119204952019020263
002021119204958019020103
001021119205001014010357
008021119205001014020568
001021119205003016000064
001021119205005014010536
008021119205006014020546
001021119205008014010571
004021119205013014030021
001021119205013014010609
002021119205013019020083
001021119205014014010587
004021119205014014030109
001021119205016014010609
001021119205018014010592
004021119205018015030337
001021119205020014010066
008021119205023016000147
001021119205024014010569
004021119205025014030331
004021119205027014030160
001021119205028014010250
008021119205031014020416
001021119205032014010200
002021119205033014030447
001021119205035014010068
002021119205042014030369
001021119205058014010563
001021119205101014010539
001021119205104014010573
001021119205107014010605
001021119205108014010338
001021119205110014010580
008021119205110014020511
001021119205111014010432
001021119205113014010401
008021119205113015020667
008021119205114015020667
001021119205115015010129
008021119205116015020663
003021119205117014010616
001021119205117015010800
008021119205118015020663
001021119205120014010555
003021119205121015010802
001021119205122014010535
001021119205123014010493
003021119205124015010802
008021119205124015020641
009021119205124014020414
001021119205125015010017
001021119205126014010411
004021119205127014030418
009021119205127014020055
001021119205129012030387
008021119205129015020057
009021119205130012120412
001021119205131014010525
002021119205131014030399
001021119205133014010510
009021119205134019050094
001021119205135014010457
002021119205136014030450
001021119205136014010440
002021119205136019050205
001021119205137014010502
003021119205137015010737
002021119205138014030448
003021119205139014010607
001021119205139014010157
001021119205140014010264
001021119205141016000169
003021119205144014010011
001021119205144015010788
002021119205145014030373
001021119205145014010615
008021119205147014020624
001021119205149014010598
003021119205151014010003
001021119205155012020382
002021119205159014030456
004021119205204014030456
008021119205206015020604
008021119205209015020674
001021119205212014010295
002021119205213014030158
001021119205216014010548
009021119205216012070411
001021119205218014010584
003021119205220014010537
001021119205222013010446
008021119205223014020618
001021119205225013010358
003021119205226015010798
008021119205226012080373
001021119205227012020311
003021119205229014010436
001021119205230014010613
008021119205230015020652
003021119205232012040471
001021119205238012020385
001021119205239014010575
008021119205241012080017
001021119205246013010746
001021119205249014010606
008021119205250014020562
002021119205252016000144
008021119205253014020417
002021119205256016000123
003021119205257012020399
009021119205259014020597
004021119205301014030479
004021119205304014030430
002021119205304014030159
003021119205305012030402
008021119205305012070392
002021119205307014030374
002021119205308014030387
008021119205308013020017
009021119205308013020692
009021119205313013020761
008021119205315014020502
009021119205317014020288
003021119205318015010687
008021119205319014020563
009021119205320014020180
008021119205321013020783
001021119205324014010053
008021119205325014020331
001021119205327014010241
008021119205327014020331
001021119205329015010781
009021119205329012080266
008021119205329014020565
008021119205330014020594
001021119205332014010612
008021119205332014020411
001021119205333015010669
009021119205333012110004
008021119205334014020305
001021119205335015010473
009021119205336012070429
008021119205337015020659
001021119205338012030356
009021119205338014020443
002021119205339014030088
004021119205339014030267
001021119205340013010199
003021119205340012030230
008021119205340014020574
002021119205342012130302
003021119205343012030036
009021119205343014020611
008021119205343014020619
001021119205344015010632
002021119205345014030437
003021119205345015010793
001021119205346014010581
008021119205346014020582
009021119205346012110410
004021119205347014030398
003021119205348012030276
001021119205348012030352
002021119205348014030368
008021119205348014020582
006021119205348011000595
008021119205349014020523
003021119205350013010321
002021119205350014030459
008021119205350014020523
001021119205351015010797
006021119205351011000398
002021119205352012130316
008021119205352014020351
001021119205353015010693
004021119205353014030096
003021119205354012030352
002021119205354014030449
002021119205355012130014
009021119205355012100223
008021119205355014020607
001021119205356015010001
009021119205356012070366
002021119205357014030426
001021119205357014010614
003021119205358012030390
008021119205358014020602
001021119205359014010332
009021119205359014020630
002021119205400014030471
009021119205400012100134
001021119205401014010578
003021119205402012030303
008021119205402014020623
006021119205402011000730
002021119205403012130330
009021119205403012090401
008021119205403012110412
001021119205404015010716
002021119205404014030452
008021119205404012100381
003021119205405013010767
009021119205406012080454
001021119205407015010683
008021119205407012090351
002021119205408013030618
009021119205408014020606
001021119205409015010761
002021119205409012130290
003021119205409012030010
008021119205410013020723
001021119205411012020380
003021119205411015010682
004021119205411014030452
009021119205411014020589
009021119205412014020626
004021119205413012140435
002021119205413014030289
001021119205413015010796
008021119205413012070286
009021119205414014020626
009021119205415012100367
002021119205416012130338
008021119205416012070427
004021119205417012130091
009021119205418014020622
008021119205419012090407
003021119205421013010015
009021119205421014020628
004021119205422012130288
008021119205422012090375
009021119205422014020628
001021119205423012030196
002021119205423014030031
009021119205424014020628
009021119205425012080364
008021119205425014020404
009021119205426012080364
008021119205428015020199
009021119205428012090383
004021119205429012130312
008021119205430012070428
009021119205431012080394
008021119205432015020531
001021119205433012020332
009021119205433012080304
008021119205433015020540
003021119205434012030403
009021119205434012080304
002021119205435012130288
002021119205435019050213
008021119205435015020591
003021119205436012030355
009021119205436012100418
008021119205436015020591
002021119205437012130102
008021119205438015020478
009021119205439012070387
008021119205440015020461
003021119205442012030194
004021119205442012140456
009021119205442012100350
009021119205443012100350
008021119205443013020831
004021119205444012130319
003021119205446013010770
009021119205446012070426
008021119205446015020682
009021119205448012090393
003021119205449012030317
008021119205449012100416
008021119205450015020644
009021119205450013020861
003021119205452013010791
001021119205452014010444
003021119205453013010769
008021119205453014020020
009021119205453014020627
008021119205455015020635
003021119205456012030353
001021119205456012060309
008021119205456012090410
009021119205456012110473
008021119205457013020188
003021119205458012040459
009021119205459015020682
001021119205500012050147
003021119205501012030328
008021119205501012110397
008021119205502014020504
002021119205502019110002
009021119205502012080396
002021119205503014030444
009021119205503012080396
009021119205504014020470
008021119205505015020675
009021119205505014020470
009021119205507014020486
008021119205508012120473
001021119205509014010452
008021119205510012120473
008021119205511012120473
009021119205512012070360
001021119205513013010761
008021119205513014020525
009021119205513014020489
001021119205514012030266
003021119205515013010625
004021119205516015030459
008021119205516012070431
009021119205516013020810
001021119205517013010804
009021119205517012080007
008021119205518015020658
009021119205518012080135
008021119205520014020120
009021119205522012100405
008021119205523014020501
008021119205524014020540
009021119205525012100257
001021119205526015010786
003021119205527012030095
008021119205527013020819
008021119205528013020803
009021119205529012080375
008021119205529013020773
004021119205531012140462
008021119205531015020676
009021119205532012080345
003021119205533012030389
008021119205533012110485
006021119205533011000498
009021119205534012080424
008021119205535012090343
008021119205536012090343
006021119205536011000632
002021119205537012130317
009021119205537014020598
008021119205539012080267
009021119205540014020513
008021119205541015020639
006021119205541011000491
008021119205542015020639
009021119205543012120475
003021119205544013010014
008021119205545014020592
009021119205546012090417
008021119205546012120440
008021119205548013020778
009021119205549012100047
003021119205550013010259
008021119205551013020817
003021119205552013010739
009021119205552012080428
002021119205553015030262
003021119205554013010774
009021119205554012080428
008021119205554012070187
009021119205555012080428
003021119205557013010788
008021119205557012120440
001021119205558012030304
008021119205558012120440
009021119205559012100334
004021119205600015030451
003021119205600013010541
001021119205601012020269
009021119205601012100428
008021119205601015020451
002021119205603015030458
004021119205603012140431
006021119205603011000635
003021119205604013010726
008021119205604012090368
002021119205605015030463
006021119205605011000713
009021119205606012110353
002021119205607012130049
008021119205607015020618
006021119205608011000262
003021119205609013010710
009021119205609012090402
002021119205610014030458
009021119205610012090402
006021119205610011000713
008021119205610014020529
001021119205611012030329
002021119205611019050126
002021119205612014030279
003021119205612015010801
004021119205613012170299
009021119205613014020550
006021119205613011000594
001021119205614015010764
008021119205614012100444
002021119205615014030365
009021119205615012080360
003021119205617013010672
002021119205617015030436
004021119205618012180299
004021119205619014030150
009021119205619012070403
003021119205620013010624
008021119205620012110483
006021119205620011000041
002021119205622019070001
006021119205623011000668
002021119205624012140472
003021119205624013010009
004021119205626012130282
008021119205626012080453
008021119205629012110476
006021119205630011000001
009021119205631013020515
004021119205632012130205
006021119205633011000026
009021119205635013020626
004021119205636012140127
002021119205636015030438
006021119205636011000309
003021119205637013010580
009021119205638012100411
004021119205639012140452
003021119205640013010413
004021119205642012180290
008021119205642012070006
009021119205642012090272
004021119205645012130075
009021119205645012120447
008021119205645012080438
002021119205646015030475
002021119205649015030434
009021119205649012090350
008021119205650012120393
008021119205654013020864
002021119205655014030366
009021119205655012110458
002021119205655019110037
004021119205656012140422
008021119205657012090220
002021119205658014030489
004021119205658015030475
008021119205700015020502
002021119205701015030477
008021119205701012090150
002021119205701019020368
009021119205701015020657
008021119205703012090150
002021119205704014030325
003021119205704012040406
008021119205704015020677
009021119205705012120470
008021119205706015020677
002021119205707014030484
004021119205707012170253
006021119205707019100018
009021119205708015020679
008021119205709015020535
003021119205710012050254
008021119205711015020660
009021119205711012090408
008021119205712015020683
008021119205713015020683
009021119205714012120461
008021119205716013020841
003021119205717013010515
002021119205717015030423
009021119205717012120124
004021119205718012130336
008021119205718013020643
003021119205720013010577
009021119205720012120482
004021119205721012130305
008021119205721012110478
004021119205724014030334
008021119205724015020671
009021119205724013020874
003021119205725013010598
009021119205725013020874
001021119205726012050224
001021119205727012060378
003021119205727012030351
004021119205728012130342
008021119205728015020386
009021119205728014020581
001021119205730012010327
004021119205731012130322
008021119205731012100443
002021119205731019050241
001021119205732013010023
008021119205732012100443
009021119205732013020726
002021119205733014030336
009021119205733013020726
008021119205733012090339
001021119205734014010451
009021119205735013020812
003021119205736013010151
009021119205736012110461
004021119205737012160075
001021119205737015010758
008021119205737012100431
002021119205737019050112
002021119205739015030478
003021119205739013010365
009021119205739012090413
001021119205740013010734
004021119205740012130242
008021119205740013020820
003021119205741012060312
009021119205741013020681
004021119205743012130327
003021119205743013010803
008021119205743012100442
004021119205745012180106
009021119205745013020738
003021119205746012030344
008021119205746015020580
008021119205747015020029
001021119205748012030300
003021119205748013010737
009021119205748013020755
004021119205750012140444
003021119205750013010793
008021119205750015020668
002021119205751015030473
009021119205751013020849
003021119205753015010690
008021119205753013020460
003021119205755013010473
009021119205755012110427
002021119205756015030476
004021119205756012140424
008021119205756012120350
006021119205757015090616
009021119205757012090391
003021119205758013010296
002021119205758019050084
008021119205758015020624
009021119205759012100445
008021119205801012110340
003021119205802013010631
009021119205802012100312
006021119205802011000573
003021119205804013010693
008021119205804014020553
009021119205805012110400
006021119205806011000574
003021119205807015010704
009021119205807013020865
008021119205807012090380
009021119205808012110467
008021119205809012110406
008021119205810012100434
009021119205811014020536
008021119205811012100434
006021119205813011000051
008021119205813012120488
002021119205814015030101
009021119205814012090035
008021119205814012120488
008021119205815012100252
006021119205816011000656
009021119205816012110160
002021119205817015030402
006021119205818015090628
008021119205818013020868
009021119205818012110375
006021119205819011000656
004021119205820015030343
002021119205820014030438
009021119205820012110375
008021119205820013020866
003021119205821013010176
009021119205821012110223
008021119205821012100252
002021119205822015030244
009021119205822012110223
008021119205823013020868
009021119205824012120486
008021119205824013020881
006021119205825011000666
001021119205826012020086
002021119205827015030465
008021119205827012120395
009021119205827013020870
001021119205828012020324
009021119205829013020766
008021119205829013020881
002021119205830015030187
002021119205830019110043
001021119205832012030350
002021119205833015030388
008021119205833013020881
003021119205834013010677
009021119205834012120448
002021119205835015030279
003021119205836013010724
006021119205836015090580
008021119205836013020880
009021119205836012120415
008021119205839012120479
009021119205839013020857
008021119205840012120479
008021119205841012120421
009021119205842015020664
006021119205842011000710
008021119205844012120448
009021119205844012120463
009021119205845013020876
008021119205845012120448
008021119205846012120401
009021119205848012080414
002021119205849015030247
008021119205849012120489
009021119205851012070382
008021119205852015020022
008021119205853012100224
008021119205856012080366
003021119205857013010735
006021119205858015090618
008021119205859012120481
002021119205900015030424
009021119205901012110151
008021119205902012100169
004021119205903012170077
002021119205903019020398
009021119205904012110464
004021119205906012140469
008021119205906012090414
002021119205913012140447
004021119205915012130210
004021119205917012140408
004021119205922012170144
004021119205924012180284
009021119205924013020758
002021119205925012140374
008021119205926014020615
002021119205929012170303
004021119205932012140466
002021119205934015030455
002021119205936012140439
004021119205937012140225
002021119205939012170271
009021119205941013020438
008021119205947012110481
008021119205948012110481
004021119205949015030441
009021119205951012120256
009021119205956012120256
002021119205956019110006
002021119205957019110006
004021119210000015030441
002021119210000019020333
009021119210002013020753
002021119210003012140468
002021119210003019060086
008021119210003015020654
006021119210005011000726
008021119210006013020869
002021119210007019060095
009021119210007013020873
002021119210009015030351
008021119210009013020862
002021119210010019060119
002021119210012015030444
006021119210012015090568
009021119210012013020706
002021119210015019050216
002021119210019012180257
009021119210019012090335
008021119210026013020198
009021119210028012090333
002021119210028019020374
008021119210030015020541
008021119210031015020541
009021119210031013020843
002021119210031019020335
008021119210032015020541
006021119210032015090621
009021119210034013020619
002021119210035019020335
006021119210035015090621
009021119210037013020748
002021119210037019020378
002021119210039019050237
006021119210039015090608
009021119210040013020781
006021119210042015090629
002021119210042019020390
009021119210043013020689
006021119210046015090608
009021119210046013020702
009021119210049013020852
006021119210050015090568
008021119210050013020799
009021119210052012110446
009021119210054013020574
006021119210056011000078
009021119210057013020721
002021119210058019050152
009021119210101013020823
008021119210107012120414
009021119210110013020640
009021119210112015020672
002021119210125019060107
009021119210125012110377
002021119210129019020307
009021119210142013020068
002021119210144019020301
009021119210145012120143
002021119210146019020382
009021119210148013020154
002021119210149019020327
002021119210151019020326
009021119210152013020780
002021119210153019020326
002021119210155019020323
002021119210202019020260
002021119210205019050184
002021119210208019110046
002021119210212019110033
002021119210217012160308
002021119210217019110048
002021119210221019110049
008021119210225012100311
009021119210232013020387
002021119210235019040020
002021119210257019020363
009021119210313012100432
008021119210315012100432
002021119210315019020186
002021119210346019040033
002021119210351019040030
002021119210353019040030
002021119210357019040012
002021119210402016000090
002021119210429019050244
006021119210433012010170
002021119210434019040006
002021119210439019040006
002021119210540019050242
002021119210545019020393
002021119210549019020391
002021119210551019020391
002021119210556019040028
002021119210601019040034
002021119210613019050240
002021119210622019020124
002021119210650019020007
002021119210919019020400
002021119211303019110013
002021119211312019110005
002021119211317019110014
002021119211320019110029
002021119211626019020379
002021119211631019060115
002021119211837019060108
002021119211840019060097
002021119211843019060114
002021119214331019060001
002021119214552019060113
002021119214555019060103
002031119071410016000090
001031119071611016010095
001031119071619016010130
001031119071628016010056
001031119071634016010081
001031119071700016010098
001031119071757016010121
002031119071758019060101
001031119071805016010105
001031119071823016010045
001031119071918016010071
001031119071923016010128
001031119072012016010084
001031119072051016010048
001031119072059016010125
001031119072111016010106
001031119072125016010032
001031119072155016010119
001031119072243016010090
002031119072249019030049
001031119072251016010120
001031119072338016010073
001031119072413016010110
001031119072421016010050
001031119072432016010077
001031119072436016010100
002031119072456019020083
002031119072550019060113
006031119072604011000359
002031119072629019060003
001031119072638015010737
001031119072638016010080
001031119072653016010024
002031119072656015030444
002031119072659015030444
001031119072701016010122
006031119072702013020543
009031119072748016010129
003031119072755013010768
003031119072803014010606
003031119072816012040293
002031119072827019110027
009031119072828015020671
001031119072906016010124
001031119072945012060372
009031119073004012070387
001031119073016012020324
001031119073046016010082
001031119073051019010125
002031119073100019020399
002031119073157019060114
002031119073210019020374
002031119073243019030001
006031119073243011000675
006031119073257011000051
002031119073300019050235
001031119073318012060429
004031119073322013030624
003031119073322013010365
002031119073323012150135
001031119073324016010079
002031119073324019050216
002031119073326015030473
009031119073326014020451
002031119073329015030476
002031119073333019020231
004031119073334012140467
009031119073343013020849
002031119073354019050227
001031119073403012060369
002031119073407019060084
006031119073414013020067
004031119073425012160136
002031119073437019050188
001031119073456016000101
001031119073458016000101
004031119073506012180299
008031119073509012070187
004031119073510013030625
008031119073515014020588
008031119073519012100432
004031119073520014030421
009031119073529012100432
003031119073530013010771
002031119073531012140379
001031119073531016000073
001031119073538012060397
003031119073542013010800
003031119073545012050307
001031119073546016010127
002031119073553019050170
002031119073558019100032
009031119073601015020668
003031119073602012060396
009031119073605013020851
008031119073606012090372
009031119073608013020844
002031119073609019020313
009031119073611014020404
009031119073616012110473
003031119073617012060433
006031119073620014030174
002031119073632019020095
006031119073634011000078
002031119073637012180252
002031119073651019030042
002031119073704019020103
002031119073710019020378
006031119073710011000717
003031119073712014010003
002031119073712014030424
002031119073717019100046
006031119073724011000491
002031119073729019010124
006031119073739015090630
002031119073752019020340
004031119073753014030479
002031119073756014030374
001031119073757013010802
004031119073757012160282
003031119073759013010007
002031119073802013030466
001031119073810012050217
003031119073816012060007
009031119073817013020745
009031119073831013020781
003031119073833012030335
002031119073836019020400
003031119073837012030349
004031119073840012180284
008031119073841012070437
006031119073848013010009
002031119073857013030592
003031119073859012030402
009031119073907015020658
001031119073908015010632
003031119073919014010565
003031119073924012020348
003031119073932013010505
001031119073935014010584
004031119073940012140472
003031119073946012040466
009031119073949012110367
009031119073952013020438
002031119074000019020318
004031119074002013030546
004031119074005015030368
002031119074006019020383
008031119074007012080467
008031119074010013020532
003031119074011013010677
006031119074013011000573
004031119074015014030393
002031119074021012180288
003031119074028015010687
006031119074029011000258
002031119074031019050094
009031119074038013020387
009031119074041012070006
008031119074043012120489
001031119074048013010747
006031119074053011000692
003031119074054012040442
002031119074056019040028
006031119074059015090611
002031119074059019010132
002031119074102013030509
003031119074102013010803
008031119074106013020692
002031119074107019100028
004031119074108013030509
002031119074112019050239
009031119074114012120478
006031119074124011000722
002031119074126015030428
009031119074127013020606
001031119074128014010570
003031119074128015010801
001031119074131012060430
002031119074131019070014
004031119074139012140462
002031119074141019020392
004031119074142012180278
003031119074144012030276
008031119074144012110482
002031119074149019110006
009031119074159015020635
002031119074159019100039
002031119074203019020326
006031119074203013010270
002031119074204019020326
009031119074204012070010
002031119074208019020150
002031119074213019050242
002031119074217019020079
009031119074221013020766
002031119074221019010108
006031119074224011000595
002031119074227012140458
004031119074228012150312
002031119074228019020346
002031119074229013030349
008031119074229015020647
004031119074231012130312
002031119074233019020363
002031119074240012130297
002031119074243014030055
009031119074248013020821
009031119074252013020755
009031119074259015020683
001031119074302012030333
009031119074307012070435
002031119074309014030239
002031119074309019050237
003031119074311012020390
006031119074312019100067
002031119074315012150190
006031119074315019100067
002031119074318019020180
002031119074322012180171
009031119074327014020625
002031119074327019040024
006031119074328011000651
003031119074331015010786
009031119074331014020562
002031119074334012170279
001031119074335016000152
002031119074336019010111
009031119074337012070445
002031119074339012150249
002031119074341019010031
002031119074343012150309
006031119074343013010001
009031119074346013020683
001031119074347012040438
001031119074348016000062
006031119074349013010014
008031119074353012120476
006031119074354011000165
009031119074354013020536
002031119074355019020186
002031119074357012130250
006031119074358011000677
008031119074358015020681
002031119074359012180251
002031119074401013030618
008031119074402012070427
002031119074404015030465
002031119074406015030463
009031119074406012100429
009031119074407012100429
008031119074408015020604
003031119074410013010651
003031119074411012040423
002031119074412019020368
008031119074412015020675
009031119074413012080456
003031119074415013010799
008031119074416012110424
002031119074417012150283
002031119074419012180273
002031119074422013030508
002031119074424019020275
002031119074425013030443
008031119074425012080267
002031119074427012130333
008031119074428016010123
002031119074428019030047
003031119074429012040437
001031119074430014010033
002031119074430019020211
006031119074430011000343
009031119074431012100403
008031119074431012120484
002031119074432013030565
001031119074433012010011
008031119074433012070286
009031119074434012090335
001031119074438015010001
002031119074438019020061
008031119074441014020567
009031119074447014020486
002031119074450019020127
003031119074451012050254
002031119074452012170144
009031119074452012100445
008031119074453012090351
003031119074454013010199
001031119074455013010700
002031119074455014030226
006031119074456011000597
001031119074459013010021
002031119074459012170292
003031119074500013010746
008031119074501015020620
003031119074502013010776
002031119074502012130341
003031119074505012060364
006031119074507011000731
008031119074507012090375
009031119074507012070384
009031119074510013020878
002031119074511013030646
006031119074511011000730
006031119074513013010321
009031119074514012070193
008031119074514012110488
009031119074517013020873
006031119074519015090579
002031119074520013030084
009031119074520012090248
009031119074522012070441
006031119074523019100066
009031119074524015020679
009031119074525015020679
002031119074526014030077
008031119074528012080383
009031119074528012110446
009031119074530012080463
002031119074531012150274
008031119074531013020855
003031119074534012040447
008031119074534013020859
009031119074534012090404
001031119074535013010006
001031119074537013010755
003031119074537012030036
006031119074537013020068
002031119074538012180046
002031119074538019010116
009031119074538012110427
008031119074539012070148
006031119074542011000713
001031119074544014010451
006031119074546011000595
006031119074548011000713
009031119074549012080189
002031119074550019040001
008031119074551012080343
006031119074553011000710
009031119074553013020858
006031119074556011000699
002031119074559012150171
003031119074601012060384
001031119074601015010758
008031119074601013020778
001031119074602012050343
002031119074602012170178
009031119074602013020723
003031119074603012030404
009031119074604015020029
001031119074605012050321
002031119074606013030246
002031119074607019060107
009031119074607013020861
003031119074608012010364
002031119074609012160271
002031119074609019020394
002031119074613012140389
001031119074616012050344
009031119074616012120256
003031119074617013010577
006031119074617012160021
002031119074618012160291
009031119074619014020574
002031119074621012150091
009031119074621012100218
008031119074621012090267
009031119074622012100218
002031119074623013030386
006031119074627015090568
002031119074629013030627
006031119074630011000683
003031119074631015010678
001031119074631015010785
001031119074631018010067
002031119074632013030545
003031119074633012040429
001031119074635012040444
006031119074635011000727
003031119074636012060427
002031119074638012160163
002031119074638019100071
002031119074641012160285
003031119074642013010529
002031119074644012170146
001031119074645014010440
003031119074645013010347
006031119074646011000687
002031119074647012140167
001031119074647012060415
009031119074649013020823
008031119074650012090379
002031119074651014030159
009031119074652013020562
003031119074653012040465
002031119074653019020124
008031119074653013020880
001031119074654013010011
009031119074655012100394
006031119074658012010292
009031119074658012110410
002031119074658019020377
002031119074659013030641
003031119074700012050368
009031119074700012080425
008031119074700012080431
006031119074701011000408
009031119074703012110455
003031119074704012030342
008031119074704014020538
001031119074706015010787
009031119074706012110455
006031119074706011000408
008031119074707015020660
009031119074710014020523
001031119074711014010600
008031119074711012120477
003031119074712013010580
009031119074712012090302
006031119074712012130223
002031119074713019020389
002031119074714012150271
003031119074714012060359
003031119074716012030355
008031119074717012120479
006031119074718015090621
002031119074718019020230
003031119074720013010601
002031119074723019040035
008031119074724015020654
006031119074725013020240
008031119074727012110454
002031119074727019110002
009031119074727012100312
001031119074728015010738
002031119074729013030264
001031119074729015010763
006031119074729012130116
002031119074730012130165
009031119074730012110414
009031119074731012110414
008031119074733012100006
001031119074734012010415
009031119074734012120461
006031119074734011000517
003031119074735012030399
002031119074735016000123
002031119074735019050195
008031119074737012100257
003031119074738012060309
006031119074738011000678
001031119074739012010415
009031119074740012120377
003031119074741012040209
006031119074742015090608
009031119074743012100411
002031119074743019010087
002031119074746012140445
003031119074746013010794
006031119074746011000498
003031119074748012040337
006031119074748011000707
006031119074750011000445
003031119074751013010598
002031119074753019060033
006031119074753011000714
009031119074753012080375
003031119074755012040376
009031119074755012070429
008031119074756012110406
006031119074756011000086
009031119074756012070429
001031119074757013010176
003031119074758015010803
006031119074758011000203
009031119074759015020677
001031119074800013010549
009031119074802012120242
002031119074804012140149
006031119074804011000663
009031119074805013020879
001031119074806013010479
008031119074806015020535
001031119074807012010340
001031119074808012050309
006031119074808011000120
008031119074808012120143
002031119074809012170305
002031119074809019020149
001031119074810012030350
006031119074810013010392
001031119074813016000169
002031119074813019050112
001031119074815012020385
002031119074816014030334
003031119074816013010758
001031119074819014010558
008031119074819012110373
003031119074820012060166
002031119074820012130242
006031119074820011000490
008031119074822013020881
003031119074823012020396
002031119074824013030551
001031119074824015010781
001031119074826018010066
008031119074826013020881
002031119074827013030162
003031119074828012050313
002031119074828019050228
002031119074830015030343
008031119074830013020881
003031119074832012060414
009031119074832013020651
006031119074832015090603
003031119074834013010693
002031119074835013030563
003031119074836013010787
006031119074836011000706
002031119074836019060119
003031119074840013010772
006031119074840011000729
002031119074841019020353
003031119074843012060400
001031119074843013010688
002031119074844012160224
008031119074844013020188
001031119074845012060095
002031119074846019050244
003031119074847015010716
001031119074847012010409
001031119074848015010669
009031119074849012080345
008031119074850012080430
001031119074851013010035
008031119074851012080430
009031119074852012100334
002031119074852019050084
002031119074853012170277
008031119074854015020577
003031119074855013010724
009031119074855012090412
002031119074856013030498
001031119074857013020180
006031119074857011000704
002031119074858012180276
009031119074858015020545
008031119074859013020797
001031119074901012010419
003031119074901013010714
002031119074901012170257
002031119074902013030628
008031119074902015020652
002031119074902019100002
009031119074902012100134
009031119074903012100134
002031119074904013030382
008031119074904015020652
003031119074905013010624
009031119074905012100423
002031119074906019020323
002031119074907012180262
009031119074907012100398
008031119074907012110412
003031119074908013010770
002031119074909012180308
009031119074909012110466
003031119074911013010788
009031119074911014020594
002031119074912012150301
009031119074913014020594
001031119074914013010712
003031119074914012030398
009031119074914014020622
002031119074916012150301
009031119074916014020622
002031119074916019020286
001031119074917012040461
009031119074917012110400
008031119074917015020644
003031119074918012050364
001031119074918019020282
001031119074919012040462
002031119074920019100063
009031119074920015020680
001031119074922014010563
002031119074922012150318
003031119074922013010785
009031119074923012090350
002031119074924019100008
001031119074925015010793
002031119074925012140435
009031119074925012090330
008031119074925015020667
006031119074925015090580
002031119074926013030516
002031119074927019010134
001031119074928012060407
008031119074928012110178
009031119074928012080284
001031119074929012010361
002031119074929012160075
003031119074929014010616
001031119074929018010054
003031119074931012030387
006031119074931011000473
001031119074932014010424
002031119074932014030342
002031119074932019020397
009031119074932013020874
003031119074933015010798
008031119074934012090420
001031119074935012040433
002031119074935015030445
008031119074935012090420
002031119074935019020398
009031119074936015020502
003031119074937013010646
002031119074938015030469
003031119074939012060378
001031119074939012010341
009031119074939012080457
008031119074939015020682
002031119074940012130278
002031119074940019020382
003031119074941012050351
001031119074941015100557
006031119074941014010053
009031119074942013020824
002031119074943014030489
002031119074943019050205
008031119074944012110437
002031119074945012150196
002031119074947014030400
006031119074947012010170
001031119074948016000163
002031119074950013030507
009031119074950012090401
003031119074951012050308
001031119074951016000163
006031119074951011000574
002031119074951019050091
002031119074953012130340
009031119074953012080220
008031119074953015010696
003031119074955012040470
009031119074956015020469
008031119074956012080448
001031119074957012020345
002031119074958012130343
001031119074958012020366
008031119074958012080448
002031119074958019060120
006031119075000014010241
001031119075001015010693
003031119075001012010389
002031119075001013030629
001031119075001013030071
008031119075002012070344
002031119075002019040015
001031119075003012060405
002031119075003013030608
006031119075004013030199
002031119075005012140474
008031119075005012070236
002031119075006013030504
009031119075006012110297
008031119075006012090041
006031119075007011000640
003031119075008012050315
002031119075009015030434
009031119075009012070407
001031119075009013030157
001031119075010012030365
006031119075010015090620
002031119075011012160134
003031119075013012040469
001031119075013015010692
002031119075013014030399
008031119075014012110143
002031119075015012150270
009031119075015014020525
001031119075016014010548
002031119075016014030305
002031119075016019100070
003031119075017013010735
008031119075017013020831
002031119075018012170290
009031119075018013020761
001031119075019013010734
003031119075019013010672
006031119075020013030240
008031119075020015020451
002031119075021012160088
009031119075021014020501
002031119075022013030120
003031119075022013010791
003031119075023012030266
008031119075023012110377
006031119075023011000664
002031119075025012170193
008031119075025012120415
002031119075026014030423
006031119075026012040300
001031119075026016000166
009031119075026012080135
003031119075027012040452
002031119075028012170293
008031119075028012120350
009031119075028012080428
002031119075028019050225
008031119075029012120350
006031119075029013010015
002031119075030014030368
003031119075030013010732
009031119075031012100436
002031119075032019050240
008031119075032013020868
002031119075033012140422
009031119075033014020417
003031119075035012040467
008031119075035012120494
002031119075036012160231
006031119075036011000231
009031119075036012080304
008031119075036012120494
001031119075037015010596
003031119075038013010695
002031119075038015030458
002031119075038019050241
009031119075038012090383
008031119075038012120494
001031119075039014010569
008031119075039012110483
009031119075040012090383
008031119075040012110483
002031119075041012160313
003031119075041013010654
006031119075041011000586
001031119075042014010599
002031119075043012170258
003031119075045012040373
006031119075045011000568
008031119075045013020017
001031119075046014010316
002031119075046014030475
003031119075047013010541
002031119075047012170194
009031119075047013020574
002031119075048019050217
002031119075049014030289
009031119075049012070414
003031119075050012060363
006031119075050019100068
001031119075051015010450
002031119075051012170073
002031119075051019100065
001031119075052014010598
003031119075053013010795
006031119075053011000643
002031119075053019110005
002031119075054012130279
009031119075054012080350
003031119075055012030256
001031119075055012020380
002031119075055012150102
001031119075056012020228
009031119075057012070440
001031119075058012010014
003031119075058015010769
002031119075058012150307
009031119075100013020758
002031119075100019010074
001031119075101012010408
002031119075101012150305
003031119075101015010794
002031119075102012170019
003031119075102012020344
009031119075102014020623
001031119075103012060259
002031119075103019050164
003031119075104012020008
002031119075104012130305
009031119075104013020825
001031119075105014010571
003031119075106013010294
002031119075106012150294
006031119075107019100008
002031119075107019110048
009031119075107012090393
001031119075107016000164
002031119075108014030482
002031119075109015030246
003031119075109012030390
008031119075109012100447
001031119075110012060360
001031119075110016000164
009031119075110013020581
002031119075111013030496
001031119075111016000164
001031119075112012050224
003031119075112015010615
008031119075112014020592
003031119075113012020400
001031119075113012040403
002031119075113013030638
006031119075113013030176
009031119075113013020738
003031119075115012020086
001031119075115012060005
009031119075115013020780
006031119075115013030003
002031119075116012130339
002031119075116019040023
009031119075116013020836
001031119075117014010592
008031119075118012100416
002031119075118019040023
002031119075119013030642
003031119075119012060420
001031119075119014010011
001031119075120014010411
006031119075120012050129
002031119075120019040023
002031119075121012160306
003031119075121014010604
001031119075122015020500
009031119075122013020877
002031119075123014030440
008031119075123013020255
006031119075123011000686
001031119075124012040425
002031119075124019110033
009031119075124013020877
001031119075125012020383
002031119075125012150278
003031119075126013010606
002031119075127014030480
009031119075127015020591
001031119075127018010059
001031119075128015010804
003031119075128013010781
002031119075129012130263
008031119075129014020542
009031119075130015020646
006031119075130011000681
001031119075131012040410
003031119075131013010625
001031119075131018010059
002031119075131019050214
002031119075132013030649
003031119075132012010309
008031119075132012080462
009031119075133012120482
002031119075134012150263
009031119075134012120482
002031119075134019110033
001031119075135012030356
003031119075135013010520
009031119075135012090256
002031119075136014030404
006031119075136011000598
008031119075136014020603
003031119075138012040443
002031119075138012140419
006031119075138011000041
002031119075138019100061
009031119075138012110484
008031119075139014020394
003031119075140015010704
002031119075140012150100
009031119075141012100284
008031119075141012070244
006031119075142015090617
002031119075143012140457
003031119075143013010780
009031119075144013020542
008031119075144015020663
002031119075144019060076
003031119075145012050028
006031119075145011000262
001031119075146014010157
008031119075146012100347
002031119075147019050212
009031119075147012100223
003031119075148012060374
008031119075148012100311
006031119075148011000694
003031119075149012030386
002031119075150013030075
009031119075150012110151
008031119075151014020231
003031119075152013010759
001031119075152012040417
002031119075152015020655
006031119075152014030087
009031119075153012120412
008031119075154012110477
003031119075155012030403
001031119075155015010796
002031119075155012180260
006031119075155011000728
002031119075155019020372
001031119075155015030112
002031119075156015030466
009031119075156012110460
003031119075157012030377
006031119075157012110087
002031119075157019020273
001031119075158012020403
002031119075158014030459
009031119075159012090417
008031119075159012120493
006031119075200012060241
001031119075201012030242
002031119075201013030188
009031119075201013020769
002031119075201019110050
006031119075202012110223
002031119075203012160256
003031119075203014010492
003031119075204012050303
009031119075204012090339
008031119075204014020092
001031119075205013010446
002031119075206012130214
009031119075206012100431
006031119075206012010019
001031119075207012040458
008031119075207012070331
002031119075208013030639
008031119075208012110294
001031119075209012050358
006031119075209011000276
002031119075210012180271
008031119075210012100400
009031119075210015020386
003031119075211012020389
002031119075211012170195
001031119075211014010573
002031119075212013030636
001031119075212013010805
006031119075212013020154
008031119075213012110481
009031119075213012070432
002031119075214012170195
003031119075215012050195
008031119075215015020640
001031119075216015010797
009031119075216013020681
006031119075216012180106
002031119075217013030644
003031119075218015010751
008031119075218013020586
006031119075218011000670
009031119075219012110461
002031119075220012180310
003031119075221015010792
002031119075221012170265
008031119075221012110476
006031119075221012130091
002031119075221019050029
001031119075222015010795
009031119075222015020657
003031119075223012020121
002031119075223013030548
008031119075224012090017
006031119075224011000169
002031119075225014030290
003031119075225012050345
001031119075225012010376
009031119075225013020753
002031119075226013030506
006031119075226011000408
009031119075227014020553
008031119075227012120487
003031119075228012050310
001031119075228014010432
002031119075228013030458
002031119075228019050213
006031119075229011000408
002031119075230012160310
002031119075231012160314
001031119075231012040464
002031119075231019050213
006031119075231011000720
009031119075231013020674
001031119075232014010615
008031119075232014020524
002031119075233012150287
001031119075234012050360
003031119075234013010460
009031119075234012080419
006031119075234011000277
008031119075235012100252
002031119075235019100044
002031119075236012150098
001031119075237012040354
002031119075237014030453
006031119075237015090627
009031119075237013020468
002031119075238019060115
009031119075238012120368
003031119075239012010375
001031119075239014010597
002031119075240012160114
006031119075240011000627
008031119075240012120447
003031119075241012060421
002031119075241012140421
002031119075241019050224
009031119075241012080163
006031119075241011000723
001031119075242012030376
009031119075242012110404
002031119075243013030440
003031119075244012060432
006031119075244016010086
002031119075245015030410
001031119075245012020285
002031119075245019050064
006031119075246012170053
001031119075246015100546
003031119075247012050194
009031119075247012100364
001031119075248014010502
002031119075248016000144
002031119075248019110046
001031119075249012060416
003031119075250012030353
006031119075250011000594
003031119075251013010737
001031119075251014010526
002031119075251012150304
009031119075251013020812
002031119075252014030476
002031119075253012130322
001031119075253015010682
006031119075253011000718
002031119075253019020393
003031119075254013010682
002031119075254014030450
008031119075254013020504
001031119075255012050285
008031119075255013020863
003031119075256012020288
002031119075256013030562
009031119075256013020767
002031119075257019020007
002031119075258013030606
001031119075258014010357
003031119075258012060426
008031119075258013020810
002031119075300015030337
006031119075300011000666
001031119075301013010798
003031119075301012020381
009031119075301013020748
001031119075301019030050
003031119075302013010727
002031119075302013030339
008031119075302012090416
001031119075303012020352
002031119075303012170218
006031119075303011000065
009031119075304012110164
002031119075305012180157
008031119075305014020435
003031119075306014010208
001031119075306012020325
001031119075306016000126
009031119075306013020850
006031119075306015090616
003031119075308012050366
002031119075308012140444
001031119075308012020111
008031119075308012080366
009031119075309014020511
008031119075309012120454
002031119075310012170295
006031119075310011000726
002031119075311014030418
001031119075311015010788
003031119075311012060381
001031119075311016000126
008031119075311012120454
009031119075312012090400
002031119075312019110037
002031119075313112170253
001031119075313012030397
008031119075313012090406
001031119075314013010797
002031119075314012180185
003031119075314013010710
003031119075315012010247
009031119075315014020581
001031119075316012040468
008031119075316014020528
002031119075317012160300
001031119075317012030352
003031119075317012030327
002031119075317019050209
001031119075318014010264
009031119075318012100430
008031119075318012120490
006031119075318015090618
008031119075319012120490
002031119075320012150073
003031119075320015010610
001031119075321012050331
009031119075321012110474
008031119075321012070197
002031119075321019050230
003031119075322012050369
002031119075322012180249
001031119075323013010804
001031119075323016000139
006031119075323012020137
002031119075324015030395
003031119075324013010522
002031119075324019050184
009031119075324013020644
008031119075325012080427
001031119075325016000139
001031119075326012020311
003031119075326012050311
001031119075326016000157
009031119075326014020630
002031119075327015030389
001031119075327012020388
006031119075327011000690
003031119075328012050009
008031119075328015020643
002031119075329013030530
009031119075329013020843
003031119075330012060356
001031119075330014010460
008031119075330012120490
001031119075332012050367
002031119075332013030398
002031119075332019050126
009031119075332014020607
003031119075333014010436
002031119075333012130319
006031119075333011000564
008031119075333013020818
002031119075335015030443
009031119075335012100323
001031119075335018010018
008031119075335012120354
003031119075336012020392
002031119075336014030088
009031119075336012100323
001031119075337012060353
001031119075337018010018
006031119075337012020037
009031119075337013020515
002031119075338012170056
003031119075338012020332
001031119075338018010018
002031119075338019010131
008031119075338014020493
003031119075340012020269
001031119075340012030344
006031119075340012020274
009031119075340013020789
002031119075341013030577
008031119075341013020820
001031119075342014010538
003031119075342012060434
009031119075342013020411
008031119075343012080408
006031119075343011000700
002031119075344012130290
001031119075344013010751
003031119075344012010420
001031119075345016000154
009031119075345012100201
003031119075346013010726
002031119075346013030379
001031119075346015010802
008031119075346013020808
006031119075346011000724
001031119075347012040473
002031119075348013030356
009031119075348012090333
001031119075348016000154
003031119075349012030389
006031119075349011000632
008031119075349015020623
003031119075350015010668
001031119075350015010784
001031119075350018010071
002031119075351012170219
009031119075351012090279
008031119075351012080447
001031119075352015010753
002031119075352015030436
003031119075353012010414
006031119075353012050222
001031119075353016000112
001031119075354014010201
002031119075354012130338
008031119075354012070442
001031119075355014010575
002031119075355014030425
003031119075355012050266
003031119075356012010173
002031119075356019010109
008031119075356013020862
006031119075357011000440
009031119075357014020626
002031119075358015030262
001031119075358014010580
001031119075358018010047
003031119075359012030304
002031119075359015030362
008031119075359012100379
009031119075359014020626
006031119075400012020340
001031119075401013010762
003031119075401014010452
002031119075401012140235
002031119075402014030267
009031119075402012090235
008031119075402012090380
002031119075402019030048
002031119075403012160308
001031119075404014010068
008031119075404014020351
009031119075404012070264
002031119075405012130059
003031119075405013010769
002031119075406013030484
003031119075407014010603
001031119075407016000064
009031119075407014020597
008031119075407014020608
006031119075407011000715
002031119075408013030631
001031119075409014010477
003031119075410012040414
002031119075410015030475
002031119075410019040032
009031119075410012080459
008031119075410014020088
006031119075410015090628
002031119075411015030431
003031119075412012060229
009031119075412015020531
002031119075413015030467
008031119075413012080123
002031119075413019100072
001031119075414014010537
009031119075414012120402
006031119075414012160104
003031119075415012040222
002031119075415014030336
008031119075415012080453
001031119075416015010129
003031119075416014010605
008031119075416012110409
006031119075417014030056
009031119075417012120433
002031119075418012140388
003031119075418012020286
001031119075418014010614
002031119075419012170266
002031119075419019020221
001031119075420012040426
006031119075420013010151
009031119075420014020627
003031119075421012060331
002031119075422012140088
009031119075422012090345
008031119075422012120486
001031119075423014010510
003031119075423014010607
002031119075424012140434
002031119075424019060097
003031119075425013010426
002031119075425015030455
006031119075425012130102
009031119075425014020470
001031119075426015010791
002031119075426014030465
001031119075427012020322
002031119075427012140086
001031119075427016000008
008031119075427015020022
009031119075428012090272
002031119075429014030325
003031119075429014010338
001031119075430014010536
008031119075430012100288
001031119075430018010070
002031119075430019110029
003031119075431013010413
002031119075431012160215
006031119075431011000026
009031119075431014020606
002031119075432012140443
002031119075433014030325
006031119075433011000601
008031119075433012090291
009031119075434012090396
002031119075435014030458
003031119075435012030401
002031119075436019020349
008031119075436012100439
003031119075437014010401
002031119075437012140452
009031119075437014020563
003031119075438012030261
001031119075438015010766
002031119075438012160149
006031119075438012120124
001031119075438015100559
002031119075439015030426
008031119075439013020869
003031119075440012060428
009031119075440012100420
001031119075441012030381
002031119075441015030279
009031119075441012100420
002031119075442013030535
003031119075442013010542
008031119075442015020669
009031119075442012120472
006031119075442011000263
002031119075443012150226
008031119075444015020672
001031119075444016000161
009031119075444012100418
004031119075445012140466
002031119075445012160253
003031119075446012010162
006031119075446015090629
001031119075447013010059
004031119075447013030622
002031119075447012180272
002031119075448012130282
003031119075448012050363
002031119075448013030448
009031119075448012100047
008031119075448014020537
002031119075448019020307
004031119075449012150299
001031119075450015010017
004031119075450013030425
003031119075450012050356
008031119075450012070447
003031119075451013010473
009031119075451014020598
006031119075451011000410
009031119075452013020701
004031119075453013030603
002031119075453013030448
006031119075453013020397
008031119075453015020666
002031119075453019050026
003031119075454013010473
004031119075455012180220
002031119075455012180272
008031119075455012080464
003031119075456013010730
004031119075456012170127
006031119075457011000719
008031119075457012120401
002031119075458012130282
004031119075458012130336
003031119075458015010550
002031119075459012140442
008031119075459013020599
002031119075500019100052
002031119075501015030351
004031119075501013030616
002031119075501013030573
003031119075501012010327
009031119075501012070438
004031119075502012150293
001031119075502012010348
009031119075502015020057
008031119075502012110486
001031119075503014010332
002031119075503015030356
008031119075503012110486
004031119075504012180307
003031119075504012050225
006031119075504011000385
002031119075505013030648
009031119075505014020589
003031119075506012050357
004031119075506013030460
001031119075506013010641
008031119075506012120395
004031119075507014030426
002031119075507013030637
006031119075507015020540
002031119075508014030484
009031119075508012080380
003031119075509012010393
001031119075509012060383
008031119075509015020013
004031119075510012140429
002031119075510015030388
002031119075510019030022
001031119075511012010277
002031119075511012140446
003031119075511013010650
001031119075511016000058
009031119075511012070382
008031119075512012090341
001031119075513014010493
004031119075513014030438
002031119075513014030444
009031119075513013020835
001031119075513016000058
002031119075513019060095
003031119075514013010733
001031119075514014010578
006031119075514013020241
002031119075515014030366
004031119075515013030634
008031119075515012100424
001031119075516014010596
003031119075516013010244
002031119075516015030386
009031119075516014020618
004031119075517012160143
008031119075517012090419
002031119075518015030477
002031119075518019050222
003031119075519012020368
004031119075519012140461
008031119075519012120393
009031119075519013020706
003031119075520015010780
002031119075520013030482
006031119075520012080131
003031119075521015010721
004031119075521012130295
002031119075521019110043
002031119075522012180275
009031119075522012110353
008031119075522014020570
004031119075523013030637
008031119075523012120392
009031119075523012080242
003031119075524013010550
002031119075524012180253
001031119075526012050213
002031119075526013030541
004031119075526012160243
003031119075526012060410
002031119075526019110049
008031119075526012070341
009031119075526012100327
002031119075527013030630
003031119075528012050350
001031119075528012060387
004031119075528012180206
002031119075528019040034
006031119075528011000388
008031119075529015020541
009031119075529012090344
004031119075530012180277
002031119075530012130254
008031119075530015020541
004031119075531012140465
002031119075531012130288
003031119075531012040382
008031119075531014020578
009031119075531012100318
003031119075532013010575
006031119075532012050085
001031119075533012040420
003031119075533013010763
002031119075533012130327
004031119075534013030609
002031119075534019080001
009031119075534013020811
002031119075535012180287
003031119075535012040353
001031119075535013010743
008031119075535012100444
006031119075535011000388
004031119075536012170268
006031119075536012080114
002031119075537013030263
009031119075537013020852
001031119075538012060253
003031119075538012040273
004031119075538012150310
008031119075538015020674
002031119075539012170301
001031119075539012020306
006031119075539011000712
001031119075539018010068
009031119075539013020572
003031119075540012020398
004031119075540012130310
004031119075542012150268
008031119075542013020840
009031119075542013020795
003031119075543012030396
001031119075543012030385
009031119075543012110354
006031119075543011000388
004031119075544012140363
003031119075545013010662
004031119075545013030469
008031119075545014020532
002031119075546013030647
008031119075546014020180
006031119075546011000639
009031119075546013020848
004031119075547012170207
003031119075548012040406
008031119075548012070439
002031119075549014030031
001031119075549015010683
004031119075549012150290
009031119075549015020580
002031119075549019050193
001031119075550013010604
008031119075550012080297
006031119075550013020274
001031119075550015100543
004031119075551013030104
003031119075551012030230
004031119075552012180266
009031119075552012070426
002031119075553013030619
003031119075553012060221
009031119075553013020685
006031119075553011000656
002031119075554015030244
008031119075554014020586
003031119075555012020367
004031119075555013030441
009031119075555012110416
008031119075556012120421
001031119075557013010331
003031119075557012050320
004031119075557013030119
006031119075557011000581
008031119075558012120414
009031119075558012080396
001031119075559012040405
002031119075559019100013
003031119075600013010666
004031119075600012130205
006031119075600011000422
001031119075601014010377
002031119075601012140148
008031119075601014020534
001031119075601016000168
009031119075601012080466
004031119075602012140463
002031119075602012140425
008031119075602013020819
003031119075603012030400
001031119075603014010066
002031119075603019110040
001031119075603016000168
006031119075603013010215
009031119075604013020721
001031119075605015010800
002031119075605013030589
004031119075605012150260
006031119075605011000725
008031119075605012100419
003031119075606015010761
002031119075606019020212
003031119075607012050334
004031119075607014030160
002031119075607012140453
008031119075607012110397
009031119075608015020478
008031119075608012070321
006031119075608011000001
002031119075609012140475
001031119075609012030361
003031119075610012020391
004031119075610012140471
009031119075610015020568
002031119075611012130338
004031119075611012180258
002031119075611019100018
008031119075611012100381
001031119075612015010731
006031119075612012060389
003031119075613012030372
001031119075613014010590
004031119075613012150319
002031119075613015030459
006031119075613011000398
009031119075613014020611
003031119075614012050183
009031119075614012120474
008031119075614014020416
002031119075615015030471
001031119075615012010377
004031119075615013030571
004031119075616012150198
001031119075616014010539
006031119075616011000654
009031119075616012110487
008031119075616012070308
001031119075617014010587
003031119075617013010739
002031119075617019060001
004031119075618013030550
002031119075618014030375
009031119075618014020443
003031119075619013010801
008031119075619012070444
002031119075620012170271
004031119075620012130280
001031119075620012010355
001031119075620016000088
006031119075620012020162
001031119075621012030368
009031119075621012100405
008031119075621015020665
004031119075622012130264
002031119075622015030442
003031119075622013010515
004031119075623012130210
003031119075623013010793
002031119075624012150118
009031119075624012110421
008031119075624012100169
001031119075624015030454
006031119075624015020461
001031119075625014010103
008031119075625015020630
004031119075626012180212
003031119075626012050210
009031119075626012070360
001031119075627012020382
002031119075627012150314
009031119075627012110480
004031119075628012160287
002031119075628012130271
009031119075628012110480
008031119075628015020676
006031119075628011000682
001031119075629014010267
003031119075629012050204
002031119075629019030032
008031119075629015020676
006031119075629011000555
009031119075630012070403
001031119075631012010403
004031119075631012150255
002031119075631014030416
003031119075631015010690
008031119075631014020529
001031119075633012050179
008031119075633014020494
009031119075633012120399
003031119075634012050341
004031119075634014030454
002031119075634013030596
006031119075634012060015
001031119075635015010473
008031119075635014020426
004031119075636014030150
003031119075636013010653
009031119075636014020624
004031119075637013030354
002031119075637012160279
001031119075637015010774
002031119075637019050148
003031119075638012010387
008031119075638013020822
004031119075639012140469
001031119075639014010444
009031119075639012100358
003031119075640012060379
009031119075640012100358
006031119075640011000662
004031119075641015030460
002031119075641015030423
001031119075641012010410
008031119075641013020833
002031119075642014030456
003031119075642015010717
009031119075642014020120
006031119075642012130120
004031119075643013030576
002031119075644012150273
003031119075644012010372
001031119075644012050234
008031119075644014020554
004031119075645013030591
003031119075645012040454
001031119075645014010581
009031119075645012080424
006031119075645011000309
004031119075647013030399
001031119075647012040450
003031119075647012030366
002031119075647013030587
008031119075647012120481
004031119075648014030021
008031119075648012120481
009031119075648012070390
001031119075649012010385
008031119075649014020571
002031119075649019040012
006031119075649012020002
003031119075650013010774
004031119075650012180144
001031119075650014010564
002031119075650015030461
006031119075650012020010
009031119075651012080450
004031119075652015030438
001031119075652012010338
009031119075652012090411
008031119075652015020618
003031119075653012060365
002031119075653012170303
004031119075654015030437
006031119075654012140043
002031119075654019020335
001031119075655012040446
002031119075655015030187
003031119075655012080007
009031119075655014020504
008031119075655012080458
004031119075656012150303
006031119075656011000534
003031119075657013010740
004031119075657013030558
009031119075657012070410
002031119075657019050196
001031119075657013020226
002031119075658015030470
008031119075658012070357
008031119075659012120491
006031119075659014020288
002031119075659019040021
004031119075659013030456
003031119075700012020393
009031119075700014020536
001031119075701013010023
009031119075701012070428
004031119075701012180158
001031119075702014010611
004031119075702015030457
002031119075702019060102
008031119075702014020512
003031119075703012050365
008031119075703012120463
006031119075703012010201
001031119075704012030300
009031119075704012110340
002031119075705014030072
003031119075705012010400
004031119075705013030066
008031119075706012100441
006031119075706011000635
003031119075707012040459
001031119075707018010008
009031119075707013020702
002031119075707019030025
002031119075708014030365
008031119075708015020624
009031119075708013020702
006031119075709011000439
009031119075709012090413
003031119075710012040397
008031119075711012070415
002031119075712012160296
001031119075712012040338
004031119075712012150241
006031119075712011000656
001031119075713012040355
003031119075713012060388
004031119075713013030066
001031119075714014010494
008031119075714016000149
006031119075714011000674
009031119075714012100446
003031119075715012030351
002031119075715012170235
001031119075716012040475
004031119075716012140460
009031119075717012120427
006031119075717012020013
008031119075717014020620
003031119075718012010413
002031119075718014030390
004031119075718013030187
001031119075719015010790
006031119075719012160085
002031119075719019090016
001031119075720014010593
002031119075720014030381
009031119075720012090220
008031119075720014020551
003031119075721015010783
004031119075721013030645
008031119075721012090348
001031119075722012020376
002031119075722015020598
006031119075723012170077
004031119075723013030523
009031119075723013020870
002031119075724012130075
008031119075724015020678
001031119075724018010048
002031119075724019060086
004031119075725013030633
009031119075725012100307
006031119075726012130286
003031119075727012020401
004031119075727013030607
008031119075727015020641
001031119075728013010213
004031119075728012140426
006031119075728011000691
009031119075728014020036
008031119075729014020007
001031119075730015010789
004031119075730012170297
001031119075730012070090
006031119075730013020409
002031119075731014030279
002031119075731019040009
001031119075732012050348
008031119075732012110438
009031119075732012080452
001031119075733012040411
004031119075733014030471
008031119075733014020411
006031119075733011000691
008031119075734015020410
001031119075735014010535
006031119075735011000648
009031119075735012090357
002031119075736012140468
004031119075736012160190
009031119075736012090408
008031119075737015020664
004031119075737012170054
001031119075737016000167
001031119075738012010382
002031119075738014030373
004031119075738012130342
009031119075738012080364
006031119075738011000566
002031119075739012170298
001031119075739015100551
006031119075740014020055
008031119075740014020565
004031119075740013030412
002031119075741015030424
001031119075741014010613
002031119075741019050152
009031119075741012080394
008031119075742012080266
006031119075742012050057
004031119075742013030372
003031119075743012050238
002031119075743012140424
004031119075744012140456
002031119075744019010072
009031119075744012080454
008031119075744012090368
003031119075745013010284
002031119075745015030478
008031119075745014020331
009031119075745012120431
006031119075745012110004
001031119075746014010594
002031119075746012130334
004031119075746012150297
006031119075747015030168
003031119075748014010553
002031119075748014030387
002031119075748019050243
008031119075748012090414
004031119075748013030348
009031119075748012120444
002031119075749019050243
004031119075749015030408
006031119075749011000388
002031119075750014030158
004031119075751015030441
009031119075751012120434
008031119075751013020837
002031119075751019050223
003031119075752014010525
002031119075752012130329
008031119075752013020866
004031119075752012170209
006031119075752015090631
009031119075753013020747
001031119075753016000025
006031119075754011000388
008031119075754014020566
004031119075754013030366
001031119075755014010457
003031119075755013010631
002031119075755014030485
002031119075756014030388
001031119075756014010508
002031119075756019040033
009031119075756012110378
004031119075756012180296
001031119075756012040131
003031119075757012030303
006031119075757012120199
008031119075757014020414
004031119075757012180292
002031119075758019040006
001031119075758019030038
001031119075759012040346
002031119075759013030623
004031119075759015030306
009031119075759012110351
003031119075800012040445
001031119075800014010309
006031119075800012090035
001031119075801015100560
002031119075801019020390
006031119075801012010254
004031119075801012150170
003031119075802012010401
002031119075802013030518
001031119075802014010250
008031119075802014020489
008031119075802014020615
009031119075802012100329
002031119075803014030022
006031119075803015020563
004031119075803012160233
002031119075804012150201
008031119075804016000147
003031119075805013010454
009031119075805012110467
002031119075806012160292
004031119075806013030538
001031119075806016000003
006031119075806014030109
006031119075807012090150
004031119075807012140464
008031119075807012080078
003031119075808012010010
001031119075808019050245
002031119075808012140430
008031119075808013020460
009031119075808013020793
004031119075809012160293
009031119075809013020793
001031119075809016000003
002031119075810015030376
006031119075810012160012
008031119075811012100434
004031119075811012160087
003031119075812012020404
009031119075812012110382
006031119075812011000668
002031119075813012140428
004031119075813013030614
009031119075813012110382
008031119075813014020398
002031119075814012130316
006031119075814011000283
002031119075815014030486
003031119075815013010190
002031119075815019050171
009031119075815012080413
008031119075816014020619
004031119075816012130314
002031119075817014030487
008031119075817012100443
001031119075818012050279
004031119075818012140470
006031119075818011000636
009031119075818013020813
002031119075819015030402
003031119075819012050359
006031119075819012080127
002031119075819019040030
003031119075820013010567
004031119075820012170280
008031119075820012110478
009031119075820012120475
002031119075821014030100
001031119075821012060403
006031119075821012020279
001031119075821012150311
002031119075822013030479
008031119075822012100224
001031119075823014010612
004031119075823014030437
001031119075823012150311
009031119075823012070421
006031119075823011000600
002031119075824012150108
009031119075824012070421
001031119075825018010065
004031119075825013030584
008031119075825012090343
002031119075825019050238
009031119075825012120485
002031119075826013030308
001031119075826012020333
003031119075826012040367
008031119075827014020617
009031119075827012120483
004031119075827012180263
002031119075828014030466
008031119075828012080017
006031119075828013020428
002031119075829019040030
002031119075830012170273
004031119075830012160311
009031119075830013020838
001031119075830018010069
008031119075831012090377
002031119075832014030369
004031119075833012170231
009031119075833012100380
006031119075833012010028
009031119075834012070377
008031119075834013020282
002031119075834019050183
008031119075836014020593
009031119075837012100367
008031119075838014020593
004031119075838013030325
008031119075839015020639
003031119075840012030010
004031119075840012180290
009031119075840013020660
006031119075840013010117
004031119075841012170291
009031119075842012070404
002031119075843014030356
008031119075843016000124
001031119075844014010522
003031119075844012030095
004031119075844012130270
001031119075844015100556
009031119075845012070411
004031119075845014030470
008031119075845015020638
006031119075845015020199
002031119075846012130326
003031119075846012020399
008031119075846012110160
009031119075846012080414
004031119075847012150128
002031119075847019070001
003031119075848012030194
001031119075848014010200
002031119075849012180261
006031119075849014030096
008031119075849012120448
009031119075849012120301
004031119075850012180268
008031119075851013020640
002031119075852012170275
006031119075852013010358
009031119075852012090402
008031119075853014020545
004031119075853012170217
009031119075854012090402
004031119075855012160272
008031119075856013020860
001031119075856016000141
009031119075857014020502
004031119075857012140154
001031119075858014010608
001031119075859016000141
008031119075859012120464
006031119075900013010296
009031119075900012100442
002031119075901014030488
004031119075901012170286
003031119075902012060398
008031119075902014020424
001031119075903012010005
004031119075903012140408
009031119075903014020582
002031119075904012180154
006031119075904012010190
009031119075904014020628
001031119075905014010609
008031119075905013020841
009031119075906012070422
004031119075906015030451
008031119075906012080358
008031119075907012080358
008031119075908013020425
009031119075908012120492
002031119075909019050220
006031119075909012120196
004031119075909012170287
008031119075910014020006
009031119075911013020689
001031119075912012060368
009031119075912013020689
002031119075912019020301
004031119075913012130285
008031119075914015020659
009031119075915012090300
008031119075915013020857
009031119075916012070368
008031119075917013020803
004031119075917013030485
009031119075919013020749
004031119075919012150286
008031119075920014020540
006031119075921012030316
002031119075922012140409
008031119075922013020554
004031119075922012160236
001031119075922019030043
009031119075922013020726
008031119075923013020773
001031119075924012060431
003031119075924012050353
002031119075924012160302
001031119075924019030043
009031119075925012080429
002031119075926019010127
008031119075926014020546
009031119075926012080429
004031119075927013030346
002031119075928014030448
008031119075928012070392
009031119075929012070338
002031119075930012140449
004031119075930012130284
009031119075931012110458
002031119075933012170307
004031119075933012160301
008031119075933013020626
001031119075934014010610
009031119075934012080373
002031119075935014030467
009031119075935012080360
003031119075936012060423
004031119075936013030590
002031119075937012130330
009031119075938012120425
003031119075939012010337
004031119075939012180282
006031119075939012030282
002031119075940012180297
008031119075940012090399
002031119075941012180305
009031119075941013020876
003031119075942012010398
004031119075943014030331
002031119075944012180255
009031119075944012070358
008031119075944014020530
002031119075946015030468
001031119075946018010055
003031119075947012050354
002031119075947019040016
009031119075947012080346
008031119075947012070376
002031119075948015030383
009031119075949012120480
002031119075950012140439
009031119075950012080225
004031119075950013030024
002031119075952012130302
004031119075952015030101
002031119075952019070031
009031119075953012120465
003031119075954012010293
002031119075955012160230
004031119075955012140127
002031119075957015030474
003031119075957012030317
002031119075957019040020
008031119075957012080418
001031119075958014010524
004031119075958012140473
002031119075959012170250
009031119075959012100280
002031119080000019060108
004031119080001012130335
002031119080002012140374
002031119080003014030001
008031119080004012070417
004031119080004012170267
002031119080006012140431
001031119080006018010061
002031119080009014030217
002031119080011012130303
009031119080012012090309
003031119080013015010805
002031119080014012150261
001031119080014012030305
009031119080015012080361
003031119080016012030328
001031119080017012030196
002031119080017014030447
008031119080017012110479
001031119080018012040472
002031119080020015030247
009031119080020013020619
003031119080022012020300
002031119080022012160307
002031119080023019020327
002031119080024013030465
004031119080024012140337
006031119080024012020016
002031119080025019020333
003031119080026012030338
004031119080026014030299
002031119080027012130276
001031119080028012010421
002031119080029012150250
004031119080029013030610
002031119080030012180257
004031119080030012170304
008031119080031013020832
001031119080031019010128
002031119080032012130337
004031119080032012160298
002031119080034014030449
003031119080034013010765
008031119080034012120440
004031119080034013030222
001031119080035014010555
006031119080035014010295
002031119080037013030510
004031119080037014030452
004031119080038012180301
006031119080039012060312
009031119080039013020826
001031119080040013010761
004031119080040012150069
002031119080041019110013
008031119080042012090407
001031119080043012030363
008031119080043014020025
004031119080043013030567
002031119080044012150300
004031119080044013030617
001031119080045015010407
004031119080045012130014
002031119080046012140405
008031119080046012110485
009031119080047013020412
003031119080048013010674
004031119080048012140437
008031119080049012120450
001031119080050012060349
003031119080051013010004
008031119080051012120450
004031119080051012180159
008031119080052012110375
004031119080052012140225
002031119080053019020260
009031119080053014020513
008031119080054013020817
002031119080055012130292
004031119080055012150295
004031119080057012170020
008031119080057013020867
006031119080059014020550
004031119080100012180304
004031119080102015030439
004031119080104012160222
001031119080106015010764
006031119080106012150195
004031119080106014030398
009031119080108014020602
001031119080109012030329
002031119080109019010008
001031119080112012060422
009031119080112013020783
004031119080114012160280
004031119080117012020358
009031119080119012120306
004031119080119012130267
004031119080122012170284
002031119080123019060103
008031119080123013020643
009031119080126012100425
004031119080127012160312
002031119080128019020391
009031119080128012110464
001031119080129012050147
004031119080130019050128
003031119080131014020020
004031119080132012160289
009031119080142012100385
003031119080143013010702
009031119080143012100385
003031119080146013010259
004031119080146012140441
004031119080147012170222
009031119080150014020489
004031119080154012130320
002031119080158019050234
009031119080205013020790
002031119080209014030427
002031119080212012160228
009031119080212012120419
002031119080214012170306
002031119080218012140447
002031119080221014030176
008031119080225014020568
002031119080230014030481
009031119080231012120470
009031119080234012100428
009031119080236012070431
008031119080243012120488
002031119080255019010094
001031119080257012040471
009031119080303013020799
008031119080308012070433
009031119080310012090391
002031119080339019020065
006031119080348012130049
003031119080350012010392
008031119080412012090410
002031119080431012130317
002031119080434012130317
004031119080436012180279
002031119080458019020263
008031119080459013020198
001031119080520013010783
006031119080520013020326
009031119080539012090388
001031119080552014010133
002031119080557019110014
008031119080625014020604
006031119080904012030293
001031119080952016000012
001031119081035016000007
001031119081039016000007
001031119081042016000001
002031119081151019030033
001031119081307016000052
002031119081310019020387
002031119081315019010133
006031119081509012010405
002031119081753019010118
003031119084351012020021
002031119090053019010067
002031119091521019090015
002031119102710019030045
