002040120071651019060101
002040120071752019010116
002040120071837016000090
001040120071853016010120
001040120071859016010098
001040120071902016010128
001040120071908016010081
001040120071915016010130
001040120071926016010056
001040120071947016010095
001040120071952016010119
001040120072206016010045
001040120072210016010105
001040120072242016010071
009040120072341016010129
001040120072431016010084
001040120072434016010121
002040120072437019020083
001040120072450016010110
001040120072458016010124
001040120072505016010050
006040120072540013020543
001040120072634016010073
002040120072643014030055
002040120072652019030022
001040120072824019010125
001040120072837016010032
001040120072858016010080
001040120072905016010077
001040120072928016010100
001040120072934016010131
002040120072943019060086
001040120072959016010132
001040120073001016010132
001040120073009016010106
001040120073102016010024
002040120073102019110027
002040120073118019020403
001040120073204016010125
002040120073225012160275
001040120073238016010082
001040120073242016010048
002040120073257015030444
002040120073301015030444
002040120073307019020402
001040120073352016010090
002040120073422019060003
002040120073426019010124
002040120073443014030374
002040120073453019020318
002040120073505019100046
002040120073507019100046
003040120073543012040466
006040120073601011000051
002040120073646019050188
004040120073648013030624
009040120073654014020451
002040120073738015030473
004040120073754013030625
001040120073755016010122
002040120073813019010087
002040120073845019020374
002040120073910019100039
006040120073920013020067
003040120073931014010625
003040120073938013010365
001040120073950014010625
006040120073952011000165
002040120073955019040024
004040120074000012140456
001040120074000013010479
001040120074001016010127
009040120074002013020849
003040120074013013010771
002040120074021019020231
009040120074025012110482
001040120074044012050309
003040120074056012060396
003040120074059013010768
009040120074100015020668
009040120074103013020851
003040120074104012040293
009040120074104013020851
002040120074108012130297
009040120074108013020562
006040120074113013010001
006040120074118013010014
002040120074139019060123
009040120074139013020821
002040120074145014030421
004040120074204013030246
009040120074204015020671
001040120074212016000152
001040120074221012010410
003040120074223012040438
003040120074229012050364
009040120074231013020844
002040120074232019050084
003040120074237013010677
003040120074244013010800
004040120074300012150190
003040120074301012050331
009040120074301012110427
003040120074309012030036
009040120074316013020532
009040120074328012120489
001040120074328012030350
009040120074335014020501
002040120074338019060113
009040120074341014020588
003040120074345012030261
002040120074349019020401
001040120074351014010584
003040120074352013010550
002040120074358013030466
002040120074402013030509
006040120074404011000491
004040120074405013030509
004040120074408012160136
001040120074408016000073
006040120074408011000491
009040120074409013020606
001040120074410015010737
006040120074411011000692
003040120074412012030402
003040120074420012030333
002040120074426014030404
004040120074439012180046
002040120074442019060076
002040120074443013030627
003040120074448012030404
004040120074448013030386
003040120074453013010505
004040120074456012160075
002040120074457019020394
009040120074500014020635
004040120074501013030443
006040120074502011000675
009040120074503013020818
004040120074506012150073
006040120074510011000730
003040120074514012020285
004040120074518012150274
006040120074526012160021
009040120074528013020703
003040120074529012040447
002040120074531019030001
004040120074534012130312
009040120074534015020687
004040120074537012170279
003040120074537012050343
009040120074538012090248
004040120074539012170218
003040120074540012060426
009040120074540015020679
002040120074543019070014
009040120074543012120494
003040120074544013010007
003040120074547012040414
004040120074551013030565
002040120074553013030638
006040120074553013010321
002040120074605019020346
003040120074608012050307
008040120074608013020755
009040120074612012070437
006040120074618011000359
003040120074622012060007
008040120074625012100453
002040120074626012140445
004040120074629012150100
003040120074632012060369
009040120074632012120484
002040120074643014030159
003040120074645012030276
002040120074650016000123
003040120074654013010651
004040120074655014030334
003040120074657012060364
002040120074659019020211
003040120074701015010798
006040120074701012110223
009040120074701012070286
003040120074703012030335
009040120074703013020855
002040120074704019050026
003040120074706012030349
009040120074706015020647
002040120074708019020061
003040120074711015010809
002040120074713012150091
008040120074715012100423
002040120074716013030592
002040120074716019050216
002040120074717019050216
008040120074717012110466
003040120074718012020390
002040120074719019060084
008040120074720012100429
006040120074721013010009
003040120074722012040459
001040120074723013030157
002040120074725019020383
004040120074727012160163
003040120074728012050254
002040120074730019060103
003040120074731012050225
002040120074736019100032
008040120074738012100134
006040120074740012120199
009040120074744012100224
002040120074745019100070
009040120074747012080343
001040120074749013010700
009040120074751012080408
001040120074753012060405
003040120074757012050368
004040120074757013030382
009040120074757012110454
009040120074802012070444
002040120074803012150283
004040120074803012180299
004040120074806012170178
008040120074808014020622
001040120074809012050279
006040120074809011000258
004040120074810012140457
004040120074814015030465
009040120074817013020831
003040120074821012040467
001040120074821014010201
004040120074826013030651
008040120074826012090330
003040120074827013010695
008040120074828015020635
002040120074829014030239
004040120074830012140472
008040120074832012080189
009040120074832015020535
001040120074833014010573
008040120074835012080375
002040120074839019050094
001040120074839016000062
004040120074840012170292
003040120074841012060384
002040120074841012140379
008040120074841012070454
008040120074844013020745
004040120074845013030545
002040120074846019010135
008040120074847012110400
004040120074848013030629
008040120074849012110151
009040120074851012120500
002040120074852019050235
008040120074852012070445
008040120074854012100411
009040120074857012100006
004040120074858014030342
003040120074859013010672
008040120074901012070010
006040120074902011000729
003040120074903013010426
002040120074905019020180
003040120074907012050363
002040120074908012130343
006040120074908013030188
002040120074910012180252
003040120074910012050313
003040120074914012060360
002040120074914019110048
004040120074915013030379
008040120074915012080463
002040120074917019020393
006040120074918011000445
004040120074919012180171
002040120074919019110005
008040120074919012110437
003040120074921012040462
003040120074924012040461
008040120074924012080457
009040120074926012070449
008040120074927012100312
006040120074928011000737
008040120074929015020029
004040120074930012180259
002040120074930019020399
001040120074931012060415
002040120074932014030482
008040120074932012090302
004040120074935013030356
009040120074936015020652
006040120074936011000651
008040120074937012110297
004040120074940012180277
001040120074942012140149
004040120074943012140460
006040120074943011000735
006040120074947011000735
009040120074947013020864
003040120074948012030372
008040120074948013020793
004040120074949012140466
001040120074949014010627
009040120074950012110377
006040120074951011000573
003040120074952012040444
003040120074955013010777
001040120074955015100557
006040120074955013010015
008040120074957013020878
004040120074958015030343
002040120074958019060107
008040120075002013020387
003040120075003013010794
004040120075005012180284
006040120075005011000699
003040120075007012040425
002040120075008012170309
008040120075009012120242
003040120075010013010806
006040120075010015090611
003040120075013013010577
009040120075013019020387
008040120075015012090256
009040120075015012080267
002040120075016019050164
004040120075019012170253
001040120075022018010054
004040120075023012130319
006040120075023011000343
008040120075027012120482
006040120075028011000744
001040120075029015100546
008040120075031012080456
001040120075035015010797
008040120075035012090405
003040120075036013010772
009040120075036013020862
002040120075037013030349
008040120075037012090405
009040120075038015020620
008040120075038015020680
002040120075039019110033
009040120075041013020692
002040120075043013030308
003040120075045012040192
002040120075045014030226
009040120075045012120490
004040120075046012170195
001040120075046016000166
008040120075046012120434
003040120075051013010755
001040120075051012010419
008040120075051013020438
004040120075052013030571
001040120075053016000126
003040120075054012040473
001040120075055016000126
004040120075057012130314
004040120075100012140462
008040120075102012070244
001040120075102015010001
004040120075103013030339
008040120075107014020417
003040120075108013010176
006040120075108012070006
008040120075111012090417
006040120075114011000262
008040120075114012110446
002040120075116019020368
008040120075116012090411
002040120075119019110046
008040120075119012090404
006040120075120015090620
008040120075122012090383
002040120075124015030466
008040120075126012090267
006040120075126014030087
004040120075129014030430
008040120075132012070435
002040120075133012150315
004040120075133015030445
009040120075133014020351
004040120075135013030504
002040120075135019100028
003040120075136015010761
009040120075137015020618
001040120075137014010570
008040120075138012110491
003040120075139012060434
009040120075139015020618
009040120075141015020604
008040120075141012120412
003040120075142014010626
004040120075142012150320
008040120075142012120412
004040120075145012150249
009040120075145012110424
003040120075148012040453
002040120075148014030366
004040120075148012170287
008040120075149013020542
009040120075149013020797
002040120075152019020397
008040120075152013020536
001040120075153015010758
009040120075153012120393
004040120075155012180276
009040120075155012120479
008040120075155012100218
002040120075156014030448
004040120075157013030498
008040120075157014020574
003040120075158013010758
001040120075158012010409
004040120075159013030551
009040120075159013020819
002040120075200019060122
001040120075200012040479
008040120075200012090424
003040120075201012050213
001040120075201012020324
006040120075201013020240
004040120075203014030325
001040120075203012050224
008040120075203012070414
002040120075205019020313
004040120075206012140422
003040120075206012010364
008040120075206012110353
009040120075206012070148
001040120075206015010788
001040120075208015010693
003040120075209013010726
006040120075209013030176
008040120075209013020766
003040120075211013010781
009040120075211012070331
002040120075213019050230
006040120075213012020037
008040120075214013020836
009040120075214014020532
003040120075216014010622
009040120075217015020688
003040120075218012010361
001040120075219012060005
009040120075220013020763
009040120075221013020763
008040120075223012110484
004040120075224013030646
002040120075224019060001
009040120075226019050244
003040120075227012010389
008040120075227014020632
003040120075228012030387
002040120075228019020353
004040120075229012140435
003040120075231012010387
002040120075233019050225
003040120075234012030266
008040120075234015020545
002040120075241019040035
003040120075243012060374
002040120075244012130333
006040120075244011000498
004040120075246013030516
006040120075246011000639
008040120075247015020686
008040120075251013020753
002040120075251019020275
006040120075251011000231
002040120075252012160279
008040120075255014020634
006040120075257015090580
003040120075258012040458
002040120075258012130339
002040120075300019010136
001040120075300015010692
003040120075301013010654
009040120075301013020460
006040120075301015090580
001040120075302012040346
009040120075302013020460
006040120075303012040209
008040120075303012090350
004040120075305014030305
008040120075307015020502
003040120075308012010162
001040120075308013010747
001040120075308018010059
009040120075309014020088
003040120075310012040426
001040120075310015010596
001040120075310018010059
006040120075310011000440
001040120075311012060416
003040120075312012020121
006040120075313013020068
003040120075314014010621
001040120075314014010563
008040120075314014020562
009040120075315012070448
004040120075316013030606
001040120075316012010376
009040120075316012070448
001040120075318012040405
008040120075318013020873
004040120075319012160301
003040120075319012010329
008040120075320012080466
001040120075321015020500
003040120075322013010580
001040120075322014010494
002040120075322019020373
002040120075327019020404
006040120075328011000410
009040120075328012100257
004040120075331012170194
009040120075331012120487
009040120075334012090375
008040120075334012070428
003040120075336012050315
002040120075336019020327
006040120075338015090568
009040120075338014020092
004040120075339012130341
003040120075340013010199
004040120075342012170144
008040120075342012110497
003040120075343012030366
002040120075345012140389
004040120075345012170257
008040120075345012120473
003040120075347012030342
004040120075348013030507
009040120075348014020538
008040120075348013020858
001040120075349014010614
003040120075350015010751
004040120075350012160282
008040120075351013020879
009040120075351015020643
001040120075352012020385
004040120075353012180249
003040120075353013010541
001040120075353018010067
008040120075354013020824
002040120075354019100061
004040120075355013030075
001040120075355012020383
003040120075357013010732
003040120075359012020008
004040120075359012130295
009040120075400013020868
004040120075402012170265
003040120075402012010414
003040120075405013010770
003040120075407012060421
009040120075407012080430
006040120075408011000670
003040120075410012050009
002040120075410019110002
009040120075411012100416
003040120075412012020396
006040120075412012110164
004040120075413012180251
003040120075414012060421
001040120075414013010549
009040120075414013020017
006040120075415012160085
004040120075416014030393
001040120075416013010762
002040120075416019030047
003040120075417012020368
008040120075418012070384
001040120075418013010712
009040120075419012090341
001040120075420012020345
008040120075421012080424
003040120075422015010769
009040120075422013020504
002040120075423019050247
001040120075424014010526
008040120075424013020644
004040120075425013030508
003040120075425015010668
009040120075425012090423
002040120075426012140453
008040120075426012070441
001040120075427014010157
004040120075428012060309
002040120075428013030655
003040120075428013010808
003040120075429013010011
008040120075429012100284
001040120075429015010793
004040120075430015030371
003040120075431012010309
004040120075432012150196
001040120075432014010592
008040120075432012110410
006040120075433013030084
003040120075434013010799
009040120075434012080297
008040120075434013020411
004040120075435012160285
006040120075435012050123
002040120075435019100068
003040120075436013010803
008040120075437015020677
009040120075437012090351
003040120075438013010624
004040120075440014030077
008040120075440014020598
009040120075440012090379
001040120075441014010619
006040120075442013030003
003040120075443012050344
008040120075443012080413
001040120075443014010599
009040120075444012080266
006040120075445011000041
002040120075445019050217
004040120075446013030398
003040120075446013010662
008040120075446012110414
003040120075448012040376
001040120075448013020226
006040120075448011000586
004040120075449012170146
008040120075449012100380
003040120075451012020344
004040120075451015030443
009040120075451014020554
002040120075451019100008
006040120075451012020340
008040120075452012090335
004040120075453015030356
002040120075453019020363
009040120075453012070439
003040120075454015010704
006040120075454012020013
002040120075455014030423
004040120075457012160316
006040120075457012130091
009040120075457012100311
008040120075458014020523
003040120075459012050303
009040120075459012070236
002040120075500012160259
004040120075500012150312
002040120075500019100002
003040120075501012060410
006040120075501013010151
009040120075502012110481
001040120075503015010669
004040120075504013030530
003040120075504012060414
006040120075504011000681
001040120075505015010781
001040120075507012010340
006040120075507011000740
009040120075507012070407
004040120075508012170258
002040120075509013030656
001040120075509019110051
004040120075510014030490
009040120075510013020880
006040120075510011000525
002040120075511012160291
008040120075511012080350
002040120075511019050214
001040120075511014010460
006040120075512011000643
001040120075513016000003
002040120075514012140449
004040120075514012150170
009040120075514013020808
003040120075516013010560
001040120075516016000003
009040120075517012070357
002040120075518014030426
006040120075518011000736
008040120075519013020769
003040120075520013010763
002040120075520012180271
002040120075521019060120
009040120075521012110412
006040120075522011000715
008040120075522012090339
003040120075523012040337
009040120075523012110178
001040120075524012050217
001040120075524016000101
002040120075525012140235
006040120075525011000715
003040120075526012020400
002040120075526019100013
004040120075527012160271
001040120075527016000101
002040120075528014030418
006040120075528012080131
008040120075529012110404
003040120075530013010759
004040120075530012160287
002040120075530019060097
004040120075532012150293
008040120075532012120377
009040120075532014020542
003040120075533012040367
002040120075534019020007
003040120075535012080007
006040120075535013010392
009040120075535015020676
008040120075535014020525
003040120075537012040423
004040120075537015030467
008040120075537013020886
008040120075538013020886
003040120075539012050308
006040120075539013010270
003040120075540015010787
004040120075540013030538
002040120075540019050239
002040120075541014030424
001040120075541013010213
004040120075542012180260
003040120075542014010432
008040120075542012080452
006040120075543019100066
001040120075543015010473
002040120075544015030410
003040120075544012030401
002040120075545012170277
004040120075545012140446
004040120075546012180158
009040120075546012110143
003040120075547013010682
002040120075547019050170
008040120075547013020574
006040120075547011000677
001040120075547012060383
002040120075548012180157
004040120075549019050128
003040120075549012040465
006040120075549011000724
002040120075550015030337
008040120075550013020781
003040120075551012020288
004040120075552012150260
002040120075552019100063
006040120075552011000717
008040120075553015020646
003040120075554014010578
006040120075554016010086
009040120075554012080123
004040120075555014030459
003040120075556012030399
008040120075556012100223
002040120075557015030482
004040120075557012170219
006040120075557011000718
002040120075557019110050
009040120075557012070417
003040120075558012030351
009040120075558014020394
004040120075559012140444
008040120075559014020486
006040120075559011000598
009040120075559014020394
001040120075600015010763
003040120075601014010003
002040120075601012160310
004040120075602013030576
002040120075602019110040
008040120075602012110474
006040120075602011000686
002040120075603015030262
001040120075603012060095
009040120075603013020866
003040120075604013010785
001040120075604015010753
003040120075605012020086
004040120075605012150098
009040120075605012080448
006040120075605013020241
008040120075605012110421
001040120075606014010596
008040120075606014020618
006040120075607011000564
003040120075608012040478
004040120075608013030652
009040120075608013020833
008040120075609012100323
004040120075610012180312
003040120075610012020399
006040120075610011000120
008040120075612015020531
004040120075613013030440
003040120075613012060437
006040120075613011000203
008040120075614015020469
008040120075615015020469
002040120075616012130165
004040120075616012140443
003040120075616012010420
008040120075616012100403
006040120075616013010294
009040120075616015020675
003040120075617012030256
004040120075618012180315
008040120075618012110494
009040120075619014020546
006040120075619012180106
003040120075620013010727
003040120075620015010717
004040120075620012140363
008040120075620012070429
009040120075620012120498
009040120075622014020633
006040120075622011000574
003040120075623012050311
004040120075623012140421
008040120075623012070453
001040120075623012050358
009040120075623014020435
004040120075625013030622
008040120075625013020812
006040120075625014030174
009040120075625013020837
003040120075626014010623
002040120075627019020379
002040120075628019020379
008040120075628012120501
003040120075629012060166
006040120075629019100008
001040120075630014010011
008040120075630014020626
003040120075631013010733
004040120075632012130214
006040120075632011000678
009040120075632014020637
001040120075633016000164
008040120075633014020404
004040120075634013030448
001040120075634012040471
006040120075635012050129
001040120075635016000164
009040120075635014020592
008040120075635012080135
004040120075637012170193
002040120075637014030388
009040120075638012080462
008040120075638012080454
002040120075638019040001
001040120075638015010683
006040120075639011000283
004040120075640012160236
002040120075640012150321
003040120075640013010522
008040120075641013020823
009040120075641012110488
004040120075642012150294
006040120075642011000687
003040120075643012050266
008040120075643013020758
002040120075644019020186
009040120075644013020863
004040120075645012180258
006040120075645011000713
002040120075646012150278
008040120075646012120425
006040120075647012130120
003040120075648015010794
008040120075648012110367
009040120075648015020577
002040120075649019110037
009040120075650012110496
001040120075650015010790
006040120075650011000086
004040120075651015030479
009040120075651012110496
008040120075651013020838
003040120075652014010424
006040120075653015090628
004040120075654012170290
008040120075654012100201
002040120075654019100044
006040120075654011000706
001040120075656015010632
009040120075656013020882
008040120075656012110455
004040120075657012180266
001040120075657012020405
002040120075657019100072
006040120075658011000663
009040120075658013020882
008040120075658015020657
002040120075659019100072
001040120075659015010800
004040120075700012150303
003040120075700012020269
002040120075701012140474
009040120075701013020723
001040120075701014010316
008040120075702012070382
009040120075702013020198
006040120075702011000388
004040120075703012140464
003040120075703012030365
003040120075704012020404
009040120075704013020810
008040120075704013020761
001040120075704015010785
002040120075704019050238
004040120075705014030425
006040120075705011000581
004040120075707013030573
003040120075707013010413
009040120075707013020881
002040120075708012150305
008040120075708014020606
001040120075708012060397
004040120075709012130336
003040120075710013010520
006040120075710015090579
009040120075710014020231
001040120075710013010716
004040120075711012160088
008040120075711013020749
002040120075711019020307
003040120075712012010426
006040120075713011000682
009040120075713013020883
001040120075713012010423
004040120075714013030550
008040120075714014020443
009040120075714013020883
009040120075715015020630
002040120075716016000144
006040120075716013020412
003040120075717012050310
008040120075717012100322
009040120075718012100441
002040120075719012170231
004040120075719013030590
002040120075719019040021
006040120075719015090618
003040120075720014010452
004040120075720013030636
008040120075720015020658
001040120075720012010375
009040120075720014020593
002040120075722015030247
006040120075722011000694
001040120075722012020111
002040120075722019100052
009040120075723012080078
002040120075724013030563
004040120075724013030372
008040120075724012110442
006040120075725011000601
009040120075726015020654
003040120075727013010625
004040120075727012160293
006040120075728013020154
002040120075729012160292
002040120075729019060125
009040120075729014020567
004040120075730012130210
003040120075730012060436
006040120075731013030199
004040120075732012180272
001040120075732013030071
009040120075732013020832
002040120075733019050220
009040120075734014020571
004040120075735012140434
002040120075735019010119
006040120075736011000713
009040120075736015020639
003040120075737015010780
001040120075737014010377
002040120075738012130288
009040120075738015020022
008040120075738012090393
004040120075739012150203
001040120075739015010796
006040120075739011000065
009040120075739015020022
003040120075741012060379
004040120075741013030460
002040120075741014030489
009040120075741015020663
001040120075741012060253
006040120075743012040300
009040120075743012110483
004040120075744014030021
002040120075744012140148
001040120075744012060372
003040120075745012060221
002040120075745019020095
008040120075745012070421
004040120075746015030437
001040120075746012040354
009040120075746013020778
006040120075746011000422
001040120075747012010011
002040120075748015030461
003040120075748015010792
004040120075749013030456
001040120075749012030376
008040120075749012090425
003040120075750013010606
006040120075750012050028
004040120075751013030558
002040120075751012150203
009040120075751014020578
001040120075751014010502
004040120075753013030641
003040120075753012040373
001040120075753014010613
002040120075754014030456
001040120075754012040450
006040120075754012080163
008040120075755012080017
002040120075756019040028
001040120075756012040410
004040120075757012150198
002040120075757012150203
006040120075757015090627
008040120075758013020767
001040120075758012040403
003040120075759013010795
002040120075759014030488
006040120075759011000473
001040120075759016000168
002040120075800019020230
004040120075801012170207
008040120075801012090400
001040120075801012040433
001040120075801016000168
004040120075802012130278
003040120075802012030377
006040120075802012010201
001040120075803014010593
008040120075803013020780
003040120075804012040437
001040120075804018010047
002040120075804019020221
006040120075805011000741
001040120075805018010047
004040120075806012160243
003040120075806012050341
002040120075806013030642
001040120075806013010021
002040120075806019040036
002040120075807019040036
001040120075808014010493
006040120075808012150102
004040120075809012130075
002040120075809019020127
006040120075810012080114
008040120075810014020553
001040120075810014010617
003040120075811012060432
002040120075811012130250
004040120075811012170073
003040120075812013010460
001040120075812015010678
002040120075812019060119
009040120075813014020493
003040120075814014010338
004040120075814012150304
001040120075814014010618
002040120075815012180316
002040120075815019050029
003040120075816014010607
001040120075816014010580
009040120075816014020043
004040120075817012130322
003040120075818013010575
002040120075818012140475
001040120075818019110006
002040120075819019050091
006040120075819015090608
004040120075820012180206
008040120075820012100394
001040120075820014010457
002040120075821014030250
003040120075821013010598
001040120075821014010538
003040120075823013010646
004040120075823012150271
001040120075823012010403
006040120075823013020397
008040120075824014020563
004040120075825013030482
003040120075826012040445
001040120075826014010436
009040120075826015020674
006040120075827011000594
002040120075827019060095
008040120075827012110354
003040120075828012060420
004040120075828013030496
001040120075828014010492
006040120075830011000568
003040120075831012050366
004040120075831014030471
008040120075831013020610
001040120075831012030353
001040120075832018010072
003040120075833012050194
002040120075833019050242
008040120075834013020748
006040120075835011000728
003040120075836012040382
008040120075837012100334
002040120075837019060124
003040120075838012050357
006040120075840011000595
008040120075840012090345
009040120075840013020885
002040120075840019010134
003040120075841012030390
004040120075841015030389
008040120075842013020468
001040120075842014010600
003040120075843013010529
009040120075843012080458
002040120075844013030484
006040120075845011000388
009040120075845012090343
001040120075845015010784
008040120075845012120368
003040120075847015010615
004040120075847014030440
003040120075848012030386
008040120075848014020597
009040120075848012100252
004040120075849012130290
006040120075849011000078
001040120075850015030106
003040120075851013010653
002040120075851019040023
001040120075851012030385
004040120075852012140388
002040120075853015030279
003040120075853013010724
006040120075853011000388
004040120075855013030348
003040120075856012030230
002040120075856012150309
008040120075856012100418
001040120075857013010804
004040120075858015030395
009040120075858012110397
003040120075859013010693
006040120075859011000517
001040120075859012050285
002040120075900019020335
001040120075901016000161
001040120075901013010797
003040120075902013010454
002040120075902013030648
009040120075902015010696
008040120075902012110495
003040120075903012050356
006040120075903013020581
001040120075903014010569
009040120075904012110375
002040120075904019100065
002040120075905014030475
001040120075905016000161
001040120075905013010604
004040120075906012140470
001040120075906016000161
006040120075906011000719
003040120075907012050365
001040120075907015010802
008040120075907014020607
009040120075907012080453
004040120075908013030616
003040120075909012010422
001040120075910013010805
006040120075910011000388
001040120075911012010005
002040120075912012140425
003040120075912012030400
003040120075913012030327
006040120075913011000026
009040120075913012080464
002040120075914012180308
001040120075914016000163
003040120075915012030355
009040120075915015020669
001040120075916014010510
002040120075917012150226
001040120075917016000163
006040120075917011000388
003040120075918012040222
008040120075918012090344
002040120075919014030486
001040120075920012010355
002040120075920019020260
004040120075921012150226
003040120075921012010424
002040120075921012130330
001040120075921015100543
008040120075921012110378
004040120075922012140469
006040120075922014030096
009040120075922012120488
002040120075923012170308
003040120075923012060356
008040120075923012120461
001040120075924014010440
003040120075925012050360
002040120075925012170271
006040120075925011000627
009040120075925012080431
003040120075926012010173
008040120075926012100307
002040120075927015030477
009040120075927012100450
001040120075927013010515
001040120075928013010515
006040120075928011000627
003040120075929012050204
004040120075929012160224
002040120075929015030431
008040120075929012070440
001040120075929018010066
001040120075930014010068
002040120075931015030424
004040120075931013030412
003040120075931012010247
002040120075932015030470
004040120075932012150319
002040120075932019050195
003040120075933012040429
008040120075933012080284
001040120075933015010804
009040120075933013020820
006040120075933013030240
002040120075934014030465
001040120075934018010071
003040120075935012040442
008040120075935015020598
006040120075936011000276
001040120075936014010208
002040120075936019110014
009040120075936012090416
002040120075937013030518
004040120075937012160134
003040120075937013010714
008040120075937014020589
002040120075938012130263
002040120075939014030387
001040120075939014010604
008040120075939012100367
006040120075939011000490
002040120075939019060102
004040120075940012150307
002040120075940013030518
003040120075941013010791
001040120075941012020352
004040120075942013030187
001040120075942012040446
006040120075942011000398
002040120075943013030649
002040120075943019050234
009040120075943012090406
008040120075943013020877
001040120075944016010123
001040120075944012030242
004040120075945012130205
002040120075945014030484
006040120075945013020274
008040120075946012100442
002040120075946019020398
001040120075946015010752
002040120075947014030485
004040120075947012170304
002040120075947019020398
006040120075948013020428
002040120075949015030459
003040120075949012050195
002040120075949019050228
008040120075949014020623
001040120075949012050367
004040120075950013030535
009040120075950012080470
008040120075950013020825
003040120075951013010787
002040120075951013030541
006040120075951015090616
001040120075952019030038
008040120075952012110467
004040120075953014030390
003040120075953012060259
002040120075953019040034
004040120075954013030325
002040120075954012130326
003040120075954012010393
009040120075954014020529
006040120075954014030056
008040120075955013020876
009040120075955014020529
003040120075956012040454
002040120075956013030630
006040120075956011000732
001040120075956012010277
004040120075957014030160
009040120075957012090368
002040120075958014030375
003040120075958012010327
008040120075958012120256
006040120075958011000720
009040120075959012120143
002040120080000019050152
006040120080000011000726
003040120080001012020300
008040120080001012070387
001040120080001012020322
002040120080002012150314
004040120080002012130059
003040120080003013010735
002040120080003014030031
008040120080003013020850
004040120080004013030603
006040120080004011000727
002040120080005014030458
009040120080005013020857
004040120080006012130316
003040120080006015010550
008040120080006012090220
004040120080007012180185
001040120080007014010605
002040120080007019050243
009040120080007013020860
006040120080007015090632
002040120080008012130254
003040120080008012060359
008040120080008012100430
001040120080009012020388
009040120080009014020615
003040120080010012040353
002040120080010014030290
004040120080010012160280
006040120080010011000632
008040120080010012080472
002040120080011014030453
009040120080011012080358
001040120080011014010575
003040120080012012020322
004040120080012012050183
008040120080012013020738
001040120080012014010309
006040120080012011000739
009040120080013015020681
006040120080013012010028
004040120080014013030584
002040120080014014030450
002040120080014019050212
009040120080014012120454
008040120080015012100327
003040120080016015010610
002040120080016014030476
006040120080016015090617
004040120080017013030562
009040120080017012120395
008040120080017013020572
001040120080017012060349
002040120080018012180253
003040120080018012050354
004040120080019012150268
008040120080019012100436
001040120080019012030381
006040120080019015090621
002040120080020015030187
009040120080020012120440
001040120080020012010408
003040120080021012040443
006040120080021011000690
009040120080021013020867
004040120080022012150290
008040120080022015020685
009040120080022013020867
001040120080022015010682
002040120080023012160230
006040120080023014010053
001040120080023014010571
008040120080024015020655
009040120080024014020411
002040120080025019020079
001040120080025012020322
006040120080025011000263
009040120080025012070308
003040120080026013010006
008040120080026012090408
006040120080026011000555
001040120080026015100559
004040120080027012140429
001040120080027012060407
009040120080027012070427
002040120080027019020149
008040120080028013020674
009040120080028013020188
006040120080028011000648
004040120080029013030162
002040120080029014030356
003040120080029012040452
003040120080030015010721
002040120080030019050126
006040120080031012110087
009040120080031014020524
004040120080032015010791
002040120080032014030444
008040120080032013020721
002040120080033019040016
009040120080033012090380
004040120080034012180313
008040120080034012090272
006040120080034011000277
009040120080035015020057
004040120080036013030066
002040120080036012140405
006040120080036012170053
008040120080037012090401
001040120080037016000058
002040120080037019050245
009040120080038016000147
004040120080039012140088
006040120080039013010358
008040120080039014020565
002040120080040013030596
001040120080040016000058
009040120080040012120464
002040120080040019030045
004040120080041013030633
003040120080042015010786
008040120080042012110464
009040120080042012090348
006040120080042011000668
004040120080043012170020
002040120080043019040030
001040120080043012030356
009040120080044015020660
001040120080044014010615
008040120080044015020478
006040120080044012010292
009040120080045014020570
004040120080046013030425
006040120080046012050057
001040120080046018010069
006040120080047011000722
008040120080047012080396
009040120080047014020416
003040120080048012030352
009040120080048014020426
002040120080048019010074
004040120080049013030366
002040120080050012140431
004040120080050012130298
003040120080050012050351
008040120080050012100405
006040120080050014030109
001040120080050012010382
003040120080051013010631
001040120080051012020367
008040120080051012070360
004040120080052012170311
002040120080052015030351
003040120080052012020381
009040120080052013020822
002040120080053019050240
006040120080053015090617
001040120080053016000088
003040120080054012040397
006040120080054012140043
008040120080054012100329
002040120080055014030279
004040120080055013030548
009040120080055012110477
002040120080056019040006
009040120080056012120415
006040120080057011000600
001040120080057013010446
003040120080058012050351
002040120080058012170307
008040120080058014020625
009040120080058012080383
004040120080059012180292
003040120080059012030304
002040120080059019020378
006040120080059011000662
001040120080059012010348
001040120080059018010008
002040120080101012130338
009040120080101012100424
008040120080101013020843
001040120080101012010385
004040120080102012150286
003040120080102013010190
002040120080102019020372
006040120080102012020002
008040120080103013020835
001040120080103012030010
004040120080104013030264
003040120080104013010740
001040120080104016000141
001040120080104012010377
009040120080104012100434
004040120080105012130264
002040120080105015030478
001040120080105016000141
006040120080105012140086
002040120080106012150201
009040120080106012090377
008040120080106012070410
001040120080107014010357
001040120080107016000112
009040120080107012100439
004040120080108012130242
003040120080108012010010
002040120080108019040012
006040120080108011000001
008040120080108012090396
004040120080109015030481
001040120080109014010555
008040120080109013020554
003040120080110012050238
001040120080110012010415
009040120080110012110486
004040120080111012130116
006040120080111011000666
002040120080112012160307
008040120080112013020702
009040120080112012090414
003040120080113012030405
001040120080113018010018
001040120080113012050179
009040120080114012120463
008040120080114013020795
003040120080115013010793
001040120080115015010807
006040120080115011000738
002040120080116019020326
009040120080116015020013
004040120080117012180212
003040120080117012060387
008040120080117015020591
001040120080117012030397
006040120080118011000691
001040120080118013010331
003040120080119012020391
009040120080119012100443
008040120080119013020852
006040120080120011000704
001040120080120013010641
003040120080121012010337
001040120080121014010608
009040120080121014020608
004040120080122014030437
008040120080122015020461
006040120080122012030282
004040120080123013030607
009040120080123012110479
001040120080123012040411
008040120080124012080428
003040120080125012060229
009040120080125012110478
001040120080125015010795
006040120080125012130049
004040120080126012150270
004040120080127013030346
002040120080127014030449
001040120080127012030368
001040120080127013010783
008040120080127015020568
001040120080127018010048
003040120080128013010567
008040120080128013020783
009040120080128012110438
006040120080128012050085
003040120080130014010241
002040120080130013030631
001040120080130014010200
008040120080130012110382
006040120080130012020279
004040120080131012180314
001040120080131015010129
009040120080131014020586
003040120080132013010765
002040120080132014030289
006040120080132012020162
008040120080133012110487
001040120080133018010070
009040120080133014020551
002040120080134013030263
004040120080134012160149
009040120080134014020551
003040120080135015010716
002040120080135019020065
006040120080135012130223
009040120080135014020530
004040120080136012170054
002040120080136014030001
008040120080136012110498
006040120080136012020010
003040120080137012060389
002040120080137012170264
009040120080137012100451
001040120080137016000139
004040120080138012130284
008040120080138012070264
003040120080139012040464
002040120080139012180305
009040120080139014020007
001040120080139014010033
004040120080140013030614
006040120080140011000640
008040120080140012070432
002040120080141012130303
001040120080141016000008
009040120080141015020659
004040120080142012160296
009040120080142013020586
006040120080142011000635
008040120080142013020870
003040120080143012030317
001040120080143012040355
004040120080144014030267
002040120080144012180275
009040120080144012080447
001040120080144014010267
002040120080145012150263
009040120080145013020599
006040120080145011000733
008040120080145015020386
002040120080145019050223
004040120080146015030475
002040120080147014030072
004040120080147012130286
001040120080147012060368
009040120080147012120491
008040120080147014020180
006040120080148015090633
008040120080149012070403
001040120080149013010035
003040120080150014010539
004040120080150013030523
009040120080150014020619
001040120080150019010128
006040120080150015090631
001040120080151014010628
002040120080152015030244
004040120080152012160190
008040120080152013020626
002040120080152019040033
009040120080152014020512
002040120080153015030458
001040120080153012040338
009040120080153014020512
006040120080153015090629
004040120080154012150287
009040120080154014020566
008040120080155012100350
001040120080155014010587
003040120080156012050350
004040120080156012150255
006040120080156012150195
008040120080157012100431
004040120080158013030577
002040120080158019050183
003040120080159012030194
006040120080159011000566
009040120080159012120354
008040120080159012070338
001040120080200012060422
004040120080201013030654
001040120080201019030046
009040120080201012080467
008040120080201012100358
006040120080202012090035
004040120080203015030438
001040120080203014010133
009040120080203014020398
002040120080204013030623
004040120080204012130267
008040120080204013020826
006040120080204012160222
002040120080205012170293
009040120080205012070447
003040120080206013010737
004040120080206015030438
002040120080207012170266
008040120080207012110351
006040120080207013020326
004040120080208012160298
009040120080208014020631
004040120080209014030465
002040120080209012160302
008040120080209012070366
004040120080210012150128
006040120080210012020274
009040120080210012120350
002040120080211012130014
004040120080211012180296
001040120080211013010798
002040120080212012150299
008040120080212012120474
004040120080213012140225
009040120080213012110409
006040120080213013010215
004040120080214012140426
002040120080214015030423
008040120080214012110416
001040120080215018010068
009040120080215012110485
008040120080215012110416
006040120080216015020563
008040120080216014020581
001040120080216013010023
009040120080216014020413
004040120080217012130270
002040120080217014030331
006040120080217012060241
003040120080218015010805
008040120080218012120444
001040120080218013010688
004040120080219012150273
003040120080219012010372
002040120080219013030618
009040120080219013020282
001040120080219015030454
002040120080220012170280
008040120080220013020515
009040120080220014020617
002040120080221012150261
001040120080221014010066
004040120080222012140465
006040120080222014010295
008040120080222012120499
002040120080223019020273
009040120080223016000124
002040120080224013030587
006040120080224015030168
008040120080224013020409
001040120080224014010597
001040120080224016000157
004040120080225012140461
002040120080225013030647
004040120080226012140154
009040120080226013020859
001040120080226014010564
008040120080226012120431
003040120080227014010444
002040120080227012130302
002040120080227019050209
006040120080227011000731
009040120080227012080418
004040120080228012040273
008040120080228013020706
001040120080228015100560
002040120080229012170295
003040120080229013010739
001040120080229014010250
009040120080229012120414
004040120080230012130346
006040120080230012120196
002040120080230019020150
009040120080230015020451
003040120080231012020389
008040120080231012100446
004040120080232014030299
001040120080232012040131
003040120080233013010259
008040120080233012080471
009040120080233015020664
002040120080234014030481
004040120080234014030398
002040120080235012140442
009040120080235012070321
004040120080237013030567
003040120080237013010807
008040120080237012080419
001040120080237015010407
004040120080238015030306
002040120080238015030362
009040120080238014020545
001040120080238014010522
002040120080239015030402
008040120080239014020536
001040120080240015010017
009040120080240012120448
003040120080241012010400
004040120080241012130344
009040120080241012070341
001040120080241012020366
002040120080242015030383
008040120080242012080346
004040120080243015030451
003040120080243013010473
006040120080243012160012
009040120080243012090291
001040120080244012010421
008040120080244012080220
004040120080245014030470
003040120080245014010537
009040120080245012110406
003040120080246012020403
001040120080246012010014
002040120080246019050241
009040120080246012110443
004040120080247012170267
008040120080247012080429
004040120080248012180220
002040120080248019020212
009040120080248012100381
002040120080249012140473
003040120080249013010788
001040120080249012020021
004040120080250012150297
009040120080250012080366
008040120080250012090300
009040120080251012090041
004040120080252012180262
003040120080252012010413
008040120080252013020747
002040120080253012140473
001040120080253015100551
002040120080253019030025
003040120080254012020402
002040120080255014030452
009040120080255014020424
008040120080255012080373
004040120080256012170286
002040120080256019050241
002040120080257014030427
009040120080257012100439
004040120080258012170298
008040120080258013020689
003040120080259014020020
009040120080259015020410
008040120080259012110461
002040120080259019040032
002040120080300012140428
004040120080300012160272
008040120080301012120124
002040120080303013030639
004040120080303012140437
001040120080303018010061
009040120080303014020511
002040120080303019100018
001040120080303014010594
006040120080303012010190
008040120080303012090279
004040120080304012160087
003040120080304012030338
002040120080305015030480
008040120080305012080394
004040120080306013030104
006040120080306011000743
002040120080306019050224
009040120080306012100428
002040120080307014030158
003040120080307012050353
004040120080308012180282
008040120080308012080361
002040120080309012130276
006040120080309015020199
009040120080309012070442
002040120080309019020301
001040120080309012030361
004040120080310012160256
008040120080310012080360
003040120080311012030396
002040120080311012140430
002040120080311019010109
009040120080311012120486
001040120080311018010055
001040120080311014010535
002040120080312012130337
006040120080312013010296
004040120080313012020358
003040120080313014010525
009040120080313013020799
008040120080313012080414
004040120080314015030439
002040120080314014030447
006040120080314012130102
002040120080315014030369
001040120080315015100556
008040120080315012120399
003040120080316012030406
006040120080316011000725
004040120080317012140127
002040120080317012160228
002040120080318014030487
001040120080318019020282
008040120080318012070376
004040120080319012150295
003040120080319012010293
002040120080320019050112
008040120080320012070358
004040120080321015030457
002040120080321012180261
001040120080321012060431
003040120080322012060398
002040120080322019010108
008040120080322012120402
004040120080323012140452
001040120080323012050348
006040120080324011000725
009040120080324014020036
004040120080325012140337
008040120080325013020848
001040120080326013010059
004040120080327012130334
006040120080327011000439
008040120080327013020813
009040120080327014020036
004040120080328012160233
009040120080328013020803
001040120080329014010590
006040120080329013010117
004040120080330013030119
002040120080330012170235
008040120080330012090413
009040120080330014020025
001040120080331016000064
002040120080331019080001
009040120080331014020025
002040120080332012140374
004040120080332012160231
008040120080332013020811
006040120080332012170077
009040120080332013020773
008040120080333012090309
003040120080334012010401
002040120080334012130271
009040120080334012100419
002040120080334019050213
001040120080334015010789
004040120080335014030368
009040120080336013020425
003040120080337012030095
004040120080337012130317
002040120080337019030032
009040120080338013020817
001040120080338012020311
002040120080339012180297
009040120080340014020620
003040120080341012050334
004040120080341012150301
004040120080342012130335
008040120080342012120301
009040120080342012120481
008040120080343014020470
002040120080343019050246
006040120080344012160104
008040120080344014020470
004040120080345013030609
009040120080345012080427
004040120080346012170209
002040120080346019070038
008040120080346012070404
004040120080348013030617
008040120080348012100445
006040120080349011000169
002040120080349019040009
003040120080350013010666
001040120080350014010536
004040120080351012130345
008040120080351012090402
001040120080352012060388
003040120080353012010398
008040120080353012080364
006040120080354011000654
002040120080355019020389
002040120080356012170299
008040120080356012070344
002040120080358015030426
008040120080358012070443
006040120080358013030222
004040120080359012170228
003040120080400015010690
002040120080401014030467
008040120080401012070426
008040120080402012120470
001040120080402014010581
004040120080403015030441
003040120080403013010780
009040120080403015020678
002040120080404012130279
008040120080405015020689
002040120080405019050237
003040120080406012030328
004040120080406012150069
006040120080406012060312
004040120080408014030150
002040120080408019020333
003040120080409012020348
009040120080409012090419
001040120080409012070090
004040120080410012140408
002040120080410019020286
009040120080411014020534
004040120080412013030458
006040120080412015020540
008040120080413013020701
004040120080414014030088
006040120080414012110004
009040120080414014020603
001040120080414012060403
002040120080416013030465
009040120080416016000149
004040120080417012160143
006040120080417012070411
001040120080417013010347
003040120080418012030300
002040120080419014030217
004040120080419012160311
009040120080419012090407
008040120080420012100318
009040120080420014020006
001040120080420015010774
004040120080421012130280
006040120080421012090150
001040120080421015010766
002040120080422015030388
003040120080423012020398
009040120080423012100452
008040120080423014020616
001040120080423012030329
004040120080424012180159
001040120080424012150311
006040120080424012080127
001040120080424012030305
002040120080425012140409
004040120080425012170297
002040120080425019050193
004040120080427012170222
009040120080428012100169
008040120080428012070392
002040120080429012160313
001040120080429012010405
003040120080430014010524
004040120080430013030354
001040120080430014010610
008040120080431013020660
001040120080434012050234
003040120080435013010284
006040120080435014020550
009040120080437012090410
003040120080438012060378
004040120080438012170291
001040120080438014010611
002040120080439015030386
003040120080440014010603
008040120080440015020580
006040120080440011000656
004040120080441013030331
002040120080441019010072
008040120080442012110480
003040120080443013010774
008040120080443012070438
006040120080443011000670
008040120080446014020504
006040120080446011000656
003040120080447013010004
006040120080450014020288
002040120080452012180301
004040120080453012170284
006040120080453011000636
008040120080453012070193
001040120080453014010609
009040120080455012100449
002040120080456014030176
001040120080456012030196
004040120080457013030024
009040120080457012110160
004040120080458013030605
008040120080458014020120
009040120080458012110160
001040120080458013010751
003040120080459012030303
006040120080459011000534
009040120080500015020624
004040120080501013030510
008040120080501014020627
009040120080502012070433
004040120080503013030610
008040120080503014020628
001040120080504012020016
006040120080505011000674
008040120080506013020726
009040120080508015020641
003040120080510012040476
009040120080511012070450
002040120080512012170275
002040120080512019110043
002040120080514012170303
008040120080515014020502
003040120080516012050359
001040120080519014010508
008040120080519012120419
002040120080520014030438
009040120080520015020638
008040120080520012120419
004040120080521012170217
004040120080523012140471
008040120080523014020582
009040120080523013020643
008040120080525012120465
004040120080526014030454
002040120080527012130329
001040120080527012020333
008040120080527012100425
009040120080527012070415
002040120080529014030480
002040120080529019030043
008040120080529012120483
009040120080529013020840
001040120080530014010558
008040120080532012100364
003040120080535013010650
002040120080536019070001
002040120080537014030416
009040120080538012110476
002040120080539019050196
002040120080540014030022
009040120080540012110489
001040120080540016000167
003040120080541013010730
009040120080541012110489
002040120080542012140458
002040120080542019050196
008040120080544014020331
001040120080545014010612
002040120080548019110049
002040120080548019020377
004040120080549015030101
003040120080549012020286
008040120080549012080469
008040120080551012110458
001040120080552013010761
004040120080553013030485
002040120080554019010118
003040120080556013010710
003040120080558013010542
002040120080601019010132
001040120080602019030050
009040120080604015020541
004040120080606013030441
008040120080606012070368
001040120080608013010743
002040120080610014030381
001040120080611012100385
002040120080613012160312
004040120080613012140420
001040120080613012050147
008040120080614012100047
008040120080616014020540
004040120080618013030479
008040120080619012090394
002040120080619019030049
008040120080624012070451
003040120080625013010767
002040120080626019040020
001040120080626019020340
008040120080627013020619
002040120080630019040015
008040120080631012110340
003040120080635013010702
002040120080635019050171
002040120080637019050171
008040120080640013020683
004040120080641012170310
004040120080644012180278
002040120080646012160253
009040120080650012120421
008040120080650012070390
009040120080652012100347
003040120080653012050210
009040120080654012120401
006040120080658012030293
006040120080701012030293
006040120080704012030316
004040120080705013030634
001040120080706012020325
002040120080707012180310
001040120080707014010620
001040120080709015010808
002040120080710014030373
001040120080712015010808
004040120080715012160315
004040120080717013030399
008040120080717014020489
003040120080718015010783
008040120080720012090333
002040120080721019020349
003040120080723013010244
002040120080725012180287
008040120080725012120475
004040120080726013030591
002040120080726012140447
002040120080729012180257
008040120080729014020414
001040120080733015010731
002040120080734015030468
006040120080736019100071
002040120080740019020323
008040120080742012080225
002040120080744019020124
006040120080746014020055
008040120080748012070452
002040120080759014030399
008040120080802015020623
008040120080806013020790
004040120080807012160289
009040120080807012090388
001040120080808014010411
001040120080810016000169
002040120080811019070031
008040120080814012090391
002040120080827019110013
002040120080838012170305
002040120080844019020392
002040120080853019010131
008040120080855012090357
002040120080857019010133
002040120080900019020263
002040120080905019090016
009040120080910012120497
009040120080911012070197
002040120080911019020382
008040120081007012080438
002040120081055019030042
001040120081110016000007
001040120081113016000001
001040120081126012020382
002040120081157019010094
003040120081214013010769
001040120081241016000012
004040120081327012130285
009040120081327012120477
008040120081331012120477
002040120081424015030442
002040120081557019010008
002040120081602019030033
002040120081604019030033
001040120081837012010425
004040120081906012140441
004040120082002012180263
008040120083006012120493
002040120083033019010111
002040120083038019010031
004040120094130012060253
002040120100708019090015
002040120154311019050029
002040120163202014030465
009040120165022014020571
009040120165037014020424
009040120165044014020588
009040120165048014020567
009040120165124014020088
009040120165145014020524
009040120165230014020416
009040120165236014020582
009040120165238014020532
008040120165240014020632
008040120165245014020563
009040120165338014020092
009040120165342014020633
009040120165346014020435
009040120165350014020608
009040120165443014020542
001040120165445016000112
009040120165448014020546
001040120165500016000139
001040120165507016000157
009040120165545014020617
002040120165602014030486
002040120165605014030022
002040120165611014030467
002040120165615014030487
002040120165617014030485
004040120165621014030467
002040120165621014030404
002040120165632014030239
002040120165635014030342
002040120165639014030481
002040120165646014030427
003040120165723013010560
002040120165725014030176
002040120165731014030426
002040120165734014030480
002040120165736014030290
004040120165809013030516
006040120165819011000704
009040120165820016000147
009040120165825015020641
009040120165829015020685
008040120165932013020626
009040120165933014020288
002040120165938014030482
009040120165945015020199
002040120170002014030465
009040120170005015020630
002040120170006015030466
009040120170012016000149
009040120170027015020652
009040120170036014020562
001040120170037015030454
002040120170054014030390
008040120170054014020597
002040120170056014030425
004040120170057014030334
002040120170058014030381
004040120170059014030077
002040120170100014030087
002040120170102013030618
004040120170102014030393
002040120170103015030477
008040120170104015020478
002040120170105014030454
004040120170106014030087
002040120170108015030383
002040120170130015030343
002040120170131015030244
004040120170135015030371
002040120170139015030101
002040120170141015030410
002040120170143015030478
008040120170202014020020
004040120170207015030439
008040120170223014020443
004040120170301015030389
008040120170313014020120
009040120170318015020598
009040120170321015020540
002040120170323013030623
009040120170325015020057
004040120170336013030386
002040120170340014030267
002040120170342014030471
002040120170344015030395
004040120170350015030395
002040120170413019110050
002040120170448014030388
004040120170449013030634
002040120170451014030375
009040120170508012100311
009040120170509012100311
009040120170510012100311
009040120170513016000124
009040120170518014020619
009040120170529012110412
002040120170540014030488
002040120170542014030421
002040120170545014030453
009040120170646013020840
008040120170717014020525
002040120170731014030416
001040120170817012010028
002040120170820012140441
002040120171048014030374
008040120171227013020812
008040120171431013020781
009040120171544014020413
008040120171557012090423
009040120171702012100381
008040120171823012090401
008040120171825012090339
009040120171854012090410
009040120171855012090410
009040120171858012090407
002040120171919014030055
009040120171932012100312
008040120171942012100445
008040120172008012100307
008040120172031012100223
008040120172051012100431
008040120172054012100442
008040120172101012100446
008040120172139012100367
008040120172148012100350
009040120172201012100252
008040120172205012100257
008040120172213012120402
008040120172215012100323
008040120172224012100418
008040120172235012100405
009040120172301012100451
008040120172311012100403
008040120172324012100358
008040120172328012070403
009040120172504015020386
008040120172509015020386
009040120172646012100452
009040120173057015020639
008040120173104015020568
009040120173621015020671
002040120173656019050209
009040120173800015020029
009040120173803015020580
002040120174849019100061
002040120175435019070031
002040120175452019050196
003040120180037013010672
003040120180129012010426
002040120180250019010072
002040120180310019020065
003040120180612013010800
009040120180619012110454
002040120180733019020286
001040120180821016000141
001040120180822016000141
001040120180824016000141
002040120180935019090015
002040120181008019010131
002040120181011019010133
002040120181501019030032
002040120181538019090016
001040120183013016010071
001040120183244016010077
001040120183254016010127
001040120183257016010123
001040120183323019010125
002040120183428019010111
002040120183438019010118
002040120183632019030047
002040120183640019010132
002040120184032019010124
001040120184034016000058
001040120184038016000062
001040120184055016000168
001040120184057016000168
001040120184059016000164
001040120184102016000164
001040120184329016000008
001040120184331016000008
001040120184332016000008
002040120184457019030001
002040120184500019030001
006040120184521016010086
001040120184819019010128
001040120184823016000073
002040120184854019050225
001040120184926019110051
002040120185029019050243
002040120185216019050193
009040120185319014020586
002040120185321014030448
002040120185324014030447
002040120185327014030418
001040120185329013010716
002040120185352014030475
002040120185354013030349
002040120185357014030475
003040120185429012020366
003040120185438012020340
003040120185440012020399
003040120185443012020274
009040120185450013020837
001040120185458012020345
003040120185458012040465
008040120185509012080428
009040120185510013020885
009040120185511013020885
004040120185513012160279
003040120185516012040443
003040120185519012030261
003040120185523012030363
001040120185525013010751
003040120185525012060359
001040120185526013010688
001040120185538012040354
003040120185541012060396
001040120185542012020382
003040120185544012020016
001040120185546013010747
003040120185547012030386
001040120185550013010743
003040120185550013010793
002040120185550019110027
006040120185551012020037
006040120185556012020274
003040120185558012060421
003040120185601012030365
002040120185602012140447
001040120185603012020111
003040120185604012060364
003040120185606012020367
001040120185606016000167
001040120185608019030038
001040120185609013010798
002040120185609019040016
003040120185613013010712
001040120185614012060388
003040120185616012040411
003040120185620012010401
001040120185624012060383
003040120185624012060221
004040120185627012140374
002040120185628019040035
003040120185633012050308
003040120185635012030397
004040120185637012160228
003040120185638013010190
003040120185641013010795
008040120185642012100423
001040120185643012040471
003040120185643012040438
001040120185644012060372
004040120185645012150201
001040120185647013010804
001040120185648013010783
003040120185648012020402
003040120185650012030399
006040120185651012020279
008040120185651013020824
001040120185654013010641
003040120185657012040478
004040120185658012180106
001040120185700012010408
003040120185700013010215
001040120185703012020333
003040120185704013010575
004040120185705012130303
008040120185705012100284
003040120185707013010426
008040120185707012100134
008040120185710013020811
008040120185712013020767
002040120185712012140430
001040120185714012030385
009040120185715013020411
008040120185715013020683
001040120185716012020383
001040120185717013010604
008040120185718013020844
008040120185720013020838
009040120185721012070368
002040120185722012130271
008040120185723012080284
004040120185723013030458
008040120185724013020644
004040120185724012130264
004040120185726013030606
008040120185727013020749
004040120185728013030507
009040120185728013020532
008040120185730013020843
002040120185731014030159
004040120185731012130271
004040120185732013030504
008040120185733013020606
008040120185736013020821
004040120185736013030325
008040120185737013020726
004040120185738013030356
008040120185739013020850
004040120185739012140435
002040120185740012130319
004040120185741013030460
008040120185741012090344
008040120185743012090383
004040120185744012130344
008040120185746013020879
003040120185747012060356
001040120185747012060368
004040120185747013030104
008040120185748013020826
004040120185750013030496
008040120185751013020274
004040120185753013030523
004040120185754012170291
008040120185754013020554
009040120185754013020833
002040120185757012130270
004040120185758013030576
001040120185758012040403
008040120185759013020409
004040120185801013030605
008040120185801012090394
002040120185801012130284
003040120185802012050210
004040120185802013030646
004040120185804013030066
003040120185804012030404
008040120185805013020068
002040120185806012150305
004040120185806012130280
004040120185808013030382
003040120185808012030381
002040120185809019110040
004040120185810013030622
003040120185812012050341
002040120185813013030639
003040120185813012040458
004040120185814012150073
002040120185815013030649
006040120185815013020543
008040120185815013020825
003040120185815012050356
001040120185816013010761
004040120185817013030571
002040120185817012140431
003040120185817012060241
009040120185817012100416
008040120185818013020562
003040120185818012020404
009040120185818012100416
004040120185818013030577
006040120185819013020581
001040120185819012020322
002040120185820012150314
006040120185821013020412
008040120185821013020813
002040120185822012150273
003040120185823013010807
008040120185823012100334
001040120185824018010067
002040120185824012140379
006040120185825013020240
008040120185826013020795
003040120185826013010770
002040120185826012140235
001040120185828012100385
002040120185828013030509
008040120185829013020542
006040120185829013020326
003040120185831013010759
008040120185831012110340
006040120185832012130091
003040120185833012040476
001040120185833018010018
008040120185833013020780
004040120185834012130242
002040120185834013030627
008040120185835013020701
002040120185835013030630
003040120185835012020300
001040120185837013010762
002040120185837013030548
006040120185837013020241
003040120185838012020352
001040120185838018010061
008040120185838013020574
002040120185840012170307
008040120185841013020748
002040120185843013030631
001040120185843018010048
001040120185843013010700
008040120185843013020619
003040120185844012060432
002040120185845015030442
002040120185846015030279
008040120185846012100425
002040120185847012170307
004040120185848012130165
001040120185848013020226
008040120185850012100430
002040120185850015030388
009040120185851015020669
002040120185852019020061
004040120185852012140472
002040120185852015030473
001040120185853012050367
003040120185854012030316
008040120185854013020835
001040120185854018010048
002040120185855015030468
008040120185856012110467
004040120185857014030430
009040120185858012120498
001040120185858018010070
003040120185858012010293
004040120185859014030452
002040120185900015030468
008040120185900013020858
009040120185900012120464
003040120185901013010625
002040120185901014030423
004040120185902012150311
009040120185903012120494
001040120185903018010071
002040120185904015030458
008040120185904012110458
003040120185904012020389
009040120185905015020022
004040120185905014030368
001040120185905012020013
004040120185906014030021
002040120185907013030616
001040120185908018010071
004040120185908012130120
003040120185908012040466
008040120185909012070390
004040120185910014030109
002040120185910014030325
009040120185910012120395
001040120185911018010069
008040120185911012090411
002040120185911015030402
004040120185912014030398
002040120185913015030475
003040120185913013010631
006040120185913013020067
008040120185914012080457
009040120185915012110477
002040120185915012150128
001040120185915013010805
004040120185915012130205
008040120185916012120483
002040120185916014030424
001040120185917012050179
004040120185917013030162
002040120185919014030438
001040120185919012050279
002040120185920015030337
003040120185920015010751
008040120185920014020581
004040120185920012130059
008040120185921014020581
009040120185921013020808
004040120185921012140154
001040120185922018010070
009040120185922013020640
003040120185923012050331
008040120185923012090404
002040120185924013030485
004040120185925013030652
003040120185926012040445
009040120185926013020703
008040120185926012120501
002040120185927014030305
009040120185928013020504
003040120185928012040447
004040120185928012140127
002040120185929012130302
009040120185930013020586
003040120185930012030282
001040120185931013010515
008040120185931012120399
004040120185931013030119
009040120185932012120440
002040120185932012180263
002040120185933012130316
008040120185933012090248
004040120185933012160149
003040120185934013010259
009040120185934012080427
002040120185935012180257
002040120185936012130316
009040120185936012120401
008040120185936013020793
004040120185936012160289
003040120185937013010733
002040120185937012180257
008040120185939013020745
003040120185939012050254
004040120185939012160236
008040120185940013020610
002040120185940012130210
004040120185941012160143
003040120185942013010624
001040120185942012040446
008040120185943012110461
008040120185944012080225
004040120185944013030562
003040120185945013010732
002040120185945012130333
001040120185945012040446
002040120185947015030459
003040120185947013010460
009040120185947012100429
008040120185948013020877
002040120185949012150274
008040120185950012100411
003040120185950013010151
001040120185950013010023
002040120185952013030647
008040120185953013020468
003040120185953013010001
002040120185953013030465
004040120185954012180185
002040120185955019030042
008040120185955012090345
002040120185956013030465
008040120185957013020886
004040120185957013030354
002040120185958012150226
003040120190000013010695
004040120190000012140446
009040120190001012110482
008040120190002012100394
003040120190002012040467
002040120190004012130333
004040120190004012140388
008040120190005012100380
002040120190005012140148
003040120190005012050303
009040120190008012120477
002040120190008014030366
008040120190008012090402
001040120190008012040222
004040120190009013030482
002040120190010014030489
008040120190010012120465
009040120190010013020154
004040120190010013030448
002040120190013016000144
001040120190013013010059
008040120190013013020790
004040120190013012130346
003040120190014013010785
008040120190015013020870
004040120190015013030425
009040120190016012080220
002040120190016016000123
008040120190017013020878
002040120190018012160259
003040120190018013010781
004040120190018012140429
009040120190019012080467
008040120190019013020702
002040120190019019050223
004040120190020012130298
003040120190021013010710
003040120190022013010413
004040120190022012170290
008040120190023012080346
009040120190023012110160
002040120190024012130075
008040120190025012090424
003040120190025013010580
009040120190026013020822
004040120190026012140471
002040120190028012160312
003040120190028013010772
004040120190028013030456
001040120190029012050234
008040120190029012090413
004040120190029012140434
008040120190032013020428
003040120190032013010808
004040120190032013030339
002040120190033014030484
004040120190035012150255
001040120190037013010035
003040120190037013010677
004040120190038013030264
003040120190040013010365
004040120190040013030609
009040120190042012090150
004040120190042012180220
002040120190043013030655
008040120190044012120419
003040120190044013010529
009040120190045012100449
008040120190045012070441
004040120190046012160136
003040120190048012040410
003040120190050013010331
004040120190050013030331
009040120190054013020643
002040120190055019050026
003040120190055013010737
009040120190055012120354
004040120190056012170073
002040120190058019050026
002040120190059012130343
008040120190102012110494
004040120190102012180282
009040120190104013020797
004040120190105013030412
003040120190106013010392
008040120190106012120448
004040120190107013030633
004040120190109013030535
003040120190110013010542
002040120190111012170264
004040120190112013030372
003040120190113013010651
002040120190115014030369
004040120190115013030379
003040120190116013010550
009040120190116012090348
008040120190117012120493
002040120190118012160313
004040120190118012180292
008040120190119012110495
003040120190119013010726
009040120190119012110478
006040120190120012150195
004040120190121012170193
009040120190121013020832
008040120190122012090350
003040120190122013010769
001040120190123013010213
008040120190123012090348
003040120190124013010244
001040120190124012040131
002040120190124012150271
009040120190124012120454
002040120190126014030072
004040120190126013030440
003040120190128013010794
002040120190131014030449
009040120190131015020688
004040120190133013030607
002040120190133014030476
002040120190134014030450
004040120190135013030441
002040120190136014030299
002040120190138014030456
004040120190138013030617
004040120190141013030187
002040120190142014030088
009040120190142012070448
008040120190143012120431
004040120190143013030398
002040120190143014030174
009040120190143012070448
003040120190145013010606
004040120190146012160311
008040120190147012120425
002040120190148012130317
004040120190149012130341
002040120190150013030584
008040120190150013020823
002040120190151014030279
009040120190152012110143
002040120190153012180261
004040120190153012160285
008040120190153012120444
004040120190155013030479
002040120190156014030250
008040120190157013020753
002040120190157012150309
004040120190157012150301
009040120190158012100419
002040120190159014030399
004040120190200012150268
002040120190201012130276
008040120190202013020721
004040120190202012130317
004040120190204012150100
002040120190205013030638
004040120190208014030096
008040120190209012120124
008040120190210012120124
004040120190213013030508
001040120190213013010365
008040120190214012120377
001040120190214013010365
003040120190216013010654
004040120190219012140457
002040120190220014030150
003040120190220013010650
004040120190221014030365
008040120190221012080189
002040120190221013030642
003040120190223013010771
004040120190224012150249
006040120190224013030188
002040120190224013030466
008040120190224012110416
009040120190224012120421
004040120190225014030365
008040120190226012110416
002040120190227014030459
008040120190227012110382
003040120190227012040454
009040120190227012100347
008040120190228012110382
002040120190231014030289
002040120190232012140425
002040120190238012140475
003040120190238013010682
006040120190240012080131
009040120190244012090343
004040120190253012170284
009040120190254012110488
004040120190255014030160
002040120190256019020363
002040120190257014030031
008040120190258012090405
004040120190258012130285
009040120190258012090379
008040120190301012090405
002040120190302019050152
004040120190304012140452
008040120190307012110143
008040120190309015020668
004040120190310013030610
009040120190311012090388
008040120190312012110367
009040120190313012090388
001040120190315013030157
002040120190316014030158
001040120190317013010479
004040120190317012150196
008040120190317012070438
002040120190318014030387
008040120190320012110491
009040120190320012070360
004040120190322014030440
002040120190322014030373
008040120190323015020678
004040120190327012150312
002040120190327012160224
002040120190330012160307
008040120190331012080429
008040120190336012080466
004040120190338012150319
004040120190341012160224
008040120190342012090391
004040120190344012130335
004040120190347012170253
004040120190356013030614
002040120190359014030331
004040120190401014030490
002040120190402015030424
001040120190402016000126
001040120190404016000126
002040120190406019050224
009040120190411012120393
008040120190418012120461
008040120190423012120474
008040120190425012120301
004040120190427013030603
004040120190432012160231
008040120190434012090330
008040120190436012080424
008040120190438012120242
002040120190438012140428
008040120190452012080454
002040120190457019050195
004040120190459012160087
002040120190459012130330
004040120190501012160293
004040120190505012140088
002040120190508019110048
002040120190510012130329
002040120190511019010008
002040120190513013030656
008040120190514015020660
008040120190516012110367
002040120190517019020397
004040120190521013030538
001040120190523016000101
001040120190525016000101
002040120190527014030458
008040120190535012110498
004040120190543012170258
004040120190547012150287
008040120190552015020624
008040120190557015020545
004040120190615012180259
002040120190616019080001
003040120190629015010704
004040120190639015030445
002040120190703019050171
002040120190706019050239
002040120190710019010116
008040120190720012090408
002040120190722019050238
002040120190752019050084
001040120190801016000163
004040120190803012170257
001040120190804016000163
001040120190806016000163
001040120190808016000163
001040120190825016000088
002040120190826019100039
008040120190829012090279
002040120190835019050091
001040120190846016000166
002040120190850019060102
002040120190903019020383
002040120190907019020318
002040120190945019030033
002040120190947019030033
006040120191023019100046
002040120191113019020124
002040120191128019050183
009040120191141015020654
008040120191145015020680
002040120191216019110046
002040120191219019110033
002040120191256019020307
002040120191443019010136
001040120191528019030046
002040120191625019050230
002040120191631019030045
002040120191636019050234
004040120191705015030467
002040120191710019040015
001040120191931016000161
001040120191932016000161
002040120191939019050212
002040120191959019050170
002040120192028015030482
002040120192250019060003
002040120192516019050217
002040120192519019010094
002040120192520019010119
002040120192525019010108
002040120192526019010108
002040120192529019010109
002040120192531019050148
002040120192910019060120
001040120193105016010095
001040120193137016010050
008040120193140016010129
001040120193143016010131
001040120193147016010056
003040120193150012060229
001040120193153016010130
001040120193157016010106
001040120193203016010084
001040120193208016010048
001040120193212016010125
001040120193216016010119
001040120193222016010080
001040120193226016010105
001040120193230016010082
001040120193236016010121
001040120193240016010090
001040120193245016010090
001040120193250016010073
001040120193255016010045
001040120193258016010081
001040120193303016010098
001040120193307016010124
001040120193313016010110
001040120193319019050188
001040120193323016010122
001040120193326016010100
002040120193359019050128
004040120193405013030651
001040120193408016010032
001040120193446016010132
001040120193449016010132
002040120193609019020392
002040120193726019040001
002040120193733019040001
002040120193812019020150
002040120194007019040024
002040120194516019020180
008040120194537019050094
002040120194549019110049
008040120194703015020577
002040120194737019020221
002040120194742019050164
002040120194743019050164
001040120194813016000166
001040120194836016000163
001040120194838016000163
001040120194841016000163
001040120194934019030043
001040120194938019030050
009040120195005014020007
009040120195010014020512
001040120195023014010592
001040120195025014010587
001040120195028014010609
001040120195029014010571
001040120195033014010200
001040120195037014010250
001040120195045015020500
001040120195047014010570
009040120195048014020620
002040120195053019040009
001040120195055014010502
002040120195059019070014
002040120195102019070038
009040120195106015010696
009040120195109014020631
002040120195112019020374
001040120195116016000003
001040120195117014010157
001040120195119016000003
001040120195124014010444
009040120195125014020554
003040120195132012040346
009040120195134014020006
003040120195138014010539
009040120195145012070435
009040120195149014020637
001040120195152014010569
009040120195152014020398
001040120195205014010432
002040120195207019020095
009040120195210012090041
009040120195211012070197
001040120195224014010460
009040120195226012070236
001040120195229014010493
001040120195232014010068
001040120195234014010536
001040120195236014010535
001040120195238014010555
001040120195240016000169
001040120195243014010357
009040120195244012070433
001040120195245014010011
001040120195253015010731
003040120195254012050307
001040120195255012020325
001040120195256014010440
001040120195300014010615
001040120195303015010766
001040120195304014010617
009040120195306014020603
001040120195307015010017
001040120195308014010411
003040120195317015010805
009040120195317014020578
009040120195323012070417
003040120195324014010452
003040120195327015010783
001040120195327014010525
001040120195329014010208
001040120195330015100546
008040120195331012070344
001040120195331014010580
009040120195331014020615
001040120195333014010563
009040120195333014020411
008040120195336012070437
009040120195336014020511
001040120195338014010526
008040120195339012070429
001040120195339012060349
009040120195340012080448
003040120195341012060426
001040120195341014010424
008040120195342014020589
009040120195342015020663
003040120195344013010666
001040120195344014010604
009040120195345012080458
001040120195346014010295
008040120195347013020783
003040120195347012060436
009040120195347015020647
009040120195348015020647
003040120195349014010603
009040120195349015020659
001040120195349014010524
008040120195351012070338
003040120195351013010787
009040120195351015020643
008040120195352012110004
008040120195353012070414
009040120195353012070437
001040120195353014010267
008040120195356014020180
009040120195356014020551
009040120195357015020410
001040120195358012010348
008040120195359013020761
009040120195359015020635
009040120195401014020628
001040120195401014010627
008040120195402012070415
009040120195403014020565
009040120195405012080431
001040120195405014010626
009040120195406012080431
003040120195407013010735
009040120195408014020607
001040120195409014010612
009040120195410014020025
008040120195411014020634
001040120195411012010277
003040120195413013010577
008040120195413014020634
001040120195413012060397
008040120195414015020635
009040120195414014020025
001040120195415015010737
009040120195415012070286
003040120195416013010724
008040120195416012080373
008040120195418014020606
001040120195418013010549
009040120195418012070357
009040120195419014020626
009040120195420014020626
001040120195420012010393
008040120195421012070440
003040120195421013010806
006040120195421011000687
009040120195422012080267
008040120195423014020055
003040120195424012040273
008040120195425014020055
006040120195425011000687
001040120195425015020469
009040120195425014020616
003040120195426013010662
008040120195426014020623
009040120195427012070450
003040120195428013010727
008040120195429014020550
006040120195429011000203
001040120195429012020311
009040120195429014020553
009040120195430014020553
003040120195431012020391
008040120195431014020536
009040120195432014020036
008040120195433014020025
009040120195434014020036
009040120195435012070308
009040120195437012110406
003040120195438013010740
008040120195438014020502
009040120195438014020331
001040120195438012010338
003040120195441015010798
001040120195442012010376
008040120195443014020523
009040120195444015020604
008040120195446014020025
003040120195447013010321
009040120195447015020674
003040120195449012050028
009040120195449014020574
008040120195450014020036
009040120195451014020611
001040120195452015100551
001040120195452012010425
003040120195453012010201
008040120195454013020799
009040120195454015020591
001040120195455012050310
001040120195455015100551
003040120195456012060379
008040120195456015020689
009040120195456015020531
003040120195458012010414
001040120195458012010387
009040120195458014020404
003040120195459012020358
008040120195500012070264
003040120195501013010006
001040120195501015010796
001040120195502012010011
009040120195502014020489
008040120195503012070376
009040120195503015020461
003040120195504012050057
001040120195504014010581
008040120195506012070411
003040120195506013010730
009040120195506014020504
001040120195507012010415
003040120195508013010791
009040120195508012070449
008040120195509012070387
001040120195510014010241
009040120195510015020655
008040120195511012070426
003040120195512013010007
001040120195513012010415
009040120195513015020658
003040120195514014010053
001040120195515014010628
009040120195515014020351
008040120195516014020486
003040120195516015010717
001040120195517012010409
009040120195518013020723
008040120195519012070454
001040120195520012060407
003040120195520012040464
003040120195521012050334
008040120195522014020618
001040120195522015100559
009040120195522014020414
003040120195524012010329
008040120195525012100329
003040120195526012060389
009040120195526012080418
003040120195528012050311
008040120195528012080419
009040120195528014020540
002040120195532019110037
003040120195532012050359
009040120195532014020622
001040120195534015100560
008040120195534012100201
009040120195534014020501
008040120195535012070452
003040120195535012060374
008040120195536012070452
001040120195536012040479
009040120195537012070451
001040120195538012060007
008040120195539014020627
003040120195539012040462
001040120195541012060005
008040120195541012090309
003040120195541012020400
003040120195543012040461
001040120195543012020388
009040120195543014020470
001040120195544012050147
008040120195545012090300
003040120195546013010520
001040120195546012030368
009040120195546014020417
008040120195548012090035
003040120195548015010780
001040120195549013010797
003040120195550013010004
003040120195552012060378
001040120195552012050224
008040120195553012090393
003040120195554013010739
001040120195554012010355
001040120195556012010419
008040120195557012090396
003040120195557013010505
009040120195558014020592
008040120195559013020852
003040120195559013010294
001040120195601015010001
009040120195601014020592
001040120195602012060416
008040120195602012090357
009040120195602012080438
009040120195603012080464
008040120195604012120473
009040120195605012070006
008040120195606013020515
003040120195606013010780
009040120195606012080464
009040120195607012070006
003040120195608013010015
008040120195609012120473
004040120195609012130286
002040120195609019010134
009040120195609012070006
009040120195610012090406
001040120195611012010162
003040120195612012030010
001040120195612012010375
008040120195613012080438
009040120195613012070447
003040120195615012060431
003040120195616012050343
009040120195616012070442
008040120195618012110497
003040120195619012040376
003040120195621012050347
008040120195621013020536
001040120195621012050285
009040120195621012070366
003040120195623012010327
008040120195623012120473
008040120195624012120473
001040120195625012030196
003040120195625015010769
008040120195626013020738
003040120195627012030396
001040120195627012050309
002040120195627012170280
001040120195627012060403
009040120195627012080383
008040120195628012070410
001040120195628012050309
001040120195629012060095
008040120195630012110487
003040120195630012060312
003040120195631012030401
001040120195631012020121
006040120195633011000388
008040120195633012100218
001040120195633012030376
003040120195634012010247
003040120195635012050225
008040120195635012080114
001040120195635012010400
008040120195636012080114
006040120195636011000388
003040120195637012030276
001040120195637012010382
001040120195638012050195
008040120195638012080163
003040120195639013010653
009040120195639015020657
002040120195641012130250
006040120195641011000445
003040120195641014010621
001040120195641014010613
008040120195642012100318
004040120195642012170218
009040120195642012090341
001040120195643014010436
003040120195644013010758
008040120195644012110480
006040120195644011000388
003040120195645012050123
001040120195645012020269
009040120195645012080358
008040120195646012110442
003040120195646013010765
001040120195647016000064
009040120195647012110178
008040120195649013020766
001040120195649015010752
003040120195650015010792
006040120195650011000727
008040120195651012110414
004040120195652013030003
001040120195652012010403
006040120195653011000728
003040120195653012060437
008040120195654013020674
003040120195654013010011
009040120195654012080456
006040120195656011000732
008040120195656013020758
003040120195656012030355
009040120195657012070445
004040120195658012150286
006040120195659011000525
008040120195659013020747
003040120195659012060437
004040120195700013030565
004040120195701013030629
001040120195701012030266
009040120195701012070384
003040120195701013010693
008040120195702015020679
006040120195702011000359
003040120195703013010774
004040120195704012150260
009040120195704012090351
008040120195705012110164
006040120195705011000694
009040120195705012080350
003040120195705012040192
004040120195706012170279
002040120195707012170277
001040120195707015010786
009040120195707012090377
006040120195708011000473
009040120195708012090419
003040120195708012040353
008040120195709012080452
004040120195709012130295
001040120195709015010758
002040120195710012180310
001040120195710012060437
004040120195711013030084
001040120195711012020286
006040120195711011000525
003040120195711012050366
009040120195711012090417
008040120195712013020851
004040120195713012150286
003040120195713013010755
009040120195713012090416
001040120195714014010625
004040120195714013030199
006040120195714011000694
002040120195714012130288
008040120195715012080472
003040120195715012050350
009040120195716013020855
006040120195717011000733
008040120195717012080364
004040120195717013030443
008040120195718012080364
001040120195718015100557
002040120195718012130288
003040120195718012050009
009040120195718013020859
008040120195719012080394
003040120195719013010117
009040120195719013020867
006040120195720011000675
004040120195720015030443
009040120195721013020864
003040120195721012010422
002040120195722012140458
004040120195722015030457
008040120195723013020755
006040120195723011000165
003040120195723012060420
009040120195724013020860
008040120195725012100364
006040120195725011000717
004040120195726012180249
002040120195726012160280
009040120195726013020692
003040120195726012040437
006040120195727011000635
002040120195728012130312
009040120195728013020817
003040120195728013010803
008040120195729012110484
004040120195729014030437
002040120195730012170305
001040120195730012010005
009040120195730015020687
002040120195731012180308
003040120195731012050315
008040120195732012070421
001040120195732015010789
004040120195732012150190
008040120195733012080135
002040120195733019110014
003040120195733012050194
009040120195733012080462
004040120195734012150307
003040120195734012030366
008040120195735012070453
009040120195735013020763
002040120195736012130339
009040120195736013020763
003040120195736013010014
002040120195737012140409
008040120195737012080345
002040120195739012170309
001040120195739012010423
004040120195739012140456
009040120195739013020017
003040120195739012050204
008040120195740013020689
001040120195741012030352
009040120195741013020198
003040120195741012060387
006040120195742012010405
004040120195742012180046
002040120195742012170275
008040120195742013020873
001040120195743012060405
008040120195743012120482
002040120195743013030263
003040120195743013010777
009040120195744013020820
004040120195745012180315
008040120195745012100322
002040120195745015030480
003040120195745012030036
009040120195746013020188
003040120195746012040453
002040120195747012160292
003040120195747012030036
004040120195748015030479
008040120195748013020769
009040120195748013020460
008040120195749012080007
004040120195749015030438
002040120195749012180271
006040120195750012050085
009040120195750015020676
003040120195750014010622
004040120195751015030451
001040120195751012020086
002040120195751012180287
001040120195752012030361
008040120195752012100436
003040120195752012020348
008040120195753013020848
002040120195753012130263
001040120195753015010763
009040120195753014020625
004040120195754012170209
001040120195754012020086
003040120195754012040382
006040120195755019100068
008040120195755012080413
001040120195755012030361
002040120195755013030587
009040120195755014020598
003040120195755012030256
001040120195756012020086
008040120195757012080361
004040120195757012160243
003040120195757015010690
009040120195757012070010
006040120195758011000738
001040120195758012040355
008040120195759012090400
003040120195759012020002
009040120195759012110397
004040120195800012150293
008040120195801012070358
009040120195801012120463
009040120195802012110485
003040120195802012030405
008040120195803012070404
002040120195803012170293
001040120195803012010014
004040120195803012170265
009040120195803012120143
006040120195804011000169
003040120195804012030095
008040120195806012110427
004040120195806012140420
009040120195806012070444
003040120195806012060434
002040120195807015030461
006040120195807011000729
008040120195808013020849
003040120195808012030328
009040120195809015020677
003040120195809012030342
008040120195810013020836
002040120195810014030056
006040120195810011000440
003040120195811015010615
004040120195812012180314
009040120195812015020502
006040120195813011000639
003040120195813012060410
002040120195814012180157
008040120195814013020572
004040120195814012150310
009040120195814012120484
003040120195815013010799
001040120195816012020385
006040120195816011000555
008040120195817012080375
009040120195817012080127
001040120195819015010632
002040120195819012130116
009040120195819013020880
006040120195820011000722
003040120195820012040373
009040120195820012080469
001040120195821015010761
008040120195821012090302
004040120195821012140470
009040120195822013020868
006040120195823011000564
001040120195823012010173
004040120195823012140408
008040120195823013020438
003040120195823012050313
008040120195824012100453
009040120195824013020880
008040120195825012100453
009040120195825012080453
003040120195825012040293
004040120195826012160272
002040120195826012170299
008040120195827013020387
009040120195827013020282
006040120195828011000737
008040120195828013020387
003040120195828012060259
004040120195829012180258
002040120195829012170266
009040120195829012080017
008040120195830012080471
001040120195830012040405
003040120195830012040300
001040120195831012010377
006040120195831011000120
004040120195832012170217
009040120195832013020831
003040120195832012060166
004040120195833012170219
008040120195834012070244
009040120195834012110496
006040120195835011000715
001040120195835012010410
001040120195836018010068
008040120195836012110410
009040120195836015020620
002040120195837019050216
004040120195837012150303
003040120195837013010702
008040120195838013020397
006040120195838011000715
002040120195839012140405
004040120195839012170222
009040120195839012090375
003040120195839012030230
001040120195840018010066
008040120195840012110087
006040120195841011000120
003040120195841012040459
009040120195842012080408
004040120195843012170144
008040120195843012080463
003040120195843012030230
006040120195844011000713
003040120195844012030390
001040120195844012020398
009040120195844012100006
008040120195845012120499
003040120195845012030230
004040120195846013030624
001040120195846018010047
009040120195846012080447
006040120195847011000670
008040120195847013020255
001040120195847012010340
003040120195847012030333
002040120195848012180275
009040120195848012080297
001040120195848012030304
001040120195849018010054
004040120195849012150102
003040120195849012050266
006040120195850011000713
008040120195850012110455
009040120195850012120489
004040120195851012180313
003040120195851012050353
001040120195851012020324
009040120195851012110438
008040120195852012090256
001040120195852013010446
006040120195853011000699
009040120195853012070321
003040120195853012010309
004040120195854012180159
008040120195855012070090
004040120195855012170207
009040120195855012110409
003040120195855012060414
004040120195856012180272
006040120195856011000276
003040120195856013010176
008040120195857012110223
009040120195857012080430
003040120195858013010270
009040120195858012110437
001040120195858014010066
004040120195859012160104
002040120195900014030470
008040120195900012080360
008040120195901012110466
002040120195901019060102
009040120195901012100439
003040120195901012030406
003040120195901012040425
001040120195901012020405
006040120195902011000686
009040120195902012100439
002040120195903012150263
003040120195903012030406
004040120195904013030071
001040120195904018010059
003040120195904012040423
001040120195904012020405
009040120195904012080266
008040120195905013020876
004040120195906012160256
006040120195906011000725
002040120195906012130290
009040120195906012100424
003040120195906012060360
008040120195907012110151
001040120195907018010059
006040120195909011000517
004040120195909012170054
001040120195909012040450
009040120195909012100169
003040120195910012020288
008040120195911012110421
001040120195911018010008
009040120195911012110479
002040120195912012160275
009040120195912012110375
003040120195913012050368
004040120195914012130336
009040120195914012070331
008040120195915012120368
003040120195915015010721
002040120195916012140389
001040120195916018010072
009040120195916012100257
003040120195916012050213
006040120195917011000736
008040120195917012090380
009040120195917015020675
002040120195919012130223
003040120195919015010550
004040120195920012170178
008040120195920012100224
001040120195920018010055
009040120195920013020818
003040120195920012050344
002040120195921012160230
008040120195923013020882
004040120195923012180312
003040120195923015010787
009040120195923015020681
002040120195924012140363
008040120195925013020882
003040120195925012030372
009040120195925015020618
009040120195926015020618
004040120195927012140225
002040120195927012180305
009040120195927012070439
001040120195927012010364
003040120195927013010009
006040120195928019100008
002040120195928019100072
008040120195928012120199
003040120195929012050351
001040120195929015010784
008040120195930012120196
002040120195930012140469
006040120195931019100008
004040120195931012180276
009040120195931012100441
008040120195932012120470
001040120195932013010021
003040120195932012060384
002040120195933013030563
009040120195933012120491
003040120195933013010284
004040120195934012140437
002040120195934012140086
008040120195935012110443
006040120195935011000674
001040120195935012060422
009040120195936012120481
003040120195936012030327
008040120195937015020686
004040120195937012130214
003040120195937013010763
008040120195938015020686
002040120195938012130297
001040120195938012030309
006040120195939011000690
002040120195939012150069
004040120195939012150198
009040120195939012110377
003040120195939012040397
001040120195940012030353
008040120195941012110446
006040120195941011000534
003040120195941012030387
009040120195941012110424
004040120195942012180171
002040120195942012130014
001040120195942012030300
003040120195942013010646
002040120195943012150069
008040120195943012110378
006040120195944011000283
009040120195944015020535
003040120195944013010598
001040120195944013010347
004040120195945012180212
009040120195945012080343
004040120195946012170310
008040120195946012110400
002040120195946012160296
004040120195947012140421
006040120195947011000691
002040120195947012150321
003040120195947013010296
008040120195948012090220
009040120195948012080078
004040120195949012180284
003040120195949013010522
008040120195950012110353
002040120195950012130102
006040120195950011000681
004040120195951012160134
009040120195951012090267
004040120195952012170310
001040120195952019020149
003040120195952013010454
001040120195952014010607
008040120195953012110464
009040120195953013020778
006040120195954011000681
006040120195955011000740
008040120195956012110455
003040120195956012030400
001040120195956015010797
009040120195956012090414
004040120195957012170310
003040120195958012020403
001040120195958012010337
006040120195959011000343
006040120195959011000598
008040120195959012120412
002040120195959012150290
004040120195959012160316
001040120195959015010693
009040120200002015020623
004040120200003012180206
003040120200003012030338
001040120200003012020368
002040120200004019020230
002040120200004012170235
008040120200004012120434
009040120200004012110483
001040120200004012010421
002040120200005012150294
008040120200005012100327
006040120200005011000581
003040120200005012020285
004040120200006012140461
009040120200006013020881
001040120200006013010473
002040120200007013030641
003040120200007012040452
006040120200008011000600
004040120200008012140465
008040120200009013020660
003040120200009012020390
008040120200010012120412
002040120200010012130049
003040120200010012040473
004040120200011012170297
002040120200011015030481
001040120200011012020344
009040120200011013020599
006040120200012011000636
009040120200012013020863
003040120200012012050238
008040120200013012110474
001040120200013012040433
003040120200013013010473
002040120200015013030596
006040120200015011000740
009040120200015013020819
001040120200015012030329
003040120200015012010292
004040120200016012130267
002040120200017015030187
009040120200017013020883
006040120200018012050222
003040120200018012060398
008040120200019012070382
009040120200019013020803
001040120200019012020396
002040120200020012130338
008040120200020012080414
003040120200020012040337
004040120200021012140464
006040120200021011000739
001040120200021012050348
002040120200022015030431
004040120200022012170310
001040120200022015100556
009040120200022015020013
003040120200022013010768
001040120200022012020008
006040120200024011000277
003040120200024012010413
008040120200025012080366
009040120200026012100443
001040120200026012030242
003040120200026012010372
001040120200027015100543
006040120200027011000731
001040120200028012030350
003040120200028012020381
004040120200029012170310
003040120200030012050364
006040120200031015090632
001040120200031012030356
003040120200032012030293
001040120200033014010492
006040120200034011000668
002040120200035019020275
001040120200035012030305
009040120200035012120500
006040120200037011000720
002040120200037015030262
009040120200037012120415
008040120200038013020773
004040120200038013030558
001040120200038014010537
003040120200039012010361
009040120200039012120479
006040120200040019100002
001040120200040015010407
009040120200041013020425
004040120200042012150320
002040120200042014030444
003040120200042013010541
009040120200043012080470
006040120200045011000258
008040120200045012120487
009040120200045012080470
001040120200045012010385
003040120200045012050217
004040120200047012160315
009040120200047012120414
003040120200047012010420
006040120200048012020010
004040120200049012170194
001040120200049012010190
009040120200049013020866
003040120200050013010788
006040120200051011000439
004040120200051012140445
009040120200051012120350
002040120200052012150283
009040120200052012120487
004040120200053012130345
003040120200053012010424
002040120200055015030362
006040120200056019100013
003040120200056012040367
001040120200056013010358
002040120200057012140445
002040120200058012170053
008040120200058012120256
009040120200058012110486
009040120200059013020857
008040120200101012090272
006040120200102019100013
003040120200102012020162
002040120200103012150304
004040120200105012130334
008040120200105012080396
002040120200106012130322
006040120200106019100066
004040120200108012060253
003040120200109012030303
004040120200110015030306
008040120200110012100047
002040120200112012170298
003040120200112012040338
008040120200113012090291
004040120200113012180158
002040120200113012170286
003040120200113012050360
001040120200113015010785
003040120200114012040426
002040120200115019050126
004040120200116012170195
002040120200117019050237
004040120200118012180296
003040120200118012030349
009040120200119012120486
004040120200120012160315
003040120200120012030335
006040120200121011000656
002040120200122019110043
004040120200123012160163
006040120200124011000656
009040120200125012080123
003040120200125015010794
002040120200126015030386
003040120200126012010389
002040120200127019100008
004040120200128012140422
006040120200128011000654
003040120200128015010809
008040120200129013020706
001040120200130014010003
006040120200131011000410
003040120200131012010398
009040120200132013020862
006040120200134011000656
001040120200136013010199
006040120200137011000654
001040120200140012060415
006040120200141011000263
006040120200143015090579
003040120200143012030317
004040120200145012160298
002040120200146019050241
006040120200146019100065
001040120200147015010774
002040120200148019050220
004040120200149012180262
006040120200149011000263
004040120200150012170311
002040120200151019060086
003040120200151013010567
006040120200152015090617
004040120200154013030550
001040120200154012010010
003040120200154015010791
006040120200155011000640
004040120200158012140443
006040120200158011000706
009040120200158012120488
004040120200201012150250
006040120200201011000640
003040120200201012040444
004040120200203012160310
003040120200203012030351
008040120200205015020664
004040120200205013030518
006040120200205011000678
004040120200208012140460
006040120200208011000719
002040120200210012170228
006040120200210011000643
004040120200212012140337
006040120200214011000422
004040120200214012170146
001040120200214012030402
002040120200215012150203
003040120200215012030402
004040120200216012180266
001040120200217014010573
004040120200218012160233
002040120200218012150299
003040120200219015010804
004040120200220012160085
008040120200220012090335
004040120200223012180260
004040120200224012170267
006040120200224011000566
001040120200225015010804
002040120200226015030444
004040120200228012160021
009040120200228012120490
002040120200229015030247
006040120200229011000663
004040120200231012150203
002040120200231019020378
002040120200233014030356
004040120200234012150295
008040120200235012090368
003040120200235012050363
004040120200237012170020
002040120200239012160222
004040120200240012170292
001040120200240014010614
003040120200240012050183
004040120200243013030498
002040120200243015030470
009040120200243013020810
001040120200244014010575
003040120200244014010578
004040120200246012160271
002040120200247019100070
004040120200249012160088
002040120200249012170287
004040120200252012130314
004040120200256012160222
002040120200257012180253
004040120200258013030590
002040120200259012180252
006040120200259011000662
002040120200301012180297
004040120200304015030437
002040120200304012170303
001040120200304014010623
003040120200304012060369
002040120200305012150315
006040120200305011000692
002040120200305019100044
009040120200309015020541
002040120200310019100052
008040120200311012090425
002040120200311015030351
009040120200311015020541
002040120200312019020327
008040120200313012090425
002040120200315015030351
004040120200315012180277
002040120200317012160291
004040120200318012180278
009040120200318015020451
004040120200322012150270
001040120200322014010584
003040120200322012040429
003040120200324012040442
004040120200326012160190
004040120200329015030168
006040120200330011000682
003040120200330012050354
004040120200331015030356
003040120200333012050357
001040120200333014010608
004040120200337013030246
004040120200339013030530
001040120200339012050358
003040120200340012050365
002040120200340019050214
003040120200343012040414
002040120200343019050247
001040120200344014010605
002040120200346019050247
001040120200347014010338
009040120200348012110481
001040120200350014010510
001040120200353014010457
006040120200355019100032
002040120200356012160012
004040120200357012180251
006040120200400011000718
009040120200401012070341
002040120200402019110002
004040120200403012160301
002040120200404012170077
002040120200407019020353
008040120200408012100428
002040120200412012130337
006040120200416011000724
002040120200418019020127
003040120200420012030194
003040120200423012030377
008040120200425012100434
009040120200426012120497
002040120200428019020301
008040120200431012090333
001040120200431015030106
002040120200432019020007
002040120200436019020007
004040120200439012140466
003040120200442013010776
002040120200444019010008
003040120200446013010714
004040120200455012160282
004040120200459012170295
009040120200500015020451
002040120200532019050242
001040120200539015010808
002040120200540019050240
003040120200540015010610
002040120200545019020079
003040120200548012050129
004040120200550012180301
004040120200557012180301
003040120200617019020282
001040120200617019020402
002040120200621019020398
002040120200625019020389
002040120200635015030423
002040120200638019020333
001040120200644019020340
002040120200722019010135
002040120200727019050228
002040120200732019100028
002040120200736019020349
008040120200745012110297
002040120200747019020377
002040120200750019060123
006040120200752019100071
002040120200753019060095
002040120200805019020323
002040120200809012130254
002040120200811019020260
002040120200818019020211
002040120200823019060107
002040120200828019020394
002040120200837019020372
002040120200841019060119
002040120200844015030441
002040120200844019060122
002040120200849019020404
002040120200912019060084
009040120200913019050244
002040120200943019020335
002040120200956019020399
002040120201001019020273
002040120201007019030049
002040120201012019020373
002040120201121019020402
001040120201125015010669
001040120201127015010692
002040120201132019050244
001040120201132015010795
001040120201133015010129
001040120201134015010800
001040120201136015010802
001040120201137015010793
001040120201139015020563
001040120201141015010790
001040120201143015010596
001040120201145015010473
003040120201147015010716
001040120201148015010678
001040120201150015010668
001040120201152015010683
001040120201155015010788
001040120201157015010781
001040120201159015010807
001040120201204015010682
002040120201232019050213
002040120201321019050245
002040120201414019030025
002040120201434019020313
002040120201437019020212
002040120201446019020263
002040120201451019020231
002040120201455019020186
009040120201524014020586
009040120201531014020231
002040120201556019060113
008040120201645019020387
002040120201813019020403
002040120201816019020393
002040120201915019020326
002040120201918019020083
002040120201943019020379
001040120201943019060076
002040120202129019110005
002040120202306019050235
002040120203042019060001
001040120203550016010024
001040120203558016010120
002040120204228019020368
009040120204806012070148
008040120204810012070432
008040120204814012070392
008040120204816015020646
008040120204819012070193
008040120204820012070193
009040120204823012070428
008040120204832012070443
008040120204836012070427
009040120204836015020638
009040120204842015020638
002040120204955019020401
002040120204957019020401
009040120205049012070407
002040120205530019020346
006040120205533011000595
002040120205536019050112
006040120205540015090616
006040120205544011000490
006040120205619011000262
006040120205631011000735
006040120205635011000735
006040120205644019100018
004040120205702012140043
004040120205712012150297
004040120205733012180299
006040120205736011000677
006040120205739011000491
006040120205743015090568
006040120205747011000743
006040120205752015090633
006040120205758015090633
004040120205807015030465
004040120205810012140462
004040120205813012140444
006040120205814011000632
006040120205817011000632
006040120205821011000726
006040120205825011000026
006040120205828015090629
006040120205832011000573
006040120205835011000574
006040120205838011000498
006040120205841011000398
006040120205844011000001
006040120205847011000741
006040120205850011000651
006040120205854011000231
006040120205900011000648
006040120205903011000568
006040120205907011000065
006040120205911011000744
006040120205914015090628
006040120205916011000730
006040120205919015090620
006040120205922011000594
006040120205926019100063
006040120205928015090618
006040120205929011000601
006040120205933011000086
006040120205936011000586
006040120205939015090631
006040120205942015090611
006040120205945015090580
002040120205945012170271
006040120205948015090608
006040120205952015090608
006040120205956015090608
006040120205957015090627
006040120210000011000041
006040120210005015090627
006040120210009011000051
006040120210014015090621
006040120210018011000627
006040120210021011000627
006040120210025011000666
006040120210032011000078
004040120210040012140473
004040120210044012160075
004040120210051012140474
004040120210111015030426
004040120210115012140442
002040120210139019060097
002040120210145019060124
002040120210153019040020
002040120210157019040023
002040120210202019060125
002040120210229019040028
002040120210236019040036
002040120210238019040021
002040120210247019040030
002040120210248019040030
002040120210253019040033
002040120210257019040006
002040120210259019010087
002040120210301019020382
002040120210315019040012
002040120210556019040034
002040120210600019040032
002040120210838019070001
002040120213101019030022
002040120222537019110013
002040120222925019060101
002050120071525019030049
002050120071607016000090
001050120071620016010056
001050120071629016010130
001050120071636016010081
002050120071707019010116
002050120071708019010116
001050120071823016010098
001050120071824016010098
001050120071921016010119
001050120071939016010090
001050120071955016010045
001050120072042016010095
001050120072110019030046
001050120072141016010120
001050120072152016010024
001050120072204016010122
001050120072339016010032
001050120072354016010084
001050120072400016010050
001050120072405016010125
001050120072411016010105
001050120072616016010048
001050120072622016010132
001050120072624016010132
001050120072625016010132
001050120072640016010073
001050120072711016010080
001050120072722016010131
001050120072729016010100
002050120072806019020083
001050120072812016010110
001050120072817016010121
001050120072820016010106
009050120072826016010129
002050120072910019010124
001050120072910016010082
002050120072911019010124
001050120072916016010071
002050120072933019060084
002050120073008014030055
006050120073008013020543
002050120073054019060084
002050120073113019050235
001050120073131016010124
003050120073148012040293
001050120073221016010077
002050120073227015030444
002050120073230015030444
002050120073251019110027
001050120073256014010625
001050120073334016010127
002050120073419012160275
002050120073431019020402
003050120073451014010621
006050120073459011000051
001050120073558019010125
002050120073635019060003
003050120073645012060369
008050120073703013020849
002050120073707019050084
002050120073715014030421
002050120073722019060101
002050120073726019020061
002050120073758019060123
003050120073803012040466
009050120073803014020588
003050120073817013010365
003050120073822013010771
001050120073831012010410
009050120073832012080408
002050120073844015030473
002050120073846015030476
001050120073854016000073
008050120073902012110297
002050120073912019060086
008050120073939012090411
006050120074017011000675
002050120074026019030042
009050120074029015020687
002050120074033019050188
002050120074040019010134
002050120074046019050216
001050120074047016000152
002050120074053019100046
004050120074103013030624
002050120074106019020327
002050120074112019010135
004050120074120013030625
002050120074134019030045
002050120074139019100039
004050120074141012160136
006050120074151013020067
006050120074159012160021
002050120074206019050112
006050120074215011000359
004050120074217012170292
003050120074222012050363
002050120074223014030404
003050120074228013010776
006050120074232013010009
003050120074233012060007
001050120074238016010123
008050120074250012090404
004050120074251012150073
008050120074254014020451
002050120074256019020397
009050120074256012120489
008050120074301013020851
009050120074301013020864
008050120074302015020668
002050120074304012130297
009050120074304015020620
008050120074307014020501
002050120074313019040001
003050120074313012040438
008050120074313012110437
003050120074328012060384
001050120074333014010584
008050120074335013020562
002050120074336013030349
003050120074337013010677
006050120074341012070006
009050120074342012110482
001050120074343016000008
004050120074347013030565
009050120074350012110482
008050120074354012070437
001050120074355012030350
002050120074356019050094
003050120074358013010759
001050120074359013010700
009050120074402013020818
008050120074403012120500
001050120074404015010797
009050120074406012090375
002050120074409019020231
006050120074410013010014
003050120074413012030333
002050120074413019020079
006050120074415013010001
008050120074418013020821
004050120074418012170279
002050120074419019110033
002050120074421013030627
001050120074421019020340
008050120074424013020387
002050120074424019010087
002050120074427019020346
006050120074428012040209
006050120074436011000276
002050120074437012140389
002050120074442019020383
002050120074444012150283
002050120074447019110033
004050120074448012130312
009050120074448013020703
003050120074449013010007
004050120074451012150274
003050120074451013010505
004050120074453012150283
001050120074453018010067
001050120074455013010479
008050120074456012100453
006050120074456011000086
003050120074458013010601
004050120074504014030342
004050120074509012170258
009050120074510012110143
009050120074512013020532
004050120074516014030334
003050120074516012030276
002050120074521013030509
002050120074524019020007
004050120074524013030509
002050120074527012180252
004050120074531012180299
006050120074535013010270
004050120074537013030443
003050120074537012060426
004050120074540013030516
001050120074541012060405
006050120074541011000165
004050120074544013030246
004050120074547012140462
001050120074547016000088
006050120074547011000445
003050120074549015010798
009050120074550014020571
006050120074552011000737
001050120074552015010001
008050120074554012070435
008050120074559013020438
001050120074605015010632
008050120074608012080343
002050120074608014030374
008050120074611012080135
001050120074614012060383
001050120074617015010737
002050120074617019060122
008050120074622012080189
004050120074623013030651
002050120074623019020180
008050120074624015020658
004050120074627013030545
004050120074630012150190
008050120074630012080375
009050120074630012100257
002050120074632019050026
004050120074633014030365
009050120074633012070448
002050120074638012150091
002050120074640014030159
008050120074641012090248
009050120074642013020855
008050120074644015020679
009050120074645014020635
001050120074647016000062
002050120074647014030482
008050120074649013020683
002050120074651019020368
002050120074652012130250
008050120074653013020761
009050120074656012070449
002050120074659019030047
006050120074701013010321
001050120074707012040433
008050120074707015020635
006050120074710013020068
009050120074712012080383
003050120074715013010550
002050120074716019100044
003050120074718013010777
002050120074718019060107
008050120074720012110400
002050120074724014030489
002050120074724019110048
009050120074724015020535
008050120074725012120461
003050120074727012040473
001050120074729012050309
004050120074729012150100
008050120074731012110351
004050120074732012160163
004050120074734012160285
004050120074736012170146
004050120074740012170178
002050120074742013030655
008050120074742013020542
004050120074744013030504
008050120074745013020606
003050120074749012030317
008050120074751012100134
004050120074755014030454
006050120074757013030188
004050120074757012180249
003050120074757012040469
008050120074758012070387
002050120074801019050247
009050120074802013020692
006050120074805013010151
008050120074806012070414
002050120074810019050164
003050120074810013010176
006050120074812011000343
002050120074812012130339
003050120074812013010737
002050120074815012130327
001050120074816014010201
008050120074816015020029
002050120074816019020286
006050120074818011000740
008050120074819012070429
001050120074819016000169
008050120074822012110494
001050120074823013010446
006050120074823011000258
004050120074824013030507
008050120074825013020858
001050120074826015010788
009050120074826012110454
004050120074827013030629
008050120074830013020874
001050120074831012060372
001050120074831016000167
001050120074833016000167
003050120074833012040462
008050120074834013020755
004050120074835012180046
003050120074835012030036
003050120074836012040461
004050120074837012180276
008050120074838012070428
002050120074838019050217
004050120074840013030498
008050120074841012090302
002050120074844012140379
006050120074844011000692
008050120074844013020745
003050120074844013010755
009050120074845012110377
003050120074847013010770
009050120074848015020652
001050120074849014010563
003050120074850013010426
002050120074851013030638
004050120074852015030465
006050120074852012020037
009050120074854012120484
003050120074854012050254
004050120074855013030653
004050120074858013030346
001050120074858018010054
006050120074859015090628
001050120074859015010758
009050120074859013020831
003050120074859012010364
002050120074900014030239
003050120074902012040414
008050120074903012100312
004050120074904012180260
006050120074904011000078
003050120074907012040444
004050120074909012160271
003050120074910014010537
001050120074911018010072
004050120074912012170193
006050120074913011000729
003050120074913012050331
002050120074915019020318
001050120074915014010460
001050120074916015100546
003050120074916012020285
006050120074918011000736
008050120074918012100284
004050120074919012180251
003050120074920012050238
006050120074921011000651
008050120074922012090417
003050120074923015010809
001050120074924013020226
009050120074924013020810
008050120074925013020824
004050120074927012150249
009050120074927012100434
003050120074928012020269
004050120074930014030305
003050120074930013010726
004050120074932012160134
001050120074932012010423
002050120074932012140445
003050120074932012030351
008050120074933012080396
004050120074934012150270
008050120074934012080396
009050120074934012090351
001050120074935012060095
003050120074935012050307
002050120074936015030466
004050120074937012150203
002050120074939019020211
004050120074940012160075
008050120074945012070453
002050120074945012150203
003050120074946012050009
004050120074948012160243
008050120074950013020536
009050120074950012100006
008050120074954012100411
002050120074954019050225
001050120074954016000101
003050120074955012010361
001050120074956016000101
006050120074957011000687
004050120074958015030445
008050120074958014020574
003050120074959012050368
006050120075000013010015
008050120075001012080463
003050120075003012010162
006050120075005011000706
003050120075005012030387
001050120075007012020352
004050120075008013030356
003050120075008012060427
009050120075008013020723
003050120075010012030261
002050120075011019010131
006050120075012015090608
003050120075012012020390
008050120075014014020525
006050120075015015090608
003050120075016013010795
002050120075017019050230
003050120075018012040459
008050120075019015020502
002050120075020019010109
008050120075021012080457
009050120075021012100224
004050120075023012140434
002050120075023013030518
001050120075023012010409
003050120075023012040425
008050120075024012080471
002050120075025019050170
006050120075025015090568
003050120075025013010654
009050120075025019020387
004050120075026012180171
008050120075027014020562
009050120075027012110488
003050120075028013010772
008050120075029012120242
003050120075030012050364
009050120075030012110488
008050120075032012120434
003050120075032013010806
002050120075033019040024
001050120075034014010627
008050120075035012090330
004050120075037014030393
006050120075037011000573
001050120075037012020366
003050120075037013010794
008050120075038014020632
002050120075038019100008
003050120075040012060359
002050120075040019100028
006050120075041015090627
008050120075041012110484
009050120075041012080430
008050120075043013020873
003050120075044013010800
009050120075044012070427
008050120075045015020545
006050120075046014010053
002050120075046019070014
003050120075047014010622
009050120075047012120479
008050120075048013020844
001050120075049012140149
009050120075049012090405
008050120075050014020404
003050120075051015010761
002050120075051019100013
001050120075052019030050
006050120075052015090620
009050120075052012090405
008050120075054014020611
009050120075054014020567
003050120075056013010714
006050120075056011000120
009050120075056012070286
008050120075057012090339
003050120075058012020121
008050120075058012090383
006050120075059011000595
009050120075059012070010
001050120075100012050358
004050120075101012180258
003050120075101012020368
008050120075101012110474
006050120075102011000574
009050120075102015020618
003050120075103012050308
006050120075105011000717
003050120075106012030342
008050120075106013020255
002050120075106015030343
008050120075108012110446
006050120075108011000727
001050120075109014010068
003050120075110012060420
006050120075111011000517
004050120075112015030443
008050120075112012110427
002050120075114019020127
008050120075115013020758
004050120075115013030379
008050120075117012100334
002050120075117019020186
006050120075117011000564
003050120075117012050351
008050120075120012100394
003050120075121015010787
006050120075121012180106
002050120075122019110002
002050120075125013030592
001050120075126012020324
003050120075127012040192
008050120075128015020680
006050120075128011000677
004050120075128012150319
003050120075130012050313
004050120075131014030368
002050120075132019020373
001050120075133014010600
003050120075133013010672
008050120075133012070441
004050120075134012160282
001050120075135015010693
003050120075136012040458
008050120075137012070384
006050120075137012050129
001050120075137015010781
001050120075138012050217
003050120075138013010788
002050120075139019020404
008050120075140013020823
004050120075140012170253
002050120075141012170303
003050120075141012010422
008050120075143012070454
001050120075143014010440
003050120075144012050366
008050120075145012120425
004050120075145015030371
003050120075146012040477
002050120075148019050237
008050120075148012100218
004050120075148012130341
003050120075149012040443
008050120075150012080428
004050120075151012170144
002050120075151012180157
003050120075152015010751
006050120075152019100066
008050120075153012110410
004050120075154013030264
008050120075155012100403
003050120075155012030400
002050120075155019020379
001050120075156013010059
002050120075156012160259
003050120075157013010580
004050120075157013030508
008050120075157012110151
006050120075158011000262
001050120075158015020469
009050120075158012080453
001050120075159013030157
003050120075200013010780
008050120075200012100322
004050120075200012150196
006050120075201011000262
002050120075201019020124
001050120075201012010377
003050120075202014010003
002050120075203014030325
006050120075203011000440
008050120075203013020780
004050120075204012180158
009050120075204015020630
006050120075205014030174
003050120075206013010651
004050120075206013030066
008050120075206014020331
009050120075207013020763
001050120075208012010011
003050120075208012050357
008050120075208012080350
003050120075210012050225
008050120075211013020766
002050120075211019060120
004050120075211013030448
006050120075212011000586
002050120075212014030366
009050120075212015020639
003050120075213012030372
004050120075214012170195
008050120075214012110497
001050120075215013010515
003050120075215013010541
009050120075215012070331
001050120075216012010340
002050120075216012130333
004050120075216012180158
008050120075217012120473
006050120075217019100008
009050120075217015020604
002050120075218019100061
003050120075218012050315
009050120075218012110178
008050120075219012100423
003050120075220013010606
009050120075220012070417
006050120075221011000686
008050120075222012070244
003050120075223013010199
004050120075223013030652
008050120075223012110466
009050120075223013020778
006050120075225013020412
002050120075225019100063
003050120075225012010309
002050120075225013030647
004050120075226012160316
008050120075226012110414
009050120075226013020841
006050120075229015090580
003050120075229013010625
008050120075229014020523
004050120075229013030571
009050120075229014020007
001050120075230015010678
003050120075231012030404
004050120075231012130284
002050120075231019100068
001050120075232014010457
008050120075232012110491
006050120075232011000722
009050120075232015020675
004050120075233013030482
008050120075233012110491
001050120075234014010510
003050120075234013010758
008050120075235012070445
006050120075235011000718
009050120075235012080431
004050120075236012140464
003050120075236013010624
002050120075237019050091
004050120075237012140435
006050120075238012110223
008050120075238015020646
009050120075238012070444
003050120075239012060374
004050120075239012170311
008050120075241012110353
004050120075241012170265
006050120075241011000525
004050120075243013030641
006050120075243011000724
008050120075243013020878
003050120075244012040447
002050120075244013030656
009050120075244015020386
008050120075246012090393
006050120075246011000699
004050120075246019050128
003050120075247012060437
008050120075248013020411
001050120075249015010752
006050120075249011000743
008050120075251012100364
003050120075251013010577
006050120075252011000643
001050120075253014010424
008050120075254013020812
001050120075254015010129
004050120075254013030339
004050120075255013030636
009050120075255015020676
006050120075256011000715
001050120075257012060005
008050120075257013020795
009050120075258012090379
004050120075259013030538
001050120075259013010347
006050120075259012010292
008050120075300013020644
006050120075300013030176
001050120075301015010785
004050120075302012140443
009050120075302015020678
001050120075303012060416
004050120075304012140457
006050120075304011000581
001050120075304012040479
008050120075304014020504
003050120075304012020288
002050120075305014030448
009050120075305015020688
004050120075306012160310
001050120075307014010526
003050120075307012060434
006050120075307013030003
009050120075307014020435
004050120075309012140466
002050120075309012160291
006050120075310011000739
003050120075310012040453
001050120075310014010613
009050120075310013020017
002050120075311019020095
004050120075312012140473
003050120075312012040337
006050120075313015090632
002050120075313012150320
009050120075313013020867
004050120075314012170194
003050120075315012010387
009050120075315013020881
003050120075316015010792
008050120075316012100442
006050120075316011000731
009050120075317015020647
003050120075318013010560
006050120075319013020154
008050120075319012120412
002050120075319019010136
009050120075320013020883
004050120075321012180271
001050120075321014010157
006050120075322011000713
003050120075322012010389
009050120075323012080078
003050120075324012040376
002050120075324014030450
002050120075325019100052
001050120075325015010669
008050120075325012100429
004050120075325012140444
006050120075325015090617
009050120075325012070148
003050120075326012030366
009050120075327013020840
006050120075328013020240
003050120075328012060364
004050120075328014030425
008050120075328014020486
002050120075329014030424
004050120075329014030088
002050120075329019110050
003050120075329012010425
009050120075330014020092
003050120075331012050356
002050120075331019050126
006050120075332011000283
004050120075332013030646
009050120075333013020188
008050120075334012090267
006050120075334011000598
004050120075334015030389
003050120075334013010575
002050120075335012130120
001050120075335012020396
009050120075335012100451
002050120075336019010108
003050120075336012060421
004050120075336012130319
001050120075337013010712
002050120075337014030088
006050120075337015020199
001050120075337016000126
008050120075338013020886
003050120075338012040467
001050120075339012030381
002050120075339019020313
001050120075339016000126
004050120075339013030606
009050120075339014020231
006050120075340011000601
003050120075340012030266
001050120075341013010798
006050120075342011000694
008050120075342012080452
003050120075342012060166
009050120075342012110424
002050120075343015030410
001050120075343019110051
004050120075343012060309
003050120075344012040452
006050120075345011000041
008050120075345012070193
008050120075347012120482
003050120075347012050123
001050120075347013010549
009050120075348012070344
006050120075349015090579
003050120075349014010578
008050120075350012080220
003050120075351015010704
004050120075351012180272
006050120075352015090618
009050120075352012110489
008050120075353013020753
001050120075353014010599
004050120075354014030476
003050120075355013010693
008050120075355013020674
006050120075355011000473
009050120075355013020599
009050120075356013020599
004050120075357013030075
008050120075358012080424
006050120075358011000670
001050120075358013010023
003050120075359013010693
004050120075359012180284
009050120075400013020833
001050120075401014010569
006050120075401011000568
003050120075401012020404
009050120075403013020866
003050120075404013010710
008050120075404012080472
006050120075405011000662
004050120075405013030577
009050120075405015020663
002050120075406019050242
008050120075406013020836
003050120075407015010791
003050120075408013010695
001050120075408013010716
002050120075408012150278
004050120075408014030423
006050120075408011000065
008050120075409012090256
009050120075409014020351
001050120075410013010688
002050120075411019100070
003050120075411012030399
009050120075411014020351
002050120075412015030279
004050120075413013030325
006050120075413012040300
008050120075413015020591
009050120075413012090348
001050120075414012040403
003050120075414013010793
009050120075414012090348
008050120075415013020749
006050120075415012080131
003050120075416012030401
001050120075417012060415
009050120075417012120491
006050120075418012110164
003050120075419013010732
008050120075419012090425
002050120075420019060095
001050120075420013010805
009050120075420012090380
006050120075421014020055
003050120075421012060414
001050120075422015010793
004050120075423012170218
009050120075423012100416
003050120075424013010413
008050120075425012110442
002050120075425019040033
001050120075425014010357
009050120075425015020577
003050120075426012060379
006050120075426011000741
004050120075427014030440
002050120075427013030484
003050120075428012030256
008050120075428012100307
002050120075428019020326
009050120075428012080123
006050120075429013030199
002050120075430014030290
008050120075431012100430
004050120075431012170207
003050120075432013010011
002050120075432019010132
004050120075433012160301
006050120075433011000663
001050120075433014010580
001050120075434015010763
002050120075434012150226
008050120075435013020721
002050120075435019020363
003050120075435015010794
009050120075436015010696
006050120075437013010294
008050120075437012110404
004050120075437012140469
002050120075437019020363
003050120075438014010338
001050120075440014010571
002050120075440019100072
006050120075440011000713
008050120075440013020879
008050120075442012080419
004050120075442013030024
006050120075443012130223
002050120075443013030563
003050120075443012010329
008050120075445014020623
004050120075445012150293
003050120075445012050028
006050120075447011000632
008050120075447013020825
003050120075447013010727
008050120075448012070452
003050120075449015010721
004050120075449012180212
006050120075450012050057
001050120075450015010692
009050120075450012080017
008050120075451013020468
003050120075452012030386
001050120075452012010348
002050120075452012170308
006050120075453011000388
009050120075453012110412
002050120075454019060119
008050120075454015020580
004050120075454012180312
001050120075454012010408
009050120075454012070407
003050120075455012010414
001050120075456014010617
006050120075456011000728
002050120075456012130263
008050120075456012100358
004050120075457012140460
001050120075457012010376
002050120075458014030480
003050120075458013010682
001050120075459015030454
006050120075459011000277
008050120075459014020606
001050120075459014010604
001050120075500015010683
009050120075500014020603
008050120075501015020531
002050120075501015030337
002050120075501019020275
003050120075501012010375
004050120075502014030160
008050120075503012120368
004050120075504015030356
003050120075504014010603
001050120075504012040354
002050120075504012170309
006050120075504014030096
009050120075504013020808
008050120075505012090344
002050120075506012160300
004050120075507014030438
008050120075507012100398
006050120075507011000388
003050120075507014010623
009050120075507014020538
002050120075508012180316
001050120075508014010411
003050120075508013010803
001050120075510014010619
006050120075510011000735
003050120075510012020008
004050120075510013030084
009050120075510012120488
002050120075511012150321
008050120075511012120402
004050120075511012140421
001050120075512016000168
001050120075512014010618
001050120075513016000168
003050120075513012040465
002050120075513019110014
008050120075514012120493
002050120075514016000144
006050120075514011000735
004050120075514012150286
004050120075515013030398
006050120075515012130286
002050120075516012160088
009050120075516013020504
004050120075517012130210
003050120075517012050266
008050120075517012080454
006050120075518011000388
001050120075518014010605
008050120075518012100405
002050120075518015030458
009050120075518012120143
002050120075519014030226
001050120075520014010614
003050120075520012020344
006050120075520013020241
002050120075521019100018
001050120075521014010208
008050120075521015020686
009050120075521013020882
003050120075521012060410
002050120075522014030475
004050120075522012130290
006050120075523011000231
003050120075523012050303
009050120075523013020882
001050120075524013010604
002050120075525012170305
008050120075525012100223
004050120075525012170257
001050120075526019020282
003050120075526012040478
009050120075526012090406
006050120075527011000690
002050120075527013030639
004050120075527012150312
008050120075528012070451
002050120075529012140235
003050120075529012040397
008050120075530015020655
002050120075530019050246
006050120075531011000726
003050120075531014010575
004050120075532014030021
002050120075532014030250
008050120075532014020589
001050120075532015010682
009050120075532013020819
001050120075533014010570
003050120075533012010426
004050120075534014030077
006050120075534011000682
003050120075534012050344
002050120075535019030048
009050120075535015020451
001050120075536012060397
008050120075536014020417
001050120075537015010753
008050120075537014020417
004050120075537012130059
003050120075537012050213
002050120075538012170293
006050120075539012020010
001050120075539015010802
004050120075539013030382
009050120075539014020088
002050120075540012170266
008050120075540014020627
003050120075540013010785
004050120075541013030558
002050120075542012170019
006050120075542011000203
001050120075542014010538
008050120075542012080364
003050120075542012030353
009050120075542012110481
002050120075543019100065
002050120075544012140148
001050120075544014010502
001050120075544018010047
004050120075544012160313
009050120075544013020586
008050120075545014020625
003050120075545013010529
001050120075546015010473
004050120075547012150255
003050120075547012030377
008050120075548012110487
001050120075548012030352
002050120075548014030375
009050120075548014020608
004050120075549013030551
008050120075550012100380
006050120075550011000668
003050120075550012030230
009050120075550014020615
002050120075551014030449
003050120075552012040423
008050120075553012070382
004050120075553013030530
001050120075553018010069
009050120075554012070264
008050120075555013020767
002050120075555015030424
003050120075555013010646
004050120075556013030366
001050120075557019110006
004050120075557012160296
003050120075557012040222
009050120075557014020554
002050120075558012180275
002050120075558019050196
008050120075558013020706
004050120075559012150303
009050120075559015020478
003050120075600015010716
001050120075601014010011
008050120075601012100323
004050120075602012140429
003050120075602012050343
009050120075602013020857
001050120075603015100543
008050120075603015020677
006050120075603013020397
009050120075603012070432
004050120075605012130214
008050120075605012100329
003050120075605012040437
009050120075606013020832
006050120075607011000534
008050120075607013020850
004050120075607012170290
002050120075607014030418
003050120075607012030327
001050120075608012010355
009050120075609012090423
001050120075610012040346
008050120075610015020568
003050120075610012020086
004050120075611012160287
009050120075611013020880
001050120075612013010804
009050120075613012090041
003050120075613012050354
008050120075613015020657
004050120075614013030162
006050120075614011000594
001050120075614013010797
003050120075614015010780
008050120075615013020738
001050120075616014010597
004050120075616013030119
009050120075616014020631
003050120075616012050311
002050120075617015030477
008050120075617012100418
001050120075618015010017
002050120075618019020221
006050120075618012130091
009050120075618012100441
004050120075619013030348
004050120075620012180259
009050120075620012100424
008050120075620013020769
006050120075621011000678
002050120075621012130338
002050120075621019040035
001050120075621012020345
009050120075621014020540
003050120075621012020402
004050120075622012140363
003050120075622012020403
008050120075622013020876
008050120075624012080456
009050120075624014020592
004050120075625012140422
001050120075625015010796
009050120075625012070439
003050120075625013010653
001050120075626015020500
002050120075626019110005
002050120075626015030262
009050120075627014020546
003050120075627013010763
004050120075628015030467
001050120075628012020383
008050120075628012110455
001050120075629014010596
003050120075629012050350
009050120075629012110406
008050120075630012080284
006050120075631011000700
004050120075631012130344
008050120075631012080225
009050120075631012090368
003050120075631012030303
001050120075632014010628
004050120075632012150128
009050120075633012090407
006050120075634012110087
004050120075634012140154
008050120075634014020607
003050120075634012010247
009050120075635012100347
004050120075636012180315
001050120075636014010608
003050120075636013010460
002050120075637014030456
006050120075637015090621
008050120075637015020685
009050120075637014020493
002050120075638019050209
003050120075638013010520
004050120075639012180313
009050120075639014020416
002050120075640019070038
002050120075640014030444
001050120075640012060388
006050120075640014030056
008050120075640012070376
003050120075640012060378
004050120075642013030576
008050120075642012090394
009050120075642012120440
006050120075643011000666
003050120075644013010735
009050120075644015020022
004050120075645012150271
009050120075645015020022
003050120075646014010626
008050120075646013020574
002050120075647015030442
002050120075647019110046
001050120075647016000157
006050120075647011000635
009050120075647014020394
008050120075648013020781
009050120075648014020394
006050120075649012080163
002050120075649012150309
004050120075649013030523
003050120075649012050365
008050120075649013020793
009050120075649014020043
001050120075650012040355
002050120075650019020372
002050120075651015030461
004050120075651012160143
001050120075651016000139
003050120075651012010413
006050120075652011000026
009050120075652012090341
003050120075653012040382
002050120075653014030031
008050120075653014020565
009050120075653012090343
004050120075654013030441
001050120075654013030071
002050120075655012160292
003050120075655012040353
006050120075655011000639
009050120075655012120395
001050120075656012020325
003050120075656013010791
008050120075656012090350
001050120075657012040446
001050120075658015100557
006050120075658012170077
009050120075658012080462
003050120075659013010807
004050120075659012170219
002050120075659013030618
008050120075659012120377
003050120075700012060360
001050120075700014010033
001050120075701012020322
004050120075701012140388
008050120075701014020443
002050120075701019020335
006050120075701011000627
002050120075702013030596
003050120075702012030363
009050120075702014020524
003050120075704013010781
008050120075704012090424
006050120075704016010086
004050120075704013030458
001050120075704015010795
009050120075704012080267
002050120075705015030482
003050120075705012060259
004050120075706013030590
008050120075706012110367
009050120075706013020797
002050120075707012160302
006050120075707011000388
003050120075708012050310
009050120075708014020426
008050120075709013020843
002050120075709012170271
004050120075709012140465
009050120075709014020426
002050120075710015030459
006050120075710011000627
004050120075711012140461
003050120075711012030365
009050120075711012080464
002050120075712012140442
008050120075712013020610
009050120075712013020862
006050120075713011000656
003050120075713013010662
001050120075713018010018
004050120075713012180278
003050120075714012060229
008050120075714013020660
001050120075715014010316
002050120075715012140458
009050120075715015020638
004050120075716012160256
001050120075716012030397
003050120075717012060396
006050120075717013010358
008050120075717014020598
008050120075718012110498
001050120075718012050224
004050120075718012130280
006050120075719013020581
002050120075719019050213
009050120075719015020013
002050120075720012130276
003050120075720012020348
004050120075720013030460
001050120075720012040405
003050120075721012030335
008050120075721012080466
009050120075721012110483
006050120075722013020428
002050120075722019020394
003050120075722012060221
001050120075722012040410
002050120075723014030388
009050120075723013020885
004050120075724014030470
001050120075724014010066
008050120075724013020748
009050120075724013020885
006050120075725011000691
002050120075725019010008
009050120075725015020669
008050120075726012110354
003050120075726012030349
009050120075726013020837
002050120075727019010008
004050120075727012150294
003050120075727012020286
001050120075727014010573
006050120075728011000704
009050120075728012080448
001050120075729014010492
002050120075729014030427
003050120075729012040476
002050120075729019040006
004050120075730015030479
009050120075730012070308
006050120075731012160085
003050120075731015010690
002050120075732013030649
008050120075732012070443
004050120075732013030573
001050120075732012060407
009050120075733013020198
006050120075734011000388
003050120075734013010774
004050120075735013030614
001050120075735013010035
002050120075735012140453
008050120075735012070426
009050120075736014020551
008050120075737012100436
006050120075737011000398
003050120075737012040464
001050120075737018010066
004050120075738013030456
002050120075738015030388
003050120075739013010598
009050120075739013020820
006050120075740015090629
008050120075740014020597
001050120075740012060349
004050120075740013030535
003050120075741013010259
004050120075741013030550
002050120075741019010118
009050120075742013020640
008050120075743012100446
001050120075743015100560
006050120075743011000656
002050120075743012150305
002050120075743019010133
009050120075743012070197
004050120075744012180206
003050120075744013010650
008050120075745013020726
002050120075746013030648
001050120075746015010800
002050120075746019070031
006050120075746012130049
004050120075746012170228
003050120075746012020381
008050120075747012070410
001050120075747018010071
001050120075748012050179
003050120075748013010787
004050120075748012150297
002050120075749019040028
009050120075749012070357
001050120075750012020111
003050120075750012050347
006050120075751014030087
004050120075751012160236
008050120075751012100425
002050120075751019040036
002050120075751015030423
009050120075751012120421
002050120075752019040036
003050120075752012050194
002050120075753012130116
009050120075753012090414
001050120075754012010385
008050120075754012100431
003050120075755012060432
006050120075755011000681
002050120075755012150314
001050120075755016000112
002050120075755019050245
009050120075755012090414
004050120075756012160224
008050120075757013020838
002050120075757012170295
001050120075757012020385
009050120075757013020282
004050120075758012170235
002050120075758019020273
006050120075758015020540
009050120075758012080266
003050120075758013010724
008050120075759012070360
002050120075800019020349
001050120075800012050367
006050120075801011000738
004050120075801012140470
003050120075801012030405
009050120075801012120354
008050120075802012090400
001050120075802012040450
009050120075802012120354
004050120075803012130285
009050120075803012120497
003050120075803013010542
008050120075804014020622
006050120075804011000654
001050120075804019030038
004050120075805012180262
003050120075805013010006
002050120075806019100032
009050120075806015020541
008050120075807012100047
006050120075807011000555
001050120075807018010048
006050120075808012020340
001050120075808013010743
002050120075808013030548
003050120075808013010522
004050120075809013030496
002050120075809019060102
009050120075809016000147
001050120075810014010250
002050120075810014030279
004050120075810012180296
008050120075810012120501
003050120075810012050360
002050120075811019040015
006050120075811011000640
002050120075811012160279
009050120075811015020660
003050120075812012010424
001050120075813014010436
008050120075813012120256
009050120075813014020619
004050120075814012130346
006050120075814011000422
008050120075815014020553
003050120075815013010733
009050120075815012070447
001050120075816014010564
004050120075816012170291
002050120075816019110037
006050120075817013020326
003050120075817015010717
009050120075817012120393
004050120075818013030622
008050120075818014020502
009050120075818012120393
004050120075819012160149
002050120075819014030356
001050120075819013010762
003050120075819013010284
002050120075820019050240
006050120075820012090150
008050120075820014020626
009050120075820012110477
004050120075821015030481
003050120075821012010420
002050120075822015030362
001050120075822013010747
002050120075822019020150
009050120075822015020654
003050120075822012040442
001050120075823014010615
006050120075823012170053
008050120075823013020877
009050120075823012100439
004050120075824012140088
002050120075824015030431
003050120075824012010400
006050120075825011000725
009050120075825015020643
008050120075826012110421
001050120075826016000161
003050120075826012040429
002050120075827012140449
009050120075827014020637
006050120075828015020461
001050120075828012030361
008050120075828014020581
001050120075828016000161
003050120075828013010740
002050120075829012160253
006050120075829014030109
004050120075830015030438
001050120075830015010766
003050120075830013010808
002050120075831012180305
009050120075831012090416
002050120075832019020260
004050120075832015030306
006050120075832012160222
001050120075832012050285
003050120075832012050183
008050120075832012070403
002050120075833015030187
009050120075833012090377
001050120075834014010525
004050120075834012130165
003050120075834012060387
002050120075835015030244
006050120075835011000410
008050120075835014020180
001050120075836015010774
004050120075836012130075
003050120075836014010607
009050120075836013020859
008050120075836012090279
001050120075837014010494
002050120075837015030386
006050120075838011000732
009050120075838012120415
001050120075839014010133
002050120075839012170277
008050120075839012110467
003050120075839012060356
004050120075840012180314
009050120075840012080467
006050120075841012150102
008050120075841012090345
004050120075842014030331
002050120075842012130330
009050120075842014020620
003050120075842012030390
002050120075843019050214
008050120075843012090396
001050120075844012030300
006050120075844011000730
001050120075844018010070
003050120075844015010615
002050120075845012130316
004050120075845014030437
009050120075845012070236
001050120075846012040411
002050120075846014030381
004050120075846012160231
008050120075846013020848
001050120075847018010070
006050120075847011000719
009050120075847012110438
003050120075847015010610
004050120075848012150287
008050120075848013020409
002050120075849014030488
006050120075849013020274
009050120075849012110496
003050120075850012050204
008050120075850013020515
001050120075851012030376
001050120075851012150311
004050120075851013030562
002050120075852013030631
006050120075852011000648
003050120075852013010730
009050120075852014020542
001050120075853014010267
001050120075853012150311
001050120075853012010421
004050120075853012140452
008050120075853014020634
009050120075853015020598
006050120075854011000674
002050120075855012170264
003050120075855012030328
001050120075856015010596
008050120075856012070438
009050120075856014020424
004050120075857012170217
006050120075857012020274
001050120075857012010421
003050120075857012040454
002050120075858019020149
002050120075858015030468
008050120075858012090272
004050120075859012160293
002050120075859012130014
001050120075859013010473
003050120075859012020399
009050120075859012080366
002050120075900019050183
009050120075900014020633
002050120075901014030399
006050120075901014010241
008050120075901012070368
003050120075901015010550
001050120075902013010021
002050120075902014030459
009050120075902012110486
004050120075903015030395
001050120075903015100559
008050120075903013020835
002050120075904012180308
006050120075904012140043
002050120075904019060125
003050120075904012040273
009050120075904013020425
004050120075905014030299
001050120075905012010277
002050120075906012170298
006050120075906015090616
008050120075906012100445
003050120075906012060436
009050120075906014020545
001050120075907016000166
002050120075908019050152
003050120075908012030396
006050120075909012140086
002050120075909014030289
001050120075909012030196
008050120075909012110443
004050120075910015030439
004050120075911012180266
006050120075911012080114
003050120075911012010393
001050120075912016000163
003050120075912014010539
004050120075913012130278
006050120075913011000263
009050120075913014020530
004050120075914014030471
003050120075914015010783
001050120075914015010786
002050120075914012140405
001050120075915016000163
006050120075915011000566
004050120075916012180220
009050120075916012120486
001050120075917016000163
003050120075917014020020
002050120075917019020307
001050120075917012060253
008050120075917012080346
006050120075918011000001
002050120075918014030390
009050120075918013020822
003050120075919012020400
008050120075919012080380
009050120075919012080297
004050120075920012160298
001050120075920012010005
001050120075920018010059
004050120075921012170073
002050120075921019020377
003050120075921012030338
006050120075921011000439
009050120075921014020617
008050120075922012100201
001050120075923015010731
001050120075923018010059
004050120075923013030440
002050120075924019040012
006050120075924011000720
009050120075924014020532
006050120075925012050222
003050120075925012020391
008050120075925012070421
004050120075926012170020
009050120075926012110485
002050120075927012150201
002050120075927019050193
001050120075927012010403
006050120075928019100071
003050120075928015010769
008050120075928014020036
009050120075928015020659
003050120075929012010173
004050120075929012150098
002050120075930019060076
008050120075930012110461
002050120075931015030478
009050120075931015020410
003050120075932012020300
006050120075932011000169
004050120075932012150260
002050120075932012170286
008050120075932012080413
009050120075932015020410
002050120075933013030412
003050120075934014010452
002050120075934019050029
002050120075934014030486
004050120075934012160311
008050120075934012070440
009050120075935014020414
004050120075936012170054
006050120075936011000636
003050120075936012020389
008050120075936012070358
002050120075937012140446
002050120075937019060103
004050120075938012180277
008050120075938012110416
002050120075939014030485
006050120075939012050085
003050120075939012080007
004050120075940013030607
002050120075940019020393
004050120075941014030267
001050120075941012010010
002050120075941014030458
008050120075941012100350
009050120075941015020624
006050120075942012010201
009050120075942012120454
001050120075943012060422
001050120075943015100556
008050120075943012110464
004050120075944013030616
006050120075944011000733
002050120075944014030416
009050120075944013020554
001050120075945012060368
008050120075945012090408
002050120075946012130326
006050120075946012060241
003050120075947013010769
004050120075947012180292
009050120075947012100252
002050120075948019110040
004050120075948014030398
008050120075948013020852
003050120075949013010739
004050120075949013030104
002050120075949012130303
009050120075949012080358
004050120075950013030603
001050120075950014010558
006050120075950012010405
003050120075951012050195
002050120075951013030630
008050120075951012090220
009050120075951015020674
004050120075952012150268
002050120075952015030470
006050120075952015090633
002050120075952019110013
008050120075953012120444
009050120075953012100452
004050120075954012150307
002050120075954012150250
003050120075954012030304
008050120075954013020701
006050120075956012070411
001050120075956013010331
009050120075956012110478
004050120075957012170287
002050120075957014030387
008050120075957012120399
001050120075958012040338
004050120075958013030425
009050120075958012070321
002050120075959013030466
006050120075959011000491
009050120075959012100381
002050120080001019040034
004050120080001012130317
006050120080002015020563
009050120080002012110397
004050120080003012130336
002050120080003012150135
003050120080003012010337
002050120080004019030025
009050120080004014020006
006050120080005012020002
008050120080005014020511
002050120080005014030447
001050120080005012050348
002050120080006014030369
003050120080006015010668
004050120080006013030485
002050120080007019050223
008050120080007012080394
004050120080007013030633
002050120080008014030072
003050120080009015010790
006050120080009014020550
004050120080009012160289
002050120080010012180310
008050120080010012110382
006050120080011012020162
004050120080011012130295
003050120080012012010372
002050120080012012140431
009050120080012014020618
004050120080013012140426
002050120080013019050241
008050120080013013020619
001050120080013018010008
006050120080014012060312
008050120080014012120499
002050120080014013030587
002050120080015014030453
003050120080015013010190
009050120080015012110340
001050120080016015100551
002050120080016019050238
004050120080016012140127
002050120080017013030308
008050120080017015020689
006050120080017015090631
003050120080018012010398
001050120080018012060403
009050120080018015020057
008050120080019012080345
002050120080019019050238
002050120080019013030263
009050120080019014020578
008050120080020012120301
001050120080020014010593
002050120080020013030541
003050120080021013010454
004050120080021012130242
004050120080021013030654
009050120080021014020570
008050120080022012080414
001050120080022014010493
002050120080022012130337
004050120080023013030654
002050120080023019040030
009050120080023012120350
008050120080024013020702
001050120080024012040471
002050120080024012150299
004050120080025012170209
009050120080025012120401
002050120080026015030247
004050120080026012180185
001050120080026015010804
008050120080027012090335
002050120080027019020230
004050120080027013030331
002050120080027014030467
009050120080027014020512
001050120080028014010609
006050120080028012020013
002050120080029014030465
008050120080029013020689
004050120080030012130345
001050120080030013010213
002050120080031014030487
001050120080031012030368
008050120080032013020826
002050120080032019110043
004050120080033012130205
002050120080033014030484
009050120080033015020664
002050120080034012150290
002050120080034019110043
008050120080034012100327
001050120080034015010789
006050120080034012110004
002050120080035019030022
004050120080035012150198
003050120080035014020025
009050120080036014020586
001050120080037018010068
002050120080037012130254
008050120080037012080429
004050120080038015030437
002050120080038019020323
001050120080039012010415
002050120080039015030480
008050120080040012070390
002050120080041012160228
003050120080041012060398
004050120080041013030187
002050120080042012140425
004050120080042012130314
008050120080042012120431
002050120080043012140374
004050120080044014030490
001050120080044015010784
008050120080044013020811
004050120080045012170267
003050120080045013010666
004050120080046012130298
001050120080046014010594
002050120080046012130288
008050120080046013020813
006050120080046013030240
002050120080047019020382
004050120080048012160087
009050120080048014020398
006050120080049012130102
008050120080049013020747
006050120080051015030168
004050120080051012160272
009050120080051012100443
008050120080052013020572
002050120080052012170280
009050120080052013020460
004050120080053012170295
004050120080054014030001
006050120080054012120196
002050120080054015030451
009050120080054012080447
002050120080055019010119
008050120080055014020582
001050120080056019030043
002050120080056015030383
004050120080057015030475
001050120080057014010377
003050120080057012020388
008050120080057013020783
008050120080058013020783
006050120080058012120124
004050120080058014030452
001050120080059012040131
008050120080059012120483
009050120080059012080470
001050120080100012060431
002050120080100019020301
002050120080101012140428
003050120080101012010327
001050120080101014010309
008050120080101012080373
006050120080101012080127
004050120080101012160315
003050120080102013010004
002050120080102019050171
008050120080103012110378
001050120080103014010522
004050120080103013030610
003050120080103012010401
001050120080104019010128
004050120080104013030617
002050120080104019050224
002050120080105012180297
001050120080106012030242
008050120080106013020626
006050120080106013010117
003050120080106012050334
004050120080106012150295
009050120080106012070442
001050120080107016000164
002050120080107019050212
001050120080108014010535
008050120080108012120474
004050120080108012140337
002050120080108014030481
003050120080109013010702
001050120080110014010555
006050120080110012090035
008050120080111012110480
004050120080111012150170
004050120080112015030457
002050120080112012180257
009050120080112012090291
001050120080113016000003
006050120080113013010215
008050120080113012070366
002050120080113015030351
004050120080114012130334
001050120080114013010761
003050120080114015010805
009050120080114014020566
004050120080115013030354
008050120080115012090413
002050120080115019060097
001050120080116016000003
001050120080117016000141
006050120080117014010295
008050120080117012070338
001050120080117012050279
004050120080117013030609
002050120080118012130270
001050120080118012050147
003050120080119012050359
001050120080119016000141
001050120080120016000141
006050120080120013010296
001050120080120014010536
004050120080121012130335
002050120080121012180301
001050120080122013010783
003050120080124012040445
004050120080125012140437
001050120080125014010200
009050120080125012120464
001050120080126016000058
008050120080127012100318
001050120080127012020021
004050120080127012140408
002050120080127015030402
001050120080128016000058
002050120080128012130302
006050120080128012010028
003050120080129014010444
009050120080129012080418
004050120080130012160190
002050120080130012140475
004050120080131012170297
002050120080131019040016
006050120080131012010028
003050120080132013010567
008050120080132012090401
009050120080132014020593
006050120080133012010190
002050120080133012130343
003050120080134013010799
002050120080134015030426
006050120080135012150195
009050120080135015020623
002050120080136012180287
002050120080136019040009
009050120080136012100450
003050120080137012040426
002050120080138012130329
006050120080138012030282
003050120080138012030095
009050120080138013020817
002050120080140014030022
009050120080140012100419
003050120080141014010432
006050120080141013030222
001050120080142016000064
008050120080142014020536
006050120080143012020279
009050120080143016000149
001050120080144012020367
009050120080144013020773
002050120080145012160307
001050120080145014010590
008050120080145014020616
001050120080146012010382
009050120080146013020803
002050120080148012140409
001050120080148014010581
009050120080148012070415
001050120080149015030106
009050120080149012070341
002050120080150014030466
001050120080150014010587
002050120080151019050243
001050120080151015010407
008050120080151012110458
003050120080152013010631
009050120080152015020641
001050120080153014010612
002050120080153012180261
002050120080153019050243
001050120080154018010061
003050120080154013010765
009050120080155013020860
002050120080156012180253
004050120080156012180282
001050120080156012030356
003050120080157012030194
008050120080157012090402
009050120080157016000124
001050120080158012010014
004050120080158012170056
009050120080159014020411
003050120080200012020398
008050120080200012090300
001050120080201012010338
004050120080201013030584
009050120080201013020863
004050120080203012170222
009050120080203012110409
006050120080204012060389
002050120080205012160230
009050120080205012080458
002050120080207019080001
004050120080207012150069
001050120080207012010338
008050120080207012120419
002050120080208013030642
009050120080208012120448
001050120080209018010055
008050120080209014020489
004050120080210012150304
009050120080211015020681
008050120080211012090309
001050120080212012030010
004050120080212012140225
002050120080213019110049
003050120080213012040367
001050120080213012020016
004050120080214012130322
001050120080215015010808
008050120080215012080361
004050120080216013030479
009050120080216012080427
004050120080217012180159
008050120080217012070404
003050120080218012020358
002050120080219019060113
004050120080219012150301
009050120080219012090419
008050120080220012080360
001050120080221013010641
004050120080222014030150
009050120080222012120463
002050120080223014030158
004050120080224015030101
004050120080226012160233
002050120080226013030623
004050120080229013030567
002050120080230012170299
008050120080230013020799
001050120080232012100385
008050120080232013020870
002050120080235012170275
008050120080235012070392
004050120080236012170304
001050120080237012030385
009050120080238013020643
004050120080240012130271
004050120080241013030510
003050120080242013010768
004050120080242015030441
009050120080242012110160
006050120080247012160012
002050120080247012150263
004050120080247012150273
004050120080249012140471
002050120080249012180263
004050120080253012130267
006050120080253011000600
008050120080253012090333
001050120080254012070090
001050120080255013010751
006050120080256012030293
006050120080258012030316
008050120080258014020120
002050120080300012130279
002050120080301019040021
009050120080301012090410
008050120080301012100428
009050120080303012110479
002050120080305013030465
008050120080305012100367
001050120080306014010620
003050120080306013010244
002050120080306019010094
009050120080306012100449
008050120080308012120465
004050120080309013030605
001050120080309012030329
001050120080311015010807
002050120080311012140430
003050120080312014010524
001050120080314012030305
003050120080315012050341
009050120080316012110476
003050120080319012030402
008050120080322014020470
004050120080324012170310
001050120080325014010610
002050120080325012160280
009050120080325012070433
008050120080326012100280
009050120080328012100169
004050120080331012170284
003050120080334012050353
001050120080343014010611
002050120080343019090016
001050120080346012020311
003050120080347012050210
002050120080350019020399
002050120080354019010072
004050120080355012140420
004050120080358013030399
003050120080403012030406
004050120080407012150310
002050120080408014030176
002050120080409019040020
002050120080412019020333
002050120080420012150261
002050120080421019070001
001050120080422014010592
004050120080433013030469
009050120080511012120481
002050120080513019040023
008050120080513012080469
009050120080517012070450
004050120080527013030591
004050120080544012170231
003050120080616012030355
002050120080629014030373
008050120080630013020790
008050120080639012120470
004050120080652012160312
009050120080700012090388
008050120080727012090391
006050120080800011000744
004050120080806014030217
009050120080819012120477
003050120080835013010767
006050120080841015090611
002050120080841019030001
008050120080917015020671
009050120080925012090399
008050120080945012120494
002050120080959019010074
002050120081003019020353
003050120081056012010293
002050120081119019020212
004050120081138012140472
006050120081217012160104
002050120081248015030474
002050120081259019100002
008050120081306012090372
008050120081344012090357
002050120081346012140447
009050120081430012110375
001050120081453016000012
004050120081503014030430
002050120081508019060001
001050120081525014010508
001050120081549016000007
001050120081552016000001
009050120081553019050244
002050120081622019050148
009050120081717013020868
002050120081724019020389
009050120081728012110373
002050120081801012140474
002050120081806019020374
002050120082026019050220
006050120082152012120199
008050120082307012080438
002050120082413019020403
009050120082443012120487
009050120082453012120490
009050120082503012100311
009050120082506012100311
006050120082510011000490
006050120082527011000498
002050120082542019060124
002050120082939019050234
002050120082956019020398
008050120082958012110495
002050120083034019040032
008050120083057012120414
002050120083323019020378
002050120083325019050228
002050120083351019020065
002050120083404019020065
002050120083639019050195
002050120083648019020263
002050120083652019020392
002050120083953019030033
002050120084056019010111
002050120084102019010031
