001041219071418016010045
001041219071429016010119
001041219071435016010081
001041219071440016010130
001041219071452016010056
002041219071655016000090
001041219071726016010098
001041219071735016010125
001041219071740016010090
001041219071817016010095
008041219071855016010129
001041219071935016010105
001041219072008016010128
001041219072015016010079
002041219072037019030048
001041219072126016010071
006041219072129016010090
001041219072135016010121
002041219072142019010135
002041219072357019060101
001041219072405016010122
001041219072409016010084
001041219072508016010032
001041219072514016010073
001041219072531016010124
001041219072648016010082
001041219072706016010106
001041219072713016010110
001041219072717016010050
001041219072724016010131
001041219072727016010048
001041219072730016010100
002041219072752019060003
002041219072805019010116
002041219072821019020083
002041219072828019050235
001041219072835016010080
001041219072841019010125
001041219072856016000152
002041219072917019020402
006041219073001013020543
002041219073005015030444
001041219073014016010077
002041219073037014030055
002041219073045014030374
002041219073127019110027
003041219073132012030402
003041219073154014010606
001041219073214016010024
006041219073221011000051
008041219073227013020255
002041219073300019020061
002041219073315012160275
002041219073354019020399
003041219073401012030335
002041219073409015030473
003041219073410012030349
002041219073413015030476
006041219073434011000491
001041219073435012060369
006041219073446011000359
001041219073537016010120
002041219073544019060123
003041219073548012040466
003041219073553013010771
001041219073600016010127
001041219073602016010127
003041219073605013010768
008041219073610014020451
009041219073617012070187
002041219073617019010124
008041219073620013020849
002041219073625019100046
002041219073631019100032
001041219073652015010001
002041219073654019030001
002041219073659019060113
002041219073736019050094
001041219073747013010479
002041219073758019110006
006041219073808013020067
002041219073818019030047
006041219073821012020013
009041219073833012100434
002041219073835019060119
008041219073839012100434
001041219073845012040438
002041219073846019060114
004041219073850012130312
006041219073855012160021
002041219073903014030421
006041219073910013010009
002041219073914019050084
006041219073925011000675
004041219073932013030625
004041219073941012150170
004041219073946012160136
003041219073950012060396
003041219073953012040293
006041219073953013010001
006041219073956013010014
003041219074003012060433
003041219074007012060384
004041219074009012180299
003041219074009012040442
008041219074018015020671
001041219074022014010584
002041219074029019020231
002041219074033012180252
006041219074044014030174
002041219074050019050128
006041219074054011000078
006041219074101011000573
001041219074108015100561
009041219074114012070437
004041219074115012180158
009041219074118015020687
006041219074125011000692
002041219074129019050188
001041219074133013010802
006041219074135011000078
008041219074145012070445
009041219074147012110482
002041219074154019100039
003041219074157014010565
009041219074158012120489
002041219074201019050216
003041219074202013010365
004041219074205012140167
004041219074209013030624
004041219074215012160224
002041219074218019020095
002041219074226012130165
002041219074229012130297
001041219074229012020388
008041219074237013020844
004041219074258012150190
003041219074259013010800
004041219074301012170178
002041219074305019020401
009041219074306013020532
009041219074311012070331
004041219074314013030565
009041219074321012090405
009041219074324012090405
003041219074331013010677
002041219074333013030349
001041219074341016000073
001041219074347012050331
002041219074353019030045
001041219074356013010755
009041219074356013020855
002041219074359019110033
001041219074359012010361
001041219074402012030333
003041219074404012060426
009041219074405012100379
001041219074414012020333
008041219074414015020668
002041219074415019060120
006041219074415012040209
008041219074417013020851
002041219074420019020079
008041219074420015020029
001041219074422018010067
004041219074422015030463
008041219074424012090422
008041219074426014020625
003041219074429015010798
008041219074429012080466
009041219074438013020703
008041219074440012110367
006041219074442011000445
002041219074443013030466
009041219074444015020620
004041219074446012180046
003041219074447012060007
009041219074451014020588
003041219074452012050350
009041219074453013020864
002041219074455019050164
002041219074500019100070
008041219074501012070435
004041219074503013030443
002041219074504019060001
003041219074504013010732
008041219074508013020438
009041219074508012070415
003041219074508013010550
002041219074509019020368
009041219074511012100257
001041219074512019020340
009041219074514012080467
004041219074515012130343
006041219074516011000165
009041219074517012090375
008041219074517013020873
004041219074518012140474
003041219074519013010726
008041219074522012080266
009041219074525013020818
002041219074526019050238
003041219074526013010672
006041219074534015090568
004041219074535012170292
009041219074536012110454
001041219074538013010751
003041219074538012040476
008041219074542012080304
002041219074543012130305
004041219074548013030246
008041219074548012100429
003041219074548013010776
002041219074550019050245
003041219074551012060364
002041219074554019020313
002041219074554014030458
004041219074555012140466
002041219074558019020353
004041219074601015030465
008041219074603013020683
002041219074604019020374
009041219074606012120494
008041219074607012070244
009041219074607012120494
001041219074608012060416
009041219074609012090372
002041219074609013030563
001041219074610014010558
008041219074611012070429
001041219074612012010410
004041219074613012170144
004041219074616012140472
009041219074616015020675
008041219074616012110297
002041219074617019020349
008041219074618012070414
004041219074618013030386
008041219074620012070414
008041219074621012090248
004041219074621012130341
008041219074623015020679
003041219074625013010746
001041219074625015010737
002041219074630019110005
004041219074631013030382
006041219074632015090579
002041219074633019060107
001041219074633015020500
004041219074636012150274
008041219074637013020858
001041219074637016010123
001041219074640019020282
003041219074640012050315
008041219074642012110437
003041219074643012030400
001041219074645012030397
006041219074647012120199
004041219074647012010341
003041219074648012050311
002041219074648012150091
004041219074652014030077
001041219074656012020366
004041219074657012180251
003041219074657012050367
001041219074659018010054
001041219074701019060076
001041219074707012040403
003041219074708012040192
002041219074709019020383
008041219074710013020387
003041219074711013010710
001041219074712015010797
008041219074713013020766
002041219074716019040024
001041219074717012010419
009041219074717012100006
004041219074719012160282
002041219074719019050228
006041219074722011000682
002041219074722019060095
002041219074723013030509
004041219074726013030509
002041219074727014030239
002041219074728019050242
008041219074729013020755
002041219074730012150203
002041219074732019020275
008041219074732012080375
004041219074734012150203
008041219074736012090404
003041219074737012020121
008041219074739012110410
008041219074740015020635
003041219074741012050254
004041219074741012170279
009041219074743012120476
006041219074743019100067
003041219074743013010007
008041219074743013020821
002041219074745019070014
004041219074746012130295
009041219074746012120479
008041219074746013020723
003041219074746013010426
006041219074746019100067
002041219074747012150135
004041219074749012180171
008041219074749012090393
003041219074749013010505
001041219074749012040462
002041219074750012130250
002041219074751019050239
006041219074751011000717
009041219074751012100432
004041219074752012140457
001041219074752012040461
002041219074754019020318
002041219074755015030426
001041219074756013010700
002041219074758015030434
008041219074758015020677
002041219074800019040035
003041219074804015010801
008041219074804015020658
001041219074804012010011
001041219074806014010614
008041219074807012110443
004041219074808012150270
001041219074808013010176
009041219074810012110377
008041219074811012090344
001041219074812016000088
008041219074814013020542
003041219074816012020348
001041219074817014010460
008041219074817013020562
002041219074818014030400
003041219074820012010364
003041219074822013010199
008041219074823012090333
001041219074823012060383
003041219074826014010003
001041219074826012020344
009041219074827012090379
006041219074827011000722
002041219074827012130339
009041219074828015020604
004041219074829012150283
001041219074829015010632
003041219074829012060374
002041219074831019020373
001041219074832012060405
004041219074834012160163
008041219074836012070428
004041219074837013030629
002041219074837019020186
008041219074839012100411
006041219074839013030003
004041219074840013030629
002041219074841012170264
002041219074841019110002
008041219074842013020879
001041219074843014010570
009041219074846013020831
003041219074848012020008
004041219074849012150318
003041219074850013010347
009041219074850012080383
008041219074850012110414
004041219074852012180276
008041219074852013020850
009041219074853013020188
003041219074854013010785
004041219074856013030498
003041219074857013010651
008041219074857012090383
006041219074858012020037
008041219074900013020861
001041219074901013010021
004041219074901012160075
003041219074902012060434
006041219074902011000714
004041219074903012130280
008041219074903012100418
008041219074906012110400
006041219074906013030188
001041219074906015010758
004041219074906013030482
004041219074908013030448
008041219074908014020486
001041219074912013030157
009041219074913013020599
002041219074913019050112
009041219074914013020599
001041219074914012010340
006041219074916011000730
009041219074917012110412
002041219074917016000123
006041219074919013010321
003041219074920013010529
004041219074920015030343
002041219074921012160313
001041219074922015010669
006041219074923012110164
003041219074924012060363
004041219074924014030393
008041219074925012110474
001041219074925012020352
003041219074926012050345
002041219074926019020389
006041219074927011000086
004041219074928012160271
006041219074930011000699
001041219074931014010563
009041219074931012120487
002041219074932019050224
004041219074932013030646
001041219074933012020228
006041219074933011000564
009041219074934012120490
003041219074934013010772
004041219074936013030084
008041219074936012110446
009041219074936015020640
001041219074937014010592
006041219074937015090620
009041219074938012100311
002041219074938019050026
002041219074939014030482
006041219074939011000601
008041219074940014020501
003041219074941012030036
009041219074942015020667
008041219074942012100403
006041219074942011000729
004041219074942012140435
003041219074944013010541
009041219074945015020652
008041219074945012120473
006041219074945013020412
001041219074947015010763
003041219074947012040470
004041219074947012170257
008041219074948014020404
008041219074949015020469
004041219074950013030507
002041219074951019050214
006041219074953011000041
008041219074953012100423
009041219074955012070384
004041219074955012180278
002041219074956012160291
008041219074957012110466
001041219074958012030404
009041219074958012100447
002041219074958012170305
003041219074959012050364
006041219075000011000735
004041219075000015030389
009041219075001014020532
008041219075001012100284
002041219075003013030592
001041219075003012050308
008041219075003012070441
002041219075003019050184
009041219075004012080408
006041219075004012080131
002041219075005014030226
002041219075006019100028
008041219075006012080463
001041219075007012050344
009041219075007013020859
002041219075009019050205
008041219075009014020523
006041219075009013030176
003041219075010012010162
004041219075012013030546
008041219075012013020824
003041219075013012050363
006041219075014011000683
008041219075015012080189
006041219075016011000408
004041219075016014030425
009041219075017014020567
003041219075017012050368
008041219075018012080284
002041219075019019110014
009041219075019012070286
006041219075020011000408
008041219075021013020606
008041219075024013020651
006041219075025013020240
001041219075026015010787
004041219075026013030590
009041219075026015020535
008041219075027013020468
002041219075027019020377
003041219075027012050313
008041219075029012120368
002041219075029014030373
009041219075029013020797
002041219075030019020230
003041219075030012040447
001041219075030012020324
006041219075030011000408
002041219075032013030627
003041219075032013010624
004041219075033012170073
008041219075033015020502
006041219075033011000408
001041219075034015010788
003041219075035013010787
006041219075035013010270
002041219075035012140389
002041219075035019050225
004041219075036012140456
001041219075038014010201
003041219075038013010601
006041219075039011000258
002041219075040015030436
003041219075040012030366
004041219075040015030368
008041219075041013020878
006041219075042015090608
003041219075042012060359
008041219075043012100312
002041219075043019050091
003041219075045015010716
001041219075045015010693
006041219075045015090608
004041219075047012140462
001041219075047012040417
003041219075048013010735
006041219075049011000574
003041219075050013010759
002041219075050019040001
004041219075051012130075
001041219075051012060005
006041219075052011000651
009041219075053013020017
008041219075054013020644
004041219075054013030535
002041219075054019020363
001041219075055014010598
003041219075055012030387
006041219075056015090618
001041219075056012050358
002041219075057014030448
008041219075057013020411
003041219075057012040469
004041219075057013030571
002041219075058012140379
003041219075059013010695
006041219075059011000343
004041219075100012170193
009041219075100012100400
003041219075101012060427
008041219075102015020686
009041219075103012110143
003041219075103015010687
009041219075104012110143
006041219075104013020428
008041219075105015020545
001041219075105012040433
003041219075105013010606
009041219075106013020692
006041219075106014010053
001041219075107012060360
003041219075108013010577
009041219075108014020633
008041219075108014020627
006041219075108011000568
002041219075109013030638
009041219075110015020577
004041219075111012160088
008041219075111012100134
006041219075112014010241
001041219075114013010798
009041219075114012090267
001041219075115014010440
006041219075115012020137
008041219075115012070387
001041219075116016000126
009041219075117012070444
002041219075117014030159
008041219075117012080220
001041219075118016000126
004041219075119012150249
008041219075119012080457
003041219075119013010794
006041219075119015090580
001041219075119015010692
002041219075120013030642
008041219075122013020823
006041219075122011000713
004041219075123012130059
008041219075124012080135
001041219075124012040444
006041219075124011000203
004041219075125013030356
008041219075126012070377
006041219075126011000713
001041219075127012050213
004041219075128013030641
009041219075128012090406
008041219075128012070432
006041219075129011000710
002041219075129019100008
003041219075130012040467
003041219075131012050028
001041219075131012040458
004041219075131012170195
009041219075131012120143
008041219075131013020761
006041219075132016010086
001041219075133013010716
009041219075133013020763
008041219075134014020589
004041219075134012170231
006041219075134011000525
009041219075134013020763
003041219075135012030386
001041219075135015010753
002041219075135019020211
009041219075136012090420
004041219075137013030339
001041219075137014010600
008041219075137012090417
002041219075138019100002
009041219075138012070439
003041219075138012030403
004041219075139013030441
006041219075139012110223
001041219075139012020345
003041219075139012030372
004041219075140013030619
008041219075140013020738
006041219075141011000517
009041219075141015010696
002041219075141012130263
001041219075141012030365
003041219075141012040414
008041219075142012100323
002041219075143019110048
006041219075143012110087
001041219075144012050343
003041219075144012010387
004041219075144012170253
008041219075145012100398
009041219075145012080464
003041219075145012050307
004041219075145012140388
008041219075146013020685
002041219075146012150305
004041219075147013030412
009041219075147012110488
006041219075147019100066
003041219075147012050195
008041219075148013020836
001041219075148014010548
002041219075148012140442
003041219075148012030355
004041219075149013030607
006041219075149011000120
001041219075149014010157
001041219075151018010072
003041219075151012060400
008041219075151013020780
006041219075152011000595
004041219075153012150260
002041219075153012160259
001041219075153013010446
009041219075153012100428
008041219075154012070440
003041219075154012020390
001041219075155013010549
008041219075156012080413
006041219075156011000677
003041219075156012040382
004041219075156013030644
001041219075157012050357
003041219075158012040337
006041219075158011000276
004041219075158012130319
008041219075159014020597
009041219075159012120484
001041219075159013010712
002041219075200013030618
003041219075201012040376
006041219075201012140043
001041219075202012040354
003041219075203015010761
008041219075203012100334
006041219075204011000639
009041219075205015020639
003041219075205012030261
002041219075205019020103
004041219075207013030398
003041219075207012030266
009041219075208012090351
008041219075208014020632
004041219075209015030246
006041219075209011000640
002041219075209019040028
003041219075210012040423
009041219075210012080431
001041219075210012010389
001041219075211015010781
004041219075212013030551
009041219075212019020387
006041219075212011000727
008041219075213013020795
006041219075214013020326
009041219075214012090423
002041219075214019020286
004041219075215013030636
003041219075216013010693
008041219075216012090272
009041219075216015020618
002041219075217019020124
006041219075217011000700
008041219075218013020769
004041219075218013030530
009041219075218012110373
003041219075220013010693
002041219075220019010133
006041219075220011000663
001041219075220012030356
008041219075221012070421
009041219075221013020832
004041219075222014030426
001041219075223013010797
008041219075223012100322
006041219075223011000643
002041219075224014030390
009041219075224012070447
002041219075224019100013
004041219075224012170146
009041219075225012070447
009041219075227014020092
004041219075227012160285
006041219075227011000686
001041219075229016000168
002041219075229019010131
003041219075229012040454
008041219075229014020553
009041219075230012100224
008041219075230012110484
004041219075231015030371
006041219075231015090621
002041219075231012130333
001041219075231016000168
006041219075234012060241
002041219075234014030404
004041219075235012160280
002041219075235019020124
009041219075235014020524
009041219075237012110481
002041219075237012130279
006041219075237011000473
002041219075238019050246
002041219075238014030290
006041219075239012120124
009041219075240015020660
009041219075241012070148
008041219075241012120478
003041219075241013010791
002041219075242019050148
006041219075243019100068
002041219075243012170277
001041219075243015010682
004041219075243013030617
003041219075244015010704
004041219075244014030459
008041219075244014020180
009041219075244012080462
002041219075245012180308
006041219075246012160114
001041219075246015010785
008041219075246013020706
004041219075247012160293
009041219075247013020460
002041219075248014030289
001041219075248019110051
006041219075249015090632
009041219075249012100424
008041219075249013020753
002041219075250014030489
001041219075250012010170
003041219075250012010247
001041219075251014010502
008041219075252012090330
006041219075252014030056
004041219075252013030606
003041219075252012050303
009041219075252014020088
001041219075254015010796
003041219075254012040452
006041219075255011000731
001041219075256015010129
008041219075256012120461
003041219075257013010758
004041219075257013030576
009041219075258014020592
001041219075258013020180
001041219075258012030242
002041219075258019020392
008041219075259012120493
006041219075300015090631
004041219075300012180284
002041219075301019100072
003041219075301013010788
001041219075301014010011
004041219075302012150304
008041219075302012090394
009041219075303012080078
006041219075303011000687
001041219075303012050285
002041219075304012140445
003041219075304013010799
006041219075305013020581
001041219075305016000164
008041219075305013020812
004041219075305012130322
001041219075306014010033
004041219075307012150196
002041219075307019040006
008041219075307012110455
001041219075308015010683
003041219075308015010751
001041219075308016000164
008041219075309012110455
003041219075309012010237
001041219075310012020311
009041219075310014020574
004041219075310013030622
001041219075311015100557
008041219075311014020598
002041219075312019010108
006041219075312019100008
001041219075312012060407
003041219075312013010806
001041219075313016000154
004041219075313012160310
008041219075314012090350
006041219075314012130091
009041219075314013020833
001041219075314012010377
001041219075315016000154
001041219075316014010599
006041219075317011000670
008041219075317012070344
002041219075317019110037
009041219075318012100441
008041219075318014020630
006041219075319011000724
001041219075319012040468
004041219075319012140421
002041219075320019050243
008041219075320012080424
003041219075320013010733
002041219075321012130292
008041219075322013020758
002041219075322019050243
008041219075323013020758
009041219075323013020862
006041219075323012080163
004041219075324012170258
003041219075325012040465
002041219075325015030431
002041219075325019060097
004041219075326012140470
008041219075326013020843
001041219075326012060095
006041219075327011000598
004041219075329013030545
008041219075329012070360
009041219075329016000147
003041219075329013010654
008041219075331012080396
004041219075332013030460
009041219075332013020820
001041219075333014010526
002041219075333012150226
003041219075333013010542
008041219075334012120412
004041219075334012170218
003041219075335013010777
009041219075335012090407
001041219075336014010424
002041219075336013030518
009041219075337015020013
004041219075337012060309
002041219075338015030410
003041219075338012050123
006041219075338011000704
008041219075338012070443
009041219075339012090017
001041219075339014010581
003041219075340012050366
004041219075340014030342
002041219075340019020372
002041219075340012160215
008041219075341012100201
009041219075342014020593
003041219075342012060421
004041219075342013030264
002041219075342012170309
001041219075343012060397
006041219075343011000706
008041219075343012070264
001041219075344015100560
009041219075344012110438
002041219075344015030458
004041219075344013030508
003041219075345012040437
006041219075345015090628
008041219075346014020618
002041219075346019100061
002041219075346015030410
001041219075346013010734
009041219075347012110178
004041219075347012160301
009041219075348012110483
002041219075348019060086
002041219075348014030424
008041219075348012080452
003041219075348012040445
001041219075349012020383
006041219075349011000732
004041219075349014030491
009041219075351014020546
001041219075351012010376
003041219075351015010678
008041219075352014020562
004041219075352013030469
002041219075352013030647
006041219075352015090611
009041219075353012070442
001041219075353016000169
002041219075353019050230
009041219075354012120354
008041219075354014020594
006041219075354013020068
002041219075354014030031
004041219075354012130210
001041219075355012020111
003041219075355013010515
004041219075356012180266
009041219075356015020630
008041219075356014020622
002041219075357015030469
002041219075357019060103
003041219075358012010375
006041219075358012010292
001041219075358014010569
008041219075358014020581
003041219075359012010422
009041219075359014020435
004041219075359012180258
002041219075359015030337
002041219075400019010134
003041219075401014010605
004041219075401012140434
008041219075401012120256
006041219075402012040300
002041219075402015030423
009041219075402012080430
003041219075403013010580
008041219075403015020655
001041219075404012010409
002041219075404012130327
006041219075405011000262
009041219075405012120472
003041219075405012020393
008041219075406012120434
002041219075406016000144
006041219075407011000678
003041219075407015010794
001041219075407012040410
002041219075408013030639
004041219075408012150073
009041219075408014020538
008041219075408015020531
008041219075410012090279
003041219075410012010329
009041219075410013020778
001041219075410013010762
006041219075410011000440
002041219075411015030262
004041219075412012130116
008041219075412014020623
006041219075412011000694
009041219075412012070417
002041219075413019050029
004041219075413012150073
004041219075414012160134
009041219075414012100252
008041219075414013020825
001041219075415016000008
003041219075415013010520
006041219075416011000718
001041219075416012060349
008041219075417012100431
001041219075417013010688
004041219075417014030305
002041219075419019060084
001041219075419012010421
008041219075419013020876
003041219075419012030230
004041219075419012170194
006041219075420012180106
008041219075421012120474
001041219075421012040446
003041219075421012030399
004041219075422015030467
009041219075422013020880
004041219075423013030187
006041219075423011000231
003041219075424013010650
002041219075424012140453
008041219075424012110421
001041219075425014010357
004041219075426013030379
008041219075426012110416
003041219075426012010355
006041219075427012020340
003041219075428012050194
009041219075428013020857
008041219075429012110151
004041219075429012140422
002041219075430012180271
006041219075430011000586
002041219075430019100044
003041219075431014010436
009041219075431013020822
008041219075431012080425
004041219075432014030440
008041219075433012080425
009041219075433012100218
003041219075433012010420
001041219075433013010460
006041219075433011000283
008041219075434012100394
003041219075434013010727
006041219075435015090617
009041219075435012120415
002041219075435019020346
001041219075436012040473
003041219075436013010781
008041219075436014020331
002041219075436012130329
009041219075437012100416
004041219075437012160287
006041219075437011000666
001041219075437012020322
002041219075438019100052
009041219075438012100416
003041219075439012040222
008041219075439014020606
006041219075440011000728
009041219075440014020493
003041219075441012040453
002041219075441015030471
004041219075441012130214
008041219075442012100047
002041219075442019100063
006041219075442013010392
001041219075443019030050
002041219075443019100063
003041219075443013010793
002041219075443012160308
001041219075443014010580
006041219075444013030199
004041219075444012130342
008041219075445012120377
003041219075445014010338
009041219075445013020837
002041219075446015030362
002041219075446019020397
006041219075447013030075
001041219075447015010793
003041219075447012060432
004041219075447012180185
008041219075448012120427
001041219075448015100543
004041219075448012140452
002041219075448019050213
002041219075448012170266
009041219075449013020504
003041219075449013010737
009041219075450012120350
008041219075450012110461
002041219075450019050217
006041219075450011000715
002041219075451014030465
001041219075451012010403
008041219075451013020781
003041219075451012040477
003041219075453012030327
004041219075453012140444
008041219075453014020626
006041219075453011000498
002041219075453019060122
009041219075453013020198
001041219075454014010612
009041219075455012080461
003041219075455012050210
001041219075455014010571
002041219075456019110046
006041219075456011000627
004041219075457012150303
002041219075457015030442
001041219075457015010596
003041219075457015010792
009041219075458012070010
003041219075500015010769
008041219075500014020607
001041219075500012040346
008041219075501014020607
009041219075501014020231
004041219075501012160256
003041219075502012050225
002041219075503013030484
006041219075503012010201
001041219075503012040426
009041219075504012080123
004041219075504014030478
008041219075504012110442
003041219075505012040478
009041219075505014020351
001041219075505015010807
002041219075505012170019
004041219075506012170056
009041219075506014020351
006041219075506011000723
008041219075506015020591
003041219075506012050351
001041219075507012030381
009041219075508012090041
004041219075508013030458
001041219075508014010607
006041219075508011000681
003041219075508013010625
002041219075509019050212
002041219075509012170271
008041219075509012110427
004041219075510012130290
001041219075510012060253
002041219075511012130338
003041219075511012030276
001041219075512014010208
008041219075513013020838
009041219075513015020654
004041219075513012150294
002041219075513019020221
001041219075514012020285
003041219075514012020332
002041219075514012140148
006041219075515011000410
004041219075515012140086
008041219075516012080350
001041219075516012030350
003041219075516012030405
009041219075516013020808
002041219075516019020326
003041219075517012030304
009041219075517013020808
002041219075517014030250
001041219075517012020288
006041219075518013020274
003041219075518013010575
002041219075519019110050
001041219075519013010413
008041219075519012090256
004041219075519015030356
003041219075520012010309
009041219075520019050244
004041219075521014030088
008041219075521012090339
001041219075521013010035
006041219075521014030087
006041219075522011000581
009041219075523012080017
003041219075523013010646
002041219075524019020212
001041219075524012060353
004041219075524012170207
008041219075524013020674
004041219075525012140446
003041219075526012020392
001041219075526015010786
003041219075527012020086
006041219075527019100071
008041219075527013020536
001041219075528015010766
004041219075528012160149
002041219075529019010127
001041219075529015030112
009041219075529014020620
003041219075529015010721
001041219075530014010377
006041219075530011000388
008041219075530014020611
003041219075531012060365
004041219075531012150286
001041219075532018010048
001041219075532013010213
008041219075532014020504
009041219075532014020551
006041219075533012170077
004041219075533012150293
003041219075534012050310
008041219075534012110354
002041219075534012150299
001041219075535013010805
004041219075535012170290
001041219075535015100546
006041219075535012110004
003041219075536013010560
002041219075536019020260
008041219075537012070438
001041219075537012020385
004041219075538015030443
006041219075538015090627
003041219075539012020404
006041219075539015090616
002041219075539012170293
008041219075540013020574
004041219075541012140443
001041219075541014010492
003041219075541013010662
006041219075542013010151
004041219075542012170265
002041219075543015030388
009041219075543012120395
003041219075543013010682
004041219075543014030021
008041219075543012110351
006041219075544012130120
009041219075545015020386
001041219075545013010804
003041219075545012020381
002041219075546015030279
006041219075546011000720
008041219075546013020748
004041219075546012150301
002041219075547012150263
001041219075548012040443
002041219075548019020263
004041219075548012150171
003041219075548012030401
003041219075549012060166
006041219075549011000719
002041219075550014030418
008041219075551015020580
009041219075551014020528
003041219075551012050009
004041219075551013030616
002041219075552019050237
003041219075553012020402
008041219075553013020767
006041219075553012130223
009041219075553014020545
004041219075554014030423
003041219075555012060229
008041219075555012080225
002041219075555012150278
009041219075556012100169
006041219075556011000726
002041219075556015030376
004041219075556014030490
001041219075556014010264
006041219075557015020540
001041219075557014010510
003041219075557015010610
004041219075559015030437
009041219075559015020451
003041219075559012060414
008041219075559012070368
001041219075600014010613
001041219075601014010316
003041219075601012060410
009041219075601015020647
008041219075601015020657
004041219075602012150307
003041219075603013010770
004041219075603013030603
009041219075604015020685
003041219075604012050356
001041219075604014010613
008041219075604013020874
009041219075605014020394
002041219075605013030631
006041219075606011000566
001041219075606015010752
004041219075606012180220
003041219075606015010717
009041219075606014020394
008041219075607012100307
001041219075607015010791
002041219075608014030444
009041219075608012110485
003041219075609012040373
008041219075609012100430
006041219075609011000490
004041219075609013030348
001041219075609012050217
006041219075610014030109
003041219075610012060379
004041219075611015030445
001041219075611014010452
003041219075611012020286
008041219075612013020848
009041219075612012080297
002041219075612015030466
006041219075613015090629
001041219075613014010555
004041219075614013030496
009041219075614013020863
008041219075614013020515
003041219075614012030390
001041219075614012040367
003041219075615012030377
002041219075615019020398
001041219075615012010415
004041219075616012150290
006041219075616012020002
001041219075616012030368
009041219075617013020860
008041219075617012080459
004041219075618012160315
003041219075618012040353
001041219075618014010617
008041219075619012090400
001041219075619014010432
009041219075619012120491
006041219075620013010358
003041219075620012020269
002041219075620014030325
004041219075621014030438
001041219075621014010103
003041219075621012040429
002041219075622019030022
008041219075622015020478
001041219075623012020396
004041219075623012140463
001041219075623012150311
006041219075623011000640
002041219075623014030484
001041219075624012150311
003041219075624012010277
001041219075624012030344
008041219075625015020568
009041219075625013020841
001041219075626013010743
004041219075626014030267
003041219075626013010244
006041219075626013020397
008041219075627012070422
001041219075627013010059
006041219075628012060015
003041219075628012060221
001041219075628014010477
009041219075628012080267
004041219075628012140464
008041219075629012110404
001041219075630015010615
006041219075630012080114
003041219075630012050238
001041219075632018010047
008041219075632013020701
001041219075633012030352
006041219075633012020279
003041219075634012050266
008041219075634012070382
009041219075634012110409
002041219075634012130317
008041219075635013020865
009041219075636015020688
006041219075636011000632
003041219075636012010393
001041219075636018010071
004041219075637012150198
008041219075638012080456
004041219075639012150268
006041219075639011000065
008041219075639012080394
003041219075639012030342
002041219075639012180157
009041219075639014020542
001041219075639012050309
001041219075640018010066
009041219075642012090348
008041219075642012100446
006041219075642015020199
004041219075642014030160
002041219075643019050152
008041219075644012090408
001041219075644015030106
001041219075644012010348
004041219075645012140429
006041219075646011000277
001041219075646015010800
002041219075646019040033
004041219075646012130264
002041219075647012130288
001041219075647016000003
009041219075648015020666
001041219075649013010747
008041219075649013020702
002041219075649015030459
002041219075649019020400
006041219075649011000555
003041219075649013010739
008041219075650012120242
009041219075650013020866
001041219075651012040464
002041219075651012150309
001041219075651016000101
004041219075651014030430
002041219075652019050171
001041219075652016000101
001041219075653012050224
003041219075653012050359
004041219075653013030633
009041219075653014020424
008041219075653013020610
002041219075654012140405
006041219075654012050222
001041219075655014010615
008041219075656013020835
003041219075656012080007
002041219075656019030046
009041219075657014020554
004041219075657015030441
006041219075657011000654
003041219075658014010603
002041219075658012140468
008041219075659012090220
002041219075659013030263
006041219075700013010015
009041219075700015020674
004041219075700012130316
003041219075701013010803
008041219075702013020572
009041219075702014020426
001041219075702014010411
003041219075703012030351
001041219075703018010070
008041219075704012110340
009041219075704015020643
003041219075705012040459
001041219075705015010784
006041219075705012170053
008041219075706012070193
009041219075707015020676
003041219075707012030303
001041219075707012040450
002041219075707014030356
002041219075708019100065
008041219075709012100223
003041219075710013010454
004041219075710014030331
006041219075710012150102
001041219075710014010538
002041219075710019050220
009041219075710012110477
008041219075711012090411
003041219075712012040273
009041219075712014020416
002041219075712014030366
002041219075713019050241
004041219075713013030372
001041219075713014010068
009041219075714014020413
003041219075715012020300
006041219075715013020241
008041219075715013020852
008041219075716012100280
002041219075716014030072
004041219075716012180307
001041219075716012050179
009041219075717012070407
001041219075718012050360
003041219075718015010690
004041219075719012180296
009041219075719014020608
008041219075719012100380
002041219075719012160307
002041219075719019100018
001041219075720016000161
003041219075720015010550
001041219075721016000161
001041219075721014010493
008041219075721012110467
004041219075722012160243
002041219075722012150108
009041219075722012120421
002041219075722019020391
001041219075722012040471
003041219075723012020403
001041219075724016000163
004041219075724015030438
008041219075724013020793
006041219075725012010028
001041219075725014010332
004041219075725012180272
002041219075725012180287
009041219075725012120497
001041219075726013030071
001041219075726014010578
009041219075726012110375
008041219075727012080429
003041219075727013010730
004041219075727012130282
002041219075728019030042
009041219075728015020669
001041219075728014010457
002041219075728015030461
006041219075728011000733
001041219075729016000163
004041219075729012140465
003041219075729012020389
002041219075730012140475
008041219075730013020877
009041219075730015020664
006041219075731011000635
004041219075731012150287
002041219075731019020391
003041219075732013010807
002041219075732012180310
002041219075732019020391
001041219075732015010473
009041219075733012100450
004041219075734012140461
002041219075734013030541
008041219075734012070426
003041219075734013010774
001041219075735016000064
009041219075735013020586
002041219075735019030032
004041219075736012170219
006041219075736012050085
003041219075736012060356
002041219075737014030487
008041219075737012090302
004041219075737013030066
009041219075738012100381
001041219075738018010065
008041219075739014020540
002041219075739013030630
006041219075739011000690
003041219075739012010293
001041219075739015010804
004041219075740013030479
009041219075740012100419
004041219075741013030516
003041219075741012060420
002041219075741015030187
009041219075742012070308
002041219075742019040012
006041219075742011000656
009041219075743012070427
003041219075743012060428
001041219075743014010250
002041219075744012140428
004041219075744012170267
008041219075744012120444
006041219075745011000001
002041219075745014030467
009041219075745013020810
004041219075746012140088
001041219075746013010023
003041219075746013010767
003041219075747012020368
009041219075747012070321
002041219075747012160279
008041219075747014020443
001041219075748012030300
004041219075748012140149
006041219075748011000636
003041219075749013010598
001041219075749014010597
002041219075749015030455
002041219075750019050223
009041219075750013020819
002041219075750015030478
004041219075750012180262
008041219075750014020634
003041219075751013010740
001041219075751012010423
002041219075751014030100
006041219075751011000691
009041219075752015020678
002041219075752014030375
008041219075752012070358
004041219075753013030425
006041219075753012090035
009041219075753012110160
001041219075753015010731
002041219075753019110040
004041219075754013030354
002041219075754014030279
003041219075754012020391
002041219075755019020393
009041219075755012110160
008041219075755012110382
001041219075755012040338
003041219075756014010444
009041219075756012110406
002041219075756014030450
004041219075757012130336
006041219075757011000712
009041219075757012080358
002041219075757014030476
001041219075757012040411
008041219075757012090396
002041219075758014030387
001041219075758018010018
002041219075758019020323
004041219075758012170127
008041219075759015020680
006041219075759013030240
001041219075759018010018
001041219075759014010596
003041219075759013010780
001041219075800018010018
001041219075800014010494
004041219075801013030562
002041219075801012180288
002041219075801019050126
009041219075801014020617
006041219075802011000169
002041219075802012150273
008041219075802012100364
004041219075802012150100
001041219075803014010564
009041219075803014020619
002041219075804014030365
008041219075805012090335
009041219075805012070450
003041219075805012010400
006041219075805012030293
001041219075805015010790
004041219075805012130205
001041219075806015100556
002041219075806014030453
006041219075807011000656
002041219075807019080001
004041219075807012180144
003041219075807012030353
009041219075808014020631
004041219075808012140426
003041219075808014010575
001041219075808014010609
008041219075808012100436
002041219075809013030648
001041219075809012050321
002041219075810019020150
008041219075810012100445
001041219075810012040405
004041219075810013030609
002041219075811012170308
009041219075811012080470
003041219075811013010294
001041219075811018010069
009041219075812012090368
002041219075812014030480
001041219075812012050279
004041219075813012140469
008041219075813012080419
003041219075814012040406
006041219075814012160085
002041219075814012170298
009041219075814013020869
002041219075815019040021
001041219075815018010069
004041219075815012180277
002041219075816014030160
003041219075816012010414
008041219075816012110378
006041219075816012130049
009041219075816012110424
001041219075817013010011
009041219075817012110489
004041219075818012150255
006041219075818011000648
008041219075818012080454
009041219075819014020571
002041219075819014030488
004041219075819012170228
002041219075820019030025
002041219075821015030247
004041219075821013030573
009041219075821012120447
008041219075821012110487
006041219075822012050129
002041219075823014030388
009041219075823014020570
008041219075823014020417
003041219075823012050183
002041219075823019050170
001041219075824012020382
004041219075824012150312
009041219075825015020672
002041219075825012160253
004041219075825015030457
006041219075826013010215
003041219075826015010668
008041219075826012080380
002041219075827019040030
004041219075827012140363
008041219075828013020783
004041219075828012130285
002041219075828013030589
001041219075828012030376
002041219075829012160306
001041219075830012050348
006041219075830011000398
002041219075830012160300
004041219075831012170304
002041219075831019020273
008041219075831014020036
001041219075832012010408
003041219075832012020399
009041219075832014020512
002041219075832014030369
004041219075833012130335
009041219075833014020512
003041219075835015010783
001041219075835013010006
009041219075835015020659
002041219075835012140449
002041219075835019020307
008041219075836014020563
004041219075836012180312
009041219075837012080447
003041219075837012060378
002041219075838012130276
002041219075838019010109
009041219075839015020684
004041219075839013030523
008041219075839014020036
001041219075840016000139
006041219075840014010295
002041219075840013030649
003041219075840013010808
009041219075840015020638
004041219075841012140460
002041219075842014030022
008041219075842013020749
009041219075842012090419
003041219075843013010631
001041219075843016000157
004041219075843013030550
002041219075844015030244
003041219075844013010567
006041219075845011000422
009041219075845013020840
002041219075846012150314
001041219075846018010068
008041219075846012070390
009041219075846014020411
002041219075846019020149
004041219075846014030470
003041219075846013010190
004041219075847012140374
006041219075848011000026
009041219075848012090343
008041219075848013020409
002041219075848012160302
004041219075849012160289
001041219075849015100559
006041219075849011000662
003041219075850012050204
001041219075850014010593
002041219075850012160292
008041219075851012090300
004041219075852013030558
002041219075852014030475
009041219075853014020007
001041219075853012050347
003041219075853014010537
008041219075853012080428
001041219075854014010573
006041219075854012130102
002041219075854015030351
001041219075855018010059
009041219075855014020414
008041219075855012120425
004041219075856012150128
006041219075856012120196
008041219075857012100358
009041219075857015020057
001041219075857014010536
002041219075857012160230
001041219075858018010059
009041219075858012080453
008041219075859012100329
004041219075900012130270
002041219075900012180297
003041219075900013010284
009041219075901014020398
004041219075901012150319
001041219075902018010008
008041219075902013020721
002041219075903012180253
004041219075903013030456
009041219075903012110397
006041219075904011000725
009041219075905012110478
001041219075905016000025
008041219075905012110353
002041219075906019020378
004041219075906012140473
002041219075906014030399
001041219075906015010795
001041219075907016000025
009041219075907012120393
008041219075907014020511
001041219075908013010604
001041219075909015100551
009041219075909012070236
002041219075909013030596
004041219075909014030336
008041219075910012120399
009041219075911012090414
002041219075911019050240
008041219075911012120431
001041219075911015010802
004041219075911014030437
002041219075911015030455
003041219075912012010372
004041219075912013030366
002041219075912014030381
001041219075913015030454
006041219075913012130286
001041219075913012010014
008041219075914014020565
009041219075914015020681
002041219075915015030395
002041219075915019020301
004041219075915013030634
008041219075916012080345
001041219075916012060259
004041219075916013030608
002041219075917013030308
009041219075917014020529
004041219075918012130334
009041219075918014020530
008041219075918012080364
001041219075918013010331
003041219075919012010413
002041219075919015030477
008041219075920014020502
006041219075920012010254
004041219075921013030366
002041219075921012130330
009041219075921012100449
006041219075922012050057
004041219075922013030325
001041219075922015010407
003041219075922012040397
008041219075923012070338
003041219075924013010724
004041219075925012140471
006041219075925012080127
009041219075925012110476
002041219075926019050196
002041219075927012140458
004041219075928014030471
002041219075928012140409
006041219075929015020461
001041219075929018010061
001041219075929013010641
008041219075929012100350
004041219075930012170054
008041219075930012120492
002041219075931012170303
004041219075932012130278
001041219075932016000166
003041219075932012050334
006041219075932012090150
002041219075933012130303
008041219075933012080361
009041219075934015020598
003041219075935012060388
008041219075935012100318
004041219075935012140408
002041219075936012130326
006041219075936012160104
004041219075937013030614
009041219075937014020578
006041219075938012060389
008041219075938012110464
002041219075938015030468
003041219075938012030194
002041219075939019050193
001041219075939014010604
008041219075939012120402
009041219075939015020623
002041219075940013030548
006041219075940011000668
004041219075940012130345
004041219075941013030591
009041219075942012070357
008041219075942013020660
002041219075942012180275
002041219075943019110049
008041219075944013020554
004041219075944012180206
002041219075944012130254
001041219075944016000167
004041219075945012180282
008041219075945012110480
002041219075946019010119
002041219075946015030470
001041219075947016000058
006041219075947012010405
001041219075947012050234
009041219075947014020043
002041219075947012160233
002041219075948019010132
004041219075948013030119
008041219075948012070376
009041219075948012100347
008041219075950012110458
006041219075950011000439
004041219075950013030104
001041219075950012040131
003041219075951013010666
006041219075951011000263
002041219075951019020007
002041219075951012130337
004041219075952012160272
002041219075953019010072
001041219075953016000058
006041219075954012060312
006041219075955015030168
001041219075955012040355
008041219075955013020745
004041219075955012130314
002041219075956019050183
001041219075956015010017
001041219075956016000141
002041219075957014030416
003041219075957012040420
008041219075958013020689
001041219075958016000141
004041219075958012160236
008041219075959012100425
001041219075959016000141
001041219075959014010535
003041219075959012010173
001041219080000016000141
004041219080001012180212
002041219080001015030424
003041219080001013010259
001041219080002014010267
008041219080002013020813
009041219080002012070197
004041219080002012130298
002041219080002019070038
009041219080003012120401
003041219080004012060331
002041219080004012140127
001041219080005018010055
009041219080005012110486
001041219080005012060431
008041219080005012080346
004041219080005012150241
008041219080006012080438
001041219080006012020021
004041219080007012160311
002041219080007019040009
002041219080008013030623
009041219080008014020603
001041219080008012010005
004041219080009015030306
008041219080010012120306
002041219080010019110013
009041219080010012120486
003041219080010015010789
004041219080010012180249
001041219080011014010522
002041219080011012180273
001041219080012013020226
004041219080012015030306
003041219080013013010522
001041219080013014010066
008041219080013012120465
002041219080013019040032
009041219080013014020586
004041219080014012160296
009041219080014014020006
002041219080014013030605
008041219080015012080414
004041219080016012160190
009041219080016014020566
002041219080016019040016
001041219080016012040475
002041219080016013030024
003041219080016012030317
001041219080017014010587
006041219080017012020010
009041219080018013020282
004041219080018014030368
008041219080018012070392
002041219080019014030427
002041219080019019020379
003041219080019012050365
009041219080020012120463
004041219080020014030334
002041219080020015030402
003041219080021013010769
008041219080021015020410
002041219080022014030158
006041219080023011000534
009041219080023015020663
004041219080023013030567
002041219080024014030486
003041219080024012060398
003041219080024012010401
008041219080024012080468
009041219080025012090377
004041219080025014030398
003041219080026019110043
002041219080026014030481
001041219080027014010610
003041219080027015010780
008041219080027014020536
009041219080028015020624
004041219080028012130344
002041219080028014030452
003041219080029012050354
008041219080029012090345
001041219080029012060387
004041219080030012180292
001041219080030012020325
002041219080030013030346
009041219080031013020425
006041219080031011000674
003041219080031014010616
002041219080032012170235
008041219080032012070366
004041219080032012130320
001041219080032014010133
004041219080033012130242
003041219080033012030095
002041219080034013030399
009041219080034012120440
001041219080035014010594
008041219080035012090357
004041219080036013030440
009041219080036016000124
003041219080036014020020
002041219080036012170295
006041219080037015020563
001041219080037012060403
008041219080037013020726
002041219080038014030485
001041219080038014010309
008041219080039012100405
004041219080039015030451
004041219080040012140337
002041219080041014030447
001041219080041012010385
004041219080043012170020
008041219080044013020747
003041219080044012010337
004041219080045015030408
003041219080046012030396
008041219080046013020872
002041219080046019030043
002041219080046012180257
004041219080047014030299
006041219080047012020162
008041219080048012090413
002041219080049012180261
004041219080049013030538
008041219080050012120433
004041219080050012170291
003041219080050012010010
002041219080051012130302
002041219080051019020327
009041219080051012070341
004041219080052014030150
008041219080052012120301
009041219080052012090291
003041219080053012050320
002041219080054015030386
004041219080054012170297
002041219080054019050234
009041219080054013020803
003041219080055013010473
002041219080055019050234
008041219080055014020120
006041219080055013010296
004041219080055012150297
002041219080056012130271
002041219080057012150201
003041219080058012030338
008041219080058013020811
004041219080058012140437
009041219080058013020817
004041219080059012140420
008041219080100012070403
001041219080100012020367
002041219080100015030383
003041219080101013010702
009041219080101013020773
004041219080102012180260
001041219080102012010382
004041219080103012180259
008041219080103012090402
002041219080103019040023
009041219080103014020534
001041219080104013010761
008041219080104012070404
004041219080105013030222
002041219080105012020016
004041219080106013030577
009041219080107012110479
001041219080107014010590
003041219080107012050341
008041219080107012080373
001041219080108012070090
009041219080108012090410
004041219080108012160231
002041219080108012170275
008041219080109012120419
003041219080109014010525
004041219080111012170217
008041219080112013020626
006041219080112012020274
002041219080112015030475
004041219080112012170209
002041219080114013030584
008041219080115014020602
004041219080116012170280
001041219080117012060415
009041219080119012080366
003041219080120013010004
008041219080121012100367
004041219080122012160298
006041219080122012030316
003041219080123015010805
001041219080123019010128
001041219080124014010524
002041219080124019020382
003041219080125014020025
006041219080126014030096
001041219080126014010608
008041219080126014020470
009041219080127014020604
004041219080127012130284
008041219080128012100327
004041219080129012130014
004041219080130012170222
008041219080131012090401
001041219080131014010200
003041219080133012030328
008041219080134012070431
009041219080135012120464
008041219080136013020790
002041219080137014030217
003041219080137012010398
001041219080138016000112
002041219080138019030049
008041219080138013020790
008041219080139014020628
009041219080139012090380
004041219080140012130267
008041219080141014020582
009041219080141015020022
006041219080142013010117
008041219080144012070411
002041219080147019050209
008041219080148014020513
006041219080149014020055
002041219080153019070031
004041219080155015030101
008041219080155012070410
009041219080155013020640
004041219080158012150069
002041219080200012180305
001041219080202012030361
006041219080203012150195
001041219080204012030363
001041219080205012030385
008041219080208014020525
009041219080208012120414
002041219080209019050195
009041219080210012080418
006041219080210011000600
008041219080211013020870
004041219080211012140154
009041219080213013020643
004041219080213015030439
004041219080215012180263
004041219080217012170284
009041219080217015020541
004041219080219012170287
008041219080219014020616
006041219080221012030282
004041219080222012160087
002041219080223014030001
009041219080225012120448
002041219080225012170299
004041219080227013030331
002041219080229019020335
001041219080230016000163
002041219080230012160228
004041219080232012150295
002041219080234019040020
002041219080236012180154
004041219080237014030454
001041219080237012060368
002041219080239014030466
002041219080239019090016
001041219080240012030196
001041219080241013010783
008041219080243014020615
002041219080249012140425
004041219080249012150271
003041219080250013010765
002041219080251012150261
009041219080252014020568
004041219080252012180159
006041219080254014020288
002041219080255012140431
006041219080256012160222
008041219080259014020489
008041219080300014020489
008041219080302012080469
002041219080304019020065
002041219080305012150315
002041219080306019020333
004041219080307012170306
001041219080309014010611
001041219080311019030038
002041219080312014030176
001041219080312012050147
004041219080314013030485
001041219080318012030329
002041219080323015030474
003041219080323012050353
002041219080326012170250
008041219080329012100385
006041219080329012010190
004041219080329012140225
002041219080335014030449
002041219080338013030465
006041219080345014020550
009041219080349016000149
004041219080353013030610
009041219080355012070433
004041219080358012140441
009041219080400015020641
006041219080404012160012
002041219080411012150250
001041219080414012030305
009041219080421012090399
004041219080428013030510
002041219080447019040034
002041219080511019010074
002041219080534019040015
002041219080538019010118
002041219080543019010094
004041219080552012180301
001041219080631012060422
008041219080648012090388
008041219080715012090391
003041219080738012010392
004041219080751012020358
002041219080754012140447
002041219080903019070001
002041219081002019010008
002041219081157019010111
002041219081209019010031
002041219081227019030033
001041219081230016000012
001041219081252016000052
002041219081301019010087
003041219081334012010327
008041219081930012120470
004041219082402013030504
003041219082440013010795
001041219084054014010539
002041219084505019060102
002041219085419019010067
003041219085651012020400
001041219091759016000007
001041219091801016000001
001041219115123019030038
002041219154519019100013
008041219160038012120494
001041219165213016000112
004041219165243013030372
002041219165319019040036
002041219165328019010108
002041219165333019040036
002041219165349019040006
001041219165542016000139
001041219165545016000157
003041219165749012010377
004041219165836013030479
004041219165849013030558
004041219165857013030382
004041219165948013030608
002041219165952013030639
002041219170001013030627
002041219170003013030649
002041219170009013030308
004041219170013013030469
001041219170015012040471
004041219170022013030398
004041219170023013030482
004041219170027013030630
002041219170032013030484
002041219170034013030548
002041219170039013030648
004041219170041013030516
004041219170042013030199
004041219170054013030523
004041219170057013030571
002041219170058019100061
004041219170059013030577
006041219170100013030263
002041219170101013030589
004041219170108013030084
004041219170111013030222
006041219170112011000445
008041219170123012090300
004041219170144013030567
004041219170149013030545
009041219170150013020586
009041219170152013020599
004041219170153013030509
004041219170204013030104
004041219170206013030356
004041219170212013030458
004041219170213013030386
004041219170215013030379
003041219170226013010795
004041219170233013030565
003041219170237012040397
004041219170253013030456
004041219170254013030024
004041219170302013030633
004041219170303013030629
001041219170306012010254
004041219170310013030466
004041219170313013030647
004041219170318013030504
004041219170335013030622
004041219170337013030443
004041219170350013030003
004041219170353013030625
006041219170403011000231
004041219170408013030507
006041219170409011000663
004041219170435013030346
002041219170559019050234
006041219170714011000595
001041219171056012040426
006041219171759011000490
004041219172142012130292
002041219173206019010127
002041219173211019020318
002041219174158019020399
004041219174707014030440
002041219175259019010131
002041219175304019010133
002041219180344019010072
002041219180402019050152
006041219180428015090633
006041219180616011000737
006041219180738011000741
002041219180739019040024
006041219181133015090633
006041219181138015090633
006041219181153011000737
006041219181157011000741
006041219181203011000740
006041219181207011000739
006041219181211011000736
006041219181216011000738
002041219181345019040023
001041219181837016000088
001041219181840016000088
002041219182035019020286
002041219182247019090016
001041219182715016010123
001041219182718016010127
002041219182752019020065
001041219182913019010125
001041219183004016010071
001041219183009016010100
001041219183011016010100
001041219183044016010077
001041219183308016010128
001041219183312016010105
002041219183503019030045
008041219183736016010129
008041219183749016010129
001041219184301016000141
008041219184425015020669
009041219184431015020669
009041219184434015020681
008041219184434015020679
009041219184437015020687
002041219184438019050243
009041219184440015020687
009041219184505015020688
002041219184544015030471
002041219184659019030025
001041219184747016000164
001041219184749016000164
001041219184750016000164
001041219184758016000003
001041219184805016000126
001041219184806016000126
001041219184808016000126
001041219184813016000154
001041219184814016000154
001041219184834016000161
001041219184837016000161
001041219184838016000161
001041219184841016000163
001041219184843016000163
001041219184845016000163
001041219184846016000163
001041219184847016000163
001041219184849016000163
002041219184956019030001
002041219185005019010074
002041219185009019010134
001041219185018013010716
001041219185030019010128
001041219185035016000073
001041219185042016000167
001041219185043016000167
003041219185109012020366
006041219185201016010086
002041219185213019020230
008041219185219013020689
008041219185220013020689
002041219185258019030032
002041219185326019030042
008041219185344015020687
009041219185346015020681
009041219185354012080431
009041219185410012070415
008041219185411013020749
009041219185412013020837
008041219185413013020685
008041219185416013020411
009041219185419012120447
008041219185419013020536
001041219185420018010018
001041219185421018010018
008041219185421013020644
009041219185421012070433
002041219185421019040021
001041219185422018010067
008041219185422013020606
009041219185423012070435
008041219185424013020824
009041219185425012090377
001041219185427018010069
008041219185427013020838
002041219185427019040030
002041219185429019040030
008041219185430013020651
008041219185432012090383
009041219185434012090348
008041219185435012100318
001041219185435018010065
002041219185436019040028
009041219185437013020833
008041219185438013020683
008041219185440012080350
001041219185442018010068
008041219185442013020850
008041219185445013020767
001041219185446018010047
008041219185448013020769
009041219185449013020778
008041219185451013020844
002041219185451019040036
008041219185454013020542
001041219185454018010048
009041219185455012070437
008041219185456013020879
001041219185457012010005
009041219185457012080464
003041219185458012010420
001041219185459012010348
003041219185459012010309
009041219185459013020869
001041219185500012050179
003041219185501012060015
001041219185501012010408
009041219185501013020855
008041219185501013020851
006041219185502013020543
003041219185504012040273
001041219185504012060397
009041219185504013020797
001041219185504018010061
006041219185505013020412
008041219185505013020255
001041219185506012030397
003041219185507012060426
009041219185507012070308
008041219185507013020397
009041219185508012110488
003041219185509012060388
003041219185510012010329
009041219185510013020859
008041219185510013020572
001041219185510018010070
001041219185511012010393
003041219185512013010560
009041219185512013020860
008041219185512013020836
002041219185512019040033
009041219185513013020860
001041219185514012040405
001041219185514018010071
008041219185514012120427
003041219185515013010515
009041219185515013020198
001041219185516012050310
006041219185516013020581
008041219185516012070426
003041219185517013010007
009041219185517012070417
001041219185518012010337
008041219185519012120124
009041219185519012080418
003041219185520013010505
001041219185520013020180
009041219185521013020841
001041219185522013010747
001041219185523013010797
003041219185523013010780
009041219185523012080383
008041219185524012110404
003041219185525012010293
006041219185525013020240
001041219185525018010055
009041219185525012110412
001041219185526012010247
008041219185526013020811
001041219185526018010054
001041219185527012040468
003041219185527013010672
009041219185527013020017
009041219185528013020810
008041219185529013020701
001041219185530012010277
009041219185530013020863
003041219185531012020399
001041219185531018010066
004041219185532012180288
003041219185532013010793
008041219185532013020825
001041219185533012050343
009041219185533013020831
001041219185534018010055
003041219185535012060396
008041219185535012070197
009041219185535013020692
001041219185536012010387
008041219185536012120401
001041219185536018010066
003041219185537012030316
003041219185538013010730
001041219185538012060387
001041219185539012010201
002041219185539012180288
008041219185539012100201
009041219185539013020703
003041219185540013010693
001041219185540018010008
001041219185542013010641
008041219185542012090394
003041219185543012030349
009041219185544013020188
008041219185544012120474
003041219185545013010625
003041219185547012030399
008041219185547012100429
006041219185548012020340
003041219185549012060221
008041219185549012120425
003041219185550013010727
003041219185552012060359
001041219185552012010355
001041219185553012050321
009041219185553012100224
003041219185554013010791
001041219185555012050028
003041219185556013010577
003041219185559012030342
009041219185559013020803
003041219185600013010737
008041219185600012100322
001041219185601018010059
003041219185602012040355
001041219185603012030266
003041219185603013010724
008041219185603012100006
003041219185604012060364
001041219185604018010059
009041219185604013020819
002041219185605019050196
008041219185606012100380
003041219185607012030401
003041219185608012060421
001041219185608013020226
003041219185609012030261
002041219185609019040034
009041219185610012100311
008041219185610012090017
001041219185611013010460
003041219185612012030230
001041219185612013010803
001041219185612015010763
008041219185613012100334
002041219185614019010111
001041219185615012010028
003041219185615013010758
001041219185616018010072
001041219185617012010375
003041219185617013010598
006041219185617012060241
009041219185618012090407
008041219185618012100134
003041219185619012030282
001041219185619012050195
009041219185620012090410
006041219185621013010014
002041219185621019040012
001041219185622012030353
003041219185622012020400
003041219185624012020391
008041219185624012120464
006041219185625013020274
002041219185625019110027
001041219185626012030404
001041219185626015030454
003041219185627013010454
001041219185628013010783
008041219185628013020848
009041219185628013020773
002041219185628019080001
003041219185629012030276
009041219185629012120491
001041219185630013010802
008041219185631012080284
001041219185632013010755
003041219185633013010190
009041219185633013020504
002041219185633019040016
004041219185634013030546
001041219185634013010751
008041219185634012090344
003041219185635013010712
001041219185635013010688
002041219185635019060102
004041219185636013030460
003041219185636012050307
006041219185636013010215
001041219185637013010798
008041219185637012080459
002041219185637019010132
004041219185638013030066
003041219185638012060365
001041219185639013010743
008041219185640012080220
009041219185640012100381
001041219185641012050308
002041219185641012160292
003041219185641012060166
004041219185642013030646
001041219185643013010805
003041219185643012010405
008041219185643012120493
004041219185644013030264
002041219185644012160292
009041219185644012120395
001041219185645012030365
009041219185645012120350
002041219185646012160302
008041219185646012090339
001041219185647013010023
003041219185647013010787
008041219185648012090248
001041219185649012030385
003041219185649013010666
002041219185650012160253
008041219185650012100307
001041219185651012020383
009041219185651012070442
002041219185651019050029
003041219185652012050353
002041219185652012140379
001041219185653012030356
006041219185653012020037
003041219185654012060433
002041219185654012150273
009041219185655012070447
001041219185656013010762
008041219185656012090357
009041219185656012120440
002041219185657012130297
003041219185657013010662
008041219185657012090357
004041219185658012170291
003041219185700012050210
001041219185701012060407
004041219185701015030459
003041219185702013010769
002041219185703012130288
002041219185703019030022
001041219185704012020345
004041219185704013030644
003041219185706013010785
001041219185707012010237
004041219185707013030348
002041219185708012130271
004041219185708012130264
008041219185708012080380
003041219185710012020389
004041219185710013030441
001041219185711012030352
002041219185711012130339
004041219185712013030619
006041219185713011000687
008041219185713012080394
004041219185714012150073
002041219185714012150314
009041219185714012090267
001041219185716012030363
006041219185716012020010
004041219185717013030119
002041219185717012130279
008041219185717012080468
003041219185718013010520
004041219185720012130223
001041219185720012040462
003041219185721012060312
009041219185721012100416
002041219185722012150278
004041219185722013030425
002041219185722019040035
003041219185723012030396
002041219185723012170299
009041219185723013020817
004041219185724012140429
006041219185724013010015
008041219185725012100425
002041219185725019050223
009041219185725012070366
002041219185726012170299
001041219185726013010011
004041219185726012170056
003041219185727012030344
008041219185727013020878
002041219185727019050223
001041219185729012040354
003041219185729012040443
009041219185729013020866
004041219185730013030448
008041219185730012090422
002041219185731012160313
003041219185732012040466
004041219185732012180278
001041219185732012040461
008041219185732013020790
009041219185732013020862
003041219185733012040467
002041219185733012130319
002041219185735012180106
001041219185735012010014
004041219185735012140420
009041219185735013020763
002041219185735019010118
008041219185735012120465
003041219185736012060309
006041219185736012130286
003041219185738012040192
002041219185738012170275
004041219185738013030535
008041219185738012110464
004041219185739013030576
009041219185739012110477
006041219185739013030176
003041219185740013010765
009041219185740013020864
003041219185741012030403
002041219185741012140462
008041219185741012100367
004041219185742013030508
001041219185743012040462
009041219185743012110482
002041219185744012140409
003041219185745012050194
004041219185745013030366
002041219185745015030463
008041219185746012090401
002041219185747012130312
009041219185747012100257
003041219185748012050225
004041219185748013030075
008041219185748012110353
003041219185749012060229
009041219185749013020880
004041219185750013030412
001041219185751012050222
004041219185751013030634
002041219185751013030623
001041219185752012040438
008041219185752012090345
009041219185752012080078
002041219185753012170280
003041219185754012060331
004041219185754013030624
001041219185755013010734
008041219185755012120402
004041219185756013030530
002041219185757012170306
001041219185757013010604
003041219185758013010788
008041219185758013020835
002041219185759012150271
004041219185759012150170
006041219185800012080163
003041219185801012020392
004041219185801013030496
008041219185801013020738
002041219185803012140435
003041219185804013010806
004041219185804012150286
003041219185805012040447
001041219185805012020324
004041219185806012180046
002041219185806012140469
009041219185806012100379
003041219185808012060427
004041219185809012180220
002041219185809012170019
008041219185809012110421
003041219185811013010772
008041219185811012110442
003041219185812012040454
001041219185813012060368
004041219185813012180272
008041219185813012100445
001041219185815012020333
003041219185815012040414
002041219185815012160228
009041219185815012090351
001041219185817012040470
003041219185817012040452
002041219185818012130326
008041219185818012110164
003041219185819012030351
006041219185819012130091
002041219185820012170264
009041219185820012090419
003041219185822012030095
001041219185822012050331
008041219185822012090035
004041219185823012150312
001041219185824012050279
009041219185825013020822
003041219185827012060374
001041219185827012050315
004041219185828012150311
008041219185828012080127
003041219185829012040476
001041219185829012050285
004041219185830015030467
008041219185830012080007
003041219185831012040376
009041219185831012100385
004041219185832013030591
008041219185832012100411
004041219185833012140426
003041219185833012040353
002041219185834012150294
009041219185834013020857
001041219185835012040338
004041219185835013030636
008041219185835012080135
001041219185836012050360
003041219185836013010682
002041219185837012150290
004041219185837012130280
008041219185837012110487
001041219185838012040417
003041219185838013010739
001041219185838012040131
008041219185839012110480
004041219185840013030187
003041219185840013010767
001041219185841012010389
008041219185841012080345
002041219185843012130102
004041219185843013030246
003041219185843012030386
008041219185843012090413
001041219185844012060007
002041219185845012160308
003041219185845013010631
001041219185847012050217
003041219185848013010580
008041219185848012100323
003041219185850013010413
003041219185851013010624
008041219185851012100400
004041219185852012170290
001041219185853013010677
008041219185854012100436
004041219185855013030354
003041219185856012050057
002041219185856015030436
001041219185857013010035
004041219185857012170194
002041219185858012140363
004041219185859013030551
003041219185900013010117
002041219185900019030046
004041219185901012170053
008041219185902015020545
002041219185903012140441
001041219185904013010021
004041219185904012170193
009041219185905012110375
002041219185906012160272
003041219185906013010004
004041219185907012130242
006041219185907013030188
002041219185908012150128
008041219185908013020468
003041219185909012030381
002041219185911012160243
003041219185911012040373
004041219185911012180171
002041219185913012160306
001041219185913012060253
004041219185913013030538
003041219185914012040437
008041219185914013020067
004041219185915012170207
002041219185915012160300
003041219185917013010296
002041219185918013030573
004041219185918012160190
008041219185918013020877
003041219185920013010365
002041219185920012150305
004041219185920012140461
008041219185920013020877
004041219185922012140446
003041219185923012020288
002041219185923012180261
002041219185924012150263
003041219185925012050356
004041219185925012140456
002041219185926012130316
003041219185927012050341
009041219185927012080408
004041219185928012130336
002041219185928012130327
008041219185928013020610
002041219185930012130250
003041219185930012060356
009041219185930012100419
004041219185931012130295
002041219185931012180308
008041219185931013020745
002041219185932015030463
003041219185933012050238
004041219185934012150255
004041219185935012180249
002041219185935012170309
008041219185936013020428
004041219185937012130320
002041219185938012150069
008041219185939013020852
002041219185939019050164
009041219185940012120414
002041219185941012140452
004041219185941012150303
008041219185941013020793
004041219185943012180262
002041219185943012180257
002041219185943012180273
008041219185943012090279
001041219185944012020382
004041219185946012140167
009041219185946012070422
002041219185947012140475
003041219185947013010294
009041219185947012110443
002041219185948012180310
001041219185948015100560
001041219185949012060403
004041219185949012150301
006041219185950012150195
003041219185951013010244
001041219185951015100561
001041219185952012030305
004041219185952012150100
002041219185953012180257
008041219185953013020813
002041219185954012180273
002041219185955012180310
004041219185955012130075
004041219185957012180263
008041219185957012110223
001041219185957015100551
004041219185959013030617
002041219190001012130284
001041219190001015100557
001041219190002012020388
004041219190003012140465
001041219190004015100556
009041219190005012090414
001041219190005015100546
004041219190006012130285
004041219190007012180159
003041219190007013010710
001041219190007015100557
003041219190008012050303
001041219190008015100556
002041219190010012150309
003041219190010012020137
001041219190010013010804
004041219190010012140374
009041219190010012110489
001041219190010015100546
004041219190011012160256
001041219190011015100557
008041219190011012090404
002041219190012012150274
002041219190014012180305
001041219190014015100559
003041219190015012060360
008041219190015013020795
003041219190016013010646
002041219190017013030642
009041219190017012110478
008041219190017013020795
004041219190018012150196
001041219190018012030300
008041219190019012070358
009041219190020012110478
003041219190021015010751
001041219190021015100543
008041219190021012070441
003041219190022012040442
004041219190023012140408
009041219190023015020688
004041219190025012170304
001041219190025013030157
002041219190026019030047
001041219190030012050334
006041219190030011000643
004041219190034012180282
008041219190036012070384
003041219190037012010372
004041219190037012140388
008041219190038012080225
003041219190039013010270
002041219190040015030431
002041219190043015030426
004041219190045012170250
003041219190045012050204
002041219190046012160275
002041219190049012130276
003041219190049012010413
004041219190052012180158
002041219190054012140474
008041219190054012110467
004041219190055012140337
004041219190058012180206
008041219190058012090350
009041219190059015020678
004041219190101012150287
002041219190101012130120
002041219190102012150091
004041219190104013030609
002041219190105012170127
004041219190105013030603
004041219190107012160311
001041219190107012030196
002041219190108012130270
002041219190108019050193
001041219190109012050348
004041219190109012170218
002041219190110012150201
004041219190112012170279
002041219190112019050230
006041219190112011000517
004041219190114012180158
002041219190115013030631
004041219190115012170073
003041219190115013010702
006041219190115013010151
004041219190119013030607
006041219190122011000598
004041219190125012140127
004041219190128012170258
003041219190129012040477
006041219190129011000439
009041219190129012110481
003041219190131012010398
008041219190131012100223
004041219190132012170144
002041219190134012130165
004041219190134012140434
003041219190135013010799
009041219190135013020723
004041219190136012130341
004041219190141012160231
008041219190142012080346
004041219190143012170257
008041219190144012090396
008041219190149012080456
004041219190151012160114
008041219190152012080456
002041219190152019030048
004041219190155012160136
003041219190156015010794
006041219190156011000732
004041219190157013030240
003041219190158012060414
004041219190159012150307
003041219190201013010567
008041219190201012110466
002041219190204012150135
003041219190205015010792
006041219190207013020326
004041219190208012140149
002041219190208012140468
004041219190211012160256
002041219190212019010094
003041219190214012040445
002041219190214019010008
004041219190215012160293
002041219190215019010008
004041219190217012160285
004041219190220012160236
004041219190223012160298
004041219190226012150319
001041219190226012040464
003041219190227013010768
009041219190229015020451
004041219190230012130298
008041219190230012080454
001041219190232012050183
003041219190234012050368
004041219190235012130049
008041219190235012110461
002041219190236012170303
009041219190238015020535
004041219190240012130210
002041219190246012130278
006041219190248011000725
008041219190251012080469
004041219190255012150102
004041219190259012150171
009041219190259012090343
001041219190303012010361
004041219190303012180301
006041219190305011000651
008041219190307013020821
006041219190310011000065
004041219190312012160233
004041219190314013030440
006041219190314012080131
001041219190316013010213
004041219190319019020149
004041219190322012130342
001041219190324012040446
003041219190327015010769
001041219190327012040446
004041219190330012180292
008041219190332012080414
003041219190334015010550
004041219190334012130314
004041219190335012140470
008041219190335012070382
006041219190337011000568
002041219190338019110040
008041219190342012110414
004041219190346012180185
002041219190347012140447
003041219190348012020008
008041219190350012090411
001041219190351012030372
001041219190353012050129
004041219190401013030510
002041219190401012130282
004041219190402012170222
002041219190403019010124
002041219190404015030476
002041219190408015030434
008041219190409012110087
008041219190413012120256
001041219190414015010753
008041219190414012120256
008041219190415012120256
004041219190417012140466
008041219190418012110474
004041219190423012140473
001041219190427015010784
002041219190429019040032
006041219190431011000740
001041219190434012060415
003041219190435012050365
004041219190436012180259
004041219190437012180258
002041219190438019020383
008041219190439012110297
002041219190442019020318
003041219190443015010690
003041219190446013010735
003041219190452015010704
003041219190507012030366
004041219190515012140422
002041219190518019050128
003041219190531012030390
002041219190550019060084
004041219190556012170253
002041219190605012150108
008041219190632012090423
004041219190639015030408
008041219190639015020672
004041219190708012170178
008041219190725012090402
003041219190741012050224
003041219190804012040411
002041219190811019020095
002041219190822019050195
008041219190838015020668
008041219190844012110446
003041219190944015010801
002041219190955019010116
002041219190956019010116
002041219191022019020150
009041219191025012080366
001041219191046019110051
002041219191059019010119
002041219191103019010109
003041219191218012050350
002041219191302019060101
009041219191312012080462
003041219191449012050366
002041219191500019060086
003041219191722015010610
001041219191735019050188
009041219191930019020387
002041219191930019050239
001041219192033012050358
003041219192253012030317
002041219192356019060122
003041219192413012030293
002041219192447019050212
002041219192451019050091
002041219192455019050246
002041219192538019020083
002041219192638019050170
002041219192727019050209
001041219193107016010095
001041219193126016010106
001041219193132016010119
001041219193137016010073
001041219193140016010131
001041219193145016010122
001041219193149016010045
001041219193217016010121
001041219193312016010032
001041219193317016010080
001041219193320016010048
001041219193324016010056
001041219193328016010050
001041219193331016010130
001041219193333016010130
001041219193336016010084
001041219193350016010124
001041219193354016010125
001041219193358016010110
002041219193457019050148
002041219193501019050171
008041219193558019050094
001041219193606016010079
002041219193640019050238
002041219193644019100039
002041219194036019050224
002041219194256019060003
002041219194500019050184
002041219194521019050084
002041219194610019050183
002041219194702019060120
002041219194806019050216
002041219194838019050217
001041219194850015020500
009041219194949014020416
009041219194957014020631
008041219195016014020615
009041219195017014020554
009041219195030015010696
008041219195030014020554
002041219195103019070014
009041219195107014020351
002041219195107019070038
008041219195110014020489
002041219195110019070038
009041219195137014020620
009041219195141014020606
009041219195143014020623
008041219195146014020626
009041219195147014020625
008041219195156014020502
009041219195157014020594
008041219195158014020630
004041219195159014030373
009041219195159014020565
009041219195202014020607
008041219195203014020331
002041219195206014030374
008041219195206014020616
001041219195207014010200
008041219195209014020501
001041219195211014010587
001041219195213014010570
009041219195218013020783
001041219195219014010592
001041219195220014010609
008041219195220013020761
008041219195221013020761
009041219195229014020513
004041219195232012010341
003041219195233012040346
001041219195233016000064
008041219195234013020861
004041219195236015010791
001041219195236014010068
009041219195237012080358
003041219195238014010432
008041219195240012120473
001041219195243014010571
008041219195245013020872
001041219195246014010250
008041219195250012120473
008041219195253012070090
008041219195255012070338
009041219195257014020553
008041219195259012120484
008041219195302014020020
001041219195304019030043
008041219195305013020748
009041219195307014020504
009041219195308012100347
001041219195308019030050
009041219195312014020634
009041219195316014020562
009041219195321013020460
008041219195324014020486
008041219195329012120399
001041219195331014010444
008041219195332012100312
008041219195335014020618
008041219195338013020068
008041219195341012100327
008041219195343013020823
009041219195343012090420
001041219195344014010460
003041219195346012050313
008041219195346013020843
009041219195346012090041
009041219195348012090406
008041219195351013020865
008041219195354012070390
008041219195357012100403
001041219195401014010502
008041219195401012100364
001041219195404014010569
002041219195412015030337
008041219195412012070344
008041219195415012120472
008041219195418012100280
008041219195420012100358
008041219195422012100358
008041219195423012120470
009041219195426012080017
009041219195428012100432
009041219195438012070264
002041219195440015030438
009041219195441012120354
003041219195443012020016
004041219195443015030439
002041219195443015030451
008041219195443012090393
008041219195444012090393
009041219195444012070236
002041219195445014030438
003041219195445012020358
002041219195447014030444
001041219195449014010066
002041219195449014030480
004041219195450014030490
002041219195450013030349
008041219195450012070429
004041219195452014030491
002041219195453014030158
008041219195453012100284
004041219195454015030343
002041219195458015030395
009041219195459015020674
008041219195500012120461
002041219195501015030371
009041219195501015020604
004041219195502015030389
002041219195503015030101
008041219195503012080373
009041219195503015020643
003041219195504012020300
004041219195505014030426
002041219195505015030410
009041219195505012120463
008041219195506012070376
002041219195507015030402
004041219195507015030371
009041219195507012110397
002041219195509015030244
009041219195509012070148
008041219195509012100218
004041219195510014030423
009041219195510012110178
008041219195510012100428
004041219195512015030246
002041219195512014030478
009041219195512012110485
004041219195514014030055
002041219195514015030466
008041219195514012100446
009041219195515015020663
002041219195516015030461
001041219195516014010536
004041219195517014030096
008041219195517012080419
009041219195518012070357
002041219195519014030471
004041219195519014030267
008041219195520012100350
003041219195521012020381
001041219195521014010357
002041219195521014030336
009041219195521012070286
008041219195522012070193
002041219195523015030468
001041219195523014010440
001041219195524014010411
008041219195524012070193
002041219195526013030616
008041219195526013020858
001041219195528014010535
002041219195528014030452
009041219195528012120415
001041219195529016000169
002041219195530015030475
009041219195530012120476
009041219195531015020410
001041219195532014010612
004041219195533014030398
002041219195533013030584
001041219195534014010264
008041219195535012100430
009041219195535015020591
002041219195536014030475
003041219195537013010321
009041219195537013020832
001041219195539014010208
008041219195540012120306
008041219195542012120412
001041219195543012010376
001041219195544012010415
009041219195544012120479
001041219195545015010017
008041219195546013020870
001041219195547015010783
009041219195547012070439
001041219195549015010615
008041219195549015020013
004041219195550014030334
009041219195550012120479
003041219195551012020352
001041219195551014010555
008041219195551015020635
009041219195551012080453
001041219195552015010407
003041219195553012020228
004041219195553014030475
001041219195554014010525
009041219195554015020684
002041219195554019110050
001041219195555013010761
004041219195555014030449
008041219195555014020417
003041219195556013010426
001041219195556014010295
009041219195556015020666
008041219195557014020597
004041219195558014030475
001041219195558014010011
009041219195558012080467
003041219195600013010426
008041219195600014020443
009041219195600015020638
001041219195601012020111
003041219195601013010575
004041219195601013030618
001041219195602012040450
008041219195603012070403
001041219195604015010795
004041219195604015030458
009041219195605014020414
001041219195606012040410
008041219195606012120301
003041219195607014010241
001041219195608014010604
008041219195608012070360
009041219195608012070428
008041219195609013020241
003041219195610015010786
001041219195610013010331
009041219195610013020626
001041219195611012040209
008041219195611014020055
009041219195612012100441
001041219195613013010479
003041219195613012030400
004041219195614014030425
009041219195614014020404
008041219195614012120444
008041219195615012120419
003041219195616012030327
001041219195616014010103
009041219195616012080267
008041219195617014020288
001041219195618012020385
004041219195618014030453
009041219195618012080461
003041219195619013010774
002041219195619019050240
008041219195620012100431
001041219195621014010524
009041219195621014020523
004041219195622014030087
008041219195622012110484
009041219195623014020574
001041219195624012060353
009041219195624015020057
008041219195624013020702
003041219195625012010401
004041219195625014030390
008041219195626013020562
009041219195626013020282
001041219195627012050309
004041219195627014030381
001041219195628012020285
008041219195628012120431
004041219195629014030454
003041219195629013010259
009041219195629014020611
003041219195631012030036
001041219195631012040293
004041219195631014030476
008041219195631013020660
009041219195631013020438
009041219195632014020120
004041219195633014030325
008041219195633012080114
003041219195634013010770
001041219195634014010563
004041219195636014030416
001041219195636013010006
009041219195636012110479
008041219195636012100047
001041219195638015010793
003041219195638012050359
004041219195638013030638
009041219195638014020586
008041219195638012090400
009041219195639015020655
004041219195640014030424
008041219195640012070410
003041219195641013010001
001041219195641015010790
001041219195642014010617
008041219195642012100405
004041219195643014030459
003041219195643013010759
001041219195644014010615
002041219195644014030393
009041219195644015020199
008041219195644012100418
008041219195645014020120
004041219195646014030299
009041219195646015020199
001041219195647014010526
009041219195647015020531
003041219195648012010414
008041219195648012110400
001041219195649012050147
004041219195649014030174
009041219195649015020641
002041219195650014030077
001041219195651014010053
004041219195651014030150
009041219195651015020685
008041219195651012110416
001041219195653014010603
008041219195653012080361
002041219195654013030485
009041219195654015020623
003041219195655012020403
001041219195655015010800
001041219195656012040465
004041219195657014030077
009041219195657012070421
008041219195657012110455
003041219195658012020393
001041219195659012060005
008041219195659012120377
009041219195659012090380
001041219195700012060378
002041219195700014030393
008041219195701014020525
004041219195702013030485
009041219195702015020652
003041219195703012050254
008041219195703012110367
001041219195704015010766
002041219195705012140154
001041219195705015010807
008041219195705012080425
001041219195706012010011
009041219195706015020667
001041219195707012060095
009041219195707012080438
008041219195707015020658
001041219195709015010802
008041219195709012120433
009041219195709012070387
001041219195711012030350
002041219195711012130263
002041219195711019050026
009041219195711014020633
003041219195712012040382
008041219195712014020627
001041219195713012030376
009041219195713012120143
002041219195714015030383
003041219195714014010539
001041219195715012020322
009041219195715015020675
008041219195715013020874
003041219195716013010732
002041219195717015030442
009041219195717012070427
008041219195717014020470
004041219195718012130335
001041219195718012010409
008041219195718014020470
002041219195719015030279
003041219195719012040458
009041219195719012100449
001041219195720012010400
008041219195721013020574
002041219195722012150226
009041219195722012090375
001041219195723012010162
009041219195724015020620
008041219195724012070411
003041219195725012020279
001041219195725012060405
001041219195727014010607
009041219195727013020532
008041219195727012100329
002041219195728012150226
003041219195728013010601
001041219195729014010575
004041219195729015030376
008041219195729012080304
001041219195730012020311
002041219195731012130014
008041219195731012080452
001041219195732012030368
003041219195733019110043
002041219195733012170295
009041219195733012120393
001041219195734012010410
009041219195734012100424
008041219195734012080424
001041219195735012060259
002041219195735015030187
003041219195736012060389
004041219195736012150297
001041219195737014010565
009041219195737012100169
002041219195738012140405
001041219195738015010001
003041219195739012030355
004041219195739012130344
006041219195740012020274
009041219195740012070450
003041219195741012030303
002041219195741015030478
008041219195741012080364
001041219195742014010613
009041219195742012100434
004041219195744012130290
008041219195744012070392
003041219195745012030405
003041219195746012030387
002041219195746012130338
009041219195746012100434
004041219195747012180271
009041219195747012090291
002041219195747019050225
008041219195748013020387
002041219195749014030356
003041219195749014010436
009041219195749015020598
008041219195749012090391
008041219195750015020540
002041219195751012130116
001041219195751015010737
009041219195751012070444
003041219195752012020390
008041219195752014020581
001041219195753015010789
009041219195753015020461
003041219195754012040222
001041219195755012020002
009041219195755012070321
003041219195756012040406
008041219195756012090417
001041219195757015010721
009041219195757012090368
001041219195759012020325
003041219195759012010292
009041219195759012080297
008041219195800012080457
003041219195801012040337
001041219195801012010385
004041219195801014030056
009041219195801015020386
009041219195802015020386
001041219195803012020348
008041219195803012070404
009041219195804015020386
001041219195805015010717
009041219195805015020659
008041219195806012070244
003041219195807012030377
001041219195807015010796
004041219195808012150293
009041219195808015020640
008041219195809012070010
001041219195811012010423
008041219195811012090333
009041219195811012070407
004041219195812012170284
002041219195813012130317
003041219195814012010173
001041219195815012020086
008041219195815012100447
004041219195816014030437
009041219195816014020571
002041219195817012170293
003041219195818012030194
001041219195819014010580
006041219195820011000635
004041219195821012130059
003041219195821013010808
002041219195823012170308
001041219195823012010382
003041219195824012040469
008041219195824013020554
009041219195824012100252
001041219195826012040473
003041219195827012020344
008041219195827013020726
009041219195827015020502
001041219195828015010758
001041219195829012010403
002041219195829012170277
009041219195829012090399
001041219195830012030242
003041219195830012040459
008041219195830013020755
008041219195832013020758
002041219195833012160230
003041219195833013010776
009041219195833012110483
008041219195834013020766
001041219195836015010785
008041219195836013020781
006041219195837011000733
008041219195837013020812
001041219195838012020396
008041219195839012100398
001041219195840012040403
001041219195841012060349
003041219195841013010777
009041219195841012110410
001041219195842013010059
008041219195842013020849
008041219195844012090408
002041219195845015030477
003041219195845013010529
001041219195846012020286
008041219195846012090330
004041219195848012140463
008041219195849013020876
003041219195851012030335
008041219195851015020680
003041219195852013010654
009041219195852015020677
009041219195854012090388
008041219195854015020657
003041219195855013010550
002041219195856015030247
002041219195856019050241
009041219195856015020577
001041219195857012050234
003041219195857013010733
009041219195857013020643
008041219195857012080396
002041219195858012140458
001041219195859012010327
003041219195859012020367
008041219195900013020873
009041219195900015020568
003041219195902013010650
008041219195902012080375
001041219195903015010731
009041219195903013020808
003041219195904013010771
009041219195904012110151
008041219195904013020780
001041219195906015010787
002041219195906012130343
003041219195907013010740
009041219195907013020820
008041219195907013020747
002041219195908014030305
009041219195908012110354
003041219195909015010687
003041219195911013010606
002041219195911013030563
008041219195911013020674
009041219195912015020618
002041219195913012140148
001041219195913013010347
004041219195913012160134
008041219195913012090302
002041219195915012140425
004041219195915012180307
001041219195915015010761
003041219195915012030328
008041219195916012080466
004041219195917013030071
003041219195917012040423
001041219195918013010746
002041219195918014030484
009041219195918012080470
003041219195919015010805
009041219195919012080470
001041219195921014010606
003041219195921012050364
002041219195921015030262
009041219195921015020022
008041219195921012090256
008041219195923012090272
009041219195924012110438
001041219195925012050213
003041219195925013010800
009041219195926012110437
004041219195928012150190
003041219195928013010392
008041219195928012090335
001041219195929013010549
009041219195929012110437
004041219195930015030445
003041219195932012060400
001041219195932012050344
004041219195932012140464
004041219195933012180144
009041219195933012070414
001041219195935013010446
004041219195936012180284
002041219195936012130205
003041219195937013010284
008041219195937015020660
009041219195937015020580
001041219195938014010338
002041219195939012180253
003041219195939012020021
004041219195940012130205
009041219195940012090220
004041219195941012160149
001041219195941014010573
003041219195941012060379
002041219195942012140389
009041219195942012090220
004041219195943012170054
001041219195944012020368
009041219195944015020029
004041219195945013030331
001041219195945012010419
003041219195946012060379
009041219195946012070443
004041219195947013030610
001041219195947012020121
003041219195948012030402
009041219195948012090150
001041219195949012020269
008041219195949012080428
004041219195950012140225
003041219195950012050123
004041219195951012180312
001041219195951014010492
009041219195951015020671
002041219195952012130302
006041219195952011000203
008041219195952015020686
001041219195953015010752
004041219195953012170209
009041219195953012110406
004041219195955012180312
001041219195955014010537
009041219195956015020676
006041219195956011000359
008041219195956012080463
001041219195957012060416
003041219195958012050009
004041219195958012150250
008041219195958012120492
004041219195959012180299
009041219195959015020541
003041219200001012010422
001041219200002012060383
004041219200002012160310
008041219200002012100394
003041219200005012020402
001041219200005013010358
009041219200006012090372
003041219200007013010781
002041219200007012160280
001041219200007014010598
008041219200008012110004
001041219200009012020332
009041219200009012070377
003041219200010013010726
009041219200010012070432
004041219200011012160271
001041219200012012040478
002041219200013014030470
001041219200013012030304
003041219200014013010542
001041219200016012010340
002041219200016019110006
003041219200017013010651
004041219200017012140444
001041219200018014010581
003041219200019012060434
009041219200020014020592
001041219200021013010199
003041219200022012060432
004041219200023012160315
009041219200023012090405
009041219200026012090405
008041219200026012120487
001041219200027012040444
003041219200027013010807
004041219200028012150260
009041219200029012070187
001041219200030012010421
003041219200030012060398
006041219200030011000440
003041219200031015010780
001041219200032012060422
009041219200032012120487
004041219200033013030550
006041219200034011000473
009041219200034012120490
002041219200035012130345
001041219200035014010584
008041219200037012080360
002041219200038012130305
001041219200038014010003
001041219200041014010510
002041219200041012150304
006041219200041011000086
009041219200041012120489
002041219200042012130322
003041219200042012060363
004041219200042013030562
009041219200044012110486
001041219200045012020404
002041219200046012170228
004041219200046015030437
009041219200046012120486
004041219200047015030306
003041219200047012030338
008041219200047012110382
001041219200048012030361
003041219200048012050311
003041219200050012050320
008041219200050012110382
004041219200051015030368
003041219200051012060428
001041219200052012050367
002041219200052012130334
003041219200053012050357
004041219200053012150318
008041219200053012080429
003041219200056013010522
004041219200056012150268
001041219200100012050347
008041219200100012070331
004041219200102012130334
001041219200102012020013
003041219200103012020162
009041219200103015020478
001041219200104014010578
003041219200105012060410
001041219200106014010614
003041219200107013010473
008041219200107012080189
001041219200108014010332
004041219200109012170292
001041219200110014010548
002041219200111019050126
008041219200111013020721
001041219200112014010157
004041219200112012170020
001041219200114012030329
008041219200115013020753
002041219200115019050237
003041219200116012040300
002041219200117015030470
002041219200118012130330
008041219200118013020706
002041219200120012180297
002041219200122012150283
006041219200122011000730
002041219200122019020398
002041219200123015030362
001041219200123012010364
001041219200124012010190
002041219200125012150315
002041219200125019020392
001041219200127012010010
002041219200128015030362
001041219200129015010682
003041219200129013010794
002041219200130019050242
001041219200133015010693
002041219200133013030518
003041219200133012050085
001041219200135015010632
002041219200135019050220
008041219200139012120421
004041219200140012180266
008041219200140012120421
008041219200141012120421
001041219200143015010797
008041219200143012120421
008041219200144012120421
008041219200145012120421
004041219200146012170195
008041219200146012120421
003041219200147012050266
001041219200148014010605
009041219200148019050244
008041219200148012120421
008041219200149012080430
004041219200150012160287
001041219200150014010457
003041219200150013010695
008041219200151012080430
004041219200152012130267
008041219200152012120196
008041219200154012080413
009041219200155012120497
001041219200157012040475
009041219200157015020664
004041219200158012150295
003041219200159012050345
001041219200159015010781
008041219200159012120368
001041219200200015010129
004041219200201012150295
008041219200201012120448
009041219200201012080123
009041219200202012110409
001041219200203015010804
004041219200204012170298
008041219200204012120199
009041219200205012110424
003041219200206012040429
009041219200206015020647
001041219200207015010716
002041219200208012160222
009041219200208012080447
002041219200208019040001
004041219200209012170267
009041219200210012110377
002041219200211015030386
004041219200213012180260
009041219200214015020639
001041219200215015020563
008041219200215013020840
001041219200217015020469
003041219200217015010798
004041219200217012160085
009041219200217012090379
009041219200219012090379
004041219200220012140460
002041219200222019020397
004041219200224012160021
001041219200227015010788
004041219200227012180251
003041219200229012050354
002041219200230015030455
004041219200230012180212
004041219200230012180276
003041219200231012050351
004041219200232013030614
002041219200233015030351
002041219200236015030444
004041219200237015030465
008041219200237015020624
009041219200238012100450
002041219200240012140457
004041219200240012130214
004041219200241012150198
002041219200242012160296
002041219200243015030441
009041219200243015020624
004041219200244015030443
004041219200246012140043
001041219200247015010678
009041219200247013020640
001041219200249015010596
009041219200250015020654
001041219200251015010692
004041219200251012140437
003041219200254012060420
004041219200254012160163
002041219200257019110037
009041219200257013020425
004041219200258012140421
001041219200259015010669
001041219200300014010608
002041219200301012170271
001041219200301015010473
004041219200301012160104
004041219200305012140471
002041219200308015030423
002041219200313019020301
004041219200315012140445
003041219200317013010541
002041219200317019110002
008041219200319012120434
004041219200320015030457
002041219200321012140086
001041219200321019020340
003041219200326012060384
002041219200327012140445
003041219200327013010009
008041219200327012120242
001041219200328015010668
004041219200330012150249
001041219200331015010683
004041219200333012170305
001041219200334014010616
004041219200335012160307
002041219200335012160291
002041219200335019050228
004041219200337015030168
001041219200337019020402
002041219200337012130337
004041219200339015030356
001041219200340012030333
008041219200340012070431
002041219200343012180287
004041219200344012160075
002041219200346012160224
002041219200350019050205
001041219200351015030112
004041219200352012140443
002041219200352019050213
004041219200356012160224
002041219200356019020260
002041219200357015030469
004041219200403013030590
006041219200403012160222
001041219200406012040367
002041219200406012170287
004041219200406012140088
002041219200407019020389
004041219200409012180277
004041219200410012170265
001041219200410014010452
004041219200412012170217
004041219200414012170297
004041219200416012160087
004041219200417012170146
004041219200419012170287
004041219200421013030641
004041219200424015030106
002041219200426019060097
004041219200427012150241
002041219200428019060113
002041219200430012170077
002041219200430019020378
002041219200435019020221
004041219200436012160088
003041219200437012050363
002041219200439019020273
004041219200441012180275
002041219200444019060001
002041219200447012150203
002041219200450019060001
004041219200451012150203
002041219200458012160012
004041219200501012160088
002041219200511012180157
002041219200513019050245
002041219200517015030474
002041219200517019010108
004041219200518012170266
002041219200521019050112
004041219200527012140442
002041219200538012180252
008041219200538012080266
002041219200539012140442
002041219200540012150299
002041219200543019110048
002041219200544012150299
002041219200545012180252
002041219200548012130254
002041219200552013030596
004041219200553012160301
002041219200555012130254
002041219200559019050214
004041219200611012150270
006041219200629011000601
002041219200633019020007
006041219200634011000694
002041219200635019020327
002041219200637019020333
006041219200641011000636
006041219200646011000600
002041219200648019020353
002041219200651019020326
002041219200654019020061
002041219200658019020079
002041219200701019020212
002041219200708019020363
006041219200734011000686
002041219200734019020124
002041219200738019020394
006041219200740011000741
002041219200743019020103
006041219200746011000719
003041219200747012040420
006041219200751011000283
001041219200753012040433
006041219200800011000691
002041219200804019020393
002041219200807019020391
006041219200808011000581
003041219200816013010176
006041219200817011000706
001041219200819013010176
006041219200832011000581
006041219200842011000343
002041219200849019020346
004041219200852012160282
006041219200858011000662
002041219200859019020275
001041219200926019060076
002041219200930019020335
002041219200934019020307
002041219200938019020400
002041219200943019020400
002041219200957019020323
002041219200959019020379
006041219201005011000491
002041219201009019040009
006041219201018011000690
006041219201020011000704
004041219201025012170219
003041219201041019020282
006041219201101011000678
002041219201115019020263
002041219201200019060095
002041219201202019060107
002041219201207019060119
002041219201210019060103
004041219201217019020180
003041219201218012060431
002041219201228019020382
002041219201249019020401
002041219201257019020368
002041219201302019020349
002041219201305019020211
002041219201308019020186
002041219201310019020313
002041219201324019020231
002041219201335019060123
001041219201339012060369
006041219201346011000534
006041219201408011000566
006041219201412011000648
006041219201414011000566
002041219201822019020372
002041219202109019110014
002041219202415019020374
002041219202421019020377
002041219202825019100052
002041219202915019050235
001041219203134016010082
001041219203139016010098
001041219203142016010090
001041219203150016010081
002041219203243019070001
001041219203348016010024
001041219203352016010120
002041219203414016000090
002041219203429019070031
001041219203550016000168
009041219203613014020524
008041219203615014020088
009041219203619014020603
002041219203702019030049
009041219203939014020532
008041219203943014020570
009041219203943014020424
008041219203948014020589
008041219203950014020578
009041219203952014020588
008041219203953014020589
008041219203955014020632
009041219203955014020619
009041219203957014020092
009041219203959014020628
009041219204001014020540
009041219204007014020582
008041219204008014020628
009041219204009014020567
008041219204010014020563
009041219204012014020622
008041219204013014020180
008041219204015013020515
009041219204016014020550
008041219204018014020536
008041219204025014020511
008041219204040014020598
009041219204044014020231
009041219204110014020542
009041219204114014020608
009041219204121014020617
009041219204124015020630
009041219204127014020546
009041219204130014020435
009041219204131014020435
009041219204157014020413
002041219204243019110046
009041219204600016000124
009041219204603016000149
009041219204611014020530
009041219204613016000147
002041219204942019100018
002041219205043019110013
004041219205133014030021
004041219205143014030109
002041219205147014030447
002041219205147014030369
002041219205152014030418
004041219205158014030430
002041219205158014030072
004041219205201014030088
002041219205204014030331
006041219205208019100063
004041219205212014030160
002041219205227014030159
002041219205239014030387
002041219205244016000144
002041219205249014030368
002041219205254014030450
002041219205302016000123
006041219205325019100067
006041219205328019100067
002041219205407014030458
002041219205410014030031
002041219205411019100071
002041219205418015030388
002041219205421015030473
002041219205427014030489
002041219205430014030448
002041219205433014030366
002041219205436014030289
002041219205453019100068
006041219205459019100008
006041219205504019100008
002041219205518019110049
002041219205540014030250
006041219205547011000388
006041219205549011000715
006041219205553011000728
006041219205556011000714
006041219205558011000715
006041219205601011000388
006041219205602011000564
006041219205605011000564
006041219205608011000262
006041219205611011000498
006041219205614011000388
006041219205621011000727
006041219205625011000723
006041219205628011000525
006041219205631011000525
006041219205634011000681
006041219205637011000700
002041219205640019100028
006041219205643011000683
006041219205649011000398
006041219205653019100066
006041219205702011000555
006041219205704011000713
006041219205706015090617
006041219205709011000713
006041219205711011000670
006041219205714011000277
006041219205716011000165
006041219205719011000729
006041219205722011000677
006041219205725011000026
006041219205728011000001
006041219205732011000682
006041219205735011000041
006041219205738011000675
006041219205741015090628
006041219205744011000735
006041219205751011000712
006041219205804011000726
006041219205806011000666
006041219205810015090568
006041219205813011000574
002041219205816014030279
006041219205816011000573
006041219205819015090580
002041219205819019100070
006041219205821011000586
002041219205823019100072
006041219205833011000717
006041219205838011000632
006041219205847011000736
006041219205850011000639
006041219205852011000668
002041219205859015030424
006041219205859015090620
006041219205902011000169
006041219205905015090629
006041219205907011000408
006041219205909015090616
006041219205912011000408
006041219205915015090631
006041219205921015090611
006041219205923011000692
006041219205926015090632
006041219205928011000120
006041219205931011000718
006041219205933015090633
006041219205935011000731
006041219205940011000051
006041219205946011000699
002041219205950014030365
006041219205950011000674
006041219205954011000276
006041219205957011000720
006041219210002011000710
006041219210007011000263
006041219210010011000263
006041219210012015090618
006041219210015011000640
006041219210017011000422
006041219210020011000640
006041219210022011000627
006041219210023011000422
006041219210027011000627
006041219210029019100065
006041219210032011000724
006041219210035019100046
006041219210038015090627
006041219210040011000258
006041219210043011000627
006041219210046015090579
006041219210049011000410
006041219210053011000656
006041219210056011000656
002041219210057019110033
006041219210059015090608
006041219210103015090608
006041219210112011000078
006041219210118011000654
006041219210121015090621
006041219210128019100002
006041219210131019100032
002041219210156019100044
002041219210201019060114
002041219215233019010135
002041219215234019010135
001051219011456016000166
001051219011501016000168
001051219011722016000141
001051219011724016000141
001051219012210016000161
001051219012309016000025
001051219012311016000025
002051219013545019030033
002051219071655016000090
001051219071735016010081
001051219071739016010098
001051219071743016010120
001051219071834016010090
001051219071923016010095
001051219071927016010105
001051219071936016010032
001051219072024016010125
009051219072032016010129
001051219072047016010045
001051219072140016010119
001051219072146016010130
002051219072213019030049
001051219072220016010056
002051219072233019010124
001051219072249016010071
001051219072254016010082
001051219072302016010050
001051219072325016010106
001051219072328016010128
001051219072330016010128
001051219072333016010079
001051219072455016010110
001051219072501019010125
001051219072543016010121
001051219072547016010124
001051219072651016010080
001051219072653016010048
001051219072657016010131
001051219072704016010131
001051219072705016010131
002051219072710019060123
001051219072755016010122
001051219072819016010084
002051219072820019060086
001051219072823016010073
002051219072827015030444
002051219072836019060101
002051219072841019020083
008051219072911013020255
009051219072921012070187
002051219072944019020402
006051219072954013020543
001051219072955013010802
003051219072957012030402
003051219073000013010795
003051219073004014010606
001051219073025018010067
001051219073041016010100
006051219073054019100067
006051219073057019100067
008051219073109015020671
002051219073121019110027
002051219073124014030055
008051219073125015020671
002051219073216019060003
003051219073228013010768
001051219073257016010127
002051219073330012160275
006051219073417011000359
002051219073444015030476
002051219073446015030473
002051219073448019030001
001051219073452012060369
006051219073501011000051
002051219073520019060113
002051219073524019060113
008051219073533014020451
004051219073534013030624
008051219073539012080466
004051219073542012130312
008051219073607013020849
001051219073621016000073
002051219073625019100032
002051219073628019050094
002051219073634019010135
002051219073642019020230
006051219073642011000491
002051219073652019050188
006051219073658011000165
002051219073700019060115
006051219073701011000165
006051219073705011000675
001051219073720016010024
006051219073721012160021
003051219073722012040466
001051219073723015010737
003051219073728012040293
006051219073731013020067
002051219073736019020231
002051219073741019020401
006051219073742011000692
002051219073744012150203
004051219073749012150203
001051219073755015010001
006051219073758011000078
003051219073810013010771
008051219073812012070387
002051219073813019060122
001051219073816016000152
004051219073817013030372
002051219073836019030045
003051219073842013010365
003051219073901012060426
002051219073908013030349
008051219073909012070445
004051219073911013030625
008051219073918015020668
009051219073919015020687
008051219073923013020851
002051219073924019050216
003051219073932012060396
004051219073933012180299
003051219073935012060007
003051219073940012060433
003051219074012013010426
004051219074014012140472
003051219074015013010007
002051219074015019040001
003051219074018013010800
008051219074023013020844
001051219074024014010584
009051219074024012070437
008051219074031013020811
002051219074031019100046
002051219074033012140474
002051219074034012130343
003051219074035012030335
003051219074039012030349
002051219074042019050084
002051219074044012180252
004051219074058012160136
001051219074058014010558
009051219074058014020588
002051219074059019020374
002051219074108019020260
008051219074109014020404
008051219074112012070429
001051219074119013010479
008051219074120012110437
002051219074124012160291
001051219074132012010410
004051219074132012170178
004051219074135012140443
009051219074148012120489
006051219074148014030174
002051219074152019020061
003051219074157014010003
003051219074200014010565
002051219074200019020180
004051219074210013030565
002051219074217019050128
001051219074218012040438
001051219074220013010006
002051219074223019110014
008051219074228012110414
002051219074234019050243
001051219074235015010797
001051219074235016010077
002051219074236019050243
002051219074241019020353
004051219074243015030443
002051219074247013030592
004051219074249012150274
002051219074249014030421
002051219074253019100070
002051219074300012180305
008051219074305015020658
004051219074310012150091
002051219074313013030466
001051219074314015010632
002051219074314019100039
001051219074320013010755
003051219074322012040442
001051219074323012030333
008051219074329013020723
002051219074331019030048
006051219074334013010014
002051219074338019020313
006051219074338013010001
004051219074343013030386
004051219074347013030075
003051219074353015010798
003051219074400013010199
001051219074404015100561
008051219074404013020745
001051219074405015100561
003051219074406013010505
006051219074410011000740
003051219074412013010677
004051219074415012160224
006051219074415012070006
002051219074419019050184
009051219074420012110482
004051219074422012140457
008051219074422013020606
009051219074424013020532
002051219074424019020400
004051219074427012140167
002051219074429019110033
009051219074431013020855
004051219074434015030368
008051219074435012100429
009051219074435012080467
004051219074439012170292
002051219074439019020399
001051219074442016000008
006051219074443013010009
009051219074443012120487
003051219074444015010687
009051219074446012120490
001051219074454012050331
009051219074456015020604
009051219074457012110483
006051219074502013010321
002051219074503019060119
009051219074509015020676
002051219074515013030509
009051219074515015020675
006051219074516011000730
002051219074518012130165
004051219074518013030509
004051219074521012180251
002051219074522014030239
001051219074523012060405
008051219074525012090405
004051219074526012150270
009051219074527012120484
004051219074530012160282
008051219074530013020873
002051219074533019020186
008051219074534012090422
009051219074535013020703
003051219074536012060384
002051219074537019010087
009051219074538012070444
008051219074539012120377
009051219074543012090351
008051219074545012070435
004051219074546012180046
002051219074548019040035
008051219074549012090417
004051219074551012160271
002051219074552019020383
008051219074553014020501
004051219074555012140466
001051219074559012030404
003051219074603012060374
003051219074607015010801
006051219074608011000445
008051219074610012080375
001051219074613012020345
003051219074614012040447
009051219074614012100311
006051219074616012080131
009051219074617013020864
009051219074620012070407
001051219074621015020500
002051219074625012130305
004051219074627012160301
003051219074627013010672
002051219074627012130297
001051219074629012010340
009051219074629013020797
001051219074631012010361
009051219074632012110377
001051219074634012050358
008051219074634012080463
002051219074635012130339
002051219074639015030434
004051219074640012180284
008051219074640012080304
002051219074642019070014
004051219074643012150190
006051219074643013010270
008051219074643013020823
003051219074645012030276
002051219074646019060107
002051219074649012140445
009051219074649012090379
006051219074649015090618
008051219074650015020657
002051219074653019050112
008051219074653015020679
009051219074654012120476
004051219074656015030465
008051219074656012090248
009051219074657012120479
008051219074658012100403
004051219074701012180158
008051219074701015020029
002051219074702019100063
008051219074703015020635
009051219074704012090372
004051219074705013030443
008051219074706013020683
002051219074707019050164
009051219074707012090267
008051219074710012110297
008051219074712012080225
006051219074712011000683
002051219074713019020318
006051219074716011000736
009051219074716012100006
004051219074718012150283
002051219074718019020211
009051219074718012110488
008051219074719012070414
002051219074720019050217
004051219074723013030379
006051219074724015090568
003051219074726014010598
006051219074726012040209
009051219074726012070148
001051219074727013010700
008051219074727012100218
002051219074728019050239
004051219074729012160163
008051219074730013020755
002051219074730019010116
001051219074731012020388
008051219074734013020387
006051219074734015090579
002051219074734019040033
003051219074735012030387
008051219074736012090412
006051219074736011000258
002051219074737019060095
003051219074738012050254
008051219074742013020766
001051219074746014010592
003051219074746012020348
002051219074750019010108
003051219074751012030355
001051219074751019020340
001051219074753012020324
006051219074753011000498
009051219074754012120350
002051219074755019050026
004051219074757013030551
006051219074757011000086
008051219074758012080452
003051219074759013010759
004051219074801012140458
009051219074803012100432
004051219074804012170073
004051219074806013030504
006051219074808011000737
002051219074809015030343
003051219074809012010364
004051219074811015030463
002051219074811019020377
001051219074812014010570
006051219074812011000574
003051219074814012060421
001051219074814014010068
009051219074814012110454
004051219074815015030436
001051219074818012060005
002051219074819019020065
003051219074820012060331
001051219074820012050367
006051219074820015090621
009051219074820012100257
004051219074821012150249
003051219074823012040192
001051219074823016010123
008051219074824014020625
003051219074826013010791
008051219074827013020562
002051219074827019110002
001051219074828013010176
004051219074828014030342
009051219074828012110488
002051219074829012170309
003051219074829013010785
004051219074831012150196
003051219074831013010746
001051219074831012010419
008051219074831013020858
003051219074834012040476
008051219074834014020632
004051219074836012150318
004051219074838013030516
001051219074838015010692
008051219074840012100423
004051219074841012160075
006051219074842011000573
008051219074842012110466
009051219074843013020818
002051219074844012170275
003051219074844012030399
009051219074846012100434
004051219074847014030393
008051219074847012120473
002051219074849019050245
004051219074850014030077
008051219074850014020630
001051219074851015010763
008051219074852013020821
002051219074853014030489
009051219074855012080078
004051219074856013030507
006051219074856011000343
008051219074857012090350
004051219074900014030160
002051219074900019020221
002051219074901014030400
006051219074901013030003
002051219074905012150309
009051219074905015010696
004051219074909013030546
003051219074909012040414
006051219074909012150102
008051219074909012070286
002051219074910014030482
002051219074913015030423
006051219074914012020340
001051219074916012050344
008051219074916012100284
004051219074917012160256
001051219074918015010787
006051219074918011000586
002051219074919015030469
008051219074919012110378
001051219074920012050213
004051219074920012170279
003051219074921013010347
006051219074922011000682
009051219074923012100450
003051219074924013010735
008051219074924013020861
004051219074925012170218
003051219074926012050313
006051219074926011000713
009051219074926013020831
008051219074927012090404
004051219074928012140456
002051219074929019110005
006051219074929015090580
003051219074930013010788
001051219074930012020228
002051219074931019030047
008051219074931013020515
006051219074932011000713
003051219074933012030036
008051219074933012070384
009051219074935015020620
002051219074935019010132
001051219074936015010788
008051219074936014020523
006051219074936011000525
004051219074939012140435
006051219074939011000687
003051219074940013010601
008051219074942012100312
006051219074942011000699
002051219074943012130250
003051219074943013010577
004051219074943012150301
009051219074944012110373
003051219074945012060359
008051219074945012070441
006051219074945011000388
008051219074947015020469
009051219074947013020832
003051219074948013010772
008051219074948015020469
009051219074951015020647
003051219074952012050368
001051219074953015010669
009051219074953012090375
003051219074954013010770
002051219074954012170266
006051219074954013020240
004051219074956012130214
002051219074957013030518
004051219074957013030629
001051219074957013010762
001051219074959013010712
006051219074959011000717
001051219075001018010054
004051219075002012140462
001051219075002012040433
003051219075002012030372
008051219075002012070244
006051219075002011000120
002051219075003019020079
008051219075004012070193
003051219075005012050315
006051219075005011000564
001051219075007014010033
001051219075008012050308
003051219075008012030403
006051219075008013020412
004051219075009012150100
008051219075009015020646
009051219075009013020808
006051219075011011000715
009051219075011012080464
001051219075012012060397
006051219075012011000408
004051219075013012150073
008051219075013013020795
009051219075013015020652
002051219075014019100008
001051219075016012060416
008051219075016012110446
006051219075016011000677
002051219075017012170277
008051219075018012090383
006051219075019011000408
002051219075020014030226
006051219075022011000715
006051219075025011000729
008051219075025012100411
001051219075026012050360
009051219075026012070308
004051219075028012180171
001051219075028015100546
006051219075030012020037
004051219075033013030084
006051219075034011000663
003051219075035015010716
009051219075035013020188
004051219075036012140444
006051219075037014010053
004051219075038013030482
009051219075038019020387
009051219075041013020763
004051219075042013030606
006051219075042015090629
002051219075043012140379
003051219075043012010329
004051219075043012010341
009051219075044013020819
004051219075045013030448
006051219075045011000686
001051219075046019020282
008051219075046012110404
001051219075047015010758
003051219075047013010651
009051219075047014020231
001051219075048012040468
004051219075048013030339
003051219075049013010529
006051219075049014010241
002051219075049019050237
001051219075050012060095
004051219075050013030356
009051219075050012070427
008051219075051012110410
001051219075052015010807
003051219075052013010541
004051219075054012170257
006051219075054019100066
001051219075055012030365
008051219075055012120427
002051219075055019060120
002051219075056016000123
003051219075056012020332
006051219075056011000041
004051219075056012180276
001051219075057015010753
008051219075057013020879
004051219075058013030498
003051219075059013010624
006051219075059011000276
001051219075100015010796
008051219075100012070010
002051219075100019020389
002051219075102014030404
006051219075102011000735
003051219075103013010794
001051219075104012040354
003051219075105012060434
002051219075105019050242
008051219075105012080189
009051219075105012110424
006051219075107012110223
008051219075107012100134
002051219075108013030638
003051219075109012040465
009051219075109012080431
001051219075110012040461
003051219075110013010776
004051219075110012130319
008051219075110012080220
006051219075110015090620
002051219075111019020286
003051219075112012050123
004051219075112013030641
008051219075112012100334
001051219075113012040462
006051219075113011000710
003051219075114012050363
008051219075114013020644
001051219075115015010129
004051219075116012170193
003051219075117012050311
006051219075117011000738
008051219075117013020780
009051219075118012100224
004051219075118013030382
008051219075120015020502
001051219075121012040444
009051219075121012110178
003051219075122012050357
006051219075122011000595
008051219075122013020411
002051219075123019020103
001051219075124013020180
004051219075124012180260
008051219075125013020542
002051219075127019050238
004051219075127013030246
003051219075128012020121
002051219075130019050238
008051219075130015020545
004051219075130012170144
001051219075132015010682
006051219075132012120199
008051219075132012110484
001051219075133015010781
004051219075133012130341
009051219075134014020567
008051219075135014020486
001051219075136013010011
001051219075137015030454
002051219075138019020393
001051219075139014010563
008051219075139013020536
009051219075139014020631
003051219075140013010695
002051219075140013030627
006051219075141013010392
009051219075142015020535
008051219075143012110400
003051219075144012060166
002051219075144014030289
009051219075145015020643
008051219075145013020758
002051219075146012150278
006051219075146013020068
003051219075147012040469
001051219075147015010693
008051219075148013020749
004051219075148012140388
003051219075149012050364
006051219075149013010015
009051219075149015020639
003051219075150012060364
002051219075151014030159
008051219075151012110351
002051219075151019020263
001051219075152014010526
008051219075152012110151
009051219075153012090348
001051219075153013020226
006051219075153019100008
003051219075154012040478
008051219075154012110461
001051219075155014010502
009051219075155012110375
006051219075155011000666
003051219075156012020402
008051219075157013020468
001051219075158012060383
002051219075158019050195
009051219075158012110143
004051219075159012160134
006051219075159011000718
008051219075200012090256
001051219075201012010376
003051219075201012060400
009051219075201014020551
006051219075201015090632
004051219075201012140434
008051219075202012110353
003051219075203012010389
006051219075203011000739
002051219075204019020392
004051219075204012150307
001051219075205013010059
008051219075205012080396
006051219075206011000727
002051219075207012170271
001051219075207013010549
008051219075207013020674
003051219075208012010162
001051219075208018010070
008051219075209012120368
004051219075209014030305
001051219075210013010021
006051219075210011000731
002051219075211019020394
009051219075211012110481
003051219075212012010422
001051219075212012020385
004051219075212015030445
009051219075212012110489
008051219075212013020438
009051219075213012110489
001051219075214015010473
003051219075214012060360
008051219075214014020598
009051219075216013020017
008051219075216012110442
001051219075217014010605
001051219075218018010072
008051219075219014020597
006051219075220012020013
003051219075221012050366
001051219075221018010072
001051219075222014010316
002051219075222015030471
008051219075222013020877
009051219075223012080461
003051219075224013010693
006051219075224016010086
002051219075225012160259
001051219075225012010409
002051219075225019100052
008051219075225013020850
003051219075227013010550
001051219075227015010785
006051219075227013020326
008051219075228012110474
003051219075229012020288
001051219075229012020366
002051219075229019020346
002051219075230012160215
006051219075230011000678
004051219075230012160088
003051219075231012020344
008051219075231013020878
009051219075232012090017
002051219075232019020007
006051219075233013030188
003051219075234012010400
004051219075234012170195
003051219075235012030266
008051219075235015020591
006051219075236011000651
003051219075237012060428
002051219075237019080001
006051219075238012110164
008051219075238012080457
009051219075239012080430
003051219075240013010606
006051219075241015090627
008051219075241012080135
002051219075241019100018
002051219075242016000144
003051219075242012050350
009051219075242015020654
004051219075243012130075
008051219075244012120434
009051219075245012070236
002051219075245019100072
006051219075245011000473
004051219075246013030508
002051219075247014030426
008051219075247015020677
002051219075248019010133
001051219075249012040458
004051219075249013030646
003051219075250013010560
008051219075250014020623
002051219075251019100028
001051219075252014010596
002051219075253014030390
003051219075253012020008
008051219075253013020825
006051219075254013020581
002051219075254019020124
003051219075255013010777
001051219075255013010023
008051219075255013020824
004051219075256012160285
003051219075257012050345
002051219075257014030458
008051219075258013020761
003051219075259012060363
002051219075259014030448
001051219075300012020352
004051219075300013030545
002051219075300019110006
003051219075302012030342
001051219075302012020285
008051219075302013020793
002051219075303019020275
003051219075304012050028
001051219075304018010059
004051219075304012150170
002051219075305012160253
006051219075305011000741
008051219075305013020876
003051219075306012030386
001051219075306018010059
009051219075306012120494
002051219075307019050240
009051219075307012120494
004051219075307012170146
003051219075309012030256
008051219075309012110416
002051219075310012130327
002051219075310019040032
001051219075310015100557
009051219075310012070331
006051219075311011000490
003051219075312012050210
004051219075312012170253
003051219075313012040467
002051219075313012160313
006051219075313014030056
008051219075313012100280
009051219075313012100449
002051219075314019020326
004051219075314013030617
001051219075315013010747
006051219075315011000568
008051219075315012070432
002051219075316013030618
001051219075316013010797
003051219075316015010794
004051219075316012140421
009051219075317012080383
002051219075317019050230
001051219075318012040403
004051219075318013030398
006051219075318011000643
008051219075318012090272
002051219075319015030458
003051219075319013010654
001051219075320015010793
006051219075320012130223
004051219075320012180258
009051219075320012100400
003051219075321019110043
008051219075321013020651
001051219075322012010355
004051219075322014030334
009051219075322012110476
003051219075323013010787
002051219075323015030431
006051219075323011000694
008051219075324012110455
004051219075325013030571
009051219075325013020857
003051219075326013010758
008051219075326012080350
009051219075326012090406
006051219075326019100068
001051219075327014010011
003051219075328013010781
002051219075328012160300
006051219075328011000639
004051219075328012180266
009051219075328019050244
001051219075329015010752
009051219075329012100416
002051219075330012180287
003051219075330012040337
009051219075330012100416
006051219075330012050129
004051219075331013030530
003051219075332012040382
009051219075332015020630
008051219075332014020611
001051219075333012030356
006051219075333015090617
004051219075334013030458
002051219075334019100061
001051219075335014010440
003051219075335015010751
008051219075335012070440
001051219075336014010460
004051219075336012140086
006051219075336011000598
002051219075337012150226
003051219075337012040473
008051219075337014020589
001051219075338013010446
002051219075339012130263
004051219075339012130059
008051219075339012070264
006051219075339011000700
001051219075340013010804
003051219075340012030230
009051219075340012080123
008051219075341012120242
001051219075342014010157
006051219075342011000262
004051219075342012140422
003051219075343012040376
009051219075343015020013
001051219075344014010548
008051219075344013020574
004051219075344013030636
003051219075345012050225
009051219075345014020088
002051219075345019050212
006051219075345015090608
003051219075346013010727
003051219075347012050356
001051219075347013010734
002051219075347012170019
004051219075347012150241
008051219075347012080419
004051219075348014030491
009051219075348012100441
006051219075349011000714
003051219075350012030400
008051219075350012110367
002051219075350019050029
002051219075351013030639
006051219075351011000681
004051219075351012160287
009051219075351013020859
003051219075352012030304
004051219075352012140464
009051219075353015020640
008051219075353012090394
002051219075354015030410
003051219075354012050307
004051219075354013030469
009051219075355014020426
006051219075355011000277
002051219075357015030337
003051219075357012020390
004051219075357013030644
001051219075358014010424
009051219075358013020692
006051219075358011000670
003051219075359012020404
008051219075359012100047
002051219075400012180157
001051219075400016000168
001051219075401012030242
003051219075401012040477
006051219075401012110087
009051219075401014020528
004051219075401012180277
001051219075402016000168
008051219075402015020686
001051219075403012040410
006051219075403011000726
003051219075404012010375
001051219075404014010615
008051219075404012120433
002051219075405014030366
004051219075405014030331
008051219075405012120433
006051219075406013030176
009051219075406013020833
003051219075407012050310
001051219075407015010683
008051219075407013020836
001051219075408014010571
006051219075408012080163
008051219075408012090411
003051219075409012040423
002051219075409019110050
009051219075409014020351
004051219075409012150260
002051219075410012130333
001051219075410015100543
008051219075410012080424
006051219075410012130091
002051219075411014030424
009051219075411012120354
003051219075412012010387
008051219075412014020504
002051219075412019110048
004051219075412013030622
003051219075413012020286
001051219075413016000101
006051219075413012050085
009051219075413012070415
002051219075414013030563
003051219075415012050303
008051219075415012070421
001051219075415016000101
004051219075415013030187
002051219075415019110050
009051219075415014020416
006051219075416013010151
009051219075416014020416
008051219075416012070360
001051219075417012020396
003051219075418012060420
002051219075418012130338
009051219075418012080267
008051219075418013020769
003051219075419012060410
001051219075419012040470
004051219075419012160310
001051219075420014010452
006051219075420011000632
008051219075420013020685
002051219075420019050091
003051219075421012040373
006051219075421012020162
009051219075421014020554
001051219075422014010492
008051219075422012080456
001051219075424012010423
003051219075424013010682
006051219075424011000627
008051219075424014020594
001051219075425014010208
009051219075425012080462
001051219075426015030112
001051219075427014010608
003051219075427012030397
008051219075427013020738
006051219075427011000517
001051219075428012040355
009051219075428013020599
003051219075429012020400
002051219075429012170293
008051219075429013020721
006051219075429013030199
002051219075429019030025
001051219075430012050285
009051219075430012090420
001051219075431012050343
004051219075431014030438
009051219075432013020586
001051219075433012040346
006051219075433012040300
008051219075433014020581
002051219075434014030486
003051219075435015010717
001051219075435012040426
002051219075435019020391
004051219075435012150319
001051219075435018010066
006051219075436011000723
009051219075436012100424
008051219075436012090333
002051219075437015030262
001051219075437012060349
001051219075438019110051
004051219075438012180185
008051219075438012090393
002051219075439014030485
003051219075439012040353
001051219075439018010071
002051219075439019040028
001051219075440012050217
004051219075440015030306
006051219075440011000732
003051219075441013010625
001051219075441012010011
008051219075441014020180
001051219075442016000161
002051219075442019040036
004051219075442012180271
002051219075443014030475
001051219075443013010716
006051219075443015090611
009051219075443012080429
008051219075443015020531
003051219075444013010793
001051219075444016000161
006051219075445011000601
008051219075445015020655
001051219075446012040417
004051219075446012170258
001051219075447012010403
003051219075447012040454
004051219075447013030066
006051219075447012160114
008051219075447012100322
009051219075448012120415
002051219075450012150299
008051219075450014020622
004051219075450013030066
004051219075450013030616
006051219075450012010405
003051219075452012010309
001051219075452012060415
004051219075452015030246
008051219075452013020726
003051219075453015010704
002051219075453014030475
002051219075453019050228
001051219075454014010524
003051219075455012040454
004051219075455015030467
001051219075455016000167
008051219075455012080413
001051219075456014010569
002051219075456019050246
006051219075456011000410
009051219075457016000147
004051219075457013030607
008051219075457012100323
003051219075458012030390
001051219075458016000064
001051219075459016000169
004051219075459012130280
008051219075459013020874
002051219075500015030442
009051219075500015020451
006051219075500014030096
001051219075501014010537
003051219075501013010520
002051219075501019100065
001051219075502014010377
004051219075502012130336
009051219075502014020545
003051219075503013010737
008051219075503012120256
004051219075503012170194
002051219075504013030648
006051219075504011000724
001051219075505012020021
003051219075505015010615
001051219075505012040405
008051219075505012090302
006051219075505012170053
001051219075506016000064
002051219075507012160308
004051219075507014030430
003051219075508013010710
001051219075508012020111
009051219075508013020810
004051219075508013030590
008051219075508015020580
003051219075509012060229
002051219075509012150263
002051219075510019030042
001051219075511014010538
002051219075511012130279
004051219075511012170290
006051219075511011000203
009051219075511014020570
003051219075512012030317
001051219075512014010477
008051219075512013020748
009051219075513012110477
002051219075513019060097
003051219075514012020393
001051219075514012010277
002051219075514012140468
008051219075514013020610
004051219075514012160243
009051219075515014020538
006051219075515011000555
003051219075516013010806
001051219075516012030352
003051219075517013010460
004051219075517012170207
008051219075517013020843
002051219075517019040034
009051219075518012100379
001051219075519014010357
006051219075519015090631
004051219075519015030356
003051219075520012030401
009051219075520014020394
008051219075520012100445
002051219075521014030250
001051219075521014010599
004051219075521012140363
002051219075521019050152
003051219075522013010733
008051219075522013020781
009051219075522013020460
003051219075524012010393
004051219075524013030535
008051219075524012100428
001051219075525014010607
002051219075525019030022
004051219075525014030088
006051219075525013030240
009051219075525015020688
003051219075526012040222
001051219075526013010413
008051219075526012110354
009051219075527015020618
003051219075528012030261
001051219075528013010213
001051219075528013030157
002051219075528019050213
004051219075528015030437
001051219075529012020383
008051219075529015020568
004051219075530012150198
002051219075530019020273
009051219075530012110409
008051219075530012120475
003051219075531015010761
001051219075531014010580
009051219075531012100381
001051219075533014010264
003051219075533012040273
008051219075533012070344
004051219075533013030366
006051219075533011000440
002051219075534012140449
003051219075535014010603
004051219075535013030576
008051219075535012070428
006051219075535011000662
001051219075536015010800
002051219075536012130329
002051219075536019100002
006051219075536012130120
003051219075537012060414
008051219075537012080284
009051219075537012080408
004051219075537014030490
002051219075538014030450
001051219075539012060353
003051219075539013010575
008051219075539012110421
009051219075539015020669
002051219075540012160306
002051219075540019050214
004051219075540012150293
001051219075541012050309
009051219075541014020553
008051219075541014020443
006051219075541012140043
003051219075542012040406
003051219075543012040459
002051219075543014030375
004051219075543013030348
008051219075544012080459
002051219075544019010119
001051219075545012040338
006051219075545011000231
002051219075546014030388
003051219075546012030344
004051219075546012180307
001051219075547012050279
009051219075547014020036
008051219075547013020706
003051219075548012020403
009051219075548014020036
006051219075548011000704
002051219075549014030488
001051219075549014010564
004051219075549012060309
008051219075549013020753
002051219075550019050170
003051219075551013010763
009051219075551014020043
004051219075551012150312
008051219075551012080425
001051219075552012030350
006051219075552011000728
008051219075553012120412
004051219075553012180272
009051219075553014020413
003051219075554012050194
006051219075554013020397
002051219075554019110037
009051219075554015020057
002051219075556014030476
009051219075556012120491
004051219075556012130342
008051219075556014020417
001051219075557014010578
003051219075557015010678
002051219075558014030325
009051219075558014020546
001051219075559014010332
008051219075559012080468
003051219075600012050266
004051219075600012150171
003051219075601014010432
001051219075601012050334
006051219075601013020274
008051219075601012100425
009051219075601014020608
004051219075602013030325
002051219075602019040009
003051219075603012050354
009051219075603015020667
006051219075603012120124
003051219075604013010803
004051219075604013030573
008051219075604012120493
002051219075605012170308
001051219075605013030071
002051219075605019050148
006051219075606011000656
009051219075606015020638
008051219075606012090339
003051219075607013010190
002051219075607012150305
004051219075607014030478
009051219075607015020638
001051219075608014010617
009051219075608012080297
008051219075608012090345
002051219075608019050224
004051219075609012130116
002051219075610013030308
003051219075610013010580
006051219075610012020002
004051219075610012140460
003051219075611012020086
001051219075611014010201
008051219075611012110487
002051219075611019050220
009051219075611012100252
002051219075612012160302
003051219075613014010539
004051219075613012180249
006051219075613012160085
002051219075614014030290
009051219075614012100169
008051219075614012090330
004051219075614012130314
001051219075615013010035
002051219075615019020363
003051219075616013010646
009051219075616012120395
004051219075617012150271
008051219075617013020767
006051219075617012020137
001051219075618012040475
003051219075618012040452
009051219075618012110485
003051219075619012010420
001051219075619015100560
002051219075619019020335
008051219075620012090300
004051219075620013030634
009051219075620012090423
002051219075621019050183
002051219075622012140475
001051219075622014010613
004051219075622012170127
003051219075623012030377
009051219075623013020820
008051219075623012070382
004051219075624012130210
002051219075624019020307
009051219075625014020542
002051219075626013030484
003051219075626012040445
008051219075626014020627
006051219075626011000656
001051219075627012010005
003051219075627015010780
009051219075627012120472
004051219075627012140473
002051219075628012140148
001051219075629012010348
003051219075629012060379
001051219075629018010047
008051219075629012070443
004051219075630012130205
009051219075630014020007
001051219075631012010421
003051219075632012060432
004051219075632013030441
006051219075632013020428
008051219075632012100380
002051219075632019020398
004051219075633013030619
001051219075633015100559
009051219075633012110438
003051219075634015010792
001051219075634012040471
002051219075634015030461
009051219075634012110438
006051219075634015090616
008051219075634012100436
009051219075635012080453
004051219075635012130290
002051219075635019110040
003051219075636012080007
008051219075637012100329
009051219075637014020593
003051219075638012030405
001051219075638012060387
004051219075638012150304
002051219075638019020372
006051219075639012060015
009051219075639013020837
003051219075640013010724
004051219075640015030438
008051219075640013020848
009051219075640013020778
001051219075641015010784
002051219075641015030388
003051219075642012010414
004051219075642012160231
009051219075642012120464
008051219075642012080428
003051219075644013010284
001051219075644013010331
001051219075645012020322
004051219075645012170265
002051219075645019060001
008051219075645015020685
009051219075646014020592
004051219075646012150294
003051219075647012010398
002051219075647015030466
001051219075648012010247
009051219075648013020860
008051219075648012100431
004051219075648012150268
002051219075648019060102
003051219075650012030327
006051219075650012180106
001051219075651014010411
003051219075651013010774
002051219075651012160292
004051219075651013030523
009051219075651013020841
008051219075651014020606
004051219075652012180144
001051219075653012040450
008051219075653013020852
003051219075654013010542
002051219075654012130288
004051219075654013030496
001051219075655014010612
002051219075655012130284
009051219075655013020822
001051219075655018010018
008051219075656012070438
003051219075657012020300
001051219075657018010018
004051219075657012160296
009051219075657012090407
002051219075658013030642
003051219075658012020389
006051219075658013020241
009051219075658012090407
002051219075658019050241
001051219075658016000139
002051219075659013030548
008051219075659012070426
004051219075659012160280
009051219075700014020574
003051219075701015010550
002051219075701015030455
004051219075701013030603
008051219075701015020478
002051219075702014030484
003051219075702012060356
009051219075702013020504
001051219075702016000157
001051219075703015010766
006051219075703011000581
002051219075704014030480
003051219075704015010721
002051219075704019100044
008051219075704013020838
009051219075704012110478
004051219075704012150286
001051219075705012040446
004051219075705012170056
003051219075706013010650
009051219075706012110412
001051219075707012050348
002051219075707012140405
008051219075707014020502
003051219075708012020381
004051219075708013030633
002051219075708019050225
009051219075708012090410
002051219075709013030631
009051219075709012070439
008051219075709012070410
001051219075710015010786
003051219075710013010739
004051219075710013030608
009051219075711012090419
002051219075711019020149
001051219075712014010614
002051219075712012150314
001051219075712019030038
004051219075712012130282
006051219075712011000674
008051219075712012070390
003051219075713013010598
001051219075714014010510
002051219075714015030279
004051219075714014030423
009051219075714015020577
003051219075715013010662
008051219075715012080454
006051219075715011000668
002051219075715019030046
002051219075716012140389
001051219075716012150311
009051219075716012090416
001051219075717014010103
001051219075717012150311
002051219075717019110046
004051219075717013030614
002051219075718014030465
003051219075718013010522
008051219075718014020634
009051219075718012080358
001051219075719012010415
004051219075719012140446
003051219075720013010732
006051219075720011000065
001051219075721014010457
002051219075721014030031
004051219075721012150201
009051219075721015020022
002051219075721019030032
008051219075721012100418
001051219075722012050321
004051219075722012140374
009051219075722015020678
001051219075723014010573
004051219075723013030479
002051219075724015030477
006051219075724015020199
002051219075724019050126
001051219075725015010596
009051219075725015020674
002051219075726012140409
008051219075726014020607
004051219075726012170287
001051219075727012040464
009051219075727012070417
006051219075728012010201
008051219075728013020835
004051219075728012130334
003051219075729015010769
001051219075729012010377
009051219075729012120454
001051219075730014010555
009051219075730014020633
008051219075730012100398
006051219075731012060241
004051219075731014030336
003051219075732012020368
002051219075732015030459
004051219075732012160293
008051219075732012080394
001051219075733012050234
009051219075733012070357
002051219075734015030351
003051219075734014010575
001051219075734013010751
008051219075735012120474
004051219075735012140469
006051219075735013010358
002051219075736012140453
001051219075736012050224
008051219075736013020701
009051219075736015020663
002051219075736019050223
006051219075736014030109
001051219075737012060407
009051219075737013020773
004051219075737012140408
001051219075738018010048
002051219075739012130326
009051219075739013020803
008051219075739012110427
001051219075740015010795
002051219075740019020212
004051219075740012140452
002051219075741015030376
003051219075741012030303
006051219075741013010215
009051219075741012070442
001051219075742014010594
004051219075742013030440
001051219075743014010309
009051219075743012090414
003051219075744013010515
004051219075744012160149
008051219075744012100350
006051219075744011000691
003051219075745013010244
009051219075746014020092
006051219075746014030087
001051219075747015010802
003051219075747014010604
002051219075747019070031
004051219075747013030562
008051219075747013020826
001051219075748016000166
009051219075748012120143
004051219075748013030460
006051219075749011000534
003051219075750013010726
002051219075750014030279
008051219075750012100367
009051219075750014020620
004051219075750013030264
006051219075750011000706
001051219075751012010385
006051219075752015090628
009051219075752013020198
001051219075752016000163
003051219075753012060388
002051219075753012130276
001051219075753012030368
008051219075753014020626
004051219075753012180212
003051219075754013010765
006051219075754012050057
009051219075754013020866
004051219075754012150303
002051219075755014030418
009051219075755012080447
001051219075755016000163
001051219075756014010444
008051219075756012100364
006051219075756011000566
004051219075756012140461
003051219075757012020392
001051219075757016000163
009051219075757012090368
001051219075758015010804
008051219075758012070377
004051219075758012180220
006051219075758011000690
003051219075759012050183
009051219075759015020660
002051219075759019020095
002051219075800013030541
003051219075801012050009
001051219075801014010593
008051219075801012090400
006051219075801011000648
004051219075801014030021
009051219075802014020603
008051219075802012120301
002051219075803013030589
004051219075803014030470
006051219075803012080114
009051219075803012080470
001051219075803018010068
003051219075804012060221
002051219075805013030649
003051219075805012040429
004051219075805012140465
006051219075805011000654
008051219075805012090335
009051219075806012120393
003051219075807015010783
002051219075807013030630
004051219075807012160190
009051219075807012110397
008051219075807012090279
006051219075808011000169
004051219075809014030459
009051219075809013020862
002051219075809019020150
002051219075810012180308
003051219075810012040443
008051219075810013020702
006051219075810012010292
003051219075811012050351
004051219075811013030425
008051219075811012090408
001051219075812012050179
001051219075812016000112
009051219075812012090041
002051219075813014030447
003051219075813012020269
006051219075813011000001
004051219075813012140463
001051219075814012030381
009051219075814012100419
003051219075815012020391
008051219075815012100446
006051219075816011000712
009051219075816012090343
004051219075816012180206
001051219075817013010805
006051219075817012080127
003051219075818014010436
009051219075818012120486
004051219075818012170304
008051219075818012090344
009051219075819012110486
006051219075819015020540
009051219075820014020006
004051219075820012160236
008051219075820014020618
002051219075821015030244
001051219075821012030353
003051219075821013010780
006051219075821019100071
004051219075822013030354
009051219075822014020619
003051219075823012050204
002051219075823012150108
008051219075823012100223
009051219075824015020666
001051219075825014010536
003051219075825012040397
004051219075825012140429
009051219075825012080017
006051219075825012090150
008051219075825012100394
003051219075826012010173
004051219075826013030591
001051219075827013010604
002051219075827012150250
002051219075827019050205
006051219075827011000720
003051219075828012010237
004051219075828013030412
008051219075828012110382
009051219075828015020684
002051219075830012180154
001051219075830012060259
009051219075830015020664
002051219075830019010134
004051219075830012170219
006051219075830012050222
003051219075831013010767
008051219075831013020813
006051219075832011000283
001051219075832016000126
004051219075832014030368
001051219075833014010535
002051219075833012160307
003051219075833012010413
004051219075833013030558
009051219075833012120497
002051219075834015030478
001051219075834016000126
002051219075835019040023
006051219075835011000636
009051219075835012120421
008051219075835012120402
001051219075836015010790
004051219075836012150255
003051219075837013010769
002051219075837014030365
009051219075837014020398
004051219075837012180312
008051219075837012080380
002051219075838012180275
006051219075838011000439
001051219075839019030050
003051219075840012050238
002051219075840012130302
009051219075840012090309
008051219075840012100430
006051219075840011000719
004051219075841013030456
002051219075842012130316
003051219075842013010631
009051219075842014020529
004051219075842013030550
008051219075842012120399
006051219075843011000733
001051219075845014010597
004051219075845012130344
008051219075845012090220
002051219075846012160228
006051219075846011000422
002051219075847012170303
004051219075847012130264
009051219075847014020435
008051219075847012100307
004051219075849013030104
002051219075850015030187
008051219075850012100201
006051219075850015030168
003051219075851012030300
004051219075851012130298
002051219075852015030371
009051219075852012090377
002051219075852019010072
008051219075852012070422
001051219075853013010688
003051219075853012030351
004051219075853015030408
006051219075853012160104
008051219075854012080469
009051219075854015020624
002051219075855012130337
004051219075855012170297
003051219075856013010567
008051219075856012120425
001051219075857012060253
002051219075857015030424
009051219075857015020386
004051219075857015030395
008051219075858014020331
009051219075858015020386
001051219075859014010250
002051219075859014030100
009051219075859013020840
006051219075859011000398
004051219075900014030454
008051219075901013020812
002051219075902014030449
001051219075902012050147
004051219075903012130345
008051219075903014020563
009051219075903012110160
003051219075905012050195
004051219075905012140088
002051219075906014030444
008051219075906012080345
009051219075906014020586
003051219075907012010372
001051219075907012010408
009051219075907012120447
001051219075908018010061
004051219075908014030471
003051219075909012010337
002051219075909012130303
009051219075909015020386
002051219075909019020378
008051219075909012100318
001051219075910012020333
006051219075911012030293
004051219075911012140127
008051219075911012070338
002051219075912015030470
009051219075912012070447
009051219075913012080266
004051219075913014030425
008051219075914012090396
002051219075915012170298
009051219075915014020411
004051219075915013030024
008051219075916013020572
002051219075917014030381
004051219075917015030389
003051219075918015010690
006051219075918013010296
008051219075918012080360
004051219075919012180262
003051219075920013010294
001051219075920018010008
008051219075920015020680
009051219075920013020869
004051219075921012180292
002051219075922012130322
001051219075922012030376
004051219075922012160087
009051219075922014020512
008051219075923012100327
003051219075924013010807
004051219075924012150290
001051219075925014010522
009051219075925014020530
002051219075926014030427
006051219075926012010254
008051219075926012080346
001051219075927012040411
002051219075927012140425
004051219075927014030437
001051219075928014010609
008051219075928012070368
009051219075928014020615
004051219075928012180282
002051219075929019040030
004051219075930012180296
008051219075930012110467
009051219075930014020414
001051219075931014010581
009051219075931014020534
008051219075931013020783
003051219075932012020399
008051219075932012080364
009051219075932014020534
006051219075933015090633
004051219075933013030162
009051219075934012120414
008051219075934012080414
002051219075935014030373
009051219075935012120401
004051219075935013030119
006051219075936011000635
001051219075937013010743
004051219075937012150287
001051219075937015100556
008051219075937014020511
002051219075938012180297
009051219075938012090380
002051219075939012130330
001051219075939015100556
004051219075939012140420
008051219075939012120444
003051219075940012060427
008051219075941012110458
004051219075941012150297
006051219075941013010117
009051219075941014020617
002051219075942012140431
009051219075943012120448
001051219075944016000003
004051219075944012160289
002051219075944019110049
002051219075945014030072
006051219075945011000026
008051219075945012120470
002051219075946015030362
004051219075946013030609
001051219075946016000003
003051219075947012010293
002051219075948014030399
008051219075948012070392
009051219075948015020659
003051219075949012040367
004051219075949013030331
002051219075950012180257
003051219075950014020025
008051219075950012070376
006051219075950012170077
002051219075950019020349
004051219075950013030346
009051219075951014020604
002051219075952012140428
006051219075952011000600
003051219075953012030095
004051219075953013030222
002051219075953019020382
008051219075953012070366
002051219075954012140442
001051219075954012030385
009051219075954015020641
002051219075955014030217
004051219075955013030538
006051219075955012130102
003051219075956012050365
008051219075956012080361
002051219075957019070038
009051219075957012110479
002051219075958013030596
001051219075958012030010
006051219075958012110004
008051219075959013020660
009051219075959014020424
006051219075959012020010
004051219075959012140154
004051219075959012150128
003051219080000013010454
002051219080000019060084
004051219080002014030299
008051219080002013020554
006051219080002011000725
006051219080004012060312
001051219080004018010069
008051219080004012120431
004051219080004012170054
009051219080004014020532
003051219080006014010525
008051219080006013020747
004051219080006012170217
001051219080007014010587
003051219080007013010740
009051219080007013020282
002051219080008013030263
004051219080008012130242
006051219080008014020288
008051219080009012120461
009051219080010013020640
004051219080010012160272
002051219080011013030623
006051219080011012090035
009051219080011013020425
002051219080011019040021
008051219080011013020689
004051219080011015030457
001051219080012013010783
006051219080013015020563
009051219080013012100447
002051219080014015030468
003051219080014014020020
004051219080014014030150
008051219080014012110340
001051219080015012030363
006051219080015011000263
001051219080015015100551
009051219080016012070321
004051219080016012130335
002051219080017012130267
004051219080017014030267
009051219080018012120463
003051219080019012060398
004051219080019012180278
002051219080019019040012
002051219080020012130254
009051219080021012110406
004051219080021014030398
003051219080022013010666
006051219080022012160012
004051219080023012140437
009051219080023012080366
002051219080024015030247
008051219080024012070197
004051219080026012140471
002051219080026019010008
009051219080027012090291
004051219080028012160315
006051219080028012120196
003051219080030013010259
009051219080030013020880
002051219080031012170307
009051219080031013020643
004051219080031012140337
002051219080031019010127
003051219080033012030396
002051219080033014030453
004051219080033012130270
009051219080033012070450
001051219080034012020311
006051219080034012020279
004051219080034015020598
003051219080035013010473
001051219080035012010014
002051219080036012020016
009051219080036015020541
004051219080036012140426
001051219080037013010641
002051219080037019020301
003051219080038015010610
002051219080038014030416
001051219080039012060422
008051219080039014020562
004051219080039015030441
008051219080040014020540
002051219080041012170295
006051219080041012060389
004051219080041015030439
001051219080042015010017
002051219080043014030356
008051219080043012070431
003051219080044012060378
004051219080044015010791
008051219080044013020865
002051219080045015030383
001051219080045014010338
002051219080045019020368
003051219080046015010668
008051219080046012100358
004051219080046015030451
002051219080047012160279
001051219080047012060403
001051219080047019060076
009051219080047014020565
008051219080048013020872
002051219080048019020327
009051219080048014020571
002051219080049013030510
001051219080049012020325
004051219080049012130317
002051219080050014030369
009051219080050013020817
001051219080051014010066
008051219080051012090401
004051219080051013030577
002051219080052012160312
003051219080052012050341
009051219080052012110480
002051219080053014030467
001051219080054015010789
006051219080054012010190
008051219080054014020536
004051219080054015030475
001051219080055014010494
003051219080055012030194
002051219080055014030487
009051219080055016000124
004051219080055012170209
008051219080056014020582
003051219080057012030338
009051219080057014020628
002051219080057019050196
002051219080058015030474
008051219080058015020410
004051219080058012170228
001051219080059014010200
002051219080059014030466
003051219080100012010401
002051219080101012170299
004051219080101012150295
009051219080101012120440
003051219080103012010010
008051219080103012120419
002051219080103019050193
004051219080103012130271
002051219080104012170305
008051219080104012120492
001051219080105019030043
002051219080105019010109
001051219080106019030043
004051219080107012130014
008051219080108012110443
009051219080110013020863
004051219080110012170267
002051219080110019020333
008051219080111012070411
006051219080111012010028
002051219080112013030465
003051219080114012030366
008051219080114012080373
002051219080114019050209
001051219080114018010055
004051219080114012180159
006051219080115012130286
001051219080116015010731
004051219080116013030584
008051219080117014020616
002051219080118019110013
001051219080118016000088
004051219080119012170222
009051219080119014020524
008051219080119012070404
004051219080120012170235
003051219080121013010004
008051219080121012100405
001051219080121016000164
002051219080123015030386
004051219080123015030101
003051219080124015010805
008051219080124012070358
001051219080124016000164
009051219080126016000149
002051219080127012170264
008051219080127012090357
004051219080127013030567
006051219080128015020461
003051219080129012050320
009051219080129012070341
008051219080129012090413
001051219080130013010761
002051219080130012180261
009051219080130014020566
004051219080131012160311
008051219080131012120306
006051219080131014020550
002051219080133014030176
008051219080133014020120
009051219080134013020626
004051219080134012180259
002051219080135014030387
002051219080136012170280
008051219080136014020513
004051219080137012150273
002051219080138014030001
001051219080138012020367
004051219080138012140441
008051219080138014020470
008051219080139014020470
009051219080139014020578
002051219080140014030022
001051219080140012010382
001051219080140015030106
008051219080142012110464
002051219080143012150315
003051219080144012040420
004051219080146012170020
003051219080147013010702
001051219080150014010610
004051219080150012160298
003051219080151012030328
001051219080151012040131
004051219080152012170284
008051219080152014020489
004051219080155013030605
008051219080155012090402
009051219080156012100347
009051219080158014020568
004051219080159012130285
008051219080159014020525
004051219080201013030399
006051219080202014020055
009051219080202015020681
008051219080202012070403
004051219080205012180301
001051219080207012020382
002051219080207012180310
008051219080210013020790
006051219080210012160222
001051219080211012070090
004051219080212012020358
001051219080213012060368
004051219080214012130278
001051219080215012030305
001051219080215019010128
006051219080216012030282
003051219080217014010616
001051219080217012050347
004051219080217013030485
004051219080218012140225
004051219080221012160233
006051219080222012130049
001051219080223012030361
002051219080224019050171
004051219080225012140149
009051219080227012080418
002051219080227019050171
003051219080230013010808
004051219080231012170291
009051219080231012070433
004051219080234014030452
001051219080235012060431
002051219080239014030481
002051219080241019090016
006051219080246014010295
001051219080252014010590
006051219080252011000640
006051219080256012030316
002051219080302012140430
001051219080303015010774
002051219080304012140447
002051219080307012130292
002051219080309012150261
001051219080311014010611
009051219080311012090388
009051219080316012090399
001051219080318015010407
004051219080319012180263
006051219080319012150195
001051219080321012030329
004051219080321012170306
001051219080324016000154
001051219080325016000154
002051219080326012180288
001051219080326014010508
008051219080331012080438
002051219080335019020397
008051219080350013020870
002051219080356019040020
008051219080401012090391
001051219080402014010133
003051219080402012050353
002051219080403019050235
002051219080406019020379
006051219080407012020274
001051219080414012030196
002051219080414019060103
002051219080422012180253
002051219080428015030402
008051219080429012120465
003051219080435012060365
002051219080502019040015
002051219080507019010118
002051219080511012180273
004051219080520012150069
008051219080524012100385
003051219080529013010730
003051219080545013010799
002051219080545019010094
002051219080550019040016
001051219080601016000141
001051219080603016000141
004051219080604012130320
004051219080610013030610
001051219080641016000163
001051219080655019020373
004051219080706012170250
001051219080845016000007
001051219080848016000001
002051219081049019010074
009051219081222015020672
002051219081526019070001
001051219081619016000012
001051219081657016000052
002051219081903019010131
001051219082341016000025
001051219082342016000025
003051219083306012040453
002051219083458019030033
002051219083933019010111
002051219083938019010031
