002071119070706016000090
001071119070709016010081
001071119070713016010130
002071119071135019010124
001071119071559016010120
001071119071614016010045
001071119071633016010119
001071119071740016010098
001071119071805016010095
001071119071850016010048
001071119072015016010105
001071119072028016010125
001071119072047016010056
001071119072301016010084
002071119072302019060101
002071119072306019030001
001071119072350016010080
001071119072354016010121
001071119072506016010071
001071119072520016010050
001071119072601016010106
001071119072606016010106
001071119072609016010100
001071119072615016010073
001071119072658016010110
002071119072705019020083
008071119072748016010129
006071119072805013020543
006071119072812019100067
006071119072815019100067
001071119072831016010082
002071119072855014030055
001071119072918016010032
006071119072931011000051
002071119072938014030374
001071119072948016010090
001071119072953016010122
002071119073003019060086
001071119073033016010077
001071119073043016010024
002071119073049019050195
002071119073114019110027
002071119073126019060003
008071119073140013020255
006071119073144013020067
006071119073150011000359
002071119073153019050227
002071119073207019020401
002071119073219015030444
002071119073222015030444
001071119073245016010128
001071119073248016010124
002071119073300012160275
003071119073313012040293
001071119073317019010125
002071119073329019020399
002071119073344019060084
004071119073356013030546
006071119073509011000491
002071119073513019020231
008071119073517014020451
006071119073518019100067
008071119073521015020671
006071119073521019100067
003071119073527013010771
001071119073532016010127
008071119073545013020849
003071119073548012030335
003071119073551012030349
002071119073645019010116
002071119073646019010116
001071119073647016010079
001071119073652013010802
003071119073653012060396
002071119073655019020079
003071119073657012060433
002071119073708019010087
004071119073710013030624
001071119073726015010737
002071119073727019050188
006071119073729013010270
002071119073733019050216
006071119073735011000675
002071119073737019020400
002071119073738015030476
002071119073801012150203
002071119073808012180252
004071119073813012160136
002071119073821019060113
002071119073823015030473
002071119073832019100032
001071119073833012060372
001071119073844012010011
003071119073844013010365
001071119073845016010123
008071119073851014020588
002071119073903014030226
009071119073903012110437
006071119073911011000086
002071119073916019100046
004071119073917012150203
009071119073919013020873
004071119073921012150203
002071119073923019020230
004071119073931012180046
002071119073931019050242
006071119073938011000730
003071119073940012060007
002071119073941019030045
004071119073942012180299
003071119073945012040442
002071119073947013030592
002071119073948019020313
004071119073949012140467
002071119073950019010132
002071119074001012140379
009071119074003012110473
003071119074014012040466
006071119074017011000692
001071119074018014010201
004071119074022013030625
006071119074022012010019
003071119074024013010677
003071119074027013010426
004071119074040014030421
008071119074041015020640
008071119074044013020692
009071119074045012100218
008071119074048012100432
008071119074051012070437
009071119074052012100432
001071119074053015010632
001071119074055015010797
002071119074101019050084
009071119074104012120496
001071119074105012060430
009071119074109015020658
004071119074113015030465
004071119074117015030463
006071119074120011000165
002071119074121013030509
003071119074122013010800
006071119074124011000165
004071119074126013030509
002071119074127019050094
001071119074135016000152
002071119074138012160313
008071119074139012080467
008071119074140012080467
006071119074140011000677
002071119074142019020363
002071119074144013030638
009071119074146013020844
002071119074147019050237
002071119074147013030466
009071119074156015020668
002071119074156019050239
009071119074159013020851
002071119074202012160300
004071119074206012160282
009071119074209012090404
003071119074214012030276
002071119074220019100039
002071119074229019020374
003071119074229015010801
003071119074232013010651
008071119074256012120489
001071119074301012030333
001071119074302016000073
003071119074306012020348
001071119074309018010067
006071119074312015090630
008071119074315012090351
001071119074322012050331
004071119074329013030565
004071119074332012140472
009071119074338012080456
002071119074340012130165
009071119074341013020745
002071119074344019030048
009071119074345013020438
002071119074346012180273
001071119074348013010479
009071119074349015020635
001071119074354013010479
004071119074355012160271
001071119074356012060095
002071119074357019020383
004071119074357012130312
003071119074357012020121
002071119074357012180253
002071119074359012130297
009071119074359012080463
003071119074400013010550
002071119074401019020340
004071119074402013030443
003071119074404013010479
003071119074407012030398
001071119074411013010347
009071119074416015020683
004071119074418014030174
009071119074419012070435
008071119074422013020818
009071119074424012100429
009071119074425012100429
008071119074425013020532
004071119074428012170178
009071119074431014020511
002071119074432019020389
003071119074434012010309
008071119074443012110482
001071119074449019020282
002071119074452019020065
008071119074453012080408
001071119074453013010755
008071119074456012080408
002071119074458019040024
001071119074459012030404
002071119074500019010134
006071119074503013010014
008071119074504012080267
002071119074505019050225
003071119074505012040447
009071119074507012080189
006071119074507013010001
003071119074508012030355
006071119074511011000722
008071119074515012070187
002071119074517019020186
006071119074517011000573
003071119074521012010364
004071119074522012150312
009071119074523012090330
002071119074523019010074
006071119074524011000699
008071119074525012070148
006071119074531013010009
006071119074545011000490
002071119074545019050235
003071119074548012050254
004071119074549012160075
001071119074550012020324
002071119074552019070014
008071119074553012120488
001071119074554015010001
008071119074554012120488
004071119074556012140457
008071119074556012120488
008071119074558013020855
004071119074601014030342
008071119074601013020859
009071119074604012120478
008071119074607012090405
009071119074607013020755
001071119074610012010376
009071119074611012120473
008071119074611012090405
003071119074614013010768
009071119074614012070428
004071119074614012170146
003071119074617013010007
004071119074617012160285
009071119074620014020501
003071119074621012010375
002071119074623013030618
003071119074624013010505
008071119074626013020703
009071119074626012070445
004071119074628015030368
003071119074628013010791
009071119074630012090267
008071119074631013020864
001071119074632012060397
006071119074633015090579
009071119074634013020823
008071119074636012120476
002071119074640012130340
001071119074643014010584
006071119074643011000710
009071119074643013020683
003071119074648012060384
006071119074651011000343
002071119074652019110029
004071119074653015030371
006071119074655019100066
004071119074656012180171
002071119074657019100070
002071119074659013030349
001071119074700014010565
002071119074700019020390
004071119074701012160163
006071119074701011000666
003071119074702012040192
002071119074703019020061
009071119074704012110297
003071119074705015010687
002071119074706014030239
006071119074706011000666
009071119074707012080350
002071119074708019040001
001071119074710012010419
009071119074711013020606
006071119074711011000651
004071119074712013030075
002071119074714012130250
009071119074714012090272
003071119074715015010678
006071119074716011000663
002071119074716019050164
002071119074716012150309
009071119074717014020562
008071119074717013020778
008071119074718013020778
003071119074718013010672
002071119074719012150274
009071119074720014020523
002071119074721019060107
004071119074721013030084
001071119074722012020385
006071119074722011000388
009071119074723012090393
004071119074725012170257
002071119074725013030648
006071119074725011000445
006071119074729012070006
002071119074730019020318
004071119074730013030366
009071119074731012080304
006071119074733011000388
002071119074734019040035
009071119074734015020029
001071119074734013010021
004071119074735013030622
009071119074735014020331
004071119074736013030628
001071119074737013010700
006071119074737011000388
003071119074739012030276
002071119074739012150091
002071119074740019020127
009071119074740013020821
004071119074741015030343
002071119074743019060076
003071119074744013010794
002071119074745013030627
004071119074745012140167
006071119074747013020240
004071119074748013030382
003071119074748012050368
002071119074748012130339
004071119074752013030551
009071119074755013020766
002071119074756019050170
003071119074758012060427
008071119074758015020535
006071119074758011000704
006071119074803013010321
001071119074803015100546
002071119074805019020353
003071119074806013010803
006071119074807015090603
002071119074809019020103
006071119074810015090608
009071119074811013020685
003071119074811013010567
004071119074811012180276
002071119074812019020180
006071119074814015090608
004071119074814012180284
008071119074815012120491
003071119074815013010795
009071119074815012110484
006071119074816015090568
004071119074816013030498
008071119074818013020867
003071119074818012060359
002071119074818019050026
004071119074818012170279
006071119074820016010086
003071119074821012020390
004071119074821012180251
002071119074821019100028
006071119074823012160021
003071119074823013010601
004071119074824015030445
002071119074825019110005
006071119074828011000078
004071119074830012160088
009071119074831015020677
002071119074831019010119
004071119074833012150318
006071119074834015090621
001071119074834015010800
004071119074835013030504
009071119074835012110410
008071119074835012110377
002071119074837019110043
009071119074839012090350
006071119074839012110223
002071119074839016000123
004071119074840012150196
001071119074840013030157
002071119074841019050217
006071119074843011000498
004071119074844012170218
003071119074844012050311
001071119074845018010054
008071119074846012070427
009071119074846013020387
004071119074847015030443
001071119074849015010763
008071119074849012080343
002071119074849012140389
009071119074850013020651
002071119074853015030474
009071119074854013020562
009071119074858015020679
008071119074859015020620
009071119074900012090248
004071119074901012170258
002071119074901019100008
006071119074902014030087
008071119074902012090375
002071119074902014030159
004071119074904012140462
003071119074905012030036
001071119074907015020500
006071119074908011000525
001071119074908012020228
009071119074908012070440
002071119074910019020398
001071119074911014010571
004071119074911012150310
009071119074912012100411
001071119074913015010787
002071119074915019050112
001071119074916014010563
001071119074917012040438
004071119074919012150135
003071119074919012060364
001071119074921012050367
003071119074921015010798
003071119074922012050313
006071119074922013020412
001071119074923015010669
009071119074923012120482
008071119074924015020681
001071119074924014010011
001071119074925016000101
004071119074925013030386
009071119074926012070344
002071119074927015030434
001071119074927016000101
003071119074928013010575
009071119074929012070010
008071119074930012080458
001071119074931012040403
008071119074933012100400
003071119074933012030402
006071119074933015090580
009071119074934012070407
001071119074934014010600
004071119074935014030393
003071119074935012030399
003071119074938014010606
008071119074938012100424
006071119074939011000683
004071119074939013030516
003071119074940014010003
002071119074941015030469
003071119074942013010577
009071119074942013020723
006071119074943011000203
002071119074944012160291
001071119074945012030350
003071119074945012050364
002071119074946012130343
008071119074947015010696
003071119074947012060426
001071119074947012060005
003071119074948012050350
008071119074950012110488
002071119074950012140474
004071119074950013030506
002071119074951019020394
001071119074951014010440
003071119074951012060428
002071119074952012170277
006071119074952011000729
002071119074954019100002
003071119074954012050009
001071119074955012060407
003071119074956012060166
001071119074956013010712
006071119074957011000727
002071119074957014030366
002071119074957019050228
003071119074958012060414
001071119074958012020345
008071119074958012080123
004071119075000015030246
009071119075000012100006
008071119075001012120479
001071119075001015010793
003071119075001013010806
001071119075002015010781
006071119075002015090618
003071119075002013010776
002071119075003019020260
003071119075004013010806
008071119075004013020882
009071119075006013020858
002071119075006012140445
008071119075007015020647
004071119075008013030644
001071119075009015010692
009071119075009012100134
004071119075010013030641
002071119075010019110002
008071119075011013020881
009071119075011012100403
004071119075013012150283
009071119075014012070414
008071119075014013020188
002071119075014013030639
002071119075015019110048
008071119075016013020188
004071119075016012150100
008071119075017013020881
009071119075017012110414
003071119075019012040476
008071119075019012090348
009071119075020013020780
004071119075020012140445
008071119075021015020643
009071119075022012120461
004071119075023012140443
008071119075024012100416
006071119075025011000041
004071119075026012140466
008071119075027012090379
002071119075029019050183
009071119075029012110446
004071119075030014030430
008071119075030012100311
003071119075031013010781
002071119075033019020286
008071119075033012080383
003071119075035013010772
009071119075035012080375
008071119075036012110454
001071119075036014010570
008071119075037012110483
006071119075037019100008
002071119075037019020124
003071119075038012010420
001071119075039015010788
004071119075040012160310
006071119075041011000706
002071119075041019020124
009071119075041013020542
002071119075041012150249
008071119075042012120494
003071119075042013010785
003071119075043013010624
002071119075044012180157
006071119075045015090620
001071119075045014010526
008071119075045015020654
009071119075046012110400
004071119075047012160310
003071119075047012040459
009071119075049012070244
004071119075051013030379
009071119075052012110466
002071119075052019020275
008071119075052013020599
001071119075053012050344
006071119075055011000714
009071119075055012100284
003071119075056012040337
004071119075056013030606
001071119075056012010409
002071119075057019060119
009071119075057012110151
001071119075057012050360
006071119075058011000707
004071119075058014030160
001071119075059012050279
003071119075100015010704
009071119075100012070193
002071119075101019110014
008071119075101015020577
004071119075101012140435
006071119075102011000258
009071119075103015020591
003071119075104012060420
009071119075104015020591
008071119075104013020797
004071119075105012170268
001071119075105012040444
002071119075105019040034
009071119075106012100423
003071119075106012020400
001071119075107012010170
008071119075107012120415
004071119075107015030437
009071119075108012070384
006071119075108011000694
002071119075109019100063
003071119075109013010788
008071119075109015020684
009071119075109012070384
004071119075110013030246
003071119075111012040376
006071119075111011000388
008071119075112012070442
009071119075112012120256
008071119075113012070442
003071119075113012030261
004071119075113014030368
009071119075113013020850
006071119075113012040209
003071119075115012020286
009071119075115012070441
008071119075116013020763
004071119075116014030478
006071119075117012020137
009071119075118015020502
003071119075118013010654
004071119075119013030372
008071119075119014020608
006071119075120011000120
009071119075120015020545
003071119075121013010560
004071119075121012170292
008071119075121015020676
008071119075122015020676
004071119075122014030077
009071119075123013020644
006071119075123011000687
002071119075124014030482
003071119075124013010541
008071119075124012070447
004071119075126012150241
009071119075126012120412
003071119075127013010606
008071119075127015020638
002071119075127012140374
009071119075128013020411
008071119075128014020571
004071119075128012170073
006071119075128011000231
008071119075129015020604
003071119075130013010650
002071119075130019010109
001071119075130012050308
009071119075131012100398
008071119075133013020868
003071119075133012040473
009071119075134012070429
006071119075134011000262
003071119075135012040465
008071119075135012100347
001071119075135012050315
004071119075136013030240
009071119075137013020749
006071119075138011000717
003071119075138012030342
004071119075139012170193
002071119075139019020368
008071119075140013020831
003071119075140013010714
002071119075142019100068
003071119075142012060400
004071119075143012140473
002071119075143012160314
002071119075143019100068
006071119075144014010053
009071119075144013020702
003071119075145013010693
002071119075146019020346
004071119075146012140456
003071119075147012060421
009071119075147012080284
002071119075148019100061
006071119075148011000388
003071119075150012020288
008071119075150014020231
002071119075151019020327
003071119075152012030387
004071119075152012170195
002071119075152013030649
006071119075153012080131
008071119075153013020819
002071119075154019020007
009071119075155012110487
004071119075155014030267
003071119075155015010610
009071119075156012110487
008071119075156012090017
001071119075156012010340
006071119075157014010241
003071119075158013010682
004071119075158013030458
002071119075158019100013
008071119075200013020017
009071119075200012100436
006071119075201011000388
001071119075201013010176
002071119075203019020382
002071119075204012160306
009071119075204015020657
006071119075204011000568
003071119075205015010794
002071119075207015030436
003071119075207012030256
009071119075207013020793
006071119075207011000681
002071119075208019030047
001071119075208014010477
004071119075209013030339
006071119075210011000690
002071119075210014030489
003071119075210013010662
004071119075211013030460
002071119075212013030563
006071119075212012110164
009071119075213013020781
001071119075213012060405
004071119075214013030607
003071119075214014010436
006071119075214011000408
008071119075215012110373
003071119075216014010604
001071119075216013010023
004071119075216014030423
002071119075216019020397
006071119075218011000595
001071119075218013010734
008071119075218013020832
009071119075219013020681
004071119075219013030629
003071119075219013010580
001071119075220014010612
006071119075220015090617
002071119075220019030022
008071119075221012080448
001071119075222012010348
004071119075222014030390
009071119075222013020824
006071119075223011000601
001071119075224015010738
004071119075224012140086
002071119075224019100065
001071119075225014010593
009071119075225013020574
006071119075226015090632
009071119075227012090412
004071119075227012180307
003071119075227012050303
002071119075228014030480
001071119075228016000169
001071119075229015030112
006071119075229011000670
003071119075230012050351
004071119075230013030356
008071119075232012100257
002071119075232014030404
006071119075232011000678
004071119075233013030590
001071119075234015010753
006071119075234011000686
002071119075234019040028
004071119075235013030398
008071119075235012080427
001071119075236012010408
003071119075236013010710
002071119075236014030458
001071119075237014010460
006071119075237011000408
009071119075238013020877
003071119075238012010389
002071119075238019050238
008071119075239012070236
006071119075239011000731
004071119075239013030507
001071119075239013010804
009071119075241013020877
003071119075241012040437
001071119075241012050343
006071119075241013010015
002071119075242012130305
008071119075242013020504
009071119075243013020877
001071119075243012040425
003071119075243013010787
009071119075244013020836
006071119075244012020013
008071119075245012100434
002071119075245019050238
004071119075246013030646
003071119075246012060360
006071119075247011000715
001071119075247012020388
008071119075248014020567
003071119075248012050307
004071119075249012130214
006071119075249011000586
002071119075250015030426
003071119075250012020008
001071119075250012050285
002071119075251012150263
001071119075251013030071
008071119075251013020841
002071119075251019050091
006071119075251011000713
001071119075252013010059
003071119075252012040453
004071119075254012160280
008071119075254012110143
003071119075254013010520
002071119075255019050205
001071119075255015010752
006071119075255011000388
003071119075257012020344
006071119075258012010028
002071119075258012130263
002071119075259019020095
004071119075259012170231
001071119075259016000058
003071119075259012060434
001071119075259015010758
009071119075300013020789
008071119075300014020494
002071119075301019020326
006071119075302011000713
001071119075302016000058
008071119075302012120414
001071119075302012050224
004071119075302013030120
003071119075303013010529
009071119075303012110443
008071119075303012120454
001071119075304016000088
008071119075304012120454
006071119075305019100068
009071119075305015020672
001071119075306014010316
008071119075306012120454
004071119075307012150271
003071119075307012050366
001071119075307016000008
009071119075308013020706
006071119075309011000724
008071119075309014020092
001071119075309014010432
003071119075309015010751
001071119075310014010157
004071119075310012170144
001071119075310016000062
009071119075311014020625
008071119075312014020524
001071119075313012040354
004071119075313012130341
002071119075314019050064
003071119075314015010792
006071119075314012130091
008071119075315012120484
003071119075316012050194
009071119075317014020611
006071119075318011000410
002071119075318019110033
003071119075318012010422
004071119075318012150073
008071119075319014020542
001071119075319014010592
009071119075320014020589
002071119075321019020221
009071119075321013020753
004071119075321012140444
001071119075322013020180
006071119075322011000574
002071119075324012180249
009071119075324012080220
004071119075324015030467
006071119075324015090628
008071119075325012120421
002071119075326019110050
001071119075327015030454
001071119075327015010804
009071119075327012080457
002071119075328015030262
008071119075328012110481
009071119075329012080135
001071119075329014010451
004071119075329012150190
006071119075330012020037
001071119075330015100559
008071119075331012080366
002071119075331014030424
002071119075331019050152
001071119075332013010006
009071119075332012100334
003071119075333013010199
001071119075334012010341
008071119075334012080464
009071119075335012100329
006071119075335011000718
002071119075335014030450
001071119075336014010548
003071119075336013010758
004071119075336014030476
001071119075337012050309
003071119075337013010392
008071119075337015020057
009071119075338013020879
004071119075339012150303
001071119075339013010761
003071119075339013010770
008071119075340015020618
009071119075341012070432
001071119075341012040458
001071119075342012040461
003071119075342012040423
004071119075342013030636
006071119075343011000440
008071119075343012110375
003071119075344015010761
001071119075344014010424
009071119075344012070443
004071119075345014030305
001071119075345012040462
002071119075345015030388
006071119075345012010292
002071119075345019050244
009071119075346012080466
008071119075346012070331
003071119075347012050310
001071119075347014010615
006071119075348013020581
009071119075348012080424
004071119075349012170290
003071119075349012020393
008071119075349012090235
002071119075349014030484
001071119075349013010762
001071119075351014010377
006071119075351012110087
003071119075351014010241
009071119075351013020738
008071119075352012070444
004071119075352014030088
009071119075353012090417
003071119075353012050028
001071119075353012030365
006071119075354011000517
001071119075354012010415
004071119075355013030545
002071119075355019110006
008071119075355012120448
001071119075356015100556
003071119075356012060381
009071119075356012110442
006071119075356011000598
001071119075356015010129
004071119075357015030389
003071119075357012060410
001071119075358014010502
002071119075359012130333
009071119075359014020486
003071119075359013010730
008071119075359012100288
004071119075400013030562
001071119075401012040464
006071119075401011000643
008071119075402012100224
002071119075402012140468
009071119075402012100223
006071119075402012120199
003071119075402012030403
004071119075402014030425
004071119075403013030496
003071119075403012060378
001071119075403013010805
001071119075405012030352
009071119075405013020795
002071119075405019020377
003071119075405013010598
008071119075405012100447
009071119075406013020795
004071119075406014030459
002071119075406013030589
001071119075407015100557
006071119075407012060389
003071119075407014010208
001071119075408013010747
008071119075408012080297
002071119075409015030410
004071119075409012140388
009071119075409012100394
001071119075409012040355
003071119075409012020404
008071119075410012090420
006071119075410011000473
003071119075411012050363
004071119075412014030426
009071119075412013020767
001071119075412012030304
008071119075413014020088
003071119075413012050345
001071119075414013010549
008071119075414013020880
006071119075414015090629
009071119075415012090335
001071119075415014010614
001071119075416012020352
004071119075416013030530
001071119075417014010357
001071119075417018010068
003071119075417012040452
006071119075417011000283
008071119075417012110424
003071119075418012020332
004071119075418015020655
009071119075418013020878
002071119075419012180271
002071119075419019050230
001071119075420015010473
004071119075420014030334
008071119075420012080462
003071119075420012050356
006071119075420013010151
009071119075420012080428
001071119075421014010558
002071119075421019050222
003071119075421012040470
008071119075422012070415
006071119075423011000728
002071119075423019050222
004071119075423013030573
009071119075423012120493
001071119075423014010267
002071119075424012170293
004071119075424013030003
003071119075425012050266
009071119075425013020769
001071119075425019050245
006071119075426011000726
003071119075427013010732
002071119075428012150102
004071119075428012150299
008071119075428014020394
009071119075428012100201
001071119075428015010683
001071119075428016000126
006071119075429011000566
001071119075429015010693
003071119075430012020403
001071119075430016000126
009071119075430012090256
003071119075431013010793
006071119075431015090616
004071119075431012170253
001071119075432014010200
004071119075432012180259
009071119075433012110351
002071119075433015030337
008071119075433015020386
003071119075433012050225
001071119075433016000168
006071119075434011000065
004071119075434012130290
001071119075434012040433
008071119075435014020528
001071119075435016000168
008071119075436012110178
003071119075436012020396
009071119075436012100312
001071119075437013010035
006071119075437019100071
004071119075437012150198
004071119075438012180185
008071119075438012110178
003071119075438013010759
002071119075439015030356
008071119075439012070382
009071119075439012100431
008071119075440012070382
004071119075440012170265
001071119075440014010569
006071119075440012160114
003071119075441013010646
009071119075441015020469
001071119075441014010493
004071119075441013030448
003071119075442012040429
004071119075443013030264
001071119075443012060429
009071119075444012080419
008071119075445013020460
003071119075445013010522
009071119075445014020581
001071119075445012060369
004071119075446012140088
006071119075447011000700
001071119075447014010264
002071119075448019010108
009071119075448012120242
003071119075448012040397
004071119075448012130280
008071119075448015020652
002071119075449015030466
002071119075450013030548
004071119075450013030482
001071119075450012060383
006071119075450013020068
008071119075451012120463
003071119075451012060309
001071119075451012050358
001071119075451016000154
002071119075451019070038
009071119075451013020874
003071119075452012020086
001071119075453016000154
001071119075453013010213
009071119075453015020680
004071119075453012150255
006071119075453011000564
004071119075453012180278
002071119075454012150118
008071119075454012110294
003071119075455012060379
001071119075455015010682
004071119075455013030603
006071119075455013030176
001071119075455016000003
009071119075456012110460
004071119075457013030609
003071119075457015010615
002071119075457012150226
001071119075457012020111
001071119075458016000003
008071119075458012090418
009071119075458012090383
006071119075459013020397
001071119075459015010785
002071119075459015030187
009071119075500013020701
004071119075500012130059
003071119075500012030390
008071119075500012090418
001071119075501013010751
006071119075501015090627
001071119075501018010047
008071119075501012090416
001071119075502012060416
003071119075502012030366
004071119075502012150270
002071119075503012170264
004071119075503012170194
002071119075503019020307
009071119075503012100364
001071119075503012020306
008071119075504012120354
003071119075505012020402
002071119075505012170295
001071119075506012020383
002071119075506012180275
009071119075506012110461
001071119075506012040410
006071119075506012040300
004071119075506013030469
004071119075508012130210
001071119075508012010162
003071119075508012040414
008071119075508014020007
008071119075509014020007
002071119075509014030444
009071119075509012110427
006071119075509014030056
008071119075510012120447
004071119075510012140446
003071119075510013010727
009071119075511012080364
002071119075511014030399
002071119075512019100072
004071119075512012150170
008071119075512012120447
002071119075513014030290
003071119075513012020391
006071119075513011000276
004071119075514012150098
009071119075514012120377
008071119075515012120350
002071119075516012140148
004071119075516012140460
001071119075516013010446
003071119075516013010799
001071119075517015030106
009071119075517012090400
003071119075517012050123
002071119075517019020393
001071119075517012030397
006071119075517011000656
004071119075518012140434
008071119075518015020667
001071119075519012050357
002071119075519012140458
003071119075520013010726
009071119075520012080452
001071119075521012030353
004071119075521015030395
002071119075521016000144
008071119075521013020808
002071119075522019020391
003071119075522012080007
002071119075522012140453
004071119075523013030614
008071119075523014020512
009071119075523012080396
006071119075523011000656
001071119075523016000163
002071119075524012150278
008071119075525012110412
004071119075525012170127
003071119075525012030327
009071119075526014020606
002071119075526015020598
001071119075526016000163
004071119075528014030471
003071119075528015010716
008071119075528015020639
002071119075528019050126
001071119075529013010797
002071119075529012130254
009071119075529014020598
004071119075529012150294
004071119075530012180272
003071119075530012010247
006071119075531012020274
001071119075531018010059
008071119075531012110477
002071119075532019030042
006071119075532011000723
003071119075532012030377
009071119075532013020758
004071119075533012160243
008071119075533012090410
001071119075534018010059
001071119075534014010332
003071119075534012030266
006071119075534011000664
002071119075535019050212
001071119075535018010059
009071119075535012100323
009071119075536012100323
008071119075536012100439
004071119075536012130242
003071119075537012020392
001071119075537012060353
004071119075538012150287
001071119075539014010581
009071119075539014020404
008071119075539012120395
002071119075539012160215
004071119075540014030325
006071119075540011000632
003071119075540012030230
001071119075541014010578
003071119075542012010393
008071119075542012090341
002071119075542012170273
009071119075542012090333
001071119075543012040222
006071119075543013030188
004071119075543012140422
008071119075544015020669
002071119075544019050241
003071119075544012050238
001071119075545015010784
009071119075546014020594
004071119075546014030438
001071119075546014010580
006071119075546011000581
008071119075546012120143
002071119075546014030375
003071119075547012030372
002071119075548019050184
008071119075548012080266
001071119075548013010641
003071119075548013010413
009071119075549012070387
004071119075549012160287
002071119075549015030247
006071119075549012180106
002071119075550019020379
002071119075551019020379
008071119075551014020493
002071119075551013030541
001071119075551012010277
003071119075551013010737
009071119075552015020646
006071119075552012020002
004071119075552013030535
003071119075553012060356
002071119075553014030418
001071119075553012010014
002071119075553019080001
002071119075554013030647
004071119075554013030571
004071119075555012180266
009071119075555012120474
008071119075555015020664
001071119075555014010538
001071119075556012010414
003071119075556012010387
002071119075556013030630
006071119075556011000720
001071119075557012040420
009071119075557014020525
002071119075557019100044
004071119075558015030460
009071119075558012100405
002071119075558012180308
003071119075558012060374
008071119075559012090291
002071119075600019050196
001071119075600012060403
008071119075601012070439
002071119075601012150315
004071119075601013030456
001071119075601014010608
003071119075601015010717
009071119075601012070403
006071119075602011000627
002071119075602019050029
001071119075602015100543
004071119075602013030550
003071119075602013010724
001071119075603012030368
002071119075603014030453
008071119075603015020451
001071119075604015010596
009071119075604012110455
008071119075604015020451
004071119075604013030637
008071119075605013020862
003071119075605012030344
006071119075605012130116
001071119075605016000166
003071119075606013010695
001071119075606012010361
009071119075606013020761
008071119075607012070417
001071119075607014010575
002071119075607012130338
004071119075607012130205
003071119075608012040467
001071119075609012040450
002071119075610015030423
004071119075610012160190
009071119075610012110421
008071119075610013020820
003071119075610012020381
002071119075610019040016
004071119075612012180262
009071119075612012120433
002071119075613014030373
008071119075613012090380
006071119075613011000719
003071119075614015010769
009071119075615014020622
004071119075615013030441
001071119075615012020322
006071119075615013010117
004071119075616013030619
008071119075616012090041
003071119075617012060432
006071119075618012020340
004071119075618012150268
008071119075618012080430
009071119075618012080380
001071119075618014010068
003071119075619013010460
001071119075619013010688
003071119075621013010739
009071119075621013020721
008071119075621015020644
002071119075621015030431
006071119075622011000640
001071119075622015100560
002071119075622019060102
001071119075623012050321
008071119075624012090406
003071119075624012050204
001071119075624014010599
002071119075624014030336
009071119075624012100445
006071119075625011000640
009071119075625012070360
004071119075625014030021
002071119075626019070031
003071119075626012050369
009071119075627012110404
008071119075627014020435
002071119075627013030518
001071119075627012020380
004071119075627014030440
002071119075628013030587
003071119075629012020398
009071119075629014020626
001071119075629015010017
008071119075629014020554
002071119075629019110037
004071119075630014030440
008071119075630015020666
006071119075630013010358
009071119075631013020811
002071119075631013030642
001071119075631012050347
003071119075632015010803
001071119075632019030050
009071119075633013020811
003071119075633012060363
008071119075633012100169
004071119075633012130342
002071119075634019060001
002071119075635014030475
003071119075635013010542
004071119075636012150304
009071119075636012120427
008071119075636013020833
001071119075636012010421
002071119075637012130327
002071119075637019100052
004071119075637013030558
009071119075637013020468
003071119075638012030328
004071119075639012130264
002071119075639012160292
009071119075640012120368
002071119075640019050214
002071119075640013030484
006071119075640011000594
008071119075640014020416
004071119075641012130270
003071119075641012030401
001071119075642016000161
004071119075643013030479
008071119075643012100441
001071119075643016000161
009071119075643012100047
003071119075643012020389
003071119075645013010190
008071119075645015020013
004071119075645012130336
001071119075645015010796
009071119075646013020812
009071119075647012070422
004071119075647012140149
002071119075648015030351
003071119075648014010605
001071119075648012040468
004071119075648012180144
008071119075649012100443
009071119075650013020826
006071119075650012130102
001071119075650018010069
003071119075650014010452
004071119075651014030454
001071119075651012010355
003071119075651012040382
004071119075652012180258
002071119075652012150305
008071119075652012100381
009071119075653014020632
004071119075653012140463
001071119075653012050334
006071119075653012120196
003071119075653013010653
009071119075654014020632
004071119075655012160087
002071119075655012150314
008071119075655015020630
001071119075655012030300
009071119075655012100418
003071119075656012040353
006071119075656011000439
001071119075657012040346
004071119075657012130282
009071119075658012070390
008071119075658012070368
003071119075658014010603
002071119075659012160308
004071119075659012160224
001071119075659012010403
006071119075659011000277
004071119075700012130310
009071119075700012090302
006071119075701011000309
002071119075701012130288
001071119075701012050213
003071119075702012030400
009071119075703012080459
001071119075703012060253
003071119075703012040454
001071119075704014010535
004071119075704012180206
008071119075705014020426
006071119075705013020241
009071119075706012090394
001071119075706014010536
003071119075706015010668
004071119075707013030119
001071119075707012030010
001071119075707015100551
002071119075707015030477
001071119075708012060259
009071119075708012120485
008071119075708012110485
004071119075709012160301
003071119075709013010473
001071119075710012030356
004071119075710012170056
002071119075710012170266
006071119075711013020154
009071119075711012100420
003071119075712012030386
004071119075712013030354
008071119075712012120487
001071119075712014010596
002071119075712014030456
003071119075714013010740
001071119075714012020325
004071119075715012150307
008071119075715012120490
002071119075715012170305
004071119075716012140426
002071119075716019060095
001071119075716012050234
003071119075717012040443
009071119075717014020597
001071119075717013010331
001071119075718014010510
008071119075718014020593
002071119075718014030031
004071119075719013030523
001071119075719012030385
003071119075720012010398
009071119075720015020478
004071119075721015030438
008071119075721014020180
009071119075722012090411
001071119075722012060349
002071119075722012180305
006071119075722011000725
008071119075722012090220
003071119075723013010780
001071119075723014010411
004071119075723013030608
001071119075724012020382
008071119075724013020274
009071119075725013020748
002071119075725019100018
003071119075725015010786
004071119075725012140452
008071119075725013020274
006071119075726012130286
009071119075726012080414
001071119075727018010071
003071119075727012050210
001071119075727012050179
006071119075727012060241
009071119075728013020835
008071119075728013020869
004071119075729013030633
002071119075729019020150
003071119075729014010598
001071119075729015010450
006071119075730012130223
008071119075731015020665
001071119075731012060415
004071119075731012170019
009071119075731012120483
003071119075731013010625
001071119075732018010066
001071119075732012030242
001071119075733014010250
008071119075734014020538
009071119075734012100327
006071119075735011000398
001071119075735012050217
008071119075736014020537
004071119075736012170271
009071119075736015020531
001071119075737018010070
002071119075737012130331
006071119075738011000001
002071119075738019020301
001071119075738012030376
003071119075738012020269
008071119075738013020810
002071119075738012170301
009071119075739012090401
008071119075739014020563
004071119075739012180212
001071119075739013010604
003071119075741014010492
002071119075741012180154
006071119075741012060015
001071119075741012040472
008071119075741013020586
009071119075741013020825
009071119075742013020825
001071119075743014010613
002071119075743012130316
003071119075743012010413
001071119075744013020226
009071119075744013020825
002071119075744019060097
008071119075744013020822
006071119075745015090631
001071119075745012010377
009071119075745013020825
002071119075746012160259
008071119075746012090339
003071119075746014010444
004071119075746013030348
001071119075747012020333
002071119075747012160279
008071119075747014020574
006071119075747011000662
009071119075747013020825
003071119075748015010721
009071119075748013020674
001071119075749014010587
004071119075749013030024
006071119075750012120124
008071119075750014020592
003071119075751012040469
002071119075751012170307
009071119075751014020623
004071119075751012140469
001071119075752014010457
008071119075752013020817
003071119075753012040445
001071119075753016000157
006071119075753012010201
002071119075753015030461
009071119075754012120399
002071119075754019040032
004071119075754012150290
008071119075754015020660
003071119075755013010733
009071119075755013020872
001071119075756014010564
002071119075756014030279
004071119075756012180277
008071119075756013020840
006071119075756011000682
008071119075758014020443
003071119075758013010674
004071119075758012170286
008071119075758012120401
009071119075759012100446
002071119075759015030424
006071119075759014030096
001071119075800016000139
001071119075800015010774
004071119075800013030616
009071119075801012110367
003071119075801013010294
004071119075801012170219
001071119075802015010802
008071119075802012070357
006071119075802011000026
002071119075802015030386
009071119075804012080346
006071119075804011000385
003071119075804013010259
002071119075805014030250
006071119075805012020010
008071119075805014020617
004071119075805012130075
003071119075806013010515
002071119075807019020392
009071119075807014020627
006071119075807012080114
004071119075808012140421
008071119075808012090414
002071119075809014030400
001071119075809015010731
009071119075809013020610
004071119075809012140363
006071119075810012170053
002071119075811019050223
008071119075811012090419
001071119075811014010494
003071119075812013010763
004071119075812012180220
002071119075812012170303
009071119075812012080163
008071119075814015020663
002071119075814013030263
003071119075814015010783
002071119075814019050234
004071119075814012180158
008071119075815014020025
009071119075815013020660
004071119075816013030617
006071119075817012170077
008071119075817014020570
003071119075817012040373
004071119075818012130322
002071119075818012130075
009071119075818012100442
006071119075819012140043
002071119075819019020373
003071119075819012040367
008071119075820013020860
009071119075820012080425
004071119075820015030451
006071119075821015030168
008071119075822013020860
009071119075822012100358
004071119075822012150301
001071119075823014010103
004071119075824013030412
008071119075824013020773
009071119075824012120444
002071119075824019010127
008071119075825013020803
001071119075825018010048
002071119075825012140442
004071119075825013030591
009071119075826014020470
001071119075826012030363
008071119075826012110397
006071119075826014030109
004071119075826013030576
006071119075828011000534
001071119075828018010018
001071119075828012040426
002071119075829019110040
008071119075829012080461
004071119075829012170217
002071119075829012180287
003071119075829012010327
009071119075829014020630
004071119075830012170297
008071119075830013020198
003071119075832012010293
009071119075832012080373
006071119075832011000422
008071119075832013020198
001071119075832016000112
002071119075832019020211
004071119075833012180279
009071119075833014020628
003071119075834012040406
002071119075834019020149
002071119075835014030381
008071119075835015020678
001071119075835012040131
002071119075836014030100
004071119075836013030485
009071119075836013020813
003071119075836013010774
008071119075837012110486
002071119075837019110046
001071119075837014010033
002071119075838015030478
006071119075838014020288
008071119075838012080017
004071119075838012180268
003071119075838013010807
009071119075838012070426
006071119075840012020162
002071119075840015030244
003071119075840015010780
008071119075841012080078
009071119075841013020572
002071119075841015030458
004071119075841013030425
002071119075841019040012
001071119075842015010764
008071119075843012120486
004071119075843014030470
003071119075843012050354
006071119075843011000555
009071119075844015020580
002071119075844014030365
001071119075845012040475
004071119075845013030187
003071119075845012060388
002071119075845012140475
008071119075845012120472
006071119075846011000263
009071119075846012070404
002071119075846015030470
002071119075846019050220
001071119075847012030381
003071119075847012060229
008071119075848012090368
004071119075848012160231
006071119075849011000654
009071119075849014020582
001071119075849016000025
002071119075849019040009
001071119075849014010537
004071119075850012150128
002071119075850012140425
003071119075850012060221
001071119075851016000025
006071119075851011000691
004071119075852012140154
002071119075852012140235
003071119075852012020368
008071119075852014020586
009071119075852012110480
001071119075852015010766
006071119075853011000635
008071119075853012080447
008071119075854012090343
002071119075854012150300
002071119075855019050148
003071119075855013010735
009071119075855012090396
001071119075856012010338
002071119075856012160228
004071119075856012130295
006071119075856012160012
003071119075857013010244
008071119075857012100419
009071119075857012080413
004071119075858013030325
002071119075858019020335
001071119075858013010743
002071119075858014030388
004071119075859012130319
003071119075859012030396
008071119075859015020674
009071119075900012110467
002071119075901019010072
001071119075901012040405
002071119075901012160253
008071119075902012100379
006071119075902015090611
004071119075902012150171
003071119075903015010791
009071119075903012080450
002071119075903012130329
001071119075903012040446
004071119075904012150069
006071119075904011000648
001071119075905012050348
009071119075905012100318
008071119075905012070197
002071119075905019050240
002071119075906014030289
003071119075906012060431
008071119075906014020398
002071119075907012150108
006071119075907015020540
001071119075907015010789
004071119075907012140471
004071119075908013030399
009071119075908012110354
008071119075908015020410
003071119075909012010400
002071119075909015030455
008071119075910012100252
002071119075910019050209
004071119075910012130285
003071119075911015010550
006071119075911012050129
009071119075911012110474
004071119075912012150297
008071119075912015020022
002071119075912015030362
002071119075913019040023
004071119075914012170235
009071119075914012090300
002071119075915012130326
008071119075915012110478
006071119075915012090150
008071119075916014020619
002071119075916019020378
009071119075916014020504
008071119075917012070341
004071119075917012150293
002071119075918012170298
006071119075918012020279
004071119075919013030066
001071119075919016000141
003071119075919012030338
009071119075919012090344
002071119075919019020349
002071119075920012140424
009071119075920012090279
004071119075921012160149
008071119075921014020546
002071119075922019020372
002071119075922015030402
004071119075923012140465
008071119075923014020043
009071119075923013020515
003071119075924012040273
002071119075924012180297
002071119075926019020323
002071119075926014030369
004071119075926013030645
009071119075926013020876
008071119075926014020530
003071119075926012050320
004071119075927012160296
009071119075928012070392
001071119075928018010065
003071119075928014010553
008071119075928014020545
008071119075929014020532
006071119075929011000600
002071119075929013030623
002071119075930019040015
004071119075930012180292
008071119075930014020351
009071119075931012100350
003071119075932015010690
009071119075932012080394
004071119075932012160272
006071119075932013010296
008071119075932012070308
002071119075933015030279
003071119075934013010631
004071119075934015030457
008071119075934014020618
002071119075934019040030
009071119075935012100380
002071119075935014030485
003071119075936012030095
002071119075936019050213
009071119075937014020417
004071119075937012170020
008071119075937012100444
002071119075938012180261
006071119075939012130049
002071119075939019040033
002071119075940013030308
009071119075940012080361
004071119075940012140461
008071119075940013020282
003071119075941014010525
006071119075941012060312
009071119075941012090345
001071119075942019030038
002071119075942014030486
001071119075943014010594
004071119075943012150260
008071119075943015020623
003071119075943014010539
009071119075944014020624
003071119075945012010372
004071119075945012170207
001071119075945014010597
008071119075945012110409
002071119075945012160296
002071119075946019050193
002071119075946012170280
003071119075947012030389
004071119075947012160143
009071119075947013020726
006071119075947011000169
008071119075947012110409
001071119075948013010011
002071119075948014030487
002071119075948019010118
008071119075948012080453
003071119075949012050365
008071119075949013020857
004071119075949012170054
001071119075950012040338
009071119075950012110378
006071119075950012010254
002071119075950013030596
002071119075951019030032
002071119075952014030465
001071119075952014010309
009071119075952013020848
003071119075952013010702
004071119075952012160289
006071119075952012050222
008071119075952016000147
001071119075953012070090
002071119075953014030022
008071119075954012070321
003071119075954013010777
002071119075954014030331
002071119075954019040006
009071119075955012110340
001071119075955014010133
004071119075955013030162
006071119075956011000639
002071119075956014030465
004071119075957013030584
002071119075957019040021
001071119075957018010008
008071119075957014020620
002071119075957014030022
004071119075958012130314
009071119075958012120470
003071119075958012050341
008071119075959013020866
006071119075959013020409
009071119075959012100307
002071119080000019050224
003071119080000012010401
004071119080001012130320
006071119080001011000674
001071119080001019010128
001071119080001014010401
003071119080001012030351
009071119080001012100280
008071119080002012080358
002071119080002015030442
004071119080003012140470
002071119080003012180257
003071119080003012020399
002071119080003014030022
001071119080004015010795
009071119080004012100430
004071119080005012140408
003071119080005012030303
006071119080005015020461
002071119080005012180257
009071119080006012070410
008071119080006012120481
004071119080007015030306
002071119080007012180263
008071119080009012110160
003071119080009014020020
003071119080010014010607
004071119080010013030605
002071119080010019020212
001071119080010014010610
002071119080010014030416
009071119080010012070438
006071119080011012030282
009071119080011013020536
002071119080011015030471
008071119080012014020631
004071119080012012180296
006071119080013012080127
003071119080013013010666
009071119080014012120301
001071119080014015010790
002071119080014012150250
004071119080014013030440
002071119080015019060120
008071119080015012090377
008071119080016015020541
006071119080016011000668
003071119080016012060423
004071119080016012130334
001071119080017014010609
009071119080018013020689
002071119080019014030467
004071119080019012140437
003071119080019014010338
009071119080019012080345
008071119080019012090421
006071119080020012090035
002071119080020019090016
008071119080021013020837
009071119080021012120419
009071119080022012120419
004071119080023015030408
008071119080023012070286
006071119080023015020563
002071119080023015030459
003071119080023012050359
004071119080024012130271
009071119080024012120465
001071119080025014010508
009071119080025012120465
003071119080026014010616
006071119080026012110004
008071119080026014020566
004071119080026012130298
008071119080027014020615
004071119080027015030441
002071119080027019030025
003071119080028012030194
001071119080028012010385
009071119080028014020120
001071119080029014010590
008071119080029014020615
002071119080029012140409
002071119080030012150201
004071119080030012130298
009071119080030012110416
008071119080031014020413
009071119080032012110416
001071119080032016000064
002071119080033012180310
001071119080034013010798
008071119080034013020626
009071119080035014020536
003071119080035012010237
004071119080035012180290
002071119080036012170275
008071119080037014020551
006071119080038012050057
009071119080038014020607
002071119080039014030488
004071119080039012160236
003071119080040012060398
008071119080040015020641
009071119080041012090413
001071119080041012020016
006071119080041011000636
008071119080041012110406
009071119080042012080360
002071119080042012170306
008071119080042012120425
006071119080043012130120
002071119080044012140439
004071119080044013030538
008071119080045012080429
009071119080045012120402
008071119080046012080429
006071119080046014020055
001071119080046012010005
002071119080047012180288
008071119080047014020411
001071119080047012020021
009071119080048013020747
004071119080049013030510
002071119080050019110013
001071119080050012030196
006071119080050015020199
008071119080050012080418
009071119080051012110353
003071119080052013010454
009071119080052012110458
001071119080052012020366
004071119080053012140420
008071119080053015020682
009071119080054012070338
001071119080054012020311
002071119080056012160230
004071119080056012130267
009071119080056012070376
006071119080056012150195
008071119080057015020659
001071119080057012040471
002071119080059012130302
008071119080059015020659
009071119080059012100428
004071119080059014030437
009071119080100012080225
004071119080100012150286
002071119080102019050171
002071119080102012130303
009071119080102014020305
008071119080103012110438
004071119080103013030222
002071119080104019050171
003071119080104012010010
002071119080104015030376
004071119080104012140429
009071119080105013020838
002071119080105014030387
008071119080106014020489
001071119080106019030043
009071119080106012070421
004071119080106012140464
002071119080106012160302
001071119080108016000167
009071119080109013020852
002071119080109012130337
004071119080109012180260
001071119080110016000167
004071119080110012130284
009071119080110014020540
008071119080110012120393
003071119080110012060331
002071119080110019020273
006071119080111013010215
002071119080111012160307
004071119080112012130278
002071119080113012170250
001071119080113018010061
009071119080113012120492
004071119080114015030475
001071119080114012040411
002071119080115012130330
003071119080115012010337
009071119080116012090402
004071119080116012130014
001071119080117014010522
002071119080117015030383
004071119080118012170209
008071119080118014020414
009071119080118012120431
004071119080120012130317
008071119080120013020799
009071119080121012110382
006071119080121012160085
004071119080122013030104
009071119080122012110382
008071119080123015020624
009071119080124012110464
006071119080124012160104
002071119080124015030475
004071119080124012170291
003071119080125012050195
004071119080127012170287
006071119080128013020428
009071119080129012100367
002071119080129014030356
004071119080129012020358
002071119080131014030427
009071119080131012100367
006071119080132014020550
004071119080132012140337
009071119080132012070366
003071119080133012020376
002071119080133012170299
008071119080133014020529
004071119080135012150295
003071119080136012030317
002071119080136014030217
002071119080138014030466
003071119080139012060365
009071119080140012070411
001071119080140018010055
002071119080141012140428
004071119080142012160233
002071119080143015030468
009071119080143013020554
004071119080144014030299
003071119080144013010767
009071119080146012090309
002071119080146012140447
002071119080147014030448
004071119080148012170267
002071119080149014030001
001071119080150014010573
002071119080152014030072
004071119080153013030577
006071119080154012160222
002071119080156019010131
008071119080156012120464
006071119080156013020326
001071119080159012030361
008071119080159013020643
004071119080200014030398
002071119080201019010133
001071119080201012150311
004071119080203013030567
008071119080204012070433
002071119080206012140449
008071119080207014020424
004071119080207012170304
009071119080208013020619
002071119080209014030447
004071119080210013030346
009071119080211013020865
008071119080211014020604
001071119080212012060387
002071119080212012140431
001071119080214014010611
004071119080215015030101
002071119080216012140127
008071119080217016000149
004071119080218012170222
008071119080219013020425
001071119080220014010555
002071119080220012130276
004071119080221012160311
003071119080221012020367
001071119080222012010382
002071119080223013030465
004071119080224012180304
008071119080224014020603
001071119080225012030329
004071119080226015030439
001071119080227015010407
003071119080228015010805
004071119080228012160298
004071119080229012180282
008071119080229016000124
003071119080231013010004
009071119080232014020616
002071119080234012130292
004071119080234014030150
002071119080235019020333
001071119080237012010392
004071119080237012150273
009071119080237012080454
002071119080237019010008
002071119080237012130279
006071119080238014010295
004071119080239012180301
003071119080239012020401
001071119080240012060368
002071119080242012180255
003071119080242012010173
004071119080245012170284
003071119080246014010524
001071119080247012030305
004071119080248012140225
009071119080252012090391
001071119080252013010783
004071119080253014030452
003071119080255013010284
002071119080258012140430
004071119080259012160293
002071119080300019060108
009071119080302012120306
003071119080303012050183
009071119080306012100425
002071119080306012150261
003071119080308013010769
002071119080309014030481
009071119080310012070358
009071119080312013020870
009071119080313013020870
009071119080315012120480
009071119080317012100385
008071119080326012110479
003071119080327012050353
002071119080327019110049
001071119080333012060422
009071119080336014020502
009071119080338014020553
009071119080343014020036
003071119080343012020300
008071119080347012110476
001071119080352012050147
008071119080356012120440
008071119080400012090407
002071119080401019050243
002071119080403019050243
009071119080414014020513
009071119080418014020565
009071119080421014020602
008071119080425014020534
008071119080428014020568
009071119080434013020790
006071119080435012010190
006071119080441012030316
002071119080444014030449
002071119080455014030176
008071119080457013020640
008071119080509012120477
006071119080515012030293
004071119080527013030331
002071119080536019010094
009071119080540012070431
004071119080614013030610
008071119080618012090399
009071119080623012090388
003071119080626012040417
002071119080637019010031
004071119080644012130335
002071119080656019060033
002071119080732019040020
002071119080734019040020
004071119080803012160312
006071119080837012010405
004071119080901012140441
002071119080925019030049
001071119080958016000012
001071119081001016000012
009071119081003012080438
002071119081022019020263
003071119081258013010746
001071119081505016000007
003071119081507013010689
001071119081508016000001
009071119081840013020783
002071119082004019030033
002071119082005019030033
001071119082453016000052
002071119083241019060115
002071119083247019060115
009071119084204012090357
008071119085724014020578
002071119085847019060103
009071119091423012120434
003071119122809012040477
003071119122810012030405
004071119123234012160315
004071119123235012130344
006071119123550011000732
006071119123553011000733
001071119123828015100561
001071119123830015100561
001071119123833015100561
001071119123919015100561
001071119123936015100561
008071119124946012080284
001071119125516012060429
002071119125912019020061
002071119130917019060114
002071119154715019110040
002071119160700019020230
002071119164913019050224
002071119164925012140431
002071119164943019020065
001071119165224016000112
003071119165419012040471
002071119165649019050239
006071119165747011000627
009071119165809012070187
001071119165809012050279
008071119165841012070437
001071119165850016000157
001071119165852016000139
009071119165854012070407
009071119165857012080350
009071119165858012080350
009071119165902012080350
008071119165906012070368
009071119165907012080017
009071119165909012070407
002071119165932019040023
009071119165944012070366
009071119165947012080457
009071119165950012070244
008071119165951012090348
008071119165957012090348
008071119165958012090348
009071119170001012080459
006071119170003011000686
008071119170004013020822
009071119170010012070390
009071119170022012080364
002071119170024019100039
008071119170025012080464
002071119170026019100039
009071119170027012070404
009071119170030012080361
009071119170031012080361
008071119170034012070417
002071119170040012180310
008071119170049012070433
008071119170101012070410
008071119170102012070410
008071119170103012070410
003071119170104012040425
003071119170106012040411
004071119170116013030264
004071119170122013030346
004071119170129013030628
008071119170131012090420
008071119170132012090420
004071119170136013030240
004071119170138013030176
004071119170144013030619
004071119170145013030460
004071119170147013030348
003071119170148013010007
004071119170148013030608
002071119170149012140475
004071119170150013030646
004071119170152013030448
004071119170154013030441
009071119170157012080425
004071119170157013030066
004071119170207013030548
002071119170212013030649
002071119170215013030649
004071119170217013030627
004071119170221013030648
004071119170225013030541
004071119170227013030630
002071119170229013030484
009071119170230012080358
004071119170230013030591
009071119170232012080458
009071119170235013020726
002071119170236013030308
008071119170246012090377
008071119170249012090418
004071119170251012130322
002071119170251013030642
004071119170307013030465
009071119170312012080114
004071119170315013030465
009071119170316012080345
009071119170319012080380
002071119170320013030465
006071119170321011000639
004071119170327012180185
004071119170331013030607
009071119170340013020813
006071119170345019100067
006071119170348019100067
004071119170353013030466
006071119170404019100067
006071119170407019100067
006071119170427012150102
008071119170437013020860
009071119170438012090279
009071119170456012080123
004071119170459013030509
004071119170506012140445
008071119170516012080078
008071119170520013020703
009071119170538012090330
008071119170556012080408
008071119170557012080447
009071119170602013020811
009071119170605013020825
009071119170610013020409
006071119170633011000656
006071119170636011000656
008071119170645013020818
002071119170715019020373
009071119170755013020825
009071119170758013020067
009071119170801013020793
004071119170801012150287
009071119170803013020468
009071119170805013020468
008071119170805013020797
009071119170807013020826
001071119170839012040426
009071119170848013020610
009071119170852013020745
006071119170943011000595
009071119170944013020428
009071119171022013020554
002071119171232019100061
008071119171342012100419
008071119171350012100441
004071119171429012180154
009071119171430012100288
009071119171432012100416
009071119171434012100416
009071119171441012100425
009071119171445012100006
009071119171448012100424
009071119171452012100446
004071119171456012130333
009071119171523012100423
009071119171528012100380
009071119171535012100430
009071119171538012100307
009071119171542012100364
009071119171544012100411
008071119171549012100379
009071119171558012100218
009071119171602012100284
009071119171605012100318
009071119171607012100318
008071119171607012100400
009071119171618012100280
009071119171624012100323
009071119171625012100323
009071119171629012100436
009071119171636012100201
009071119171713012100428
009071119171715012100358
009071119171718012100334
008071119171810012100439
002071119172350019050230
004071119172456012170264
002071119172601019010119
003071119172605012030335
002071119175150019010131
002071119175153019010133
002071119175337019010072
003071119175359012060381
002071119175400019030045
002071119175400012160279
002071119175403012160302
002071119175405012160275
002071119175406012160302
004071119175409012160289
002071119175409012160275
002071119175412012160259
004071119175414012160289
004071119175425012130250
004071119175636012160114
004071119175639012140464
004071119175646012150319
006071119175722011000026
004071119175912012170209
004071119180114012130331
003071119180238012030335
006071119180715011000729
001071119180731019010125
001071119181636016000058
001071119182731016010077
001071119182846016010127
001071119182855016010123
001071119182858016010123
001071119182903016010123
001071119182949016010127
001071119183003016010100
001071119183008016010071
001071119183012016010122
001071119183018016010119
001071119183022016010073
001071119183026016010045
001071119183033016010095
006071119183045016010086
009071119183057016010129
001071119183242016010124
001071119183313016010048
008071119183343012080266
002071119183651019020103
001071119183953016010105
001071119184441016000141
001071119184443016000141
001071119184648016000154
001071119184651016000154
001071119184747016000025
001071119184749016000025
001071119184757016000168
001071119184759016000168
001071119184804016000126
001071119184806016000126
001071119184810016000126
001071119184813016000161
001071119184819016000161
001071119184821016000073
001071119184825016000008
001071119184828016000163
001071119184831016000163
001071119184833016000163
004071119185048012170231
001071119185116016000003
001071119185120016000062
006071119185139013020543
001071119185225012030363
001071119185246016000088
009071119185300012090267
009071119185301012090267
009071119185305012080448
009071119185310012090341
009071119185313012080467
001071119185313012020345
009071119185314012080467
003071119185320012020016
003071119185323012010011
003071119185324012040462
001071119185331012040461
009071119185336012100327
009071119185337012100327
009071119185339012100134
001071119185343012060372
003071119185343012020311
003071119185347012060229
003071119185353012030396
003071119185354012020340
009071119185354012090344
003071119185357012040443
003071119185400012060359
001071119185401012020333
003071119185403012030386
001071119185404013010751
003071119185404012030261
001071119185408013010747
001071119185409013010805
009071119185410012090411
009071119185413012090248
008071119185413012090406
004071119185419012160215
001071119185421013010688
003071119185423012040192
004071119185423012140453
004071119185423012140430
008071119185430012090291
009071119185430012090400
001071119185434013010798
006071119185435012060241
003071119185435012040376
009071119185435012090394
001071119185437012040468
009071119185437012090309
006071119185437012030282
003071119185439012040353
001071119185440012030368
003071119185442012020392
001071119185443012030376
001071119185444013010783
003071119185445012030316
009071119185445013020852
001071119185447013010743
003071119185449012060423
001071119185450013010641
003071119185452013010672
001071119185453012040472
003071119185456012040382
001071119185457013010712
003071119185458012060364
001071119185458012020388
001071119185504019010128
001071119185507012010408
004071119185509012130303
003071119185509012030276
003071119185512012030390
003071119185514012020401
006071119185517012020037
003071119185519013010795
002071119185519019110027
001071119185519012010393
001071119185521012010237
002071119185521019110027
003071119185524013010190
001071119185526012050310
001071119185529013010797
001071119185531012040405
009071119185531012090357
003071119185533015010738
009071119185534012090300
001071119185535012040354
003071119185535012040417
003071119185537012030305
001071119185537012010392
001071119185538012020325
002071119185541019060076
009071119185541012090413
001071119185541015010731
003071119185541012040420
001071119185542012010201
004071119185543012150201
009071119185544012090412
009071119185545012090412
001071119185545012020376
003071119185545012030400
003071119185546012040273
001071119185548012060397
003071119185548012040397
003071119185549012030036
008071119185550012090405
003071119185551012050303
008071119185553012090405
003071119185555012060426
003071119185556012010254
003071119185558012040453
001071119185601012020366
004071119185604012140441
001071119185610012060253
002071119185613012130339
001071119185622012030381
003071119185622012040373
001071119185629012040447
001071119185632013010604
001071119185634013010802
001071119185636012010403
008071119185638012090375
003071119185639015010792
003071119185642015010751
003071119185644013010765
002071119185648019010132
001071119185652013010755
001071119185657013010700
001071119185701013010762
008071119185704012100385
003071119185705013010646
002071119185707012160253
003071119185707012040466
003071119185709012040470
003071119185712013010215
004071119185712012150118
002071119185714015030459
002071119185716019050243
002071119185717019050243
002071119185718012180255
003071119185719012050313
003071119185724012050347
002071119185726012130059
003071119185729012040477
001071119185730012060422
009071119185731012080394
002071119185732012140435
009071119185736012080304
001071119185736012060407
009071119185739012070010
006071119185743011000385
002071119185745012180288
004071119185746013030645
006071119185748011000398
003071119185750012040445
004071119185753012140446
004071119185758012130280
008071119185801012080453
003071119185802012060007
002071119185804012130338
001071119185805012030365
003071119185806012060374
003071119185809012060379
004071119185809012160298
008071119185810012070447
003071119185813012050266
002071119185813012180255
008071119185815012070442
004071119185816012170073
006071119185818011000574
004071119185819012160287
002071119185819019010124
006071119185821011000262
004071119185821012170218
002071119185823012130319
001071119185824012060416
004071119185824012130278
002071119185826012170019
004071119185827013030606
002071119185828012130279
004071119185829012170291
002071119185830012160228
002071119185832012140235
004071119185832013030162
002071119185834012130316
009071119185834012080346
004071119185834013030325
003071119185834012040454
002071119185836012170266
004071119185837013030546
003071119185837012040414
001071119185837012060383
002071119185838012160314
004071119185838012160149
002071119185839012150128
002071119185841012130297
004071119185841012150073
002071119185843013030563
004071119185843013030356
004071119185845012140434
003071119185845012060400
002071119185845012140409
002071119185846013030623
004071119185847012170279
001071119185848012060403
002071119185848012150314
002071119185849019040015
004071119185849012140424
003071119185849012060420
009071119185850012080131
004071119185850012130282
009071119185851012080131
004071119185851012180268
002071119185851012150278
003071119185852012030230
004071119185853012150286
002071119185854012130326
003071119185854012040473
001071119185855012040446
004071119185855012140457
002071119185855012180257
002071119185856012140379
003071119185857012060363
004071119185857013030523
002071119185858012180257
001071119185858012040446
004071119185858013030496
003071119185900012060398
002071119185901012140428
004071119185901012140167
004071119185902013030629
002071119185902012140154
001071119185902012060259
002071119185904012170299
004071119185904012180220
002071119185905012170307
004071119185906012140456
004071119185907013030551
002071119185908019050234
002071119185908012150273
004071119185909012140456
006071119185909013030003
003071119185909012060428
002071119185910012130302
004071119185911013030479
002071119185912012130165
003071119185913012060360
004071119185914012150100
001071119185914012060430
009071119185914012080135
002071119185915012130102
004071119185915012150196
002071119185917012130317
009071119185917012090396
004071119185918012150255
004071119185919013030104
002071119185919012140452
001071119185920013010035
003071119185920013010454
004071119185922012170284
002071119185922012130091
004071119185924013030187
002071119185925012130305
002071119185926012150261
004071119185927012140337
004071119185928012180304
002071119185929012150135
003071119185929013010575
004071119185930013030573
004071119185931013030605
002071119185931012140148
004071119185933012170304
002071119185933012130210
004071119185935012130305
009071119185936012110476
002071119185936019010118
002071119185936012180253
002071119185938012150290
004071119185938012140225
004071119185939013030576
002071119185940012130312
004071119185941013030458
002071119185942012150108
004071119185943013030425
001071119185944013010059
002071119185944012140388
004071119185945012160293
002071119185946012180158
004071119185947013030469
002071119185949012150190
009071119185950012090345
006071119185950012150195
004071119185950013030562
004071119185951012140463
002071119185951014030470
008071119185953012070338
004071119185953012150297
004071119185955013030366
002071119185956012150271
004071119185956012150297
004071119185958013030567
002071119185958012180290
004071119190000013030562
004071119190001013030119
008071119190002012110438
004071119190004012160136
002071119190004013030398
004071119190005012150170
009071119190007012110409
003071119190007015010780
004071119190007013030024
002071119190007012150226
008071119190008012110482
006071119190008013030188
004071119190008012150307
004071119190010012140462
002071119190011013030609
003071119190012013010654
002071119190012019020399
002071119190012012150249
004071119190012012140460
006071119190014012130102
004071119190014013030120
002071119190014012130327
001071119190015012060353
002071119190016012130263
004071119190017012140444
004071119190017013030571
006071119190018013030075
002071119190018012180271
002071119190019012140422
001071119190020015010791
004071119190020013030577
006071119190021012130091
002071119190021013030263
004071119190022013030507
002071119190022012150305
009071119190022012080375
002071119190023012130320
006071119190024012130223
004071119190024013030565
009071119190025012110351
002071119190025015030463
004071119190025012150293
002071119190026012160243
004071119190027012140471
002071119190028012140408
002071119190029012130270
004071119190030012170268
002071119190030012130075
003071119190030013010772
002071119190032012170193
004071119190033012150171
002071119190035013030636
004071119190037012150171
003071119190038012030404
002071119190038012170222
002071119190039012160272
004071119190039012180301
004071119190040012140467
002071119190041013030510
004071119190042012130242
002071119190042012160296
001071119190043018010061
002071119190043012130264
004071119190044013030625
009071119190044013020282
002071119190045012180276
004071119190046012140470
004071119190048012130344
009071119190049013020660
002071119190049012130340
004071119190050012140420
009071119190052013020836
004071119190052013030622
002071119190052012140472
002071119190053012180261
004071119190054015030106
009071119190055013020844
004071119190055012140149
002071119190055012160306
004071119190057012140426
009071119190057013020572
002071119190057012150263
002071119190059012170273
002071119190059019030047
004071119190059013030535
004071119190100012140426
009071119190100013020769
002071119190101012180305
002071119190101019030042
004071119190102012140429
002071119190102012180308
009071119190103013020562
004071119190103012180272
001071119190105018010067
002071119190105012180273
004071119190105012180106
009071119190107013020795
004071119190107012130342
002071119190107012180249
009071119190108013020795
002071119190109012170306
002071119190110013030647
004071119190110013030440
009071119190110013020795
009071119190111013020701
009071119190112013020701
004071119190112013030456
002071119190113012170271
002071119190114019050193
002071119190114012130310
004071119190115012170144
002071119190115012180249
003071119190116013010426
004071119190117012170258
002071119190117013030639
004071119190118012130341
002071119190119012150294
004071119190119012170265
004071119190120012130341
003071119190120013010759
002071119190120012170295
002071119190121012140439
002071119190122012130284
004071119190124012130285
002071119190124012160222
006071119190126011000675
004071119190126012160285
002071119190127012180266
004071119190128013030624
009071119190129012110427
009071119190130012110467
004071119190130013030634
004071119190131013030386
004071119190132013030354
002071119190133012170194
004071119190135013030443
002071119190136012160313
003071119190137013010529
008071119190137015020640
004071119190137013030633
002071119190138012140389
001071119190139013030157
004071119190139012180296
002071119190139019040001
002071119190140012130014
004071119190140013030084
002071119190142012150069
009071119190142012080413
004071119190142013030516
008071119190143013020586
003071119190144013010560
004071119190144012160315
002071119190145012170275
002071119190146012160230
004071119190147012150260
002071119190148012150300
002071119190149019030022
006071119190149012160104
004071119190149013030399
002071119190150012170250
004071119190151013030590
002071119190151013030638
003071119190152013010651
002071119190153012150309
004071119190154012140461
001071119190155018010070
009071119190155012080220
002071119190155012150283
004071119190155013030482
002071119190157012150274
004071119190157012160163
002071119190158014030087
004071119190159013030637
002071119190201012130336
006071119190202012170053
004071119190202013030504
002071119190203012170280
002071119190203019030025
009071119190204012110461
002071119190204012150091
004071119190204013030644
002071119190206019040016
002071119190206015030376
001071119190207018010066
004071119190207012150303
008071119190208012110143
004071119190209013030558
002071119190209012130276
002071119190210012150315
004071119190211015030467
006071119190212011000473
004071119190213012140465
002071119190213019040035
004071119190214013030412
006071119190215019100013
004071119190217013030506
004071119190219012140437
009071119190219012110340
001071119190220012150311
002071119190221012150203
004071119190221012180046
009071119190221013020255
001071119190222012150311
004071119190223012170292
001071119190224012150311
009071119190224013020397
001071119190225012150311
006071119190225011000725
004071119190226012180212
001071119190227012150311
004071119190227012180258
003071119190227013010550
002071119190229012160307
006071119190229011000600
002071119190230015030426
004071119190230012160301
006071119190232011000704
004071119190233012180279
002071119190233012170305
002071119190236013030222
004071119190236012150203
002071119190239015030431
004071119190239012150098
004071119190242012180260
002071119190243015030471
002071119190246015030112
004071119190246012150268
002071119190248012130049
004071119190248012150318
009071119190248013020274
004071119190250013030538
002071119190252012130334
009071119190252012080396
004071119190253012150295
009071119190254012080007
004071119190255012170257
004071119190258013030614
004071119190301012160236
002071119190302012140468
009071119190303012110160
002071119190305012140447
004071119190309013030545
002071119190309012140425
009071119190310012110464
002071119190311012170293
003071119190312013010771
004071119190315012130295
004071119190318012170290
004071119190321012130295
004071119190324012130314
004071119190327012150270
004071119190329012180299
004071119190333012180262
004071119190335012130335
004071119190337012170267
004071119190338013030603
004071119190340012170267
001071119190341012010005
002071119190342019030032
004071119190343012180171
002071119190344012160075
004071119190347012160311
002071119190348019040024
002071119190349012160310
004071119190351012160231
004071119190353012170127
004071119190355012150310
004071119190400012140374
004071119190403012170020
004071119190407012140473
006071119190408011000662
008071119190415015020620
009071119190420012090256
004071119190426012180282
004071119190429012180292
002071119190432012140474
002071119190434012160312
003071119190440013010015
004071119190443015030408
003071119190443013010244
001071119190444013010479
004071119190504012160190
004071119190526012140443
002071119190527019010094
004071119190537012170178
004071119190541013030372
004071119190544013030379
004071119190548012150241
003071119190548013010331
001071119190549012040410
002071119190550012130330
002071119190611013030589
002071119190628015030351
001071119190716015010752
004071119190749019020149
003071119190805013010769
002071119190854019020383
009071119190858012080418
002071119190912019020318
003071119190917013010799
002071119190933015030476
002071119191045019020372
002071119191050015030474
002071119191105019010008
004071119191126012140421
002071119191152019050164
001071119191418013010021
004071119191423013030530
002071119191424019090016
002071119191426019050029
004071119191440013030246
002071119191452019010008
002071119191503015030436
002071119191510015030469
002071119191722019020127
002071119191751019050128
002071119191926019060084
002071119191928019060103
002071119191952019050209
002071119192042019050227
002071119192046019020275
002071119192137019050196
002071119192852019050217
001071119193046016010106
001071119193103016010082
001071119193111016010130
001071119193114016010090
001071119193121016010098
001071119193124016010081
001071119193131016010056
001071119193139016010050
001071119193144016010121
002071119193444019020394
002071119193557019030001
002071119193753019020286
002071119194313019040021
003071119194448012020021
002071119195122019050195
006071119195247011000707
006071119195249011000714
003071119195314012060388
003071119195320012060421
006071119195321019100018
003071119195337012060410
002071119195351019100070
002071119195354019100072
002071119195355019100072
001071119195356012020228
003071119195357012060396
003071119195402013010682
001071119195402012010348
001071119195405012010421
003071119195406012030397
008071119195407015020541
003071119195408012010401
003071119195418015010794
008071119195423012070415
008071119195429013020837
002071119195433019050225
002071119195438019100018
001071119195451012020382
002071119195458019040006
003071119195500013010666
009071119195501012070411
008071119195502012070384
008071119195503012070384
003071119195503012020358
009071119195504012070435
009071119195505012110004
001071119195505013010023
008071119195506012070344
009071119195507012080225
003071119195507013010730
001071119195508012030361
008071119195509012080373
009071119195510012070387
008071119195510012070438
003071119195511013010785
001071119195511012060405
002071119195512019050171
009071119195512012070441
008071119195513012070376
001071119195514012010028
009071119195514013020789
008071119195514012090388
008071119195515012090388
003071119195516012010414
009071119195517012090393
001071119195517012010247
002071119195517019050171
008071119195518012070421
003071119195519012010422
001071119195520012010338
009071119195520013020685
003071119195520012010309
008071119195522012070445
003071119195522012020274
009071119195522013020850
009071119195523013020850
008071119195525012070357
001071119195525012010376
009071119195526013020749
009071119195527013020644
008071119195529012070443
009071119195530013020411
009071119195533013020767
008071119195534015020535
003071119195534012010387
009071119195536013020838
001071119195538012010277
009071119195539013020821
003071119195540012020300
001071119195541015010785
003071119195542012020391
009071119195543012070358
003071119195543012010375
006071119195544013010117
009071119195545012070358
003071119195545012020367
009071119195546013020606
003071119195546013010270
009071119195549013020824
003071119195549012030401
003071119195551012030266
008071119195553015020451
009071119195553013020835
009071119195554013020835
003071119195554012030398
003071119195556012020399
009071119195558012070440
003071119195558012060166
008071119195559012070427
009071119195600012100434
003071119195601013010714
001071119195601015010721
008071119195602013020532
003071119195602013010727
009071119195603012110414
003071119195605012060015
008071119195605012070414
006071119195606013020412
003071119195607012020137
001071119195607012060387
006071119195609013020241
001071119195609012010162
003071119195610012020402
009071119195611012090368
001071119195612015010717
006071119195612013020326
002071119195612019040030
003071119195613013010598
009071119195614012100434
001071119195614015010763
001071119195615012010385
006071119195615013020240
009071119195616012100434
001071119195616012060349
003071119195617012010292
001071119195618018010065
001071119195619018010065
009071119195619013020683
003071119195619012030256
006071119195619011000388
008071119195619012100434
001071119195620012020380
001071119195621018010065
006071119195622011000203
001071119195623013020180
002071119195624019040030
001071119195624012020111
009071119195625013020851
008071119195625012090041
001071119195626018010065
006071119195626011000388
008071119195627012100434
003071119195627012060431
006071119195629019100008
009071119195630012110087
001071119195630018010069
003071119195631013010767
001071119195631012010355
006071119195631011000388
006071119195632011000723
003071119195633013010542
009071119195633012110223
001071119195634018010018
006071119195635011000687
001071119195636018010068
001071119195637013010761
006071119195637011000120
003071119195638013010806
006071119195639011000359
001071119195639013020226
001071119195640012010398
003071119195640012010413
006071119195642011000700
001071119195642018010054
001071119195642012010173
003071119195642013010624
006071119195643011000722
003071119195644013010806
001071119195645013010549
001071119195646015010550
006071119195646011000165
001071119195647018010047
001071119195648012010341
001071119195649012020383
006071119195649011000715
001071119195650018010055
001071119195651012040438
001071119195651012050309
001071119195652012020306
004071119195652015030371
006071119195652011000715
006071119195653011000683
003071119195653012020400
008071119195653012100381
001071119195655012060415
006071119195656011000564
001071119195656012030333
001071119195656015100551
003071119195657013010737
006071119195659011000683
003071119195659012010389
009071119195700012090401
006071119195701011000525
001071119195701018010048
001071119195702012020352
009071119195702012090401
003071119195703012060384
006071119195704011000309
001071119195704018010071
002071119195704015030466
008071119195704012090351
003071119195705012060356
001071119195706012040450
008071119195707012070308
003071119195708012020403
001071119195708012040475
001071119195710015030454
003071119195712013010710
009071119195713012090402
002071119195715015030410
003071119195715013010788
001071119195716018010008
003071119195717013010770
009071119195717012080452
004071119195718015030246
004071119195719015030439
001071119195720013010213
004071119195722015020655
009071119195722012090335
002071119195723015030442
001071119195724012020286
001071119195724018010059
003071119195724012010372
002071119195725015030383
001071119195727018010059
003071119195727015010687
008071119195727012070422
001071119195728012010419
002071119195728019050170
003071119195729015010769
001071119195730012050368
003071119195731012020279
001071119195732012040338
002071119195732015020598
008071119195732015020669
003071119195733012020381
001071119195734014010553
002071119195734019040012
003071119195735012020389
001071119195736012040293
003071119195737013010460
009071119195737012120354
002071119195739019020389
003071119195739012060221
002071119195740012130290
009071119195740012090391
008071119195741012070148
003071119195742012030327
003071119195745012030399
009071119195745012100418
001071119195746013010011
003071119195747012030342
008071119195747015020013
006071119195749011000664
003071119195750013010781
001071119195751012040403
003071119195752013010732
006071119195753011000664
001071119195753013010473
006071119195754011000555
002071119195755019100008
002071119195755014030471
003071119195755013010601
003071119195756013010541
001071119195756012020322
009071119195756012100420
002071119195757015030395
006071119195757011000445
006071119195758011000388
001071119195759012010019
003071119195800012020404
006071119195801011000169
004071119195802015030395
003071119195802012040437
001071119195802015010761
002071119195802019040028
001071119195803012010382
006071119195804011000692
003071119195804012020002
008071119195805012070193
001071119195806012040465
003071119195807012020390
003071119195809012020393
003071119195811012020010
001071119195811012020013
004071119195811012130288
006071119195812011000728
009071119195814012100350
003071119195815013010001
009071119195817012100429
006071119195818011000283
003071119195818013010733
008071119195818013020867
006071119195820011000682
009071119195820012070403
009071119195821012070403
003071119195824012040469
002071119195824019050223
002071119195825019050223
003071119195826013010768
008071119195826012100311
009071119195827012090383
009071119195828012090383
008071119195831012100443
001071119195831012010400
003071119195834013010151
002071119195835015030389
001071119195836012010014
004071119195836013030071
009071119195838012120402
003071119195839013010520
006071119195840011000699
006071119195842015090603
003071119195842013010735
002071119195843014030416
006071119195844011000674
008071119195845012120392
003071119195845013010606
006071119195846011000681
001071119195847012020121
009071119195848012110353
001071119195849012020332
003071119195849012020288
006071119195850011000643
006071119195851011000440
001071119195851012020269
009071119195851012100442
003071119195851012040423
008071119195851012070432
002071119195852014030453
001071119195853012040209
009071119195853012100442
006071119195854011000694
001071119195855012040222
003071119195855012010337
006071119195856011000720
003071119195858013010791
006071119195858011000517
001071119195858012010364
006071119195900011000601
001071119195901012020385
003071119195901013010522
006071119195903011000086
001071119195903012020396
001071119195904015010789
006071119195905011000706
001071119195906012040433
008071119195907013020855
008071119195908013020855
009071119195908012100367
006071119195908011000733
001071119195908015010737
009071119195911012100047
006071119195912011000727
006071119195914011000717
006071119195915019100065
001071119195915012050147
009071119195918013020859
006071119195919011000410
006071119195922011000651
009071119195923012090410
008071119195924012110483
006071119195925011000581
008071119195926012090410
009071119195927013020581
008071119195928012090410
009071119195928013020581
006071119195929011000490
008071119195931012100347
003071119195932012010293
006071119195933011000568
001071119195933012010170
008071119195933012080461
003071119195934015010805
002071119195935019050214
008071119195936012120479
006071119195937011000065
008071119195939012100432
002071119195940014030381
002071119195942014030454
006071119195942011000636
009071119195942012100405
004071119195943014030425
008071119195943012100169
003071119195945012010420
002071119195945014030390
008071119195946012110478
004071119195948014030393
006071119195948011000439
008071119195949013020198
003071119195949012020162
002071119195949014030356
008071119195952015020666
001071119195954015010615
003071119195955013010794
008071119195955012070392
006071119195956011000408
003071119195957013010284
006071119195958011000258
002071119195958012140442
003071119195959015010783
001071119200001012020344
006071119200001011000408
003071119200002012040442
002071119200002012150299
006071119200004011000731
003071119200005012040337
003071119200007012040429
002071119200008012130254
006071119200008015090630
001071119200008012020368
001071119200009012020086
006071119200010015090632
002071119200012012150299
002071119200013019100046
006071119200014015090632
003071119200014012020008
002071119200015012140442
003071119200017012030405
006071119200025011000718
001071119200025012060369
002071119200026012140458
008071119200026012100312
006071119200029011000586
002071119200029019080001
008071119200030012100445
003071119200032012060365
006071119200032011000719
003071119200035012040300
008071119200040012100224
003071119200042012040452
008071119200049012090220
008071119200052012090380
003071119200053012030355
004071119200054012160300
001071119200054015100546
008071119200055012070236
006071119200055013020581
003071119200056015010801
001071119200057015100560
001071119200057012010327
009071119200057012090150
008071119200058012100252
008071119200100013020599
001071119200100015100559
008071119200103012080366
001071119200103012010340
001071119200106012040131
009071119200108012100257
001071119200111012020398
008071119200111012090407
001071119200114012060378
004071119200115015030443
003071119200118013010631
004071119200118013030641
009071119200119012080127
004071119200120015030457
002071119200121013030596
008071119200125013020504
004071119200125012160271
008071119200127015020577
004071119200128012130286
008071119200129015020577
008071119200130015020638
004071119200131012180144
004071119200138012130337
002071119200146019050183
008071119200146012090379
008071119200149012090379
001071119200150015100557
009071119200150012100223
004071119200151013030331
008071119200152012090343
001071119200153015100561
009071119200154012100398
008071119200155012090343
003071119200156012040406
009071119200157012090272
008071119200157012090416
004071119200157012130116
009071119200159012110474
003071119200159013010695
008071119200201012100444
009071119200202012120472
008071119200204012070444
004071119200207012160280
008071119200209012090414
006071119200209011000408
009071119200210012090417
006071119200212011000408
001071119200212013010761
009071119200212012080429
009071119200215012080466
004071119200216012140043
009071119200217012080456
009071119200218012120377
009071119200220012120377
001071119200220012040444
003071119200221012010377
008071119200221012120487
006071119200223011000276
004071119200223012170277
002071119200224012140449
009071119200226015020680
009071119200232012080189
008071119200233015020386
002071119200233012170303
009071119200237012100431
002071119200237012180297
001071119200238015100556
008071119200239015020502
002071119200240015030386
009071119200241013020868
002071119200241019050091
008071119200242015020677
002071119200243014030440
002071119200243019050091
001071119200243015100543
009071119200244015020386
002071119200244019050091
008071119200246015020580
002071119200247012160308
008071119200248015020668
008071119200249015020029
004071119200249014030440
009071119200250012090333
008071119200251015020029
008071119200254012080430
002071119200257019020400
008071119200257012080267
006071119200257011000277
001071119200257012020348
009071119200257015020671
001071119200258019030043
001071119200259012040367
001071119200259019030038
003071119200259012030377
001071119200300012010190
009071119200300012080424
008071119200301012080427
004071119200301012170054
001071119200302012040367
001071119200302012010190
009071119200302015020545
006071119200305012090035
003071119200306012010422
009071119200306012080360
001071119200307012010415
009071119200310013020643
004071119200317015030168
002071119200317012140363
009071119200321012080343
002071119200323012140405
004071119200323015030356
001071119200324012060368
009071119200326012090350
004071119200328015030445
002071119200330012130343
009071119200332012090302
004071119200334012180307
009071119200335012080463
002071119200336015030468
002071119200337015030478
002071119200346012130329
002071119200350012150312
002071119200351012150304
004071119200352012130329
008071119200353013020833
004071119200357012150312
004071119200400012140468
002071119200403013030587
008071119200404015020646
002071119200405012180275
009071119200408012120465
008071119200410012090421
008071119200413014020568
008071119200416012120401
003071119200421015010690
001071119200422015010753
004071119200423015030460
001071119200426012010010
004071119200426015030368
004071119200429015030470
002071119200434019020323
003071119200435012040476
002071119200437015030470
003071119200438012030303
004071119200440012170217
004071119200443012170297
004071119200446012170207
009071119200446012080163
004071119200448012160143
009071119200448012080428
009071119200451012080419
004071119200456015030437
004071119200500015030306
002071119200500019040032
004071119200503012180278
008071119200504012080414
002071119200507019040033
009071119200509012070382
008071119200510015020681
002071119200513019110050
002071119200515019110050
004071119200520012170056
002071119200521019060001
002071119200525019060001
003071119200526013010650
003071119200529012030293
004071119200531012180206
004071119200533012170286
002071119200533019020260
004071119200535012170298
002071119200537019050220
004071119200537012180251
002071119200540012180157
004071119200541013030550
002071119200544012140086
002071119200547012140086
004071119200547012170195
004071119200549012180277
009071119200550012110455
002071119200551012170235
008071119200552013020832
002071119200554012170287
009071119200554012080454
002071119200609012180287
002071119200612012160291
002071119200613019020398
002071119200614012180252
002071119200618019050241
009071119200620012100447
003071119200621013010392
009071119200622012100447
002071119200630012160012
002071119200636015030434
004071119200636012160021
003071119200638013010800
001071119200642019020282
006071119200645011000663
006071119200649011000566
004071119200653012170146
002071119200702019020397
002071119200705019050184
006071119200712011000231
006071119200718011000678
003071119200720012060331
004071119200733012150250
002071119200734015030362
002071119200738019100052
004071119200749012130214
004071119200753012180284
002071119200755015030444
004071119200756012170253
004071119200758012150198
004071119200801013030498
002071119200802019060115
002071119200803012160224
002071119200805012140469
004071119200805012140466
004071119200809013030339
002071119200810019020212
002071119200813019020079
004071119200814012160224
003071119200816012030317
004071119200817012140469
002071119200824012130267
004071119200836012160282
004071119200839012160088
004071119200845012180263
004071119200849012160233
004071119200851012160087
009071119200852012090339
004071119200854012140088
002071119200904019020349
002071119200906019020349
006071119200921011000670
002071119200923019020313
001071119200928019030050
002071119200935019020363
002071119200952019050222
009071119201001013020651
004071119201004019020180
002071119201006019020377
002071119201030019020379
001071119201102019050188
002071119201210019020211
008071119201214015020639
004071119201215012140127
004071119201220012130205
002071119201220019050212
002071119201221015030465
008071119201222015020654
002071119201251019050205
004071119201326015030455
002071119201340019020231
002071119201343015030441
002071119201344019020186
002071119201426019020353
002071119201429019020346
002071119201501019020327
002071119201504019020382
009071119201543012120440
006071119201610019100044
006071119201627019100071
002071119201738019020150
002071119201915019060120
002071119201935019020083
002071119202015019060107
002071119202016019060107
009071119202128019050094
002071119202129019050126
002071119202139019050238
002071119202218019060102
002071119202309019020392
002071119202323019100028
002071119202425019020221
002071119202455019060033
004071119202531012170219
002071119202640019020401
002071119202648019020368
002071119202713019050237
002071119202815019010087
002071119202858019020095
002071119203021019020273
002071119203033019050112
001071119203155016010032
002071119203205019060097
001071119203207016010080
001071119203213016010125
001071119203218016010084
001071119203223016010128
001071119203226016010110
002071119203234019070031
001071119203538016010079
002071119203613012130292
002071119203729019020374
002071119203742019010109
002071119203849019020301
001071119203859016010024
001071119203902016010120
002071119203920019060003
002071119204244019060113
002071119204425019030049
008071119204713014020532
008071119204723014020588
008071119204728014020524
002071119204754019050235
001071119204758014010592
008071119204840014020088
001071119204844019050245
002071119204847019020263
009071119204850014020570
008071119204857014020424
001071119204903014010587
002071119204907015030247
008071119204910014020092
001071119204913014010357
008071119204914014020586
001071119204915014010451
001071119204916014010440
001071119204917014010460
008071119204934014020608
008071119204936014020571
008071119204939015020643
001071119204941014010609
008071119204943014020631
001071119204944014010570
002071119204945019050084
001071119204945014010411
008071119204946014020416
001071119204947014010573
008071119204950014020413
001071119204953014010338
008071119204955014020231
002071119204957019010116
008071119204958014020617
001071119204958014010444
001071119205001014010571
008071119205003014020546
008071119205003015020630
001071119205006014010432
008071119205009015020674
001071119205012014010200
008071119205013014020435
008071119205015014020542
001071119205015014010068
001071119205017014010580
001071119205019014010525
008071119205021015010696
009071119205023012120473
001071119205023014010510
008071119205024016000149
001071119205025014010457
009071119205026012120473
009071119205027014020632
008071119205027014020567
001071119205029014010502
008071119205030012080438
001071119205032014010563
001071119205033014010607
008071119205034016000147
001071119205035014010492
001071119205037014010555
002071119205038015030424
008071119205039012070006
001071119205039014010539
008071119205041014020620
001071119205041013010777
009071119205042012090419
001071119205043014010605
008071119205044013020723
001071119205046014010616
003071119205046014010537
008071119205047015020647
002071119205048014030421
001071119205049012050179
008071119205049015020604
002071119205050014030290
002071119205051014030480
008071119205052014020331
001071119205052015010450
009071119205053013020761
008071119205054014020331
003071119205055014010616
001071119205055014010608
008071119205056014020305
001071119205057015020500
004071119205058014030160
002071119205058019050240
001071119205058014010157
009071119205059012100403
003071119205059014010575
008071119205100014020622
002071119205101014030374
004071119205101014030331
001071119205101014010208
001071119205104014010267
009071119205104014020597
004071119205104014030021
002071119205105014030375
008071119205105014020411
004071119205106014030109
001071119205106014010424
008071119205107014020626
002071119205108014030001
008071119205108013020783
001071119205109015010787
002071119205110014030217
001071119205111014010604
008071119205111016000124
002071119205112014030226
009071119205112014020606
001071119205113016000064
008071119205113014020351
002071119205114014030488
009071119205114014020618
003071119205115015010798
008071119205116013020460
002071119205117014030456
009071119205117014020623
008071119205118014020619
004071119205118014030430
001071119205119015010795
009071119205120014020594
001071119205121015010802
008071119205121014020603
009071119205121014020589
003071119205122014010598
001071119205123013010446
009071119205124012100329
002071119205124015030402
008071119205125014020417
009071119205125014020630
003071119205125014010524
001071119205126014010613
008071119205126014020417
003071119205127014010603
002071119205127015030343
009071119205128014020626
008071119205128014020578
001071119205128014010316
002071119205129015030244
003071119205129015010795
008071119205130015020644
001071119205131013010358
009071119205131014020607
002071119205131015030461
008071119205131013020692
004071119205132015030337
001071119205133015010407
009071119205133014020625
002071119205133015030402
008071119205134014020554
009071119205134014020625
001071119205134014010569
002071119205134014030387
003071119205135014010295
001071119205135013010347
002071119205135019020335
008071119205135014020624
004071119205136015030343
002071119205137014030447
003071119205137014010003
009071119205138014020602
002071119205138014030373
001071119205138014010536
001071119205140014010535
009071119205141014020616
002071119205141016000123
001071119205142015010017
003071119205142014010606
008071119205142014020565
009071119205143012110416
002071119205144014030444
001071119205144014010569
009071119205144012110416
004071119205144014030398
008071119205145012080383
009071119205146012110416
004071119205146013030616
001071119205146014010584
003071119205146014010436
002071119205147014030452
008071119205148013020017
001071119205149014010548
001071119205150014010581
008071119205151012110412
009071119205152014020513
001071119205152012040458
008071119205152012080297
002071119205152015030438
009071119205154012070429
008071119205154013020810
001071119205155014010612
008071119205155015020676
008071119205156015020676
009071119205157012110487
001071119205157014010011
002071119205158014030437
003071119205159012050028
001071119205200012050343
008071119205200013020882
009071119205200014020020
003071119205202012050354
002071119205203014030484
008071119205203014020615
003071119205204012050195
001071119205204015010788
009071119205205014020628
002071119205205014030449
001071119205206013010804
008071119205206013020882
004071119205206014030267
002071119205207015030262
008071119205207014020582
003071119205207012050225
009071119205208014020504
001071119205208015010784
008071119205210012080462
009071119205211014020489
001071119205211014010401
003071119205211012050308
002071119205211014030475
001071119205212015010800
001071119205213014010053
002071119205214015030101
008071119205214014020550
009071119205214014020486
003071119205214012050194
009071119205215012110443
001071119205216014010241
003071119205216012050307
008071119205217014020540
002071119205217014030438
001071119205218012030402
003071119205219012050238
002071119205219014030423
001071119205220012050360
008071119205220014020502
003071119205220015010803
009071119205220014020120
004071119205220013030584
001071119205221012050348
002071119205222015030279
001071119205222014010493
009071119205223013020515
008071119205223014020501
001071119205224012050367
004071119205224013030382
002071119205224014030159
008071119205226012120484
001071119205226012050222
002071119205227014030426
001071119205229012050129
002071119205229015030388
008071119205230012120481
003071119205231013010567
002071119205231014030250
001071119205232014010103
009071119205234014020598
008071119205234012070321
002071119205234015030423
001071119205235013010746
008071119205236012110485
001071119205236012050321
002071119205236015030187
001071119205237016000169
008071119205238012110485
003071119205238015010610
004071119205239014030055
002071119205240015030473
001071119205240012060095
008071119205242014020592
002071119205244015030477
001071119205246012010409
001071119205247012030385
006071119205248012010405
004071119205249013030617
001071119205250015010786
002071119205250015030475
008071119205252012070321
003071119205252012060389
001071119205253012030350
002071119205254014030476
009071119205255013020763
003071119205255012030403
001071119205256012050315
002071119205257014030450
003071119205258012050359
001071119205259015010001
002071119205300014030325
001071119205300015010774
003071119205302012050213
002071119205302014030418
001071119205304013010199
008071119205304015020410
002071119205305014030289
009071119205305012110480
001071119205306012050345
008071119205307014020180
003071119205307012050341
001071119205308014010614
009071119205308012110480
002071119205309014030096
008071119205310012110294
003071119205310013010787
001071119205311012050344
001071119205312012050331
009071119205312014020055
002071119205312013030349
004071119205313014030088
001071119205314014010250
001071119205315012050217
002071119205315014030478
003071119205316013010662
002071119205317014030368
008071119205318015020678
001071119205318014010578
003071119205319012050334
002071119205320014030072
003071119205321012030194
003071119205324012050254
002071119205324013030618
009071119205325012110406
008071119205326013020819
002071119205326016000144
001071119205327014010332
008071119205328013020803
008071119205328012070439
009071119205332012120492
008071119205332013020773
003071119205334012050353
008071119205335012110397
003071119205336013010776
009071119205337014020563
008071119205338012110178
003071119205339013010674
009071119205340012120496
004071119205342014030150
003071119205342012060432
002071119205343014030369
001071119205344012030304
008071119205345013020881
003071119205346012030389
002071119205346014030399
003071119205347012050311
002071119205348014030448
008071119205348013020188
001071119205348015010797
009071119205349012120496
008071119205352013020881
003071119205353012050123
009071119205353012120492
001071119205354012010361
001071119205355015010632
008071119205355015020683
003071119205355012060433
009071119205356014020443
001071119205358015010693
008071119205358013020831
004071119205358012130271
009071119205401014020562
008071119205402013020864
009071119205402014020562
003071119205402012050009
009071119205404014020574
008071119205405012120486
003071119205405012050350
002071119205405013030485
008071119205406015020635
001071119205407015010764
009071119205407014020288
003071119205407013010693
008071119205408012110486
003071119205409013010793
008071119205410012110486
008071119205411013020841
006071119205412019100066
001071119205412012030356
001071119205414012030242
008071119205414015020682
006071119205416019100068
001071119205416014010565
009071119205416012110484
008071119205417013020862
001071119205418014010526
004071119205418012130298
009071119205419014020611
002071119205419014030174
008071119205420014020523
004071119205421012130298
009071119205421015020682
002071119205422014030299
008071119205424015020684
009071119205424012120485
003071119205424012060309
009071119205427012110404
008071119205427012110424
001071119205428015010804
002071119205428014030056
009071119205429012110458
002071119205430014030459
001071119205432015010804
008071119205433015020658
009071119205434014020525
003071119205435013010702
002071119205437012130120
008071119205437015020591
009071119205437012070426
008071119205438015020591
009071119205440015020657
008071119205441015020667
009071119205442015020679
008071119205443015020675
009071119205444015020679
003071119205444012050204
002071119205444014030305
001071119205446012050285
008071119205446013020808
009071119205446015020679
009071119205448015020679
003071119205448013010689
008071119205449015020659
001071119205449012050357
003071119205451013010774
009071119205451012070360
001071119205452015010796
008071119205452015020652
002071119205452014030365
003071119205453012030387
009071119205454012110473
002071119205454014030279
008071119205455015020199
009071119205455012110473
008071119205457015020531
003071119205457012050365
009071119205458012120470
008071119205458012120415
003071119205459012050351
002071119205500019110002
009071119205501012110410
008071119205501012120393
004071119205502012170077
009071119205502015020057
003071119205503013010807
008071119205504015020022
009071119205505013020848
001071119205506012050358
003071119205507012050366
008071119205509012120143
009071119205509012110382
009071119205510012110382
002071119205512019060108
001071119205512014010264
003071119205512012030366
009071119205513013020790
008071119205513015020660
001071119205514014010615
009071119205516012110375
001071119205518012050234
008071119205518013020817
009071119205519012100394
008071119205519012120463
008071119205522012110479
003071119205522012040459
003071119205523012050363
009071119205524012110354
008071119205525014020530
003071119205528013010014
008071119205529015020618
002071119205532019050152
001071119205535012030372
008071119205536012070428
009071119205536012110437
003071119205538013010726
008071119205540014020414
002071119205540019110049
001071119205541013010006
003071119205542012050057
008071119205543015020540
003071119205544012060427
008071119205544015020461
002071119205544019110049
008071119205547012120464
003071119205547012050210
009071119205549014020511
008071119205550015020641
002071119205550019110049
001071119205551012050224
003071119205552013010803
008071119205553013020840
001071119205554012030300
008071119205556012120476
003071119205557012060434
001071119205558012040464
003071119205558013010653
008071119205559015020663
009071119205600012110477
001071119205601012020324
003071119205601012050364
008071119205602012070286
003071119205602012040355
009071119205602015020478
002071119205603014030031
009071119205605012120301
003071119205605013010577
003071119205607012050356
009071119205608012120306
003071119205609013010580
009071119205610012120306
009071119205611012120196
003071119205611015010704
008071119205614014020553
003071119205614012050369
002071119205614014030336
004071119205615014030334
009071119205615012110367
002071119205616014030424
008071119205617015020623
003071119205617012030338
002071119205618019020333
009071119205618012120199
003071119205619013010740
002071119205620014030458
008071119205620013020857
009071119205621013020876
004071119205621014030077
008071119205623012120494
009071119205623012120368
009071119205625014020536
003071119205625012030351
008071119205626013020778
001071119205627015010129
002071119205627019050244
009071119205628012120412
003071119205628013010009
002071119205628014030366
008071119205629012120395
001071119205630012030352
002071119205630019110048
003071119205630012050183
006071119205630011000632
009071119205631012120124
002071119205631014030489
001071119205632012030353
003071119205632012050320
008071119205633013020866
009071119205634012110367
003071119205636013010004
008071119205636012120488
009071119205637013020542
003071119205639013010758
008071119205640013020880
009071119205641012120256
002071119205642019020307
003071119205642013010625
003071119205643012050210
009071119205643013020536
003071119205645013010259
008071119205645012110481
009071119205647013020879
003071119205648013010739
009071119205650012120461
006071119205650015090611
003071119205650013010724
009071119205651012120461
006071119205652019100002
008071119205652014020404
009071119205652012120399
009071119205653015020665
003071119205654013010677
001071119205655013010176
006071119205656019100032
009071119205656012110151
001071119205657015010682
003071119205657013010296
002071119205658019050242
001071119205700015010473
009071119205701012120444
003071119205702012030328
001071119205702015010781
009071119205704012110400
006071119205704015090620
001071119205705013010734
003071119205705013010515
003071119205706012030095
003071119205709013010294
006071119205709015090631
009071119205710012120431
009071119205711014020581
004071119205712015030451
003071119205712013010780
006071119205713015090616
009071119205714012120419
003071119205714013010413
001071119205715015010692
008071119205717013020799
003071119205717013010505
009071119205717012120427
004071119205718015030458
006071119205719015090580
009071119205720012120427
003071119205720013010763
001071119205720015010716
008071119205721012120489
002071119205723019050216
009071119205723012120493
001071119205723015010678
009071119205727012120478
006071119205727011000635
009071119205727012120433
008071119205728015020469
002071119205731019020061
009071119205731012110442
009071119205732012110164
001071119205734015010790
008071119205734015020664
002071119205734019020340
009071119205735012110466
008071119205737015020664
001071119205738015010793
006071119205738015090618
009071119205739013020872
003071119205739013010365
006071119205741011000498
009071119205743015020469
006071119205743011000713
009071119205744015020469
006071119205746011000491
009071119205747012110354
006071119205749011000713
009071119205749012110354
001071119205752015010596
009071119205752012110377
006071119205752011000573
006071119205755011000598
009071119205755014020627
001071119205756015010668
008071119205757012110377
009071119205757013020874
006071119205758011000690
006071119205800011000343
001071119205800015010683
009071119205800014020470
006071119205803019100063
001071119205803015010669
003071119205803012060312
009071119205803013020626
009071119205805013020858
006071119205805011000534
009071119205806013020858
003071119205807012030344
006071119205808011000691
009071119205810012120425
006071119205812015020563
009071119205813013020823
006071119205814011000710
009071119205815013020823
001071119205816015010758
009071119205816012120474
001071119205817014010452
006071119205817015090617
002071119205819019020326
006071119205820011000594
002071119205821019020326
006071119205823011000648
006071119205824011000263
008071119205825012120414
006071119205827011000263
002071119205828019110014
009071119205830012120454
006071119205830011000730
008071119205830012120490
006071119205832011000724
009071119205834013020702
008071119205836012120454
009071119205836013020766
008071119205840012120421
009071119205840013020068
006071119205842011000041
006071119205845011000001
009071119205846012120447
006071119205849011000677
009071119205850013020758
003071119205851012030010
009071119205853012120480
006071119205853011000640
006071119205856011000640
009071119205856013020747
009071119205857013020747
002071119205859019050213
006071119205859011000654
009071119205900012120447
006071119205902011000654
009071119205903013020877
009071119205906012120242
009071119205909013020738
008071119205909013020869
006071119205909015090629
003071119205912012030329
006071119205912011000726
009071119205914012120482
001071119205915012030196
009071119205917012120483
006071119205917015090568
008071119205918013020820
009071119205918012110446
009071119205920012110446
009071119205923013020755
006071119205925015090579
009071119205926013020812
009071119205929013020849
006071119205932015090627
009071119205932013020674
009071119205934013020681
006071119205935011000668
002071119205936019020378
009071119205936013020781
006071119205938015090621
009071119205940013020878
001071119205940015010766
008071119205941015020672
006071119205941015090628
009071119205945013020870
006071119205945015090621
009071119205948012120434
006071119205949011000666
009071119205958013020865
006071119210002011000051
006071119210005011000422
002071119210006019060119
008071119210007012120448
006071119210008011000422
009071119210010012070331
002071119210010019060095
006071119210012015090608
006071119210015015090608
002071119210017019060086
008071119210019015020624
009071119210019013020721
009071119210025012110297
006071119210035011000078
009071119210040013020438
002071119210047019110037
009071119210049013020873
002071119210105019020390
009071119210128013020689
009071119210132013020780
009071119210135013020574
009071119210138013020706
009071119210140013020154
009071119210143013020748
009071119210145013020619
009071119210148013020753
002071119210159019110029
002071119210204019060114
002071119210206019060114
009071119210220013020387
009071119210349012110488
009071119210354012120491
008071119210354012110488
008071119210358012120491
008071119210401012120350
008071119210411013020425
008071119210413013020640
002071119210520019110033
002071119210558019070014
002071119210604019070038
002071119210608019020007
002071119210611019040009
002071119210653019020124
002071119210912019110046
002071119210920019010108
002071119211021019020393
002071119211024019020391
002071119211028019020391
001071119211515016000167
001071119211517016000167
002071119211535019110043
002071119211723019110006
002071119211725019110006
002071119213134019110005
002071119213137019110013
002071119214809019070001
002071119214837016000090
002071119215812019060101
002081119072558014030055
002081119072641016000090
008081119072738013020543
002081119073034019060114
001081119073233016010106
002081119073442014030478
002081119073542019060003
002081119073638019010087
002081119073707019030033
002081119073742019010108
008081119073825014020588
002081119073848015030473
002081119073919014030421
001081119073936014010606
008081119073955012110437
008081119073958012110437
008081119074016014020451
001081119074030016010024
001081119074034016010120
002081119074053015030476
002081119074059019050216
001081119074105015010797
002081119074142013030618
001081119074317014010584
001081119074336014010614
003081119074422016010032
003081119074444016010084
001081119074558014010068
001081119074625015010793
001081119074730014010003
002081119074802014030424
002081119074805014030239
002081119074806019050235
002081119074811014030374
002081119074814014030480
002081119074817014030426
002081119074820014030159
002081119074821014030423
001081119074833015010716
008081119074834015020604
002081119074835019020180
001081119074836014010604
001081119074839014010558
008081119074847014020435
001081119074855014010548
002081119074855014030174
008081119074907014020404
002081119074908014030342
008081119074911016010079
002081119074914014030400
008081119074930015020643
001081119074931014010570
002081119074937014030305
003081119074950014010053
001081119074959015010669
001081119075001014010600
001081119075004014010440
001081119075007014010565
008081119075008014020623
008081119075009014020623
001081119075049015010693
001081119075052015010632
001081119075055016010080
002081119075059014030334
009081119075100014020589
009081119075106014020486
008081119075107014020567
001081119075110014010357
002081119075123014030077
002081119075128019020061
002081119075133019110037
008081119075133015020658
001081119075138014010267
008081119075139014020523
001081119075141014010103
008081119075142014020598
008081119075148014020092
002081119075154019060103
008081119075224015020644
008081119075225015020644
002081119075230015030343
002081119075234015030337
001081119075237014010157
002081119075237015030410
001081119075244015010692
002081119075245014030226
002081119075250019020186
009081119075256014020504
001081119075304014010424
003081119075311014010432
002081119075326019060076
001081119075334014010571
001081119075339014010569
002081119075344019110005
002081119075345014030488
001081119075355014010208
001081119075359014010011
003081119075359014010436
008081119075400014020525
001081119075402014010615
008081119075405014020036
001081119075406019050245
001081119075408014010605
001081119075412014010526
008081119075418015020675
002081119075419019050091
001081119075422014010563
002081119075423019110043
001081119075424014010316
008081119075426014020231
002081119075427019050026
001081119075431014010250
002081119075431019110002
002081119075436014030458
008081119075438015020652
008081119075443014020571
002081119075445014030366
002081119075450014030425
008081119075454015020674
008081119075500014020608
002081119075500019110046
002081119075501016000144
001081119075502015010129
008081119075504014020570
002081119075504014030056
002081119075504019020083
002081119075507014030459
002081119075509019060119
008081119075514015020684
003081119075514015010682
009081119075515014020632
008081119075517014020562
002081119075519014030381
009081119075520014020443
008081119075522014020554
002081119075523019050225
008081119075528014020617
001081119075532014010535
003081119075533014010575
001081119075534014010264
003081119075535013020368
001081119075537014010596
001081119075540015010788
008081119075541014020524
001081119075542014010477
008081119075544014020413
001081119075547014010452
008081119075547014020501
001081119075550014010451
008081119075550014020540
001081119075552014010510
002081119075552014030290
004081119075554014030021
008081119075555014020493
008081119075556014020493
001081119075558014010538
002081119075600019050188
001081119075601015010596
001081119075602014010599
008081119075604014020426
001081119075605015010668
009081119075605014020180
001081119075608015010683
008081119075608014020411
009081119075608014020120
004081119075610014030393
001081119075612015010781
001081119075614014010603
001081119075617014010613
002081119075619014030489
001081119075621014010309
001081119075623014010594
002081119075624014030387
009081119075625015020469
009081119075627014020581
001081119075629016000169
008081119075631014020611
002081119075633019110050
009081119075633014020088
001081119075640014010201
001081119075643015010017
008081119075644015020591
002081119075645014030448
001081119075646014010493
002081119075648014030375
001081119075649014010609
002081119075650019050238
009081119075653014020417
001081119075656014010033
002081119075659019110033
002081119075705019020392
001081119075708014010377
001081119075710014010607
002081119075713019020221
002081119075715019020335
008081119075717014020537
008081119075721014020593
001081119075722016000064
008081119075724014020538
001081119075725014010616
001081119075728014010616
002081119075728014030482
008081119075730014020620
002081119075731014030418
008081119075735014020551
008081119075738014020626
004081119075738014030267
009081119075740014020625
002081119075740014030388
001081119075744019060095
009081119075746014020607
001081119075747014010598
002081119075754014030404
002081119075755019110014
001081119075756014010502
009081119075757014020025
001081119075759014010492
001081119075804014010587
002081119075806015030371
001081119075808014010573
009081119075809015020478
002081119075811014030438
001081119075817014010580
002081119075817014030484
008081119075818014020618
009081119075820014020574
008081119075825014020553
008081119075829014020351
008081119075831014020416
008081119075834016000147
008081119075837014020631
008081119075840015020057
002081119075841014030471
002081119075844015030395
001081119075849014010553
002081119075849014030453
008081119075849014020594
001081119075853014010555
001081119075858014010612
004081119075859015030438
002081119075859016000123
002081119075901019020007
002081119075902014030444
009081119075905019050094
002081119075906015030451
002081119075911015030461
002081119075920014030447
002081119075920019050241
009081119075920014020511
001081119075923014010536
002081119075923014030399
008081119075926014020545
002081119075928019020095
004081119075930015030451
002081119075932019060108
008081119075937014020566
002081119075937019050242
008081119075941014020586
002081119075941014030022
002081119075944019030022
008081119075947014020043
002081119075950014030475
008081119075951014020424
001081119080001014010460
001081119080004014010401
002081119080004014030454
008081119080004014020007
008081119080004014020398
008081119080006014020398
008081119080007014020512
002081119080007014030176
002081119080009014030466
002081119080011019110040
002081119080019015030389
002081119080021014030336
008081119080021014020331
001081119080022014010457
001081119080024014010608
002081119080024015030468
008081119080025014020630
009081119080026014020606
002081119080027014030390
002081119080028019060086
001081119080029014010200
008081119080029014020542
002081119080030019060101
002081119080031015030402
002081119080034014030427
002081119080037014030365
002081119080038015020598
003081119080038014010524
008081119080044014020582
009081119080047015020531
008081119080049014020628
001081119080054014010295
004081119080058014030369
001081119080100014010578
002081119080103014030368
008081119080113014020394
002081119080113014030100
001081119080114015010407
002081119080114015030478
009081119080122014020563
002081119080124014030096
008081119080126014020528
002081119080127014030450
004081119080130014030398
009081119080132014020536
008081119080135014020538
001081119080136014010539
002081119080138019110048
001081119080140014010537
008081119080140014020532
002081119080140015030388
001081119080142014010444
001081119080145015010473
002081119080146015030424
002081119080147019050244
002081119080149019060107
008081119080150014020592
001081119080151014010590
002081119080151014030476
002081119080151019060107
002081119080153014030088
002081119080156014030325
008081119080201014020489
008081119080205014020006
008081119080208015020410
002081119080209014030485
002081119080211014030486
008081119080213014020502
002081119080214014030289
002081119080215019050205
001081119080216014010525
008081119080216015020659
002081119080217014030087
002081119080218014030031
004081119080218014030299
008081119080219015020663
002081119080220014030279
008081119080220015020663
001081119080222014010597
001081119080231014010522
002081119080231014030001
002081119080234015030244
001081119080236014010411
002081119080240014030217
002081119080241014030467
008081119080242014020288
002081119080243014030465
002081119080245019050212
008081119080246014020597
009081119080247014020020
002081119080257019050126
008081119080257014020616
001081119080259014010593
002081119080302014030449
001081119080304014010610
001081119080309014010564
004081119080313014030109
002081119080315019110006
008081119080326014020546
002081119080328014030331
002081119080330015030279
002081119080331015030477
002081119080336015030477
001081119080337014010332
002081119080338015030383
004081119080338015030439
009081119080342019050170
002081119080342015030101
002081119080349014030481
002081119080354015030475
002081119080401014030452
002081119080407019050213
002081119080409015030466
008081119080410014020414
002081119080416013030485
008081119080424015020199
008081119080431014020603
008081119080434014020565
009081119080435014020470
008081119080437014020602
009081119080438014020627
009081119080442014020055
008081119080443016000149
002081119080444014030072
008081119080446016000124
002081119080448014030150
002081119080450014030160
002081119080454014030416
002081119080511014030250
001081119080516015010766
001081119080521014010611
003081119080525019050170
008081119080530014020530
002081119080531014030373
002081119080532014030430
002081119080539014030456
008081119080544014020513
002081119080557019110013
008081119080603015020461
009081119080620019030050
002081119080624019020313
001081119080625014010592
002081119080627015030442
008081119080632015020641
008081119080635015020540
001081119080710014010133
002081119080731019020391
002081119080747019020382
002081119080800019050240
001081119080802014010241
002081119080810019030047
009081119080901015020563
008081119080902014020550
002081119081029019020124
008081119081030014020494
002081119081036019020353
002081119081124019060084
001081119081132014010338
002081119081216014030437
002081119081300019060115
002081119081330019020301
002081119081416019050184
008081119081450014020615
001081119081550019010128
002081119081623019110049
002081119081803019050152
002081119082002019020150
008081119082013015020630
009081119082108014020305
002081119082251019050209
002081119082256019050220
002081119082413019060120
002081119082450019050193
003081119083040015010678
002081119083109019050084
001081119083903015010696
002081119083908019050234
002081119084346019060113
002081119084400019060097
002081119084501019110029
002081119085201019020400
002081119085513019020379
002081119090115019070001
002081119090648019050112
009081119091652015020676
008081119091907014020529
002081119093519019060033
002081119095938019050195
002081119105540019060084
002081119105544019060101
002081119105555019060101
002081119124010019060115
002081119124440019060003
009081119125036019030050
002081119125312019050220
001081119125447015010683
002081119125528014030447
002081119130042014030087
002081119130136019050241
002081119130512019020392
002081119135601019010116
001081119153324019050188
002081119161341019020221
001081119163010016010106
002081119163617019060095
002081119163818019060108
002081119163822019060097
002081119164116019060119
008081119164359014020631
008081119164407014020532
009081119164624014020562
009081119164627014020632
008081119164635014020607
009081119164639014020443
009081119164642014020616
008081119164642014020594
008081119164645014020502
008081119164647014020565
009081119164648013020515
008081119164648016000147
008081119164654014020615
008081119164657014020523
008081119164700014020288
008081119164702014020120
008081119164706014020630
009081119164706014020501
008081119164707014020630
009081119164712014020627
008081119164716014020602
008081119164719014020523
008081119164722014020411
008081119164724014020620
008081119164727014020020
008081119164730014020628
008081119164731014020628
008081119164735014020582
008081119164738014020619
008081119164745014020618
008081119164748014020597
008081119164749014020597
008081119164751014020597
008081119164752014020404
001081119164802015010669
008081119164804012080461
001081119164805015010407
001081119164806014010592
001081119164808014010609
001081119164809014010587
001081119164811014010250
001081119164813014010570
001081119164817014010444
008081119164818014020625
009081119164819014020540
008081119164826014020626
008081119164830014020563
008081119164832014020589
008081119164834014020598
008081119164836014020598
008081119164837014020513
008081119164840014020550
008081119164843015020674
001081119164849014010538
008081119164856014020417
008081119164914014020592
008081119164931015020410
001081119164931014010457
001081119164933015010682
008081119164934014020305
003081119164954014010616
009081119164956014020489
009081119165001014020504
008081119165002015020540
008081119165020014020553
008081119165022014020553
001081119165025014010068
009081119165027014020536
001081119165028015010766
009081119165028014020536
009081119165031016010079
001081119165037015010473
001081119165039014010452
003081119165041019050170
001081119165045014010492
009081119165046015020684
001081119165049014010563
008081119165050015020659
001081119165051014010607
001081119165053014010316
001081119165056014010525
001081119165057014010208
001081119165100014010267
003081119165102014010241
001081119165103014010539
001081119165105015010692
001081119165108014010598
001081119165110016010080
008081119165110015020641
001081119165112014010424
008081119165113015020652
008081119165116015020663
001081119165119014010295
008081119165119014020180
001081119165122014010604
003081119165123015010596
001081119165124014010553
003081119165126015010678
001081119165127014010103
009081119165128015020469
001081119165129015010668
009081119165130015020563
003081119165131014010603
001081119165131015010781
001081119165132015010716
001081119165132015010793
001081119165133014010615
001081119165136015010788
003081119165137016010084
001081119165139014010613
003081119165139014010053
001081119165141015010788
001081119165142014010510
003081119165142016010032
001081119165145014010432
001081119165147015010693
003081119165148014010524
001081119165150014010613
001081119165151015010797
002081119165152014030482
001081119165154014010522
001081119165159014010608
001081119165201015020500
002081119165201014030450
002081119165203014030467
002081119165205014030466
002081119165207014030476
002081119165208014030388
003081119165208014010436
001081119165210014010401
003081119165210011000155
009081119165210014020180
002081119165214014030471
002081119165219014030465
002081119165222014030481
002081119165225014030475
002081119165226014030100
001081119165228014010581
002081119165228014030055
001081119165230014010580
001081119165233014010573
002081119165234014030176
001081119165235014010460
004081119165236014030475
002081119165236014030381
001081119165237014010535
002081119165238014030488
001081119165239014010536
002081119165240014030452
001081119165241014010493
002081119165241014030437
003081119165242014010575
002081119165243014030325
001081119165244014010612
001081119165245014010003
002081119165245014030453
002081119165248014030072
002081119165250014030424
001081119165251014010537
002081119165253014030427
001081119165257019050245
002081119165258019050195
002081119165306019050170
002081119165311014030444
001081119165314014010606
002081119165318015030475
001081119165323015010632
001081119165333014010526
002081119165333014030096
001081119165338014010584
002081119165339014030077
002081119165343015030468
002081119165347015030470
002081119165351014030393
001081119165352014010548
002081119165354014030390
001081119165355014010578
002081119165356015030478
001081119165357014010614
002081119165359014030334
001081119165406014010555
002081119165413014030416
002081119165417014030478
002081119165427014030088
002081119165430014030056
001081119165437014010569
001081119165441014010578
001081119165444015010129
002081119165445014030342
002081119165452014030331
002081119165455014030239
002081119165502015030466
002081119165511014030421
002081119165515015030438
002081119165518015030383
002081119165520015030371
002081119165522015030442
002081119165525015030395
002081119165531015020598
002081119165544015030410
002081119165554014030174
002081119165605014030150
004081119165625014030305
002081119165655019020273
001081119165702014010338
002081119165705019110037
001081119165718014010502
002081119165722014030400
009081119165940015020675
009081119165943015010696
009081119165946015020635
009081119165950015020647
009081119165953015020604
009081119165956015020643
009081119165958015020199
009081119170001015020591
009081119170004015020057
009081119170007015020531
009081119170010015020644
009081119170012015020478
009081119170015015020676
009081119170018015020461
009081119170020015020658
009081119170023015020624
009081119170215014020603
009081119170217014020608
002081119170217019020353
009081119170220014020424
009081119170222014020608
009081119170224014020511
009081119170227014020606
009081119170231014020546
009081119170234014020331
009081119170236014020542
009081119170238014020231
009081119170241016000149
009081119170242016000149
009081119170244015020630
009081119170245014020435
009081119170248014020530
009081119170251014020092
009081119170254016000124
009081119170256014020416
009081119170259014020571
009081119170301014020486
009081119170302014020413
009081119170305014020623
009081119170307014020414
009081119170310014020504
009081119170312014020617
009081119170315014020055
009081119170317013020761
009081119170319014020586
009081119170322014020570
009081119170324014020588
009081119170327014020524
009081119170336014020611
009081119170338014020574
009081119170340014020525
009081119170342014020398
009081119170344014020006
009081119170347014020088
009081119170350014020529
001081119170404014010440
001081119170407016000064
001081119170409014010264
001081119170412014010411
001081119170414014010357
001081119170416016000169
001081119170418014010011
001081119170420015010017
001081119170422014010605
001081119170424014010571
001081119170426014010200
001081119170428014010332
001081119170454016010024
001081119170456016010120
008081119170521014020351
004081119170535014030109
004081119170540014030374
004081119170543014030289
004081119170548014030365
004081119170553014030448
004081119170558014030430
004081119170602014030449
004081119170606014030279
004081119170610015030388
004081119170614015030424
004081119170618014030459
004081119170622014030458
004081119170626014030418
004081119170630014030399
004081119170632015030247
004081119170636016000144
004081119170639015030337
004081119170642014030299
004081119170648015030343
004081119170654014030480
004081119170657014030373
004081119170659014030398
004081119170703014030160
004081119170715014030159
004081119170718014030031
004081119170720014030438
004081119170724014030021
004081119170725015030279
008081119170727014020426
004081119170727015030101
004081119170730014030250
004081119170732014030369
004081119170734015030473
004081119170740015030244
004081119170743016000123
002081119170754015030477
004081119170822015030461
004081119170826014030366
004081119170829013030349
004081119170836013030618
004081119170845012140431
004081119170850014030426
004081119170852014030267
004081119170855014030368
004081119170858014030387
004081119170901014030423
002081119170913014030489
002081119170916014030404
002081119170923014030336
002081119170926014030375
002081119170929014030022
002081119170932014030226
002081119170936014030484
002081119170938014030486
002081119170944014030425
002081119170946014030290
002081119170950014030485
002081119170955014030454
002081119170959014030001
002081119171001014030217
002081119171123019110033
002081119171229019050213
002081119171520019060114
002081119171522019060114
002081119175157019010087
002081119175723019020301
002081119175840019110040
002081119175848019050205
002081119175949019110050
002081119175951019110050
002081119180004019050152
002081119180013019010116
002081119180049019050235
002081119180056019110048
002081119180059019110049
002081119180545019060076
002081119180810019020393
002081119191049019050212
002081119191517019050091
002081119191535019050084
002081119193350016000090
002081119193848019060103
002091119071649016000090
001091119071944016010056
001091119071948016010095
001091119071952016010128
001091119071956016010098
001091119071958016010130
001091119072002016010081
002091119072030019060101
001091119072126016010105
001091119072239016010079
001091119072250016010045
001091119072301019010125
001091119072321016010048
002091119072436019020391
002091119072440019060107
001091119072444016010119
001091119072459016010121
001091119072529016010125
006091119072538013020543
001091119072548016010110
001091119072553016010127
006091119072628011000359
001091119072632016010090
001091119072650016010071
001091119072657016010050
002091119072716019020083
003091119072721013010771
008091119072725016010129
009091119072726016010129
009091119072740016010129
001091119072755016010106
001091119072800016010120
002091119072806014030055
002091119072811015030444
001091119072811016010100
002091119072817019030045
002091119072818015030473
002091119072823015030476
001091119072827016010084
001091119072832016010080
001091119072845016010073
001091119072854016010032
003091119072905012060007
001091119072936016010122
001091119072940016010082
002091119073053019010124
001091119073059016010077
001091119073117016010124
002091119073135019050227
001091119073148016010024
006091119073205019100067
006091119073208019100067
009091119073212013020255
002091119073257019100032
002091119073346015030428
002091119073356019050188
003091119073420012030335
006091119073427013020067
002091119073433019110027
003091119073438012030349
002091119073449019020286
002091119073511019100070
003091119073518013010768
006091119073521011000051
004091119073523012150171
009091119073533015020658
001091119073536015010632
006091119073538011000675
002091119073549019020401
002091119073602019010087
003091119073607013010672
006091119073610015090630
001091119073624015010797
003091119073625014010606
008091119073625012080304
008091119073633015020029
008091119073636013020849
002091119073640012130165
008091119073645013020703
008091119073648015020640
002091119073653019100046
004091119073653013030624
002091119073658019060003
002091119073701019020061
001091119073703014010614
008091119073707015020668
008091119073710013020851
004091119073718012170178
002091119073738014030374
003091119073804012060396
006091119073812011000692
003091119073821012040466
008091119073823015020671
003091119073824013010365
008091119073825015020671
002091119073836019020230
006091119073848019100067
002091119073852019100039
006091119073852019100067
001091119073855016010123
006091119073901011000086
002091119073915019020231
004091119073920013030625
004091119073923012160136
008091119073944012070187
004091119073946012140167
002091119073955012180252
002091119074003019010116
004091119074010012160282
004091119074015012180299
006091119074035011000343
008091119074036013020844
003091119074037012030276
002091119074038019060114
002091119074040019060114
003091119074041013010800
008091119074042012080467
004091119074042012130341
002091119074045019020340
003091119074046012030036
002091119074047019020340
008091119074051014020451
002091119074051019030001
001091119074054013010035
002091119074057019050216
003091119074059013010270
003091119074104012010019
006091119074107014030174
002091119074111019020313
002091119074114019050094
001091119074136015010737
001091119074140015100546
008091119074145012090372
008091119074155013020562
001091119074158014010584
002091119074203019030022
008091119074205013020692
008091119074216012090404
006091119074218011000491
004091119074221013030646
008091119074222014020588
008091119074226015020620
008091119074231012110143
001091119074236013010700
001091119074239013010479
004091119074303013030565
006091119074309013010001
001091119074334013010755
004091119074334013030507
003091119074335013010677
002091119074336019050225
002091119074342019100008
001091119074352012060005
001091119074354012020324
002091119074354012150203
001091119074357016000073
004091119074402012150203
003091119074413012060433
003091119074420012050009
002091119074427013030592
002091119074427019020383
008091119074427015020683
008091119074428015020683
008091119074429012090375
008091119074430012080135
008091119074432012080135
002091119074432019060113
006091119074432013010009
004091119074435012140467
006091119074436011000573
008091119074436013020532
008091119074439012070286
001091119074440012060430
008091119074442012100429
008091119074443012100429
008091119074446012090375
002091119074448014030424
001091119074450012040411
008091119074455015020683
008091119074458013020438
008091119074502012080135
008091119074505013020873
002091119074505019020400
002091119074508013030466
008091119074508012110484
003091119074510015010801
006091119074511015090579
004091119074511013030162
008091119074512012070148
001091119074513014010558
004091119074516012140088
002091119074518019020318
003091119074520014010003
006091119074521011000722
008091119074521013020674
008091119074522013020674
003091119074522014010565
003091119074525015010798
006091119074525011000677
008091119074525012080457
001091119074527015020500
003091119074527013010347
003091119074530013010550
003091119074534012040442
006091119074538011000078
008091119074541014020625
008091119074543014020625
002091119074544013030509
004091119074544015030371
008091119074546012100423
004091119074547015030463
006091119074548019100008
008091119074549012070387
001091119074552012060397
008091119074552012110466
004091119074552015030465
006091119074552013010151
006091119074555011000710
004091119074556013030382
008091119074556012070236
008091119074558012070236
003091119074559013010007
008091119074602012110473
008091119074605015020620
004091119074608012160088
008091119074608012100379
008091119074609012100379
002091119074611019060084
004091119074611012180171
001091119074611018010059
008091119074613012120477
001091119074615012020228
001091119074616018010059
003091119074618012060434
003091119074621012030355
003091119074623012020121
008091119074625012080463
003091119074627014010598
004091119074627012140472
006091119074629012120199
003091119074630013010577
008091119074633012070437
008091119074638012070435
001091119074641018010067
006091119074644011000719
008091119074651013020864
004091119074652012150271
004091119074655012170279
004091119074659015030368
009091119074702012090393
001091119074703016000101
002091119074704019020393
008091119074706012110437
004091119074706012160075
001091119074706016000101
003091119074707013010785
009091119074707012070445
002091119074710019110005
003091119074711015010687
002091119074712012160291
009091119074714012120489
002091119074715014030400
009091119074723013020766
009091119074724013020766
003091119074725012040293
006091119074725013020240
001091119074729014010570
004091119074733012140462
009091119074736013020821
008091119074739015020535
004091119074740012140466
003091119074740012040192
001091119074745012010419
002091119074745012130297
004091119074745012160271
001091119074746018010054
004091119074751012170258
006091119074751011000718
003091119074751013010651
004091119074753014030077
002091119074753019050235
001091119074754012030333
008091119074754012090379
003091119074754012050364
006091119074755011000727
004091119074756019050128
008091119074757015020647
002091119074757019020180
006091119074800013010321
004091119074802012160163
006091119074805011000729
009091119074806012090302
001091119074807012030350
002091119074807019050242
003091119074807013010598
004091119074810012150190
008091119074810012100311
009091119074813013020793
002091119074815012130250
003091119074821012030266
006091119074823015090627
009091119074824012070429
003091119074825013010799
004091119074825012170292
004091119074827012150135
004091119074832014030421
008091119074833015010696
004091119074835012180284
008091119074840012070429
009091119074842013020850
004091119074848013030443
006091119074849011000706
002091119074853015030436
008091119074854013020850
002091119074855014030226
003091119074855012010364
009091119074857013020824
002091119074858012160300
003091119074858012050313
002091119074902019070014
003091119074903013010795
006091119074905013030188
001091119074910014010451
009091119074911014020331
001091119074914012020333
002091119074914019040024
009091119074917013020878
003091119074919012050254
004091119074921012180046
009091119074922013020755
006091119074923011000683
008091119074930012110397
006091119074930011000717
003091119074931013010505
004091119074933012170257
002091119074934019020127
001091119074935013010746
002091119074936019020079
009091119074937012070010
006091119074941013020068
008091119074943012110482
002091119074944013030627
004091119074945014030459
006091119074946011000651
002091119074946019050084
002091119074948015030466
009091119074948015020635
003091119074948013010776
001091119074951018010070
001091119074951014010309
009091119074952013020858
002091119074953019110043
003091119074953012060414
004091119074954012130312
008091119074955013020778
003091119074955012060364
001091119074956015030112
009091119074956012070244
008091119074958015020675
001091119074958012040438
009091119074959012120242
009091119075001013020874
006091119075001012020340
004091119075005013030641
009091119075008013020780
008091119075011013020723
009091119075011013020536
001091119075013014010600
001091119075016014010592
004091119075016014030368
001091119075021012030356
008091119075021014020532
009091119075021012110377
008091119075024013020763
001091119075025016000152
003091119075026015010678
009091119075030015020013
006091119075031011000574
002091119075031019050244
002091119075034012130319
008091119075034012110454
004091119075035012160301
003091119075036012050368
004091119075037013030398
006091119075037011000490
002091119075039012160313
004091119075040015030437
001091119075040012010011
006091119075041015090603
001091119075042015010753
009091119075042012100442
004091119075043012140435
001091119075045012040444
004091119075045012160301
001091119075047014010548
004091119075048013030546
008091119075049012120476
009091119075049012070368
001091119075049012020385
004091119075049012180276
002091119075049019020372
009091119075052012080456
004091119075052013030498
008091119075053012080431
001091119075053012040461
002091119075054019050217
001091119075055012040462
008091119075056012110373
008091119075058015020604
002091119075058019050170
001091119075058014010526
009091119075058012110367
002091119075100019050164
003091119075101012040469
001091119075101012030242
006091119075102011000678
009091119075103012100312
003091119075104012030387
006091119075107011000704
003091119075108013010788
002091119075111014030159
003091119075111013010794
002091119075112019060115
002091119075114014030489
003091119075114012060359
008091119075115012080343
003091119075117012060384
006091119075118013010014
009091119075118012070414
008091119075118014020088
003091119075120014010432
004091119075120012150318
006091119075121015090608
002091119075121012140379
008091119075121012080267
003091119075123013010601
008091119075124012100400
006091119075124011000120
004091119075125012140464
003091119075126012060378
009091119075126012090405
008091119075127012120484
006091119075127011000262
001091119075128012040458
004091119075129012140422
008091119075129013020188
001091119075130013010802
002091119075131019020282
006091119075131011000713
002091119075134019060103
006091119075134016010086
004091119075134012170195
008091119075135012080458
006091119075137011000713
004091119075137013030548
003091119075138013010541
004091119075140012150274
002091119075140019050026
006091119075141011000663
009091119075142012100411
002091119075144012180157
001091119075146015010790
004091119075147014030476
003091119075147012040447
009091119075149013020542
003091119075151012040376
004091119075151013030551
002091119075152019110033
006091119075155015090632
003091119075156012010247
001091119075156014010068
006091119075157011000731
004091119075158013030644
001091119075159014010357
003091119075159012010329
002091119075200019110029
006091119075200015090568
002091119075201012180288
009091119075201013020877
001091119075201013010734
002091119075203015030434
003091119075203013010737
008091119075203012100447
008091119075204012100447
004091119075204014030423
009091119075205012100284
001091119075205016000126
006091119075205011000473
008091119075206012090017
003091119075206012010389
001091119075207016000126
002091119075207013030647
006091119075208011000445
009091119075209013020823
008091119075209012100288
001091119075211012040403
003091119075212013010413
004091119075212015030343
002091119075212019050237
009091119075214014020562
006091119075214011000165
004091119075214012140457
003091119075215013010737
001091119075215012020388
002091119075215019010127
008091119075216014020554
002091119075217012150091
006091119075218012130116
009091119075218012120496
003091119075219013010803
002091119075219012130305
004091119075219012150098
002091119075219019020124
009091119075221014020598
008091119075222012100416
004091119075222013030647
002091119075222014030426
003091119075222012040382
004091119075223012150118
008091119075223012100416
008091119075224015020604
006091119075224015090611
002091119075225019110040
009091119075225015020469
003091119075225012040353
004091119075226012180277
002091119075228012170277
002091119075228019020211
003091119075228013010606
001091119075228014010440
001091119075229013020180
008091119075229013020868
004091119075229012170193
002091119075230019050212
001091119075231012040468
002091119075231019050212
003091119075231013010758
002091119075232013030649
006091119075232012130091
003091119075233012030403
001091119075234014010103
003091119075235013010560
002091119075235012140458
002091119075236019100063
001091119075236015100543
009091119075237012090267
004091119075239012130242
002091119075240019020353
001091119075240012050213
009091119075240013020843
003091119075243012040337
001091119075244012050344
009091119075244013020683
001091119075245015010763
009091119075246012110151
002091119075248019020260
006091119075249012070006
002091119075249013030618
003091119075249012020400
002091119075252016000123
004091119075252013030187
006091119075253012110164
003091119075254013010693
009091119075255012110297
002091119075255019020399
001091119075256015010758
006091119075257014020288
004091119075259015030246
001091119075259015010001
002091119075259019110006
003091119075300013010575
002091119075301012130339
008091119075302012110412
002091119075304012130340
003091119075304013010772
006091119075305011000517
002091119075307014030239
009091119075309013020726
001091119075310016000168
003091119075310012010355
002091119075311019100028
009091119075312012120473
001091119075312016000168
006091119075314015090580
002091119075314019010132
002091119075314014030450
004091119075315012160134
008091119075315015020678
001091119075316014010201
009091119075316012110474
006091119075318011000203
004091119075318014030088
001091119075319013010446
008091119075319013020504
003091119075319012020390
006091119075320011000699
009091119075320013020387
003091119075321013010426
004091119075321013030545
001091119075323015010682
004091119075323014030305
002091119075324019020095
003091119075324013010791
006091119075325012180106
004091119075325012170218
001091119075326015010793
009091119075328012100223
004091119075328013030516
006091119075329015090618
001091119075329013010021
001091119075330014010573
003091119075330012060309
002091119075331013030648
006091119075331011000662
009091119075331012090350
004091119075331013030506
001091119075332014010460
002091119075333019070038
001091119075333012010403
003091119075333015010751
001091119075334012020352
009091119075334012110443
003091119075335013010770
001091119075335015010692
006091119075335014030056
001091119075337012030404
004091119075337012180251
009091119075337012080375
003091119075338012050183
006091119075338011000686
008091119075339013020831
001091119075340012040425
009091119075340015020545
004091119075341012160287
003091119075341012020348
006091119075342011000283
001091119075342015010804
009091119075343012080189
001091119075344015010781
002091119075344019030047
001091119075345012050331
003091119075345015010786
009091119075346013020812
004091119075347012150260
003091119075347013010624
006091119075347013030176
009091119075349012080466
008091119075349013020832
009091119075351014020623
006091119075351011000388
004091119075352012130210
003091119075352012050307
008091119075352014020435
002091119075354019040001
006091119075354011000388
009091119075354013020825
008091119075355012070407
003091119075355012030402
004091119075356012180206
002091119075356019050126
008091119075356012070407
003091119075357013010199
009091119075357012100431
004091119075358012170265
006091119075358011000525
002091119075359012180271
002091119075401019040035
009091119075401013020651
001091119075401012060095
003091119075401012040453
006091119075401011000388
009091119075402013020651
004091119075403013030246
001091119075403012050285
002091119075404019020186
006091119075404011000715
002091119075405012130333
003091119075405012060427
004091119075405013030386
009091119075405012080452
008091119075407012120479
006091119075407012040209
001091119075407012050358
002091119075407019020397
009091119075408014020589
004091119075408012180262
003091119075408012040452
006091119075409011000728
002091119075409013030638
001091119075410015010800
003091119075410012030304
002091119075410019010134
004091119075410013030448
008091119075411012120463
009091119075411012080419
006091119075411011000408
003091119075413012030303
002091119075413019110002
003091119075414012020286
008091119075415012110483
004091119075415012170268
009091119075415012100405
003091119075417012060381
006091119075417012020137
009091119075418012110446
008091119075418012070331
002091119075418012150283
004091119075418013030339
002091119075419019060120
003091119075420012030342
004091119075421012130214
002091119075421019020377
009091119075421015020679
003091119075421012030396
008091119075421015020654
002091119075422013030642
006091119075422011000408
004091119075423015030356
009091119075423012090248
008091119075424012070442
003091119075424013010726
001091119075425018010065
002091119075426019020065
009091119075426013020745
002091119075426014030404
003091119075426012030399
001091119075427012060407
004091119075427012170194
006091119075427011000598
008091119075427012090351
009091119075429012070440
002091119075429019020221
001091119075429013010751
008091119075429012080448
004091119075430012160280
003091119075430012020403
009091119075431012070440
001091119075432013030157
001091119075432012010421
006091119075432015090617
009091119075432012100334
006091119075433019100066
001091119075434012060415
003091119075434012040476
002091119075435019050241
004091119075435012150304
009091119075436015020591
006091119075436011000670
001091119075436012050343
009091119075437015020591
001091119075438012030365
004091119075438012150273
003091119075438012020288
001091119075439012020383
006091119075439011000730
009091119075440012110410
002091119075440019010074
001091119075441012040450
009091119075441012110410
006091119075442011000687
003091119075442013010529
001091119075442012050308
009091119075442012070384
004091119075443012170301
008091119075443013020879
009091119075444012070384
002091119075444019110048
003091119075445015010769
001091119075445015010788
002091119075446012150305
003091119075446012050311
004091119075446012140460
006091119075446012160114
009091119075447012110455
001091119075447014010377
006091119075447012160021
008091119075447012100224
001091119075448012020306
002091119075449012130343
008091119075449012100006
002091119075449019020363
003091119075450015010717
009091119075450012070441
001091119075450013010011
002091119075451012140474
006091119075451019100071
003091119075451013010727
001091119075452012050367
008091119075452012080078
004091119075452012150310
009091119075453012120256
006091119075454011000726
001091119075454014010569
003091119075454012030390
008091119075454012100434
002091119075454019110037
002091119075454012150299
009091119075456013020758
004091119075456012130322
008091119075456013020818
001091119075457012040354
004091119075458013030628
002091119075458012180260
008091119075458013020797
006091119075458013020581
002091119075458019110014
001091119075459012060253
003091119075459015010615
009091119075500012120377
009091119075501012120377
008091119075501012120395
001091119075501012040426
004091119075502014030334
008091119075502012100257
008091119075503012120454
009091119075504012090330
004091119075505013030629
008091119075505012120454
003091119075505012030398
001091119075506015100557
006091119075507013010015
001091119075507015010683
008091119075508013020808
003091119075508012060374
002091119075509015030279
001091119075510013010712
003091119075510012050315
008091119075511012120440
002091119075512015030424
002091119075512019050214
004091119075512012150100
003091119075512012050345
001091119075513013010549
003091119075514012040417
008091119075514012120487
006091119075514011000694
001091119075514015010784
004091119075514013030120
002091119075515012160253
003091119075515012040355
001091119075516013010805
004091119075516013030573
008091119075517013020880
001091119075518013010804
006091119075518011000041
002091119075518015030455
008091119075519015020666
003091119075519014010603
008091119075520015020666
002091119075520019050195
004091119075520012140446
009091119075520012100441
006091119075520015090616
004091119075521013030603
003091119075521013010520
001091119075521015010796
008091119075522015020630
006091119075523015090620
001091119075524012010170
004091119075524013030482
008091119075525012120490
001091119075525015010787
003091119075525012040406
006091119075525011000707
009091119075526012080459
004091119075526014030325
001091119075527014010502
009091119075527012090412
003091119075528012040397
006091119075528011000681
008091119075529013020882
002091119075530019080001
006091119075530011000714
003091119075530013010806
009091119075530014020594
002091119075532012140475
001091119075532013030071
008091119075532014020524
001091119075532012060416
009091119075533012110427
003091119075533012030389
003091119075535012040465
002091119075535014030366
006091119075535013020412
008091119075535013020017
002091119075536019050091
009091119075536012100318
002091119075537015030351
003091119075537012010309
009091119075537012100318
001091119075538018010047
006091119075538011000564
008091119075538012070415
009091119075539012100318
001091119075539015010693
002091119075540012140148
008091119075541012080461
001091119075541012040410
003091119075542012060426
002091119075542019100044
009091119075542013020738
004091119075542014030478
009091119075543012120475
001091119075544014010424
008091119075544012080430
002091119075544019020346
003091119075544012060421
008091119075546012070447
009091119075546013020789
004091119075547013030622
003091119075547012030386
001091119075547014010011
002091119075547019100052
001091119075549014010477
008091119075549012100347
009091119075549012110421
004091119075550012150319
003091119075550014010436
002091119075550019050029
008091119075551013020855
009091119075551014020622
002091119075551012150314
006091119075551012140043
008091119075552013020855
003091119075552012050028
009091119075554012110414
002091119075554013030563
008091119075554013020859
003091119075555013010580
002091119075555014030480
001091119075555012020344
006091119075555014010053
008091119075556012120415
009091119075556012080163
003091119075557015010794
001091119075557012010005
008091119075558012100432
004091119075558013030460
002091119075559014030484
003091119075600012030400
006091119075601011000440
008091119075601013020867
001091119075601016000167
004091119075601014030471
002091119075602014030458
009091119075602012090413
003091119075603013010625
003091119075604013010392
006091119075604011000586
008091119075604012110178
009091119075605015020677
001091119075605012030352
003091119075606014010208
002091119075606019020374
001091119075607013010331
008091119075607012120392
001091119075608012030353
003091119075608013010759
004091119075609012150196
009091119075609012100047
006091119075610012020037
003091119075610012060356
008091119075610012120494
008091119075611014020416
002091119075612019060076
003091119075612012050356
004091119075612012140388
009091119075612014020120
001091119075613012020008
009091119075613014020120
006091119075614011000690
008091119075614012110477
003091119075614014010604
001091119075615014010492
002091119075615015030477
009091119075616012080284
008091119075616012110481
003091119075616012060420
001091119075616014010539
004091119075617013030606
006091119075618011000720
003091119075619012040414
009091119075619013020769
008091119075619015020623
001091119075619012030376
002091119075619019050112
003091119075621013010662
008091119075621013020837
006091119075621011000385
002091119075622015030410
002091119075622019020335
009091119075622014020523
004091119075622012150303
003091119075623015010792
008091119075624015020681
003091119075625013010787
006091119075625013020397
009091119075625013020706
002091119075626019100018
008091119075627015020577
003091119075627012060432
009091119075627012100134
009091119075628012100134
004091119075629012180185
002091119075629012140453
002091119075629019010109
008091119075629014020494
006091119075630011000643
009091119075631012090335
001091119075631014010264
006091119075632011000666
003091119075632012010375
004091119075632014030438
002091119075632019050064
008091119075632012080408
001091119075633014010316
006091119075634013030003
003091119075634015010721
009091119075634012120493
008091119075635013020586
002091119075635019020007
002091119075635015030376
004091119075636012170073
009091119075636012100403
001091119075636012040464
003091119075636013010522
008091119075637013020820
001091119075637014010580
001091119075638012020111
009091119075639012080220
006091119075639011000724
008091119075640015020672
003091119075640015010610
001091119075640014010615
004091119075640013030496
002091119075640019100013
004091119075641012140434
006091119075641012160104
009091119075642013020753
008091119075642014020394
003091119075642012010420
009091119075643013020753
001091119075643013010747
004091119075644013030075
002091119075644012140389
008091119075644015020660
002091119075645019100072
001091119075645014010597
009091119075645012070426
003091119075646012050195
006091119075646011000601
008091119075647012110424
004091119075647015030395
002091119075647012150249
002091119075648019050184
009091119075648012090272
003091119075648012030256
006091119075648011000258
004091119075649012160285
002091119075649016000144
009091119075651012100364
003091119075651013010763
006091119075651011000231
008091119075652014020538
004091119075652013030356
009091119075653014020404
002091119075653019050209
006091119075654011000534
003091119075654012040473
001091119075654014010538
008091119075655014020007
009091119075655013020836
001091119075656015010669
004091119075657012180258
001091119075658012060405
009091119075658012070344
002091119075658019110050
004091119075658012150297
008091119075659014020618
006091119075659013010358
002091119075700014030031
009091119075700013020411
004091119075701013030084
001091119075701016000062
009091119075702012100398
003091119075702013010735
001091119075702012060349
002091119075702019020382
001091119075703014010493
008091119075703015020618
004091119075703012150294
004091119075704013030222
002091119075704019040028
006091119075704014010241
003091119075704012060365
008091119075705012080383
009091119075705013020644
001091119075706014010571
001091119075707015100556
006091119075707015090621
004091119075707012130059
001091119075707012010408
008091119075708012080453
003091119075708012030230
006091119075708012020162
009091119075708015020502
009091119075709012110404
004091119075709012150073
006091119075710011000276
003091119075710013010654
002091119075711014030390
001091119075711015010802
008091119075711012070308
004091119075711012150301
009091119075712015020646
003091119075712012060428
008091119075713013020810
004091119075714013030609
001091119075714012060259
002091119075714019050228
006091119075714011000398
003091119075714014010605
001091119075715012010341
009091119075715012070428
002091119075716013030639
006091119075716011000410
004091119075716014030425
001091119075716012050238
008091119075716012090348
001091119075717019030038
003091119075717013010732
004091119075718012140363
009091119075718012110487
008091119075719013020857
002091119075719019100065
009091119075719013020876
001091119075719012020345
006091119075720019100002
003091119075720012040222
004091119075721013030634
009091119075722012100323
002091119075722012170264
002091119075722019050183
003091119075722014010338
006091119075723011000566
004091119075723015030467
004091119075724012180266
002091119075724012130331
009091119075725015020580
006091119075725011000664
004091119075726015030445
003091119075726015010761
002091119075726014030482
008091119075727012110409
001091119075727012010376
003091119075728015010716
002091119075728014030375
002091119075728019020373
004091119075729015030389
009091119075729013020685
008091119075729014020493
008091119075730015020057
006091119075731011000568
002091119075731014030365
004091119075731013030616
002091119075732014030290
003091119075732012050204
001091119075732012060353
009091119075732012100420
004091119075732012170146
001091119075732016000003
003091119075733015010704
008091119075733014020493
001091119075734012050310
002091119075734019050171
006091119075734011000498
002091119075734015030262
001091119075734016000003
009091119075735012090339
004091119075735012180158
003091119075736012050266
002091119075736012130292
008091119075736012090343
009091119075737012090256
003091119075737012060410
001091119075737012010162
004091119075738014030430
002091119075738012180249
008091119075738015020665
003091119075739012020332
009091119075739012100394
002091119075741014030453
004091119075741012150293
008091119075741012110485
003091119075742014010525
009091119075742014020486
008091119075744012100424
003091119075744012040373
002091119075744019020301
002091119075744012150309
009091119075745012120434
003091119075745013010777
004091119075745013030325
008091119075747012100439
002091119075747014030488
001091119075748014010609
004091119075748012180307
009091119075748012100430
003091119075749012040437
002091119075749019040016
009091119075749012110461
004091119075750012150312
006091119075750013020154
008091119075750014020592
002091119075751013030349
009091119075752012090383
002091119075752019020398
003091119075752012030366
004091119075753012170127
008091119075753014020528
009091119075754012080425
008091119075754012080297
004091119075754012140441
003091119075756012050303
002091119075757019050223
009091119075757012070382
008091119075757013020833
004091119075758013030614
001091119075758012010414
003091119075759012020381
002091119075759012130316
009091119075800012100322
006091119075800012010254
002091119075801012170019
008091119075801014020542
001091119075801016000157
003091119075801012010422
001091119075802012020285
003091119075803012020389
009091119075803012110351
002091119075804012170231
008091119075804012090341
003091119075805012060400
008091119075806015020638
009091119075806014020627
004091119075806012180144
006091119075807011000632
002091119075807015030247
009091119075807014020627
009091119075808012110354
008091119075809015020669
004091119075809012140086
002091119075809012130263
003091119075809012030401
001091119075809015100561
002091119075810019110046
009091119075810013020681
006091119075810019100068
001091119075810016000139
008091119075811012080462
004091119075811012130264
001091119075811014010411
003091119075812014010452
001091119075813012050179
009091119075813013020761
008091119075814013020866
004091119075814013030372
002091119075814015030337
003091119075814012020398
008091119075815012080266
001091119075815013010604
002091119075815012130330
006091119075815011000640
001091119075816013010797
009091119075816012070360
004091119075817012140444
008091119075817012120486
003091119075817015010550
002091119075818015030459
009091119075819012100201
002091119075819012150102
006091119075820012090035
002091119075820019020389
004091119075820012170217
008091119075820012090418
004091119075821015030460
003091119075821013010793
009091119075821012100418
002091119075822013030589
002091119075822019100061
002091119075823012150263
001091119075823014010250
008091119075823012110486
008091119075824012110486
009091119075824013020572
006091119075824014030087
008091119075825014020615
004091119075825015030101
002091119075825019020368
002091119075826015030388
008091119075826012120143
003091119075826013010695
009091119075826012070193
006091119075827011000627
004091119075828012140456
008091119075829015020667
002091119075829014030475
009091119075829012120412
001091119075831014010157
004091119075831013030577
006091119075831011000388
003091119075831012040467
008091119075831015020652
009091119075832013020767
004091119075832012180272
002091119075832019020379
002091119075832012140439
008091119075832012120354
003091119075834013010780
004091119075835012130075
009091119075835013020610
006091119075835011000388
002091119075835014030418
008091119075835013020640
002091119075836019050152
003091119075836012020399
009091119075837012080394
004091119075838013030530
002091119075838015030426
008091119075838015020643
001091119075839012060360
002091119075839012130338
009091119075839012100436
006091119075839012110087
008091119075840014020351
001091119075840014010599
002091119075840015030187
004091119075840012130310
003091119075840013010646
009091119075841012070264
002091119075842012180263
001091119075842012050309
004091119075842012170290
003091119075843013010807
008091119075843012080427
002091119075843019050238
009091119075844013020748
006091119075844015020540
002091119075845015030469
004091119075846012180212
008091119075846015020684
003091119075846012060166
009091119075847015020478
002091119075847014030250
008091119075847015020644
008091119075848015020644
008091119075849012100252
006091119075849011000388
002091119075849019040009
004091119075849013030348
009091119075849014020581
003091119075849012030317
001091119075850012010361
002091119075850015030470
008091119075851012070439
003091119075851012060379
009091119075851015020531
002091119075852012170271
004091119075852014030331
006091119075852011000388
001091119075852013010176
009091119075853013020468
002091119075853019010072
003091119075854012020396
001091119075854015010752
008091119075855012080123
006091119075855011000594
003091119075855014010575
002091119075855012160259
009091119075855012120482
004091119075856014030160
008091119075856014020620
001091119075856013010023
001091119075857012020021
008091119075857012080447
002091119075857013030587
006091119075858015090629
003091119075858012080007
009091119075858012110353
004091119075858013030576
001091119075859015010789
009091119075859012120368
002091119075900015030474
002091119075900019040006
001091119075900015010596
008091119075901013020848
004091119075901013030571
003091119075901013010714
002091119075902019060102
001091119075902015010785
009091119075902012080350
001091119075903015010473
001091119075904016000169
004091119075904012170020
002091119075904012170273
003091119075904013010724
003091119075905013010460
009091119075905012110340
001091119075906012050347
002091119075906014030449
002091119075907019050240
003091119075907012040423
009091119075907012090411
001091119075908012010410
004091119075908012150241
002091119075908012170293
008091119075909015020451
003091119075909015010780
001091119075910012040475
004091119075910012150198
002091119075910012140445
009091119075910012090400
006091119075911012080131
003091119075911013010542
002091119075912019040012
001091119075912012020325
008091119075912013020460
004091119075913012130342
003091119075913012040443
009091119075913012120483
004091119075915015020655
001091119075915012020380
008091119075915014020617
006091119075915011000555
003091119075916013010730
002091119075916019020327
009091119075916014020606
008091119075917013020599
004091119075917012180278
003091119075918012020086
006091119075918013020241
001091119075919012040433
009091119075919014020632
009091119075919012120461
004091119075919012130290
008091119075920014020537
003091119075921012010413
001091119075921014010594
001091119075921018010055
002091119075921019020333
009091119075921014020632
006091119075921011000026
004091119075922013030636
002091119075922012170303
001091119075922012010382
009091119075922014020630
008091119075922013020869
004091119075924012130336
003091119075924012050351
009091119075924012070438
006091119075924012130223
009091119075925012070438
001091119075925012050224
008091119075926012110438
003091119075926013010682
004091119075926012160143
001091119075927015100560
009091119075927012070443
001091119075928012050357
004091119075928012170297
008091119075928012070421
003091119075929012050194
008091119075929015020664
006091119075930012040300
009091119075930014020626
004091119075930012150255
004091119075931013030458
001091119075931014010537
003091119075932012020392
008091119075932013020198
002091119075932014030456
001091119075932012010348
009091119075933013020813
003091119075933012040470
006091119075933011000654
004091119075933012160236
002091119075934014030387
008091119075934012070197
004091119075935012140154
009091119075935012080396
003091119075936012050366
008091119075936012120393
008091119075937014020571
004091119075937012170056
002091119075938015030244
009091119075938012090279
001091119075939012040472
003091119075939013010190
006091119075940011000595
008091119075940012110476
002091119075940012130288
004091119075940013030024
009091119075941012120478
008091119075941012110476
004091119075941012150270
003091119075941012060363
008091119075942014020553
002091119075943012130254
003091119075943013010653
008091119075944014020180
009091119075944012100358
002091119075944013030484
004091119075944013030523
002091119075944019020150
001091119075945012050279
004091119075946012170219
002091119075946012180305
003091119075946013010781
001091119075947015010450
008091119075947016000147
009091119075947012080380
003091119075947012050350
002091119075948015030431
004091119075949013030645
008091119075949014020512
009091119075950012100329
002091119075951015020598
004091119075951013030550
001091119075952018010071
009091119075952015020680
003091119075952014010444
008091119075952012110406
008091119075953012090406
006091119075953011000691
001091119075953012010340
002091119075953015030386
004091119075954013030240
002091119075955012170295
002091119075955019030048
009091119075955013020749
008091119075956012120448
004091119075956014030440
001091119075956014010613
003091119075956012050123
002091119075956012140442
002091119075957012160215
009091119075958012100380
001091119075958014010033
003091119075959012020391
004091119075959013030456
001091119075959012010409
002091119080000019010131
008091119080001012070417
004091119080001012140471
009091119080001012100446
001091119080002015010017
003091119080002012010387
006091119080002012110223
002091119080003014030388
001091119080003013010798
003091119080003012010277
006091119080004011000674
004091119080004012130344
008091119080004012090368
001091119080004018010061
009091119080004014020417
002091119080005012160314
002091119080006019050196
004091119080006014030470
001091119080006015010731
008091119080007012090414
009091119080007012080454
001091119080007012030397
003091119080007012010393
004091119080008013030608
009091119080008012120301
003091119080008012030303
006091119080008011000277
002091119080008015030458
001091119080009012040420
008091119080010012120488
001091119080010014010612
004091119080010012170209
006091119080010012050129
002091119080011019050193
008091119080011012120447
003091119080011013010710
008091119080012012120447
001091119080012012040338
009091119080012012090300
001091119080012016000161
003091119080012013010733
001091119080013016000161
006091119080013012020279
008091119080013012120447
004091119080013013030479
001091119080014013010743
003091119080015012050365
004091119080015014030336
001091119080015015030454
001091119080015012010415
009091119080015014020511
008091119080016012090377
006091119080016011000648
003091119080016012020358
001091119080017012010338
008091119080017012120421
006091119080018011000725
009091119080018012110400
001091119080018012030010
004091119080019012170286
003091119080019013010244
001091119080019012040446
004091119080020013030591
002091119080020012140405
009091119080020013020781
008091119080020014020551
008091119080021012090041
003091119080021014010607
006091119080021012120124
002091119080022019020275
009091119080022012090408
003091119080023013010294
004091119080023013030425
006091119080023011000309
008091119080024014020631
002091119080024012130317
006091119080025012020274
001091119080025016000163
009091119080025012100350
003091119080025012060229
004091119080025013030066
008091119080026014020631
001091119080027014010200
002091119080027012150226
009091119080027012120492
001091119080028016000163
004091119080028013030562
006091119080028011000001
003091119080028012030327
008091119080028014020631
006091119080029012050222
002091119080029012180257
008091119080029012110488
003091119080030012050363
009091119080030013020872
001091119080030013010059
004091119080030012130280
002091119080031015030461
006091119080031012010292
004091119080032012160224
008091119080032012100381
009091119080033012090333
006091119080033013020274
001091119080033015010766
003091119080033013010740
004091119080034012140465
006091119080035013010215
001091119080035018010018
008091119080035012090380
001091119080036014010587
009091119080036012120431
004091119080036013030558
008091119080037015020682
002091119080037012130284
003091119080037013010454
004091119080038012160149
006091119080038014030109
009091119080039015020386
001091119080039012020366
002091119080039019010133
002091119080039012150278
006091119080040012020010
008091119080040012070444
004091119080041012140461
008091119080042012120472
002091119080042019020323
009091119080042014020501
009091119080043013020606
004091119080043013030637
006091119080043011000439
003091119080043012050369
002091119080044012150250
001091119080045012010377
003091119080045013010739
008091119080045014020586
006091119080046012060015
001091119080046016000025
004091119080046012130285
009091119080046012080424
009091119080047014020540
001091119080047014010510
008091119080047013020860
003091119080047014010616
001091119080048016000025
006091119080049013010296
004091119080049012130295
001091119080050014010457
008091119080050013020840
003091119080050012050354
002091119080051015030478
008091119080051012090309
009091119080051012110467
002091119080051019060095
006091119080051011000700
004091119080051014030454
001091119080051015100551
008091119080052012080017
001091119080052014010524
002091119080052019060095
004091119080053013030366
003091119080053012060431
006091119080054014020550
001091119080054018010066
004091119080055013030590
008091119080055012070357
009091119080056012080373
008091119080056014020398
006091119080056013020409
004091119080057012140452
006091119080057012170053
001091119080058016000154
008091119080059014020424
001091119080059015010129
009091119080059012100445
001091119080100016000154
004091119080100012160243
002091119080100012130282
009091119080101012090345
001091119080101014010564
006091119080101013010117
008091119080102012090420
004091119080102013030607
001091119080103014010535
009091119080103012120474
004091119080104012150268
006091119080104012020013
009091119080105014020563
004091119080106012130298
006091119080106011000065
001091119080107012050321
008091119080107013020822
006091119080108015090628
009091119080108014020597
004091119080108012170253
001091119080109019050245
009091119080109012120433
002091119080110019040030
002091119080110012180287
004091119080110014030021
004091119080111012150286
006091119080111011000422
001091119080111015010774
001091119080112016000141
009091119080112012090344
004091119080113012180268
003091119080113012030261
002091119080113012180275
006091119080113015030168
001091119080114016000141
009091119080114013020701
002091119080115012160306
003091119080115012030344
004091119080115013030354
006091119080116015090631
008091119080116012100307
001091119080117012020382
009091119080117012090394
002091119080117012130270
004091119080117013030264
003091119080118012050225
006091119080119011000733
001091119080119018010068
004091119080119012140421
008091119080119014020036
009091119080120012070432
002091119080120012140425
004091119080121015030443
002091119080122012180310
006091119080123012010028
001091119080123013010688
004091119080123012140463
003091119080123013010774
008091119080123013020817
004091119080125012150128
002091119080125014030448
008091119080125013020863
006091119080126012080114
009091119080127012070403
009091119080127014020607
004091119080127012180259
003091119080127012020269
002091119080127012130302
002091119080127019060086
001091119080128012030368
008091119080128014020545
006091119080129011000656
004091119080129012150290
002091119080129019020273
008091119080130012100443
001091119080130013010716
009091119080130012070392
002091119080130012160279
003091119080130012020402
004091119080131012160296
008091119080131014020545
002091119080131012180308
001091119080131018010048
001091119080131012050360
002091119080132019030025
008091119080132014020545
009091119080132012080360
004091119080133013030379
006091119080133011000656
001091119080134014010555
008091119080134012100443
002091119080134014030289
009091119080135013020574
001091119080135012040131
004091119080135012170304
008091119080135012120350
008091119080136012120450
002091119080136014030100
006091119080136012020002
003091119080136013010515
002091119080136019020326
009091119080137012120399
004091119080138012170298
002091119080138019040015
002091119080138014030381
006091119080139012080127
003091119080139012060331
009091119080139012080428
008091119080139014020231
001091119080139014010593
003091119080140013010801
004091119080141014030393
008091119080141013020626
002091119080141012140449
009091119080142013020702
002091119080142019010118
008091119080143012100169
001091119080143014010536
003091119080143012060331
001091119080143019030043
002091119080143015030471
003091119080144012040454
006091119080144014030096
004091119080144012180279
008091119080145012110478
009091119080145013020795
002091119080146013030518
008091119080146014020426
004091119080147012130205
006091119080147011000169
003091119080148012010237
002091119080148014030444
002091119080148019060001
009091119080148012090220
004091119080149015030438
008091119080149013020863
003091119080149012020368
001091119080150012030381
002091119080150014030485
001091119080150015100559
006091119080150012130102
009091119080151012080346
004091119080152012140337
008091119080152014020092
002091119080152014030486
009091119080152012080413
006091119080152011000581
003091119080152012030372
009091119080153012080413
002091119080154019020149
003091119080154012040459
008091119080155013020862
002091119080155012160292
009091119080155012080450
004091119080155014030267
006091119080156014020055
002091119080157012130279
003091119080158015010668
002091119080158019040032
004091119080158014030342
008091119080158014020574
002091119080159012130337
009091119080159012070410
008091119080159014020411
001091119080200014010596
006091119080200012120196
008091119080200015020410
003091119080201012030300
002091119080201014030356
004091119080201012140470
009091119080202012090401
001091119080202012030305
003091119080202012040429
004091119080203012160289
008091119080203012090416
002091119080203012170299
001091119080204014010494
008091119080204014020574
003091119080205013010259
009091119080205012120485
001091119080205019010128
001091119080206015010738
004091119080206015030451
002091119080206013030465
006091119080206015020563
003091119080207013010631
002091119080207014030466
008091119080207015020639
009091119080207014020443
004091119080208012180296
004091119080209012180301
001091119080209013010762
006091119080209011000263
002091119080209014030465
003091119080209012010372
008091119080210013020282
009091119080210014020536
001091119080211012040471
001091119080211012150311
008091119080211015020674
004091119080211013030538
002091119080212019060097
006091119080212013020428
004091119080212013030469
002091119080212012180261
001091119080213012150311
002091119080213012130329
009091119080213012120425
008091119080214014020567
004091119080214013030412
001091119080214014010590
008091119080215013020643
002091119080215014030466
009091119080215012120444
002091119080216012130303
004091119080216012130334
003091119080216013010567
004091119080217012170209
001091119080217018010069
009091119080217013020835
002091119080217019050224
008091119080218012120491
002091119080218013030623
006091119080218011000732
002091119080219014030487
003091119080219012010327
004091119080219013030441
008091119080220014020006
009091119080220013020721
001091119080220014010590
006091119080220012130120
004091119080221013030619
003091119080221012020300
008091119080222012090419
009091119080224012080364
002091119080225019020307
008091119080225014020529
003091119080225012040405
002091119080225015030362
009091119080226013020852
009091119080228012120402
002091119080228012160230
008091119080228015020624
003091119080229012050341
001091119080229012050348
004091119080229014030437
002091119080231012150315
009091119080231014020489
004091119080231012160307
002091119080231019040033
008091119080231014020413
001091119080231015010407
006091119080232015020199
008091119080233014020530
009091119080233014020582
004091119080234015030441
001091119080234015030106
002091119080235019060119
006091119080235012050057
009091119080235014020628
003091119080235012040273
001091119080236014010610
009091119080237012070404
004091119080237013030440
008091119080237014020608
003091119080237014010553
004091119080239013030633
006091119080239012150195
001091119080239012020322
008091119080240015020676
009091119080240012100327
002091119080241019050148
009091119080241013020783
006091119080241012130286
004091119080241013030535
009091119080242013020783
001091119080242016000064
004091119080242012140426
003091119080242012030405
002091119080243019050222
002091119080244012150108
008091119080244013020881
006091119080244012060389
003091119080244012010173
004091119080244013030567
009091119080245012110460
008091119080245012080358
001091119080246016000008
002091119080246019010108
008091119080246013020881
001091119080247012010385
006091119080247012060241
004091119080247012180290
002091119080248012150201
009091119080248012070390
004091119080249012130278
001091119080249014010267
008091119080249012080366
002091119080250015030383
009091119080250012070366
008091119080250015020022
008091119080252013020425
009091119080253012080414
001091119080253012030363
009091119080254013020515
002091119080254015030468
003091119080255013010765
008091119080255012120481
001091119080255014010066
009091119080256012080361
002091119080256012180297
003091119080256012050334
001091119080257012060403
009091119080258012070422
008091119080258012110160
002091119080258012180273
001091119080258018010008
003091119080258012020401
009091119080259012110458
004091119080259012140408
003091119080301015010783
009091119080301013020811
002091119080301012140409
008091119080302014020546
002091119080302015030423
003091119080303013010767
004091119080303012140149
001091119080303013010213
002091119080304014030279
009091119080304015020657
003091119080305013010473
009091119080306013020865
001091119080306013010641
002091119080306019050205
002091119080306015030442
004091119080306012150287
006091119080307015020461
003091119080308012030194
002091119080308013030308
004091119080309012140469
009091119080309013020826
001091119080309012050234
002091119080310019030046
002091119080310014030399
003091119080310012010201
002091119080311013030541
004091119080311013030605
009091119080312014020504
001091119080312012060368
004091119080314012170287
002091119080314012170266
009091119080315012090396
002091119080315019030032
001091119080315014010522
004091119080316015030306
002091119080316014030467
003091119080317013010769
008091119080317014020043
004091119080318013030119
002091119080318013030630
009091119080318012110382
009091119080319012110382
006091119080319012090150
002091119080319012130327
001091119080319012030196
004091119080320012130314
002091119080320019050234
003091119080321012060221
002091119080321013030263
008091119080322013020773
009091119080322012100425
004091119080322012180159
002091119080322015030402
004091119080323012170054
006091119080323012060312
008091119080324015020659
001091119080324013010761
004091119080325014030150
009091119080325013020689
002091119080325012140468
003091119080326015010803
002091119080326012150300
008091119080326013020803
009091119080327014020565
006091119080327012170077
001091119080327016000166
004091119080328014030398
008091119080329014020593
003091119080329012040477
001091119080329015010795
002091119080329013030485
006091119080330011000635
009091119080330014020611
008091119080331012090291
002091119080332012180154
004091119080332012160311
003091119080333013010650
004091119080334012160233
008091119080334013020841
002091119080334019030049
002091119080335012180255
006091119080335011000600
004091119080337012160310
008091119080337012090421
001091119080338012060383
002091119080338012170275
004091119080338012160298
008091119080339012070433
009091119080339014020525
006091119080341011000668
009091119080341012080225
004091119080341015030408
008091119080342012120401
004091119080344015030439
008091119080344015020541
009091119080344013020838
006091119080345011000682
001091119080345012030361
001091119080346016000058
004091119080346012130271
008091119080347012120414
001091119080347014010608
002091119080347019050230
009091119080347012080429
006091119080347012160222
003091119080348012010010
004091119080348012150170
001091119080349012020016
001091119080349016000058
009091119080349012120480
008091119080350016000149
003091119080350012010398
004091119080351012180304
001091119080351012060369
001091119080352016000164
002091119080353012150069
008091119080353015020663
003091119080353012010400
002091119080353019050243
009091119080353012110416
004091119080353012140443
008091119080354012090399
009091119080354012110416
002091119080354019050243
003091119080355012060388
001091119080355015010764
002091119080355012130014
004091119080355014030479
001091119080356016000088
001091119080357014010611
009091119080357012080345
003091119080357012020404
008091119080358012110479
009091119080358012100280
002091119080358012130276
006091119080400014010295
004091119080400012160190
003091119080401012030328
002091119080401014030176
009091119080402013020747
004091119080402012160293
008091119080403014020025
002091119080403012140374
004091119080404014030299
006091119080404012110004
001091119080405016000112
003091119080405012040445
002091119080405012160302
009091119080405012090357
004091119080406015030457
008091119080407012080418
006091119080408012030282
009091119080408013020619
004091119080408012140473
008091119080411012080464
004091119080411012160272
004091119080413012160087
006091119080415011000636
004091119080416013030331
001091119080416012070090
009091119080417012110464
001091119080417012050147
002091119080417019030042
006091119080418012030293
004091119080419012150295
004091119080420013030104
009091119080420014020470
001091119080421012030385
008091119080421014020619
006091119080422011000723
003091119080423012040367
004091119080423012170291
008091119080423014020619
002091119080423012130267
004091119080426012170284
002091119080426014030001
009091119080427012090235
002091119080428014030022
003091119080429012030351
001091119080430014010578
009091119080430012070411
002091119080431013030584
004091119080433012140225
001091119080433019030050
009091119080434012090402
003091119080434012050320
003091119080435012050210
008091119080435016000124
002091119080435012160308
008091119080438012110375
002091119080438014030447
009091119080438012110480
002091119080438019070031
003091119080439015010791
009091119080439013020660
001091119080440013010006
004091119080441012140235
002091119080442014030373
009091119080443014020414
003091119080445013010284
004091119080447012130335
009091119080447012070338
009091119080448012070376
001091119080450014010581
009091119080451013020790
004091119080452012130326
003091119080453012010401
002091119080454012170250
009091119080454012120465
004091119080455013030510
003091119080456014020020
001091119080457012040346
009091119080458014020502
002091119080458019040020
003091119080458012050353
004091119080500014030452
001091119080501012020311
009091119080501012110378
008091119080501012100419
003091119080501015010690
004091119080502012160231
002091119080504012140428
003091119080504013010666
009091119080504014020513
009091119080505013020554
002091119080507012140431
004091119080507015030475
001091119080507014010332
009091119080509012100428
004091119080509013030399
008091119080510013020799
004091119080511012140429
009091119080513014020602
004091119080513012140424
004091119080516012130320
002091119080516014030481
004091119080519012170267
002091119080519012140430
009091119080520012120419
004091119080521012160315
008091119080521012110294
002091119080522014030427
008091119080524012090407
009091119080524012090417
002091119080526014030072
009091119080527012120306
006091119080528012010190
002091119080530014030217
004091119080530013030617
008091119080534012120464
003091119080535012060398
001091119080536012010014
002091119080536019110013
009091119080540014020616
001091119080540014010133
008091119080540014020568
003091119080541013010702
008091119080543014020578
004091119080547012170305
004091119080550012140127
004091119080556013030346
001091119080557012060387
001091119080559013010783
003091119080603012050359
006091119080605012160085
009091119080605012100218
008091119080606015020641
002091119080607012140447
004091119080607012180282
009091119080608012100367
008091119080610012090410
002091119080611019020212
003091119080611014010401
006091119080615012130049
006091119080618012160012
001091119080621012050217
002091119080625014030416
003091119080625012010337
002091119080626019060108
003091119080629015010805
002091119080632019050220
002091119080634012170280
006091119080636013020326
004091119080637012170222
003091119080639012020367
009091119080640012100385
003091119080642012060423
003091119080645013010674
009091119080654012070358
004091119080654012180292
009091119080655012070358
008091119080656014020603
009091119080657014020305
002091119080659012150261
009091119080700014020624
002091119080709012170307
004091119080722012170207
004091119080730012140420
006091119080735012010405
006091119080749012030316
003091119080802013010004
002091119080804019020349
003091119080811012010293
003091119080828012020376
002091119080833019020390
002091119080838019050213
009091119080846012070431
002091119080846019090016
004091119080900012170235
001091119080911012010392
002091119080927012170306
002091119081013019060033
009091119081025012090391
009091119081028012090388
009091119081031014020570
003091119081039013010689
002091119081131019110049
009091119081216012070341
002091119081216019020378
004091119081225012150307
002091119081232019020392
002091119081242019030033
003091119081345012030338
001091119081359016000052
002091119081400019020263
001091119081402016000052
009091119081409012080438
001091119081446014010508
002091119081511019010094
008091119081514012100444
001091119081536016000007
001091119081539016000001
001091119081543016000001
001091119081625013020226
004091119081705012180253
009091119081817012120470
001091119082043012060422
008091119082141012070321
001091119082149016000012
002091119082217019010008
001091119082652012060372
002091119082937019090015
