001111119000922016000003
001111119000924016000003
001111119000926016000003
001111119000927016000003
001111119000956016000003
001111119000958016000003
001111119000959016000003
001111119001001016000003
001111119001005016000003
001111119001006016000003
001111119001746016000003
004111119023247019060084
004111119023251019060084
001111119024440016000003
001111119024441016000003
001111119024443016000003
001111119033811016000058
001111119033814016000141
001111119033815016000141
001111119033816016000141
001111119033823016000058
001111119033828016000003
001111119033856016000161
001111119033857016000161
001111119033919016000154
001111119033921016000101
001111119033923016000154
001111119033924016000101
001111119034009016000008
001111119034023016000126
001111119034025016000126
001111119034026016000126
001111119034038016000163
001111119034042016000163
001111119034045016000163
001111119071617016010125
001111119071621016010045
001111119071624016010119
001111119071629016010130
002111119071631016000090
001111119071632016010081
001111119071638016010098
001111119071757016010095
001111119071924016010120
001111119071928016010128
001111119071942016010080
001111119071947016010090
001111119072005016010105
002111119072132019060101
001111119072133016010056
001111119072138016010079
001111119072153016010048
002111119072157019010132
001111119072158016010032
001111119072256016010124
002111119072320019010124
002111119072333014030055
002111119072341014030374
001111119072404016010084
008111119072417016010129
008111119072418016010129
008111119072423016010129
008111119072426016010129
008111119072427016010129
001111119072519016010121
001111119072540016010050
002111119072647019010108
001111119072705016010110
002111119072805019020401
001111119072817016010073
001111119072827016010122
001111119072832016010100
001111119072839016010106
001111119072846016010077
001111119072918016010024
006111119072934013020543
006111119072942011000675
006111119072946011000359
006111119072949019100067
006111119072952019100067
001111119072958016010082
001111119073004016010071
002111119073027014030421
006111119073027013020067
006111119073041011000051
002111119073116019050227
002111119073134019020083
003111119073137012030402
003111119073140012040466
003111119073142014010606
002111119073203019020400
002111119073240015030444
002111119073243015030444
003111119073305012060433
009111119073317013020849
002111119073326019060114
002111119073334019100032
006111119073334012010019
002111119073344019100032
002111119073410019110027
001111119073437015010001
002111119073439012180305
002111119073443019060003
001111119073451016000152
003111119073459013010768
009111119073518013020255
002111119073521019050216
002111119073532012160275
002111119073552019100046
003111119073612013010771
003111119073615012030335
003111119073618012030349
001111119073641016000126
002111119073700019020180
002111119073716012170178
003111119073719012040293
002111119073724012180252
006111119073729011000491
009111119073745014020451
002111119073745013030624
002111119073754019050094
001111119073807012060372
002111119073822019050188
001111119073828013010479
009111119073829015020671
002111119073833012180299
002111119073843019020389
009111119073845014020501
002111119073851015030473
001111119073851014010584
003111119073858012060396
002111119073858019030042
002111119073859019030042
001111119073925012060429
006111119073935011000165
008111119073938014020588
002111119073941019060113
003111119073945012060007
002111119073948019050237
002111119074003019020399
002111119074005019020399
002111119074010012160136
006111119074015015090568
004111119074016013030625
004111119074018013030617
002111119074019019050195
004111119074019013030608
006111119074020012070006
008111119074020012070187
003111119074024012040442
002111119074033015030476
002111119074040019060107
008111119074046015020647
009111119074049012080456
002111119074049019020363
009111119074051012080456
003111119074051012030317
002111119074053019020340
009111119074100013020851
001111119074101013010700
002111119074106019030001
009111119074108015020658
003111119074109012060426
008111119074112012080267
003111119074114012010309
009111119074114013020745
003111119074116013010726
001111119074117012060397
009111119074119015020668
006111119074121011000692
001111119074122015010632
002111119074123012150203
009111119074129013020844
004111119074131012150203
008111119074136015020640
006111119074141013020068
009111119074147014020630
003111119074151015010668
009111119074157012080463
006111119074200011000677
002111119074201013030618
003111119074201012030276
008111119074202012070437
009111119074205013020387
002111119074209019050170
009111119074210012090404
002111119074211019020313
004111119074211013030507
009111119074212012120496
001111119074214013010006
002111119074215019020378
004111119074220012160075
001111119074220016000073
001111119074238015010797
008111119074239013020599
002111119074242014030424
008111119074244012100311
003111119074255012020121
001111119074258012040438
003111119074306013010365
004111119074311015030368
003111119074314013010800
001111119074316014010250
003111119074317013010677
006111119074319013010270
003111119074321014010598
002111119074325013030592
004111119074334012180284
002111119074336019030045
003111119074338015010687
001111119074343014010565
006111119074347013010009
004111119074347012180046
002111119074350012180253
001111119074351014010570
004111119074351012160282
004111119074358012150171
004111119074406012140462
008111119074406013020703
003111119074406013010007
006111119074407012160114
004111119074409012170279
006111119074411011000722
006111119074414011000445
008111119074419012100447
002111119074422019100039
008111119074424013020532
002111119074427019020393
009111119074427013020821
002111119074427012140379
002111119074429012140457
004111119074429012140388
008111119074431012090379
009111119074431012100429
004111119074432012140167
008111119074435015020683
003111119074435012010247
004111119074436019050128
009111119074439014020511
001111119074439015010737
004111119074439012140467
009111119074442013020780
002111119074443019010116
002111119074444019010116
009111119074445012070387
002111119074445013030466
003111119074445012040192
004111119074447012130280
009111119074448012090248
001111119074449012010419
006111119074450015090621
002111119074450019040024
004111119074450015030463
001111119074451012030242
009111119074451013020861
002111119074453014030239
008111119074453012070010
002111119074454019020383
009111119074454015020679
006111119074454011000086
006111119074458015090630
009111119074500012110437
004111119074502012160280
002111119074503019020398
001111119074504014010440
001111119074506014010600
004111119074507012150196
001111119074509013010755
002111119074509019070014
006111119074510013010014
006111119074514013010001
004111119074516012150318
008111119074516016010123
001111119074516012020324
003111119074517012040447
001111119074518012030404
001111119074520012030333
004111119074521012150135
003111119074522013010672
001111119074523012030356
001111119074526012030350
006111119074529015090579
008111119074530012080467
006111119074533011000078
002111119074536015030428
009111119074538012080304
006111119074539013010151
008111119074540012110454
009111119074541012070414
003111119074541013010505
009111119074542012070414
009111119074545013020766
003111119074546012050365
002111119074548019050217
002111119074548012180273
002111119074551013030509
001111119074551018010067
003111119074552012060434
004111119074553013030509
001111119074553013010751
003111119074559012040476
006111119074559014010053
004111119074601013030508
009111119074601012090267
002111119074601014030400
006111119074603013010321
002111119074604019020377
009111119074609014020443
006111119074610014010241
009111119074616012080220
008111119074617012110483
003111119074619014010003
001111119074619012060430
009111119074622013020755
004111119074625012140466
006111119074625011000727
002111119074628019030048
004111119074629012150190
006111119074629011000573
004111119074639013030565
008111119074640012110377
009111119074644014020625
008111119074650019020387
002111119074652012130339
009111119074656013020574
004111119074658012130312
002111119074658012130305
002111119074700019020095
009111119074700014020598
004111119074701013030551
004111119074704012180276
009111119074705012090405
002111119074705012130340
006111119074705019100066
008111119074706012070427
004111119074706013030498
009111119074708015020635
004111119074709012170292
008111119074709012110482
003111119074711012010364
008111119074712012080343
002111119074712019050112
002111119074714019030047
008111119074715012070444
003111119074716012060427
003111119074717013010426
003111119074721012060374
006111119074722011000343
001111119074723012010011
004111119074723012160271
009111119074724013020536
002111119074728019100008
006111119074728015090627
004111119074728014030342
003111119074728012040414
001111119074730013010802
008111119074732012120489
001111119074735013010347
003111119074737012050254
009111119074737012080424
006111119074738011000498
001111119074739014010558
008111119074741012100379
003111119074742013010746
002111119074742019050084
006111119074743011000730
006111119074748011000699
001111119074749014010563
006111119074753015090608
009111119074754015020545
002111119074755019020374
001111119074755014010571
006111119074756015090608
009111119074757012080466
006111119074759011000710
009111119074801012090350
001111119074803012050213
009111119074804013020874
009111119074807012090411
009111119074808012090411
004111119074810014030426
009111119074811012070384
003111119074811012050307
002111119074814019020127
004111119074816012150098
003111119074816013010199
002111119074817019020103
009111119074817012070441
002111119074817015030343
003111119074818013010759
002111119074821019020390
008111119074821015020604
001111119074822014010011
004111119074822013030443
006111119074823011000651
003111119074823013010577
004111119074824013030382
009111119074827012120473
002111119074828019020394
004111119074830015030443
009111119074830012120473
008111119074830013020818
006111119074831011000729
009111119074834012070429
008111119074836013020692
002111119074836012140445
001111119074837013010446
008111119074839013020862
003111119074841013010651
002111119074841013030627
004111119074843013030379
001111119074844012020333
004111119074845013030516
001111119074846012020285
001111119074847015100546
009111119074848012090330
003111119074848012040429
002111119074848019050026
001111119074850014010103
002111119074854019050244
004111119074855012170258
001111119074856018010047
006111119074856012020137
003111119074856012060384
002111119074857019060076
009111119074857013020438
001111119074858018010047
003111119074858013010601
002111119074858014030482
004111119074900012150274
009111119074901012080350
002111119074901019020286
006111119074902011000564
003111119074902012030036
006111119074905011000715
002111119074906012130250
002111119074909019050242
006111119074910011000694
009111119074912012080452
002111119074913019100070
001111119074913012040444
003111119074914012030387
009111119074915012100006
002111119074916012130343
002111119074916019050214
006111119074917019100008
009111119074918013020878
002111119074918019020275
001111119074919015010787
008111119074919014020007
002111119074920012140474
004111119074920012140472
002111119074923012150249
008111119074923015020638
009111119074925012100312
003111119074925014010208
009111119074928014020404
002111119074928012130297
003111119074929015010801
004111119074931012150312
004111119074932013030628
008111119074932012070439
009111119074933012110427
009111119074934012110427
004111119074935012130341
002111119074935013030642
008111119074936013020882
009111119074938014020563
001111119074938016000168
004111119074938012150091
001111119074940016000168
008111119074941012080458
006111119074941013020240
001111119074943012050331
001111119074943018010059
004111119074943013030646
009111119074944012080375
008111119074944012070286
001111119074945018010059
002111119074946019050228
002111119074946016000123
009111119074947013020738
004111119074947013030606
001111119074947014010201
006111119074950012020010
004111119074950012170144
001111119074951012020366
004111119074953012160285
002111119074954012160088
004111119074955012170146
001111119074956013010712
002111119074957014030159
004111119074957013030325
008111119074958015020676
008111119074959015020676
002111119074959019030033
004111119075001013030545
003111119075001013010770
009111119075001012090383
001111119075002012010408
004111119075003012150304
006111119075004012020037
004111119075005012180251
008111119075006012070148
004111119075007012130322
001111119075007014010614
002111119075007012180157
001111119075008015100546
003111119075009012050364
002111119075010013030648
004111119075010012140422
001111119075011015010693
001111119075011019010125
004111119075012012140435
008111119075014013020763
006111119075016011000568
002111119075018019020061
003111119075018012020396
008111119075019012080461
004111119075020012180171
009111119075020013020683
002111119075020016000144
002111119075021019100002
008111119075022012120487
003111119075023012020344
009111119075025012110410
008111119075025013020797
009111119075028012090393
006111119075028012010292
002111119075029014030489
004111119075029015030356
003111119075031012060359
009111119075031012080419
006111119075031015090611
001111119075032012050344
002111119075032015030434
006111119075034012160021
008111119075034014020394
009111119075034012090256
002111119075035012130333
001111119075035015010781
003111119075036013010575
003111119075038012010355
009111119075038012110487
001111119075040013010176
002111119075040019010074
006111119075042011000666
008111119075043012070442
003111119075045013010693
008111119075046012100434
002111119075046019020221
009111119075048012080189
003111119075048013010777
008111119075049015020652
006111119075049013030188
002111119075050019020230
009111119075050012080189
003111119075052012010375
004111119075052012140456
001111119075053016000169
009111119075053015020029
008111119075054012120491
002111119075056012160291
006111119075056012020340
003111119075056015010716
002111119075057019100028
001111119075057015010758
008111119075057012090351
009111119075057014020562
006111119075059015090603
003111119075059015010751
008111119075100015020535
008111119075102012120415
008111119075103012120454
006111119075103011000683
008111119075105012120454
003111119075105012010162
002111119075105019050225
009111119075106012110367
003111119075107012050313
001111119075108012060095
008111119075108014020538
009111119075109013020769
003111119075110013010624
008111119075111012080462
009111119075112013020749
006111119075112011000687
003111119075113012040469
008111119075114012090017
009111119075115013020562
008111119075115012070331
003111119075116013010794
006111119075117011000717
002111119075117013030638
002111119075117019020186
009111119075117012070193
008111119075118012120494
004111119075119015030437
008111119075120013020859
006111119075120011000663
009111119075120013020542
008111119075122013020855
002111119075122012170277
009111119075123012100411
008111119075125012110373
009111119075125012080425
003111119075125013010580
001111119075127013010762
006111119075127011000258
008111119075127012110143
004111119075127013030535
006111119075129012040209
008111119075130012110488
001111119075130012040354
002111119075132019050164
001111119075132012040450
002111119075132012180288
006111119075133015090580
004111119075134012150118
009111119075134013020850
002111119075135014030226
003111119075136012060414
009111119075136012080135
001111119075137014010502
002111119075137019040033
006111119075137011000262
006111119075139016010086
009111119075139012110484
008111119075139013020832
003111119075140013010772
004111119075141012140464
009111119075142013020858
006111119075143014030174
003111119075143013010541
008111119075144014020528
004111119075144015030445
006111119075145011000713
009111119075145013020685
008111119075146012120143
003111119075148012040373
009111119075148012080457
004111119075148012170253
008111119075150012070407
006111119075150014030087
004111119075151013030356
008111119075153012100432
006111119075154011000681
008111119075155012100432
001111119075155013010549
003111119075155012060166
001111119075157012040425
004111119075158012180206
003111119075158013010806
006111119075158011000713
008111119075158012120392
009111119075159012100432
001111119075159012040461
003111119075200012050308
008111119075201012120479
001111119075201012040462
004111119075201012170257
006111119075201011000704
001111119075203012030365
006111119075203011000283
003111119075204013010799
008111119075204012120479
002111119075204019040028
009111119075205012100284
008111119075207013020869
006111119075207012040300
003111119075207013010542
003111119075210014010492
004111119075210015030465
006111119075210011000640
008111119075210013020864
002111119075211019110002
003111119075211012030398
008111119075213012120477
009111119075213012110297
006111119075214011000706
008111119075215012120490
001111119075215015020500
004111119075215012130214
003111119075216012040337
009111119075217013020674
006111119075217011000473
008111119075218012090348
004111119075218013030482
003111119075219012030403
009111119075220013020681
008111119075221015020654
004111119075221014030368
009111119075222012120478
006111119075223012180106
008111119075223012120476
001111119075223014010573
004111119075223013030448
001111119075225012040405
009111119075225015020469
004111119075225013030504
006111119075226011000525
008111119075226012080383
003111119075227012030230
001111119075227012010341
009111119075227015020469
009111119075228012090302
001111119075229014010569
008111119075229012110406
009111119075230015020677
003111119075230013010560
008111119075230012110406
001111119075231012030381
009111119075233015020502
004111119075233012150073
008111119075233013020868
002111119075234015030436
001111119075234016010127
003111119075234012020288
009111119075235013020879
009111119075236013020879
008111119075236013020017
003111119075237012040376
004111119075237013030412
002111119075238012150314
001111119075238014010592
001111119075238016000164
003111119075239015010798
008111119075239012080448
002111119075239019050212
002111119075240015030388
001111119075240014010460
001111119075241016000164
009111119075241012100364
002111119075241012140442
008111119075242012090420
003111119075242013010606
002111119075243012130263
009111119075244012070435
006111119075245011000640
003111119075245013010522
008111119075246013020867
009111119075247012110151
003111119075247013010781
008111119075248013020831
006111119075250011000594
009111119075250013020824
003111119075250012020403
009111119075251013020824
008111119075251014020524
002111119075252013030649
003111119075253012040477
009111119075253015020591
001111119075254015010804
008111119075254014020088
002111119075255012130165
006111119075256015090617
009111119075256014020523
008111119075256012100441
002111119075257019010118
003111119075257012050368
002111119075258019010118
004111119075258015030246
002111119075259012150309
003111119075259012020228
009111119075259012110474
008111119075259013020504
006111119075259011000231
002111119075300019110006
004111119075301012170195
009111119075302012110414
006111119075303012130091
004111119075303013030120
003111119075303012020332
009111119075305014020589
008111119075306012100257
002111119075306019040015
004111119075307014030390
009111119075308012080123
006111119075309014030056
001111119075309012060407
004111119075309012130242
002111119075310019060001
008111119075310012110489
009111119075311012100334
002111119075311012150278
001111119075312012060383
006111119075313011000203
009111119075314012080428
003111119075315013010294
006111119075315011000723
002111119075316013030563
002111119075317019040035
009111119075317012100394
001111119075318012040403
003111119075318012040465
004111119075318013030386
004111119075319015030371
006111119075319011000574
002111119075320019020353
009111119075320013020823
009111119075321013020515
003111119075321013010413
008111119075322012080408
003111119075323013010776
006111119075323011000632
006111119075326011000598
003111119075327012040473
001111119075327012060005
008111119075329012100288
006111119075330011000595
004111119075330012160149
003111119075330012030390
009111119075332015020386
004111119075332014030077
003111119075333012050315
002111119075333012140453
003111119075334012030366
008111119075334012100224
004111119075335012130059
002111119075335019110029
006111119075335011000678
009111119075335012100418
001111119075336016000154
004111119075337013030398
001111119075337015010753
008111119075337013020808
009111119075338014020626
003111119075338015010803
001111119075338012020306
001111119075339016000154
002111119075339019100068
003111119075340012020348
006111119075341011000714
001111119075341012020383
003111119075342012060420
008111119075342012100400
004111119075343012130336
006111119075344011000718
001111119075344012010170
003111119075345013010662
008111119075345015020620
004111119075346012150255
006111119075346011000707
009111119075347012100367
008111119075347012090375
003111119075348012020008
006111119075349011000726
004111119075350012130091
003111119075351012010398
001111119075351014010548
008111119075351012110438
004111119075352012130319
001111119075352014010157
006111119075352011000276
001111119075352016000025
001111119075353016000025
002111119075353019110043
001111119075354012060405
004111119075354014030459
008111119075354013020188
003111119075354013010791
009111119075355013020789
008111119075357015020660
003111119075357012040452
001111119075357013010734
002111119075358013030349
004111119075358014030459
003111119075359012040273
009111119075359012100431
001111119075401012010415
003111119075401012060421
002111119075402013030639
009111119075403012100134
006111119075403013010358
003111119075404013010758
001111119075405012040433
004111119075405014030160
001111119075405015100557
003111119075406013010714
009111119075406012100318
002111119075406014030418
001111119075407015010793
009111119075408012080364
003111119075408013010727
001111119075408015010683
003111119075409012050238
001111119075410012010409
009111119075410013020836
004111119075411013030506
003111119075411012020400
001111119075412013010688
003111119075413012050266
009111119075413012120412
004111119075414012150271
001111119075414013010805
001111119075414016000166
006111119075415015090628
003111119075415012040453
001111119075416012020345
002111119075416019020327
009111119075416012080459
004111119075418012170218
001111119075418013010035
002111119075419012140389
003111119075419012030304
001111119075420012030352
009111119075420012070445
004111119075420013030084
002111119075421019020397
003111119075421012030344
002111119075422014030366
001111119075422012060416
004111119075422013030641
001111119075423014010451
003111119075423013010473
009111119075423014020525
002111119075424015030431
001111119075424014010526
004111119075425012140086
006111119075425011000670
008111119075425012100347
002111119075426019110005
003111119075426012050310
009111119075427012120377
001111119075427012040410
008111119075428015020667
006111119075428012060241
001111119075428012020352
003111119075429015010615
002111119075429015030426
008111119075429013020837
009111119075429012100323
003111119075430012030353
001111119075430012050343
006111119075430013020397
004111119075431013030246
009111119075432012120242
008111119075432012100416
003111119075432013010787
002111119075433019110033
006111119075433011000120
008111119075434012070415
004111119075435013030546
009111119075435014020486
002111119075435012180249
006111119075436014030109
003111119075436013010732
002111119075436019100013
008111119075436012070447
004111119075437012150294
003111119075438013010763
009111119075438013020701
006111119075439012110087
004111119075439012160287
001111119075440013030157
009111119075441012070382
001111119075441012010338
003111119075441012050009
003111119075442012060379
008111119075442014020586
006111119075443012020002
004111119075443013030496
002111119075444019020150
009111119075444012090272
003111119075444012060364
006111119075445011000586
002111119075445012180287
008111119075445015020644
003111119075445012020400
004111119075445012140088
008111119075446015020644
003111119075447012010389
001111119075447013030157
001111119075447012050309
009111119075447012070403
002111119075447012160215
004111119075448014030334
006111119075448011000041
003111119075449012050345
002111119075449015030187
009111119075449012080225
008111119075449013020880
001111119075449012040355
004111119075450012150293
001111119075451015030112
003111119075451012050311
001111119075451012040458
006111119075452015090629
008111119075453012100424
001111119075453014010424
003111119075454012050123
006111119075454012130116
004111119075454012160143
002111119075455012140419
008111119075455012070341
009111119075455012120256
001111119075455014010477
004111119075456014030267
003111119075457013010737
001111119075457015010786
008111119075458012090380
006111119075458011000686
009111119075458013020793
001111119075459014010432
004111119075459012150198
003111119075459012050303
006111119075501015090618
009111119075501015020680
008111119075501014020567
003111119075501012030261
001111119075502013010747
004111119075503012170194
002111119075503014030404
001111119075503013010011
009111119075504012110400
001111119075504013020180
001111119075505015010669
003111119075506013010625
004111119075506012150100
006111119075506011000490
009111119075507012110354
002111119075507015030351
001111119075507012020111
009111119075510012080468
002111119075510012150299
002111119075510019050241
006111119075511013030003
003111119075512012040382
006111119075513013030176
009111119075513012110446
002111119075513012160259
003111119075514013010520
009111119075516013020651
009111119075517012080242
001111119075517012050217
002111119075517019110037
004111119075517014030438
003111119075517015010704
006111119075519011000720
001111119075520015010788
009111119075520012090235
003111119075520012020399
004111119075521012180271
006111119075521011000601
002111119075521019070038
003111119075521012030401
009111119075522013020706
008111119075522015010696
001111119075523012050367
003111119075524012040353
006111119075524011000408
008111119075525014020493
009111119075525012070440
003111119075526014010603
006111119075527011000700
002111119075527019100018
004111119075527012130075
009111119075528012070438
001111119075528012010340
006111119075528011000408
002111119075529019050213
001111119075530015100551
003111119075530013010785
004111119075530012150303
009111119075531013020761
003111119075532012030266
009111119075534012100218
003111119075534012060381
001111119075534014010033
004111119075535013030240
009111119075535012070422
001111119075537014010510
002111119075537019050029
003111119075537012030342
006111119075537011000277
009111119075538012080284
008111119075538012120354
003111119075539012060410
002111119075539019060103
006111119075540011000639
001111119075541014010581
009111119075541012080454
002111119075542019020368
003111119075542013010788
004111119075543012150268
006111119075544012120124
009111119075544012110421
003111119075545013010598
002111119075546019100072
004111119075546012170265
009111119075546012120482
003111119075546012050028
002111119075547012170295
001111119075548015030454
009111119075549012110404
003111119075549013010795
004111119075549012150310
002111119075550012160300
003111119075551014010452
004111119075551012180272
001111119075551012060349
009111119075552014020594
008111119075552015020057
003111119075552012060428
009111119075554014020622
003111119075554012020402
004111119075555013030645
001111119075556015010785
003111119075556012030386
009111119075557014020504
008111119075558012080430
004111119075558012160163
009111119075559012070443
006111119075559012020274
001111119075559012040417
001111119075600015010129
003111119075600015010792
004111119075601014030325
006111119075601011000440
001111119075602012050357
008111119075602012120393
003111119075602013010724
009111119075602012080396
001111119075602013030071
002111119075603014030250
003111119075604012040423
008111119075604012080431
006111119075604011000643
004111119075604012160310
001111119075604012050358
009111119075605013020572
002111119075606012160313
003111119075606013010646
001111119075607014010537
006111119075607015090632
009111119075608012120461
001111119075609012060369
009111119075609012120461
008111119075609013020820
003111119075609012050369
001111119075610018010054
003111119075610012020286
009111119075612012110351
006111119075612011000388
002111119075613019020323
003111119075614012010393
004111119075615013030456
001111119075615012010277
009111119075615014020618
006111119075615011000388
002111119075616015030455
001111119075617014010264
004111119075617012160224
009111119075618014020606
002111119075618019040032
006111119075619012140043
001111119075619018010069
004111119075619013030550
001111119075620012020380
009111119075620013020468
002111119075621019100065
001111119075621012060253
009111119075622012100436
003111119075622013010654
006111119075622011000728
001111119075623013010804
008111119075623012110409
004111119075623014030471
002111119075623014030484
009111119075624013020753
003111119075624012030405
001111119075625018010071
004111119075625013030460
006111119075625011000388
001111119075626013010021
009111119075627014020581
004111119075627012140446
002111119075627012170303
006111119075628011000719
003111119075628012050195
006111119075629011000731
002111119075629015030466
009111119075630012120493
003111119075630012010173
001111119075630012050285
004111119075632012170073
002111119075632012160253
006111119075632012110164
001111119075633012040426
009111119075633014020597
002111119075634015030410
002111119075634019100063
001111119075635012010014
003111119075635015010717
006111119075635012080131
004111119075635012150307
002111119075636019020211
009111119075636013020873
004111119075638013030458
008111119075638012120447
001111119075638015010450
003111119075638013010780
002111119075639013030647
006111119075639011000656
001111119075639012010403
003111119075640012060221
002111119075641012170271
008111119075641012090372
002111119075641019020065
009111119075642013020877
006111119075642015090616
004111119075642012180278
002111119075643012170305
009111119075644012100405
003111119075645012020086
002111119075645015030279
004111119075645013030629
008111119075646014020231
002111119075646019040016
001111119075647018010072
003111119075648014010436
006111119075648011000662
009111119075648012100358
002111119075649019040023
003111119075650014010607
006111119075651011000388
008111119075651012080464
004111119075652012180185
009111119075652013020843
002111119075652019020318
003111119075653013010682
008111119075653012120472
006111119075654011000690
009111119075655012070428
004111119075655012140469
002111119075655019050126
003111119075656012010329
009111119075657012100280
008111119075658014020542
006111119075658011000566
003111119075658012060378
009111119075700015020568
001111119075700015010738
002111119075700019050196
002111119075700012150283
006111119075701012080114
008111119075701013020833
003111119075701012040437
004111119075702015020655
002111119075703012140148
009111119075703015020478
003111119075703012060363
002111119075703019020372
006111119075704011000309
009111119075704012120368
008111119075705012120464
004111119075705013030619
003111119075706012020393
002111119075706012140458
001111119075706014010332
009111119075707014020417
006111119075707011000388
001111119075708019020282
008111119075708012100444
003111119075708012050366
004111119075708014030423
002111119075708019020349
001111119075709012040443
006111119075709013030075
003111119075710012030399
004111119075711014030425
008111119075711012110178
003111119075712014010605
002111119075712015030244
006111119075712011000385
009111119075713012100201
008111119075713015020665
004111119075714015030389
002111119075715019070031
002111119075715012130338
004111119075715012180262
008111119075716015020618
003111119075717013010769
009111119075717012090333
006111119075717012020162
002111119075717015030262
004111119075718013030636
001111119075718018010070
004111119075719013030603
001111119075720014010411
008111119075720015020618
009111119075720015020580
004111119075721012160231
001111119075721012040468
009111119075722012090345
001111119075723016000157
008111119075723015020669
003111119075723013010730
001111119075723015010800
004111119075724013030637
002111119075724012150263
008111119075725012120421
002111119075726019110048
001111119075726014010599
009111119075726012120402
004111119075726014030305
003111119075727015010721
001111119075728016000139
004111119075728012180307
008111119075728012110424
003111119075728013010803
009111119075729012120448
004111119075730013030571
001111119075730014010522
002111119075730012150250
004111119075731012130210
002111119075731019100052
008111119075731013020840
001111119075732015010763
009111119075733012100223
004111119075733012160134
008111119075734012080078
003111119075734015010690
001111119075734015010802
004111119075735012180258
006111119075736011000712
003111119075736012040470
009111119075736014020180
004111119075737015030395
009111119075738013020781
003111119075739013010710
001111119075739012060353
002111119075739019020273
004111119075740015030467
002111119075741015030423
003111119075741013010529
004111119075741012130205
006111119075741011000398
008111119075741012090041
008111119075742014020545
001111119075743014010578
004111119075743012170127
009111119075743012090279
003111119075744012010327
001111119075744014010457
008111119075745012110294
004111119075745012140424
009111119075746012100380
001111119075746015010796
003111119075746014010316
006111119075746011000410
008111119075747012110476
004111119075748012150260
009111119075748012100403
001111119075750013010783
003111119075750012020269
004111119075750012150319
006111119075750011000724
008111119075750014020092
009111119075750013020876
002111119075750014030031
006111119075751015020540
004111119075752013030372
009111119075752013020758
002111119075752019050091
008111119075753012110481
009111119075753013020758
002111119075753019050091
003111119075753013010735
001111119075755012010348
003111119075755012050351
008111119075755012110477
004111119075755012180311
009111119075756014020627
006111119075756013020241
004111119075756012130282
003111119075757012010422
008111119075757014020608
001111119075759015010473
009111119075759012080380
004111119075759013030339
003111119075800013010259
004111119075800013030562
008111119075800013020586
001111119075801018010066
001111119075801015010682
009111119075802012070410
004111119075802012170019
002111119075802012180263
003111119075803012010387
008111119075803015020681
001111119075803012020385
004111119075804014030021
009111119075805012100430
001111119075805012060360
003111119075805012010414
002111119075806012160307
009111119075806012100420
004111119075807013030590
001111119075808014010575
008111119075808015020678
009111119075808013020848
003111119075808015010794
004111119075809013030441
002111119075809019010127
002111119075809012140475
003111119075810015010610
001111119075810012150311
008111119075811012120484
009111119075811012080163
001111119075811012050234
001111119075811012150311
004111119075811012180260
006111119075812011000654
003111119075813012040467
001111119075813014010377
008111119075814012080017
004111119075814013030425
009111119075814012090400
002111119075815019020007
006111119075815011000422
002111119075815014030448
003111119075815013010695
001111119075816012040446
004111119075816012170268
008111119075817015020623
009111119075817012090335
003111119075817013010550
001111119075818014010580
002111119075819019020382
004111119075819012180279
003111119075820013010650
008111119075820014020435
001111119075820014010401
009111119075820012110340
004111119075822012130295
009111119075822014020611
003111119075822012030095
002111119075823019030022
003111119075824012030303
009111119075825012070360
004111119075825012060309
004111119075826012170056
008111119075826013020810
003111119075826013010793
006111119075826011000534
002111119075827013030484
006111119075827011000725
003111119075828012030327
009111119075828012100350
001111119075828012030397
004111119075829013030523
008111119075829013020841
002111119075830013030587
003111119075831015010761
009111119075831012100307
006111119075831013020274
004111119075831012180158
003111119075832012030355
001111119075832015100543
001111119075832013010641
008111119075833015020675
004111119075834012150241
003111119075834012020300
006111119075834011000627
009111119075834012110455
002111119075834012140235
001111119075835012050224
003111119075835012060400
004111119075835012170290
006111119075835013020412
002111119075836019110046
003111119075837012060432
009111119075837013020644
002111119075838012150226
003111119075839014010338
001111119075839015010784
004111119075839012180277
008111119075839014020570
009111119075840014020607
001111119075841014010068
004111119075841012150270
002111119075841012170264
003111119075842012020389
008111119075842012120395
006111119075842014020288
001111119075843014010357
002111119075843012170266
008111119075843012080297
009111119075843015020646
001111119075844013010454
004111119075844012170217
003111119075844015010678
008111119075845015020684
006111119075845012060015
002111119075845014030381
009111119075846012100329
004111119075846012160315
003111119075846012030256
009111119075847012100327
002111119075847015030469
003111119075848013010460
008111119075848013020778
004111119075848014030454
002111119075849019060120
002111119075849015020598
001111119075849013010331
006111119075849011000026
009111119075850013020726
003111119075850012020392
004111119075850012130310
006111119075851012170077
002111119075851013030631
003111119075852012050210
004111119075852013030577
009111119075853013020702
002111119075853012160308
004111119075854012160301
003111119075854015010780
009111119075854013020411
008111119075855012080447
004111119075856013030609
006111119075856011000691
002111119075856012150102
001111119075856014010493
009111119075857013020721
003111119075857012010400
002111119075857019050148
001111119075858014010066
004111119075858013030066
008111119075858014020494
006111119075858011000664
002111119075859015030470
003111119075859015010550
008111119075901013020857
009111119075901013020610
004111119075901012160087
002111119075902012130279
002111119075902019110040
001111119075902015010017
003111119075903012060331
009111119075904012090396
004111119075904012160293
008111119075904014020529
001111119075904012020382
006111119075904012130223
003111119075905012040222
008111119075906014020529
001111119075906012020322
002111119075906019010109
003111119075907012020391
004111119075907014030430
006111119075907011000001
008111119075907014020416
009111119075907012070344
004111119075908012170267
001111119075909012040464
003111119075910012010413
001111119075910012040472
009111119075910012090220
006111119075911012120199
004111119075911013030622
008111119075911014020532
003111119075911012050194
002111119075911019010072
009111119075912012080413
008111119075912014020574
004111119075913012140471
008111119075914014020571
002111119075914012150305
003111119075914012040406
004111119075915013030469
009111119075915013020812
006111119075915019100071
002111119075916019010134
003111119075917012030338
009111119075917014020624
002111119075917012140405
008111119075917014020592
006111119075918011000648
004111119075918012180212
003111119075918012060356
001111119075919018010018
002111119075919014030485
009111119075920012100047
008111119075920012120414
003111119075921012030400
004111119075921012130344
006111119075921012010201
002111119075921014030486
009111119075922013020835
003111119075923012050204
002111119075923014030466
006111119075924011000517
004111119075924012170219
001111119075924013010604
003111119075925012020381
009111119075925012070390
001111119075926015010596
004111119075926012160236
004111119075927013030354
002111119075927015030461
006111119075927013020581
009111119075928012070264
003111119075928012080007
004111119075929012130271
001111119075930016000064
002111119075930015030337
009111119075931012070426
003111119075931015010769
004111119075931012130290
001111119075932014010538
008111119075932015020410
009111119075932012070426
006111119075933013020428
009111119075933012080450
004111119075933013030591
003111119075934015010791
001111119075934012030300
001111119075935012020325
002111119075935012130327
008111119075935014020411
004111119075935013030573
003111119075935012030389
001111119075936012050347
006111119075936015020199
009111119075936012100446
003111119075937012050341
004111119075938013030479
002111119075938014030100
002111119075938014030365
001111119075938012030385
008111119075938012070244
009111119075939012070432
006111119075939011000682
003111119075939012020398
002111119075940015030478
001111119075940012010005
004111119075940012170193
002111119075941014030331
008111119075941012080358
001111119075941014010309
006111119075941012010254
008111119075942015020666
009111119075942012100442
002111119075942019020212
003111119075942013010244
001111119075943014010594
004111119075943012160190
003111119075943012050350
002111119075943012180257
006111119075944011000169
001111119075944014010593
002111119075944019100061
009111119075945012070368
002111119075945012130254
003111119075946013010674
001111119075946016000112
006111119075946011000635
004111119075946013030366
002111119075947012150315
002111119075947019040009
004111119075947012140429
009111119075947013020795
008111119075948014020546
001111119075948015010790
002111119075949012130331
002111119075950019050240
009111119075950013020689
006111119075950012050129
002111119075951014030458
003111119075951013010765
009111119075952013020825
004111119075952012180268
006111119075952012010190
003111119075952012030194
002111119075952019050240
008111119075952012100419
008111119075953012070308
009111119075954012110466
002111119075954019050171
002111119075954014030289
004111119075954012180304
003111119075955013010733
006111119075955011000600
004111119075956014030440
002111119075956014030387
008111119075956014020623
001111119075956012060431
002111119075957012160292
002111119075957019050184
003111119075957012010420
006111119075958011000065
009111119075958012100423
001111119075958013010743
008111119075959014020537
002111119075959012170298
009111119075959013020865
002111119080000019060102
004111119080000012140444
001111119080000014010535
001111119080001013010797
006111119080001011000636
008111119080002014020554
004111119080002012130298
004111119080003012140434
009111119080003013020870
002111119080003015030471
003111119080003012040397
003111119080004012050225
008111119080004012070197
002111119080005014030279
006111119080005012090150
002111119080006015030458
004111119080006012130342
009111119080006012120419
003111119080006012060365
001111119080006013010059
008111119080006013020881
008111119080007013020881
004111119080007012140363
006111119080007012130286
001111119080007012040131
003111119080009013010740
008111119080009012090291
002111119080009012180255
009111119080010012110378
001111119080010012010377
008111119080010013020881
004111119080010012160256
002111119080010019050209
002111119080011014030290
001111119080011019050245
006111119080011015090631
008111119080012013020881
003111119080012012030372
004111119080012013030104
002111119080013019020373
009111119080013014020536
001111119080014015100559
003111119080014012010337
006111119080014011000439
002111119080014013030518
008111119080015013020198
002111119080015012160279
001111119080015014010590
004111119080015012170297
009111119080016012090339
003111119080016015010783
004111119080017012140443
008111119080017012110375
002111119080017014030488
001111119080017012040346
002111119080017019050235
006111119080018011000555
001111119080018012010382
002111119080019015030477
009111119080019012120485
001111119080019016000101
006111119080019013010015
004111119080020013030119
001111119080020012010421
008111119080020012120440
001111119080021016000101
002111119080021019110050
001111119080021014010609
002111119080021012130330
009111119080022013020767
003111119080022012030396
008111119080023014020593
001111119080023012040338
004111119080024014030478
002111119080024014030475
001111119080024015100556
008111119080024013020425
009111119080025012110467
002111119080025019040021
008111119080025012080453
001111119080025014010587
003111119080026013010515
001111119080027012050321
002111119080027014030375
004111119080027012170287
009111119080028014020036
002111119080028019110014
002111119080028014030388
001111119080029012050360
004111119080029012160296
006111119080029014020055
008111119080029012110486
002111119080030019020301
001111119080030014010615
002111119080030014030399
009111119080031012120474
001111119080031014010494
004111119080031012170235
006111119080031015090620
008111119080032013020282
002111119080032014030369
002111119080032019020307
008111119080033012120401
004111119080033015030460
001111119080034012060259
003111119080034012040445
009111119080034013020783
002111119080034014030453
002111119080035019020335
004111119080036012150069
008111119080036012120486
001111119080036015010766
001111119080037019030038
008111119080037012120486
009111119080037013020660
008111119080038012070417
002111119080038013030596
004111119080038013030187
001111119080038014010536
002111119080039014030487
009111119080039014020540
004111119080040013030576
002111119080040019020260
006111119080040011000263
008111119080040014020619
001111119080041015010774
003111119080042012010237
009111119080042012110460
002111119080042012170293
008111119080042015020643
008111119080043015020682
009111119080043012090408
002111119080043019110014
004111119080043013030222
004111119080045015030451
003111119080045013010774
002111119080045012130317
009111119080046012070421
002111119080046019050230
002111119080047012130329
008111119080047012120481
009111119080047012110461
004111119080047013030440
003111119080048012040367
002111119080049012160228
004111119080049013030633
009111119080050014020553
008111119080050012110478
003111119080050012040454
009111119080051012120433
004111119080052013030331
008111119080052014020426
003111119080053012010293
001111119080054012030010
002111119080054014030444
009111119080054012070366
008111119080055015020541
006111119080055011000581
004111119080055015030441
009111119080056014020632
003111119080056014010616
002111119080056015030386
008111119080057012100381
004111119080057012160298
002111119080058012150300
009111119080058015020531
003111119080058012020367
004111119080059014030299
001111119080059012010385
009111119080100012080346
008111119080100015020451
002111119080100014030456
004111119080101012160272
008111119080101012110160
003111119080101013010807
001111119080102018010008
009111119080102012090402
001111119080102012020376
002111119080102012150201
004111119080103015030457
003111119080103013010653
001111119080104012030196
002111119080104019020079
008111119080104014020006
001111119080105016000167
009111119080105014020414
004111119080106012170054
002111119080106019050222
008111119080106014020620
001111119080106014010610
003111119080106013010190
009111119080108012090394
001111119080109014010608
004111119080109012170231
002111119080109019050183
003111119080109012060388
004111119080110013030558
008111119080111012100169
009111119080111012080373
003111119080111012020368
001111119080112014010200
002111119080112019060119
006111119080113012020013
009111119080113012120492
004111119080113012150290
003111119080114012050359
008111119080115012090414
004111119080115013030584
002111119080115019050223
009111119080115012120425
001111119080116013010023
003111119080116014010604
008111119080117014020565
006111119080117013010392
002111119080118014030476
009111119080118013020747
004111119080118012150170
001111119080119014010564
003111119080119014020020
009111119080121012070411
006111119080121011000668
002111119080121019050152
008111119080121016000147
002111119080121014030450
004111119080121012140421
009111119080122012110443
003111119080122012060423
001111119080123012030361
008111119080123014020631
006111119080123011000733
004111119080124014030437
002111119080124019090016
009111119080125012120399
004111119080125012140463
002111119080125015030468
008111119080126012090418
001111119080126015010731
001111119080127019010128
009111119080127012100445
004111119080128013030644
003111119080128014010553
006111119080128015020563
001111119080129014010613
008111119080129015020577
009111119080129013020811
001111119080130015100560
002111119080130019040020
006111119080130012110223
004111119080131013030485
001111119080131012060422
003111119080131013010284
001111119080132013010798
009111119080132012110353
008111119080132012090416
006111119080133015030168
002111119080133014030356
009111119080133012070392
004111119080133012180220
004111119080135012140426
001111119080135018010048
008111119080135012090377
009111119080135013020872
003111119080135012060229
002111119080136013030541
006111119080136012060389
008111119080137012080366
002111119080137013030630
009111119080137012120431
008111119080138015020630
004111119080138012140473
006111119080139015020461
002111119080139019020326
008111119080139012090368
002111119080139012180310
009111119080139012110442
004111119080140012170286
003111119080140012050354
008111119080141014020512
002111119080141012140374
004111119080141013030264
001111119080141012070090
009111119080142013020606
004111119080143012130285
006111119080143012160085
002111119080143019040030
002111119080143012170280
009111119080144012100322
002111119080144012130302
008111119080144014020551
001111119080145015010795
002111119080146012180308
006111119080146012130120
008111119080147014020633
004111119080147012130270
009111119080147013020790
001111119080148012040475
006111119080148012050222
008111119080148015020674
009111119080148012120480
002111119080148019040034
004111119080149012160289
002111119080149013030263
009111119080150012080394
006111119080151011000674
004111119080151012130264
002111119080152014030001
009111119080152012080345
001111119080153012030376
002111119080154019040012
004111119080154012170020
006111119080154011000597
008111119080155012070321
001111119080155014010133
009111119080155013020554
001111119080156012060387
006111119080157013020154
008111119080157012120463
009111119080157012070377
004111119080158013030538
002111119080158019040030
001111119080158015010789
004111119080159015030475
002111119080200019060108
009111119080200012100428
008111119080201015020624
001111119080201012030363
006111119080201012050057
001111119080202013010716
004111119080202012050183
002111119080202019050193
009111119080202012080361
002111119080204015030459
008111119080204013020822
004111119080205014030393
009111119080205013020748
008111119080206013020819
004111119080207014030470
001111119080207014010267
009111119080208012080429
002111119080208013030465
008111119080209012100252
002111119080210012130288
002111119080210019040021
004111119080210013030162
003111119080210012020404
006111119080211013020409
009111119080211012110458
002111119080211015030362
008111119080212014020351
009111119080213012110382
002111119080213012130303
004111119080213014030336
004111119080214012180159
008111119080214014020398
003111119080214012050179
008111119080215014020398
002111119080215015030442
001111119080215019030050
008111119080216014020398
009111119080216012090344
002111119080216013030548
004111119080216013030614
003111119080217012050363
004111119080218012150301
009111119080219013020852
006111119080219012150195
008111119080219014020413
001111119080219018010068
004111119080220012140452
003111119080221013010567
002111119080221014030427
009111119080222014020582
002111119080222013030623
008111119080222014020617
001111119080223019030043
009111119080224012110480
002111119080225012180261
008111119080225012070357
006111119080225013010215
004111119080225012140465
009111119080226012110480
009111119080227014020628
002111119080227012180275
008111119080228015020664
009111119080228012110464
009111119080229012110464
002111119080229012170273
006111119080230012060312
001111119080230012050348
002111119080230012150108
004111119080231012140461
008111119080231015020022
009111119080232014020470
002111119080232014030480
006111119080232012090035
002111119080233019030032
008111119080234013020640
003111119080234012050334
004111119080234012180296
002111119080235015030424
006111119080235012050085
009111119080235013020813
002111119080236012140425
003111119080236013010631
004111119080236012170304
003111119080237012050356
002111119080237019020379
009111119080238012100398
006111119080238012010028
002111119080238012160302
004111119080238012180266
001111119080239014010596
002111119080240012180297
004111119080240012140460
008111119080240012090341
009111119080241012080266
006111119080241012010405
002111119080242015030383
004111119080242013030346
006111119080243013010296
003111119080244012030328
004111119080244012130334
002111119080244012160314
004111119080246012170291
009111119080247012120434
006111119080247012170053
002111119080247012130326
004111119080248012130284
002111119080249015030247
002111119080249019040001
008111119080249012110412
004111119080250013030605
003111119080250014010539
009111119080252012110416
008111119080252012120488
001111119080252015030106
002111119080252015030402
001111119080252015010764
006111119080252012080127
004111119080253012170228
002111119080253019060097
006111119080254013010296
006111119080255012110004
002111119080255019010094
001111119080255014010612
002111119080256012160306
008111119080257012090406
001111119080257012040471
001111119080257015100561
004111119080258013030399
009111119080258012100425
001111119080258014010611
002111119080259019100044
002111119080300014030217
001111119080301013010213
008111119080301012100439
001111119080301016000141
004111119080301013030567
002111119080301019010008
002111119080302014030072
009111119080302012070358
001111119080303016000141
009111119080303012070358
006111119080304014020550
008111119080304015020659
002111119080305019050205
004111119080305012160312
008111119080305015020659
004111119080306012180282
001111119080306012060403
009111119080306012090417
002111119080307014030416
009111119080308012070376
002111119080310019080001
004111119080310012140127
009111119080311013020838
009111119080312013020838
002111119080313015030474
004111119080314015030306
002111119080315019020391
008111119080315012080427
004111119080317012020358
004111119080318013030024
003111119080319012020401
002111119080319012170307
008111119080319012110485
008111119080320012090421
009111119080320014020502
004111119080321012150128
002111119080322019030046
001111119080322012030305
008111119080323014020530
004111119080323012140408
002111119080325013030308
001111119080325012050279
008111119080326014020043
002111119080326012130316
004111119080327012150295
008111119080329013020817
003111119080331013010666
002111119080332014030465
004111119080333012130314
001111119080334014010597
003111119080335012040420
002111119080335019020149
002111119080337012150261
004111119080337012180292
002111119080339012170299
008111119080340012110479
004111119080341015030101
002111119080341019010131
002111119080342012140409
008111119080343012090407
003111119080343013010702
009111119080343014020602
006111119080344012020279
004111119080344012140437
009111119080346014020616
001111119080346012060415
008111119080346012090419
004111119080347012130014
009111119080347012120444
008111119080347012100443
001111119080347016000003
001111119080348016000003
006111119080348011000732
002111119080349019010133
008111119080350012090343
001111119080350012060368
009111119080350013020619
006111119080351012160222
001111119080352012020311
009111119080352012100385
008111119080353014020578
002111119080353019040006
002111119080354019040006
009111119080355013020826
004111119080355012170209
009111119080358012080360
004111119080359012160243
002111119080400019050238
009111119080401014020331
002111119080403012160230
008111119080404013020866
002111119080405019050224
009111119080405014020120
003111119080405012060398
002111119080406012140439
009111119080407014020120
003111119080409012010010
009111119080410013020799
008111119080412013020643
006111119080412012160104
002111119080412013030589
003111119080412013010808
009111119080413012090309
002111119080414019110049
003111119080415015010805
004111119080415012180290
009111119080416012120470
006111119080416013020326
001111119080416018010055
001111119080416013010761
008111119080416014020615
009111119080417013020863
009111119080418013020863
003111119080418012010401
004111119080418012170222
008111119080419012120450
009111119080420012120475
006111119080420012120196
001111119080420012010392
008111119080422014020603
009111119080422012120475
006111119080422012030293
004111119080423012180301
003111119080423013010004
006111119080424012130102
009111119080424012120475
009111119080425014020513
004111119080425013030634
003111119080427012010372
009111119080427014020513
006111119080428014030096
002111119080428019060086
009111119080428015020657
009111119080429012080469
001111119080429012030368
001111119080431012030329
003111119080431012030351
001111119080432012010410
004111119080433013030634
004111119080434012160233
002111119080434019020333
001111119080435014010555
006111119080436012030282
008111119080437014020424
002111119080437019050234
009111119080438013020626
002111119080438012130292
004111119080440012130335
008111119080440012120350
004111119080441015030438
002111119080441019060095
006111119080441013010117
009111119080442012070338
004111119080444012150297
009111119080445012070404
004111119080448012140337
009111119080448012120306
008111119080449012080418
009111119080450012120306
004111119080450012140149
001111119080450012040411
001111119080450012020021
002111119080452012170275
006111119080452012030316
003111119080453012050353
004111119080455015030439
002111119080455012170275
002111119080456019050220
004111119080458012150286
004111119080459013030510
009111119080501014020634
004111119080502012180144
002111119080502019010119
004111119080504012140420
009111119080504012090300
008111119080506012090412
001111119080506016000008
009111119080507012080438
004111119080507013030348
004111119080508012140470
002111119080509014030158
009111119080509012090401
001111119080509015010407
004111119080509012130320
003111119080511012040459
009111119080512012120483
004111119080512012140154
001111119080514018010061
006111119080519012160012
008111119080521013020803
002111119080522019050064
004111119080523015030408
008111119080523013020773
003111119080525014010525
002111119080526014030447
008111119080528015020641
009111119080528012080414
009111119080531012110473
002111119080535019020346
008111119080538012090399
009111119080539012120301
002111119080540012170250
004111119080544012180259
009111119080544012090413
003111119080546013010767
002111119080548012130337
004111119080550012130278
004111119080555013030607
002111119080556019110013
004111119080557013030530
004111119080559014030452
008111119080600015020663
004111119080602013030610
008111119080602015020639
001111119080602012050147
001111119080603016000163
001111119080605012020388
001111119080606016000163
003111119080606014010444
004111119080607012130267
001111119080609016000163
003111119080612013010739
001111119080615016000161
008111119080618012070236
002111119080619012140428
009111119080620012070431
008111119080620012070433
001111119080621016000163
002111119080621014030373
008111119080625014020568
004111119080627012140441
008111119080628016000124
006111119080630014010295
009111119080630012120465
002111119080636014030176
008111119080636012090410
001111119080637016000141
001111119080639016000141
001111119080640016000141
001111119080642016000141
009111119080645014020489
004111119080652012150273
008111119080656016000149
002111119080657012140430
001111119080658016000058
002111119080700014030449
001111119080701016000058
002111119080702012140431
002111119080704019010031
004111119080705012140225
002111119080710019010111
002111119080711014030022
003111119080715014010524
002111119080720014030481
004111119080721014030398
004111119080725012170284
004111119080728014030088
002111119080733013030616
001111119080733016000062
002111119080738012170306
008111119080748014020305
002111119080757012130276
002111119080811012140447
004111119080816014030150
008111119080839014020534
001111119080919014010508
009111119080937012090388
003111119080943013010689
009111119080959012090391
003111119081041012050320
001111119081119016000088
001111119081234016000012
002111119081402019050243
002111119081405019050243
002111119081714019020263
009111119081909013020723
002111119081925019020392
002111119081928012150313
001111119081958013020226
001111119082326016000007
001111119082329016000001
004111119082510012170301
002111119083019019060115
006111119083225012020016
002111119083420019030049
001111119084048016000052
001111119084051016000052
002111119092034019060033
002111119125114019060084
002111119130758019010067
001111119143033016000141
001111119143034016000141
001111119150703016000141
001111119150704016000141
001111119150721016000154
001111119150722016000154
001111119150723016000154
001111119150728016000163
001111119150730016000163
001111119150732016000163
001111119150735016000101
001111119150737016000101
001111119150739016000088
001111119150741016000025
001111119151101016000161
003111119152143012030403
002111119152307019040012
008111119154814012110294
004111119155546013030386
001111119163759016010110
001111119163805016010128
001111119163809016010124
001111119164131016000139
001111119164135016000112
001111119164139016000157
001111119165154012020383
001111119165340012010408
009111119165349012090372
008111119165445012090235
001111119165501014010250
003111119165518012040411
009111119165524013020789
009111119165525013020789
009111119165529013020651
009111119165532013020685
008111119165535012090017
009111119165535012090383
009111119165538013020749
008111119165538012100350
009111119165540013020644
008111119165541013020411
008111119165543012100425
009111119165543012090396
004111119165544012140431
009111119165544012100420
009111119165545013020850
009111119165546013020850
009111119165548013020606
009111119165549013020606
009111119165550012090302
009111119165552013020767
003111119165554012050307
009111119165555012090422
003111119165557012030386
009111119165558013020683
008111119165559012090410
008111119165600012090410
009111119165601012090401
008111119165603012090341
009111119165604013020835
001111119165605012060372
008111119165605013020532
003111119165607012030398
008111119165607012100288
009111119165607012090248
008111119165608012090348
009111119165609013020824
001111119165611012030365
008111119165611012090341
008111119165613012080017
009111119165613013020851
008111119165614012090348
008111119165615012090348
008111119165616012070407
009111119165617012080459
008111119165617012070407
009111119165618013020581
008111119165619012080017
009111119165621013020536
003111119165624013010598
008111119165624012120450
009111119165624012090404
009111119165626012090404
008111119165627012090041
008111119165631012070415
009111119165633013020852
003111119165634012060229
008111119165635012120392
009111119165636012090411
003111119165637013010777
008111119165638012110490
008111119165639012070264
009111119165639012120124
008111119165640012070264
006111119165641012060241
003111119165642013010646
009111119165642012110416
008111119165643012110478
001111119165644012030376
003111119165644012040273
008111119165644012110478
003111119165645013010774
006111119165645013020543
009111119165645012110416
009111119165646012080284
004111119165647012150313
003111119165647012030342
001111119165647013010761
008111119165647012090405
009111119165647012070422
001111119165649012040473
009111119165650012120306
003111119165651012040470
008111119165651012080462
001111119165652012040425
008111119165653012100443
008111119165653012100385
009111119165653012080373
001111119165654013010460
003111119165655013010724
001111119165655013020180
009111119165655012080413
003111119165656013010769
008111119165656012120481
001111119165657013010677
003111119165658013010015
009111119165658012090300
001111119165659012040443
006111119165659013020412
008111119165659012100224
008111119165700012070357
003111119165701013010739
003111119165702012040397
001111119165702013010747
008111119165703012090377
009111119165703012070344
001111119165704013010805
003111119165704013010624
009111119165704012080225
001111119165705013010783
008111119165705012110486
008111119165706012070193
002111119165707014030416
001111119165707013010023
008111119165707012070193
001111119165708013010712
009111119165708012090413
008111119165708012120477
001111119165709013010604
003111119165709013010735
009111119165709012090413
001111119165711013010804
008111119165711012070187
003111119165712013010795
001111119165713012030305
009111119165714012110378
008111119165714012100416
008111119165715012100416
003111119165716013010743
001111119165716013010700
003111119165718013010688
001111119165718013010734
009111119165718012070410
009111119165720012080242
003111119165721012030230
001111119165721013010641
001111119165723013010743
003111119165723013010151
009111119165723012100431
006111119165724013020240
001111119165725013010798
008111119165725012090407
009111119165726012110442
001111119165727013010755
009111119165727012110474
003111119165728012040417
001111119165729013010797
003111119165730012020392
008111119165730012110443
009111119165730012110474
001111119165731013010176
003111119165732012040458
009111119165732012110474
001111119165733012040461
008111119165733012120354
009111119165733012110354
003111119165734012030316
001111119165735012040450
009111119165736012110087
008111119165736012080463
003111119165737013010244
001111119165738013010035
003111119165738012060015
009111119165738012090279
009111119165739012110223
008111119165739013020763
003111119165740012040373
008111119165740012110454
003111119165742012040337
003111119165743012040442
008111119165743012120440
009111119165743012120399
008111119165743012070197
001111119165744013010802
009111119165744012110353
001111119165746013010762
008111119165746012090267
003111119165747013010710
009111119165747012120412
008111119165749013020837
003111119165750012060095
009111119165750013020848
009111119165751012100405
008111119165751012100252
001111119165752012060005
008111119165752012090421
009111119165752013020848
003111119165753012030400
009111119165754012120412
008111119165754012090421
001111119165755012040468
008111119165755012090420
009111119165758013020795
008111119165759013020883
001111119165800012040420
009111119165800012100418
008111119165802012080453
009111119165802013020861
008111119165803012070148
009111119165803012110164
008111119165806013020881
009111119165806012070403
006111119165807013020241
008111119165809013020832
009111119165809012100047
003111119165810012040477
009111119165810012100398
006111119165810012030282
008111119165810013020881
008111119165812013020881
004111119165813012130271
009111119165813013020821
008111119165814012120476
002111119165815012160279
006111119165815011000714
009111119165816012120377
008111119165817013020881
009111119165817012120377
006111119165818011000707
008111119165819012120484
009111119165819012120402
004111119165820012130278
008111119165820012120484
006111119165820013010009
009111119165821012080469
008111119165821012120486
009111119165823012090412
009111119165824012120433
008111119165824012120487
008111119165826012090399
009111119165827012120475
009111119165829012070414
008111119165829012120479
001111119165832012040338
003111119165832012040355
009111119165832012090391
008111119165832013020822
008111119165834012120415
009111119165835012120434
008111119165836012120401
009111119165838012110473
008111119165838012120414
009111119165840012120485
001111119165840013020226
008111119165841012110488
008111119165842012120143
009111119165843012120478
003111119165844012030368
009111119165844012120478
008111119165845012070448
009111119165846012120470
004111119165848012140430
008111119165848012120393
009111119165849012080457
008111119165849012100347
001111119165852015010731
009111119165852012090393
008111119165852013020818
008111119165853012090406
004111119165855012140465
009111119165855012120461
008111119165856013020868
009111119165857012080419
008111119165857012120464
003111119165858013010007
009111119165900012080456
008111119165901012110437
008111119165902012110143
004111119165903012140167
009111119165903012110382
008111119165903012070432
009111119165904012110382
009111119165906012110382
008111119165906013020833
009111119165907012120368
008111119165909012070444
008111119165910012070377
009111119165910012090330
008111119165913012070392
009111119165914012090335
008111119165915012070448
003111119165917012040405
004111119165917012130292
009111119165917012090272
008111119165918012070448
009111119165919012110480
008111119165920012080431
004111119165921012140473
009111119165921012110480
008111119165922012110438
009111119165922012080163
009111119165924012090256
004111119165925012140374
003111119165925012030261
008111119165925012110479
009111119165925012120496
009111119165926012070360
008111119165926012070439
009111119165928013020872
008111119165929012070448
009111119165931012080454
008111119165932012080343
008111119165933012080343
009111119165934012080220
008111119165935013020819
009111119165936012080424
008111119165939013020773
003111119165941012060331
009111119165941012080429
009111119165942012080429
008111119165942012080358
008111119165943012080358
008111119165946012120454
004111119165947013030456
009111119165947012120474
004111119165949012130331
009111119165951012080346
008111119165951012070286
003111119165952012010420
009111119165952013020790
008111119165954012090418
009111119165955012110004
002111119165957019020286
008111119165958012100257
009111119165958012070411
004111119170007015030467
008111119170007012090150
009111119170007012070445
004111119170009012140429
008111119170010012090375
004111119170012013030558
009111119170012012090220
009111119170015012120256
008111119170015012100444
004111119170016013030339
008111119170018012070321
008111119170019012080447
009111119170019012080131
008111119170022012070448
009111119170022012080452
003111119170024012030349
008111119170025012090414
002111119170028013030623
008111119170028012120395
008111119170029012120395
008111119170030012090351
009111119170031012110414
004111119170037013030448
006111119170044011000600
009111119170044012070421
009111119170048012120199
009111119170052012110460
009111119170055012110297
008111119170055012090388
003111119170056012040423
002111119170056012140389
009111119170103012080189
003111119170105012020288
008111119170108012110485
006111119170112011000681
002111119170116019020061
009111119170117012100446
009111119170124013020874
009111119170128012110375
009111119170131012120465
009111119170134012070443
006111119170134011000598
008111119170135012120472
006111119170137011000720
009111119170139012080466
008111119170141013020880
009111119170142012110484
001111119170144012010005
008111119170147012080408
008111119170149012100381
008111119170152012080427
002111119170153019020230
006111119170155011000686
002111119170157019020095
006111119170158011000691
009111119170214013020574
008111119170215012080297
001111119170217016010127
009111119170217012110466
008111119170219012090343
008111119170222012080467
008111119170223012080467
009111119170224015020677
008111119170224012080467
008111119170227012080448
009111119170229013020681
004111119170231012130303
009111119170232012090309
004111119170235012130298
006111119170240011000651
009111119170244013020154
006111119170252011000439
006111119170315011000120
009111119170315013020748
009111119170318012090339
009111119170321012090350
009111119170324012110464
009111119170326013020780
009111119170336015020680
009111119170340013020865
009111119170342013020823
009111119170352013020873
008111119170356012070428
001111119170357019020282
009111119170400012090333
008111119170418015020654
002111119170419019050128
008111119170427015020646
009111119170441013020387
001111119170444012010348
009111119170445013020721
008111119170449012120491
009111119170453013020706
009111119170524013020858
002111119170546019050217
009111119170604001020678
008111119170605013020840
009111119170609012110151
009111119170619015020671
008111119170624015020639
009111119170627013020766
009111119170629013020758
009111119170632015020666
004111119170634013030510
008111119170637015020678
009111119170640012110410
002111119170654019050183
009111119170741013020878
009111119170755015020580
001111119170758012040472
009111119170758015020029
009111119170802015020668
001111119170808012020388
009111119170828013020870
009111119170853013020877
009111119170855013020877
008111119170949015020623
002111119171132019020307
009111119171148012090380
002111119171648019100061
008111119171829012070236
009111119172435012080127
002111119173255019060097
002111119175259019020103
002111119175323019060114
002111119175836019050220
002111119180115019010072
002111119180141019020065
003111119180711013010714
002111119181328019010131
002111119181336019010133
001111119181746016010077
009111119182903016010123
001111119183057016010071
001111119183103016010080
001111119183108016010048
001111119183113016010050
001111119183116016010130
001111119183121016010056
009111119183127016010129
001111119183132016010084
001111119183412016010125
001111119183417016010105
002111119184027019090016
002111119184100019050029
006111119184115019050064
002111119184454019010008
002111119184855019030045
002111119184917019030033
002111119185006019030001
004111119185015012170231
002111119185101019030033
003111119185112012020376
003111119185127012020366
003111119185236012040426
008111119185310014020417
003111119185313012040346
003111119185320012010341
001111119185325012030363
006111119185328012020340
003111119185330012040453
009111119185345012080350
002111119185346019040015
003111119185348012010392
001111119185348012020345
009111119185352012100423
009111119185358012080425
009111119185401013020542
001111119185401019010128
001111119185405012020403
009111119185405012100318
002111119185406012160228
009111119185406012100318
001111119185409012020228
009111119185409013020562
009111119185412012100201
001111119185413012010201
006111119185413012020274
001111119185415015010728
009111119185415012100284
003111119185416012060388
001111119185417012010237
009111119185417013020811
001111119185418012010254
003111119185418012010247
003111119185420012050320
009111119185421013020843
003111119185423015010803
003111119185426012060359
009111119185426012100134
003111119185428012010393
009111119185429012100358
003111119185430012060381
006111119185431012020037
009111119185432012100411
003111119185433013010799
003111119185434013010321
009111119185434013020781
003111119185436012060364
001111119185436012060429
009111119185438013020844
001111119185439012040354
003111119185439013010767
003111119185440013010770
009111119185440012100307
009111119185442012100307
003111119185443012060396
009111119185445013020769
003111119185446013010190
003111119185449012060423
008111119185449013020282
009111119185449012100430
003111119185452013010259
008111119185453013020808
003111119185455013010672
003111119185457012030405
008111119185457012100311
003111119185458013010575
008111119185458013020640
009111119185459012080450
009111119185500012080450
008111119185500013020599
003111119185501012030327
008111119185501013020808
003111119185502012030399
003111119185504013010625
008111119185505012080461
008111119185506013020797
003111119185507012010329
009111119185507013020188
003111119185509012060410
001111119185509012060360
006111119185509013020326
008111119185509013020831
001111119185510016000169
009111119185510013020692
009111119185511013020810
008111119185511012120463
001111119185513012010421
009111119185514013020864
008111119185514012070435
009111119185516012100432
004111119185517012170301
008111119185517013020017
001111119185518012020306
009111119185518013020836
008111119185519013020586
009111119185520012080364
001111119185521012060253
008111119185521012070308
003111119185523013010454
001111119185524012010338
009111119185524012110487
008111119185524012070338
003111119185525013010426
009111119185527013020068
008111119185527012070442
003111119185528012020300
001111119185529012030381
003111119185529012030266
009111119185530013020572
008111119185530012100432
008111119185533012070437
009111119185533013020701
001111119185534012030333
003111119185534012020399
008111119185534012070437
001111119185534019030050
009111119185535013020825
003111119185536013010682
008111119185536013020778
008111119185537012070437
003111119185538012060433
009111119185538012070358
008111119185538012070437
009111119185539012070358
008111119185541012100006
003111119185542013010758
009111119185542013020702
008111119185543012100312
001111119185544012060407
009111119185544012100367
008111119185546012100400
009111119185547012100218
008111119185547013020778
009111119185549012100280
008111119185550012110373
008111119185551012100169
009111119185551012100323
009111119185552012100323
008111119185554012070447
009111119185555012070426
008111119185556012110482
009111119185558013020876
004111119185559012180301
008111119185559013020703
009111119185601013020849
008111119185601012110477
004111119185602013030562
004111119185603013030460
009111119185603012110404
008111119185603012110489
004111119185606012130264
008111119185606012080383
009111119185607012110351
004111119185609013030577
001111119185609012020333
008111119185609013020841
003111119185610013010791
009111119185610012100322
008111119185611012070010
004111119185612013030546
009111119185612012100322
008111119185613012070010
008111119185614012090291
009111119185614012070384
001111119185615013010059
003111119185616012060400
004111119185617013030066
009111119185617013020397
008111119185617012100424
009111119185618013020397
004111119185620012130295
009111119185620012070441
008111119185620013020504
001111119185621012020322
009111119185621012070441
008111119185621013020799
004111119185623012130280
008111119185623015020664
001111119185624013010549
009111119185624012110400
008111119185624013020803
003111119185626013010215
002111119185626012160292
009111119185626012100334
002111119185627012160302
008111119185627015020664
008111119185629013020882
009111119185629012100364
001111119185630012010375
003111119185630013010772
003111119185632012010401
008111119185632013020882
009111119185632012110458
009111119185633012110340
002111119185634012130297
004111119185634012170054
001111119185634012050179
008111119185634012100441
008111119185635012080464
003111119185636012030303
009111119185636012110458
008111119185636015020618
003111119185638012020381
009111119185638013020255
008111119185638015020618
008111119185639012100441
004111119185640013030622
008111119185640015020620
003111119185641012020279
001111119185641012030196
009111119185641012080380
008111119185642015020620
003111119185643012050303
006111119185643012020010
008111119185643015020669
008111119185644015020669
009111119185644012110467
003111119185645013010654
008111119185646015020669
003111119185647012060420
009111119185647012100380
008111119185647012100379
001111119185648012050309
009111119185648015020665
003111119185650012020389
008111119185650012110476
009111119185651015020679
004111119185652013030571
003111119185652013010577
003111119185654013010560
009111119185654012100327
004111119185655013030496
008111119185655012080267
004111119185656012170280
009111119185656015020657
003111119185657012020391
008111119185657013020643
009111119185657012090368
004111119185658012150073
003111119185700013010732
009111119185700012070331
003111119185701012040476
004111119185701013030523
008111119185702012120490
009111119185703013020738
004111119185704013030162
002111119185704019110027
001111119185704015010763
008111119185704012080418
003111119185705013010001
009111119185706013020753
004111119185707013030425
008111119185707013020869
002111119185708012170019
003111119185708013010601
004111119185709013030356
006111119185709012120196
009111119185710012100223
008111119185710012100419
003111119185711015010751
002111119185711012130288
004111119185711013030507
001111119185711015030454
008111119185711012070417
006111119185711016010086
001111119185712012060416
009111119185712013020409
004111119185714013030348
008111119185714013020857
001111119185715012010162
004111119185715013030382
008111119185715012070433
002111119185716012140441
003111119185716012060426
009111119185716012100434
004111119185717012150196
002111119185718012150261
008111119185718012110409
004111119185719013030441
001111119185719012010419
003111119185719012060349
009111119185719012080114
004111119185720013030104
002111119185720013030484
003111119185721013010014
008111119185721012100439
003111119185722012050195
002111119185722015030426
004111119185722013030120
009111119185722013020274
002111119185723013030630
003111119185723012060434
004111119185724013030354
002111119185724013030627
009111119185724012070366
008111119185724012080123
002111119185725012150300
001111119185725015010717
001111119185725012040131
004111119185726012140235
002111119185727012130279
003111119185727013010759
001111119185728012050358
004111119185728013030119
009111119185728012090345
001111119185729012050308
002111119185729012150128
004111119185730013030479
003111119185730015010794
002111119185731012130339
001111119185731012020385
009111119185731013020674
008111119185731012080078
006111119185732013030176
002111119185733012170299
004111119185733012130285
003111119185733012040466
001111119185734012050360
002111119185735012130312
003111119185735015010780
004111119185735013030565
009111119185735012100442
001111119185736012060430
004111119185736013030591
002111119185736019030048
003111119185737012040192
002111119185737012150283
002111119185738012170266
001111119185738012060403
004111119185738012170291
008111119185739012070376
009111119185739012100445
002111119185739019020083
003111119185740012040452
001111119185740012010400
002111119185740013030263
004111119185741012140424
008111119185741012070438
004111119185742013030633
009111119185742013020660
002111119185743012160306
003111119185743013010550
009111119185743013020660
008111119185744014020615
002111119185746012150314
004111119185746012150260
009111119185746012070244
008111119185746014020615
002111119185747012180310
003111119185747013010726
004111119185748012140467
009111119185748012070404
008111119185749012070427
002111119185750013030639
001111119185750012050217
009111119185750012100428
004111119185751013030535
003111119185751013010529
002111119185752012130165
004111119185752013030646
004111119185754013030551
009111119185754013020879
004111119185755013030504
002111119185755012130316
001111119185756012020285
004111119185757012140464
009111119185757013020838
004111119185759012130059
003111119185759013010631
002111119185800012140445
009111119185800012070440
008111119185800012110160
003111119185801013010803
004111119185801013030619
004111119185801013030629
002111119185803012170264
008111119185803015020577
009111119185803013020745
004111119185804013030567
003111119185804012040414
002111119185805012180106
004111119185806012150311
003111119185806013010793
009111119185806012080468
001111119185807012010382
002111119185807012130326
002111119185807019010119
001111119185808018010055
003111119185809013010413
004111119185809012140462
008111119185809013020866
002111119185810012140472
003111119185811013010737
001111119185811012050331
002111119185811019010132
004111119185812013030567
002111119185812019010124
009111119185812012110421
003111119185813013010771
004111119185813013030516
002111119185813013030649
002111119185815012180154
004111119185815013030187
001111119185815012040410
001111119185815018010054
009111119185815013020812
002111119185817012150309
004111119185817012170279
003111119185817013010650
002111119185818012130314
001111119185818012040464
009111119185818013020619
003111119185819012020137
008111119185819015020568
009111119185819013020619
002111119185820013030308
004111119185820013030084
001111119185820012050348
004111119185821013030398
001111119185821012010410
008111119185821013020857
003111119185822013010781
009111119185822013020747
001111119185823012050279
001111119185823018010018
009111119185823013020747
004111119185824013030576
002111119185824012130250
009111119185824012110461
001111119185825012060368
002111119185825012130329
008111119185825015020386
001111119185826012060007
002111119185826019020323
002111119185827012150274
009111119185827013020438
004111119185828013030440
003111119185828012050359
001111119185828018010069
001111119185829012060007
002111119185829012130120
008111119185829015020660
006111119185829011000385
004111119185830013030625
009111119185830012110367
003111119185831013010331
002111119185832013030589
004111119185832012140434
001111119185832018010066
003111119185833013010693
004111119185834012140420
002111119185834012180257
001111119185834012010364
009111119185834012090408
003111119185835012050341
002111119185835012130284
006111119185835011000595
001111119185835018010061
001111119185836012040462
008111119185836013020817
004111119185837012170073
002111119185838013030509
006111119185838012130286
009111119185838013020610
001111119185839012060259
004111119185840013030644
002111119185840012130270
009111119185840013020826
003111119185841012050347
002111119185841012140379
006111119185841011000309
001111119185841018010047
001111119185842013010021
004111119185842012150318
002111119185843012130338
006111119185843011000398
001111119185843018010067
002111119185844013030647
001111119185845013010479
004111119185845013030443
003111119185845012060398
002111119185846012150273
002111119185847012170250
001111119185847012030361
009111119185847013020428
006111119185847012150118
008111119185847013020862
004111119185848013030506
003111119185848012060374
001111119185848018010068
002111119185849012130333
004111119185850013030264
006111119185850013030188
009111119185850013020554
003111119185851012060379
002111119185851012130302
003111119185852012020404
004111119185852012140388
001111119185852018010071
001111119185853012010340
002111119185853012180257
009111119185853012120301
006111119185853011000635
003111119185854013010284
004111119185855013030634
002111119185855013030548
009111119185855012120492
001111119185856018010070
003111119185857013010542
004111119185857012140463
001111119185858012020380
004111119185858012130317
009111119185858012100447
003111119185859012050028
002111119185900015030471
004111119185901012140225
001111119185901012050210
003111119185902012050356
001111119185902012020344
001111119185902018010048
002111119185903012130102
004111119185903012160285
009111119185903012120425
003111119185904012060363
001111119185905012010292
004111119185905012160293
002111119185905012140409
006111119185906013030003
002111119185907012140408
001111119185907019030038
009111119185907013020689
001111119185908012040475
002111119185908012180275
004111119185908012130242
003111119185908012050366
009111119185908013020689
004111119185910012130344
002111119185910012150069
001111119185911018010008
001111119185912012030390
004111119185912013030024
003111119185912013010567
004111119185913012180304
003111119185914012050363
002111119185915012140154
004111119185916013030624
001111119185916012060422
003111119185917013010788
002111119185917012130263
006111119185917011000359
004111119185918012150241
003111119185919012010422
002111119185919012130327
001111119185919018010072
002111119185921012180253
004111119185921013030538
006111119185921013020067
003111119185922012060428
004111119185923012170292
001111119185923018010059
002111119185924012170275
003111119185925012040437
001111119185926018010059
003111119185927013010606
004111119185927012140466
002111119185927012160313
002111119185928012160314
004111119185929012180272
002111119185929013030642
006111119185929013030075
004111119185930012150294
001111119185930012020013
002111119185931013030631
003111119185931012040353
002111119185933012180290
004111119185933012150286
003111119185933012040376
009111119185933013020813
004111119185936012180171
002111119185936012160259
003111119185936015010792
006111119185937011000169
004111119185938013030482
003111119185938012020002
002111119185938012160253
002111119185939019110040
009111119185939012120494
003111119185940012010173
002111119185940012150091
004111119185941012130214
002111119185942012180271
004111119185943012150190
003111119185943012060432
009111119185943012120480
002111119185944013030465
003111119185945012030402
002111119185946013030563
004111119185946012180299
009111119185946012120242
004111119185947012150198
003111119185947013010522
006111119185947012130223
002111119185948012140425
009111119185949012120483
004111119185950012150307
006111119185950011000664
002111119185951012140439
009111119185951012120483
006111119185952011000723
004111119185953012150255
002111119185953012150263
004111119185954012180144
003111119185955013010651
004111119185955013030616
006111119185955011000490
002111119185956012130075
003111119185957013010392
008111119185957012080266
004111119185958012150303
002111119185959012150102
003111119190001013010800
006111119190001011000517
006111119190002011000662
004111119190003012150293
009111119190003012120444
006111119190003011000725
002111119190004012150278
006111119190005011000675
009111119190006013020468
002111119190007012150290
004111119190007012170268
003111119190007012040467
006111119190007011000517
004111119190008013030607
004111119190009012180046
009111119190009012120419
002111119190010012140458
009111119190010012120419
006111119190010011000534
004111119190012012180263
003111119190012013010365
002111119190013012170307
006111119190014011000632
004111119190015012170284
002111119190015012150305
009111119190015013020793
006111119190016011000574
009111119190016012120431
002111119190017012140148
004111119190017012180311
003111119190017013010794
008111119190017012070387
006111119190017011000388
002111119190019013030638
004111119190019013030412
006111119190020011000699
009111119190020012100436
004111119190021013030469
003111119190021013010733
002111119190022012130276
006111119190023011000203
004111119190024012140456
003111119190024015010690
002111119190025012180273
006111119190025011000674
002111119190026012170277
001111119190026012020396
003111119190027012040445
002111119190027012130330
004111119190027013030590
003111119190028015010704
006111119190029011000555
004111119190030012140444
003111119190030012040447
002111119190030013030222
006111119190031011000690
002111119190032012170293
004111119190033013030545
001111119190033012060353
006111119190033011000706
003111119190035015010769
002111119190035012180255
006111119190035011000283
004111119190036012170178
004111119190037013030346
001111119190037013030157
002111119190038012150299
006111119190038011000700
003111119190039012020008
004111119190040012140471
002111119190041012180273
006111119190041011000343
001111119190042019010125
004111119190043012180158
002111119190043012180249
006111119190043011000568
004111119190044012180258
006111119190045011000065
004111119190046012170304
001111119190047012050367
002111119190048012140457
004111119190048012170290
001111119190048012050321
006111119190048011000704
004111119190050012170127
001111119190051012050234
004111119190052012180185
004111119190054012130210
004111119190055013030573
001111119190056015010550
009111119190057012090417
002111119190058012150315
004111119190058013030636
004111119190101012160301
002111119190101012130282
004111119190102012160298
002111119190102012130014
004111119190104012160289
002111119190104012160243
003111119190104012030194
002111119190106012140422
001111119190107015010721
004111119190107012160275
002111119190108012160272
004111119190110012150319
002111119190110012140452
002111119190112015030436
002111119190113012130290
004111119190114012160136
004111119190115012140435
004111119190116012140461
002111119190116012180305
003111119190117013010473
004111119190118012180276
002111119190119012180255
004111119190121012150295
002111119190122012180261
004111119190124012150100
002111119190124012130322
006111119190124012050222
003111119190125012060427
002111119190126012130336
004111119190127012160149
002111119190129012130342
002111119190132012150249
004111119190133012130320
002111119190135012160224
001111119190136012020324
002111119190139012130343
004111119190139013030240
009111119190141012110406
004111119190142013030372
002111119190142012130305
004111119190143013030399
001111119190145015010791
004111119190146012160224
004111119190148013030379
002111119190148015030459
002111119190150013030648
009111119190150012120448
006111119190151012150195
002111119190152012140475
003111119190153013010296
002111119190153012170295
008111119190153012120448
002111119190156012140474
004111119190157012150301
002111119190157015030351
003111119190159013010515
004111119190201013030366
003111119190202012050009
004111119190203012150301
001111119190204015010752
001111119190206012060383
002111119190206019030032
004111119190207012170020
009111119190209012100394
002111119190211012160307
004111119190212012160315
002111119190212019030046
004111119190213012180262
004111119190215012140443
002111119190216015030463
001111119190217012020382
004111119190217012170217
006111119190218012090035
004111119190219013030610
004111119190221012150201
002111119190222019030022
004111119190224012130334
004111119190227012150098
003111119190227012050334
004111119190228012140127
002111119190228019060001
004111119190230012140426
004111119190233012160287
002111119190234012150108
004111119190236012160114
004111119190239012170020
008111119190241012080366
002111119190248015030428
009111119190250012090400
003111119190251012050085
009111119190253012090400
004111119190254012180212
003111119190255012050238
003111119190256012050123
002111119190257019050223
004111119190258012150170
004111119190304012170219
002111119190304012150250
009111119190306012110412
004111119190307012170258
002111119190308012160310
004111119190310012130341
002111119190310012150310
002111119190313015030469
004111119190313012160231
004111119190316012160256
004111119190318012180307
002111119190318015030362
002111119190319019050205
002111119190321019030047
002111119190322012170273
008111119190322012080430
003111119190327012050350
001111119190329012040209
006111119190332011000639
003111119190336013010716
002111119190336012130254
009111119190337012080361
001111119190338014010451
009111119190342012080458
009111119190346012080394
004111119190351012160021
004111119190356013030603
002111119190402019020301
004111119190403013030331
002111119190406012170228
004111119190406012180277
002111119190409012160312
004111119190410012140337
002111119190413019020353
004111119190416013030498
004111119190439012180268
004111119190442012160075
004111119190447013030637
002111119190453019040016
004111119190454012180279
002111119190459019080001
009111119190503012080428
002111119190510019040035
004111119190514015030445
002111119190518019020363
002111119190520019020394
002111119190534019060101
004111119190540012150297
002111119190556012150135
004111119190634015030168
009111119190645012080304
008111119190646015020502
009111119190648012080375
009111119190651012080345
009111119190659015020545
009111119190728012080396
006111119190743015090603
002111119190744019020400
002111119190747019050164
002111119190751019050243
002111119190752019050243
002111119190753019050243
008111119190755012110397
008111119190756012110178
002111119190759019050241
001111119190814012040446
001111119190817012040446
004111119190833012150171
002111119190843019050094
009111119190855012080360
004111119190902013030614
009111119190905012070382
009111119190907012080135
009111119190913012080007
009111119190929012120350
009111119190932012120447
004111119190936015030455
002111119190942015030455
006111119190957019100046
002111119191003019020260
002111119191006019020397
008111119191007012110424
001111119191026015010761
004111119191035015030106
009111119191055012110377
004111119191110012180292
002111119191152019010094
002111119191155019010109
002111119191205019050188
003111119191215015010687
002111119191215019050148
004111119191223012180282
002111119191238019020221
002111119191359019020326
002111119191402019060115
001111119191529016000073
002111119191530012140428
002111119191600019020382
002111119191608019060102
002111119191640019020383
002111119191646019020318
002111119191809019050126
002111119191819019050238
002111119192013019050227
002111119192112019020372
002111119192505019010111
002111119192644019020150
002111119192747019020149
002111119192806019020212
002111119192928019050212
001111119193015016010121
001111119193021016010082
001111119193027016010081
001111119193031016010098
001111119193035016010090
001111119193039016010032
001111119193043016010106
001111119193055016010095
001111119193105016010122
001111119193119016010119
002111119193126019040024
001111119193137016010045
001111119193142016010073
002111119193226019100052
002111119193231019100013
002111119193235019100052
002111119193240019020079
002111119193330019100039
002111119193406019050195
001111119193425016010100
002111119193428019030049
006111119193527019100068
006111119193609019100066
002111119194040019020374
002111119194051019020378
002111119194109019020392
002111119194215019050196
002111119194314019050112
001111119194406019030043
001111119194415019060076
002111119194458019060113
008111119194500014020624
006111119194605019100063
006111119194619019100008
006111119194622019100008
008111119194652015020674
009111119194730015020658
009111119194737012090419
006111119194739019100067
006111119194742019100067
002111119194745019100070
002111119194754019100072
002111119194800019050171
002111119194804019050171
002111119194806016000123
006111119194928019100071
009111119194956012100329
008111119194956015020663
009111119194958012070429
009111119194959012070429
008111119195000015020675
008111119195001015020604
008111119195005015020676
008111119195008015020641
008111119195012015020647
002111119195042019060076
002111119195053014030369
002111119195055014030399
002111119195113014030158
002111119195115014030447
008111119195151014020633
008111119195152014020633
008111119195154014020633
002111119195217016000144
004111119195244015030458
001111119195246014010200
001111119195251014010592
003111119195252012020016
002111119195256014030159
001111119195257014010609
001111119195258014010587
001111119195301012020325
001111119195304014010432
003111119195306012020016
001111119195306014010444
003111119195332012010011
004111119195337014030331
003111119195338013010674
001111119195341015010786
003111119195342012010415
001111119195343015010783
002111119195345014030374
001111119195346015010615
004111119195346014030021
002111119195347014030373
003111119195348012010377
004111119195348014030109
002111119195349014030387
003111119195349012030397
001111119195350015010450
002111119195351014030450
002111119195354014030476
001111119195356012030353
002111119195358019050230
002111119195401019050193
002111119195403013030618
003111119195404012030353
002111119195407014030160
003111119195407013010730
006111119195408011000687
001111119195410012030352
003111119195418013010662
003111119195420013010727
002111119195422014030480
002111119195425014030356
002111119195426014030456
002111119195427014030475
002111119195432014030453
004111119195433014030398
003111119195433013010740
001111119195435014010608
001111119195435015100551
004111119195436014030267
002111119195437013030349
001111119195437015100557
003111119195438013010666
004111119195440014030430
002111119195440014030448
003111119195441013010787
002111119195442014030418
001111119195442015100561
003111119195443012050057
004111119195444014030334
001111119195445015100560
003111119195446012030401
001111119195447013010006
003111119195448012040293
002111119195451014030471
003111119195451012060221
001111119195452015100556
003111119195453012030036
002111119195453014030452
001111119195454014010569
002111119195455014030423
001111119195456012040471
003111119195456012030276
002111119195457014030426
003111119195457013010004
003111119195458012060421
001111119195458015100543
002111119195500014030096
003111119195501012030387
001111119195501015100559
006111119195501011000445
002111119195502014030305
002111119195504012160134
006111119195504011000564
003111119195505012010309
002111119195506014030444
001111119195506012010387
006111119195507011000728
001111119195508015010774
002111119195509014030458
003111119195509012020367
001111119195509012040465
006111119195510011000715
002111119195511014030289
001111119195512015010785
006111119195512019100002
002111119195514014030250
001111119195515012030256
006111119195515011000165
001111119195516014010570
002111119195517014030365
001111119195518012040403
003111119195518012010414
006111119195519011000683
002111119195520014030055
006111119195520011000722
003111119195521012010355
001111119195523012050357
003111119195524012040459
001111119195525014010571
002111119195526014030437
003111119195527012030351
001111119195528012050147
002111119195529019050237
001111119195530012050353
003111119195531012020021
006111119195532011000682
001111119195533014010502
003111119195533012030010
004111119195534019020180
003111119195535012030385
001111119195536012020111
002111119195536014030088
003111119195537012050254
006111119195537011000724
002111119195540014030072
003111119195541012030389
001111119195542012020086
003111119195543013010765
001111119195544012030010
002111119195546013030584
003111119195546013010505
003111119195549013010117
002111119195549014030299
002111119195553014030478
003111119195555013010776
001111119195557012050310
003111119195600013010807
002111119195600014030459
001111119195600012010409
008111119195602015020683
001111119195603015010764
003111119195603012020402
001111119195606013010011
003111119195606012010413
002111119195606014030368
003111119195607012050345
001111119195609012060309
003111119195610013010785
003111119195613012060389
001111119195613012050213
008111119195614012120488
002111119195616014030366
008111119195616012120488
006111119195616011000026
008111119195617012120488
003111119195618012010372
001111119195618012020401
003111119195619012010337
001111119195620012030304
006111119195621011000670
003111119195622012050343
001111119195623014010066
003111119195625012030328
006111119195625011000473
003111119195626012030095
001111119195628012050344
006111119195629012010405
003111119195630013010541
001111119195633012060387
006111119195634012050129
002111119195636014030174
003111119195637012040382
003111119195638013010653
002111119195639014030056
003111119195641012050313
001111119195641015010753
001111119195643015010787
002111119195644014030150
003111119195645012060431
001111119195645012010327
001111119195647012030300
002111119195648015030247
003111119195648012050266
003111119195650012030355
001111119195650015010001
006111119195650015090630
003111119195653012030338
004111119195654015030337
001111119195655012030356
003111119195656013010580
003111119195657013010763
001111119195657012060405
001111119195659012010028
001111119195701012030242
002111119195702019020273
006111119195703011000713
001111119195704014010616
006111119195706011000636
001111119195707012030329
001111119195708012050285
003111119195709014010616
006111119195709011000594
001111119195710014010553
003111119195710012020352
001111119195712012040444
003111119195712012050354
006111119195712011000713
001111119195715014010539
003111119195715012050204
006111119195715011000677
001111119195717014010457
001111119195718014010605
006111119195718011000525
003111119195719015010737
001111119195720014010510
006111119195721015090628
002111119195721019100028
003111119195722012050369
001111119195722012040433
006111119195722011000525
002111119195723014030031
006111119195723011000717
006111119195724011000525
001111119195725012060353
001111119195727013010347
001111119195729012040222
003111119195729012020390
006111119195729011000729
003111119195730012020358
003111119195731012060312
001111119195731012020121
006111119195731011000277
001111119195733012050315
003111119195733012030396
001111119195735012050183
006111119195736011000727
001111119195737012040438
006111119195737011000731
001111119195739014010563
003111119195740013010270
001111119195741015010758
001111119195742014010607
003111119195743012050311
006111119195744011000263
009111119195744012100403
003111119195745012040454
001111119195745014010264
002111119195746015030262
001111119195747012030372
006111119195747011000668
003111119195749013010689
001111119195749014010615
006111119195749011000263
001111119195751014010606
006111119195751015090632
003111119195752012040406
004111119195752013030645
001111119195753014010338
003111119195754012040469
008111119195754015020638
006111119195754015090617
001111119195755014010575
003111119195756012020393
003111119195757012020286
001111119195757014010548
006111119195757015090620
004111119195758012130310
003111119195759012060414
001111119195759014010492
004111119195759012160236
002111119195759019050234
006111119195759015090618
002111119195800019050234
001111119195801012050368
006111119195801011000710
003111119195803012020269
008111119195803015020624
001111119195804012020368
006111119195805015090616
004111119195806012160271
001111119195807014010003
004111119195808012170218
001111119195808013010746
006111119195808011000712
006111119195809011000408
001111119195811014010573
006111119195811011000276
004111119195813012170257
006111119195813011000408
001111119195814015010632
001111119195815012010014
003111119195815015010805
004111119195815012140149
002111119195816012160230
006111119195818011000262
003111119195820013010806
001111119195820013010446
006111119195821015090580
003111119195822012040300
003111119195824012060365
001111119195824012030344
006111119195825015090631
002111119195827015030475
003111119195827012040429
001111119195827013010199
003111119195829012060166
001111119195829012020332
006111119195830011000581
003111119195832015010610
002111119195833012130340
001111119195835013010213
003111119195835012010398
001111119195836012030335
003111119195836013010695
004111119195837013030508
006111119195837011000648
006111119195838011000408
001111119195841012030404
004111119195841014030440
006111119195841011000408
003111119195842015010801
002111119195842019100032
002111119195843015030466
001111119195844015010789
006111119195844011000231
003111119195845012050364
001111119195847015010804
006111119195849015090568
001111119195850012020348
003111119195852012060384
006111119195852011000041
001111119195853012020398
003111119195854012060356
006111119195854011000586
001111119195856012060397
004111119195856012130116
003111119195857012030366
001111119195858013010358
006111119195858011000573
001111119195901014010537
004111119195901012170144
006111119195902011000656
001111119195903014010584
004111119195904012130205
001111119195905015010784
006111119195905011000440
001111119195907014010157
006111119195908019100065
001111119195909012010277
002111119195909019050240
001111119195911014010580
003111119195911012050351
006111119195911011000678
001111119195913012010019
006111119195913015090611
001111119195915012050225
004111119195915012150271
006111119195915011000601
001111119195918012050194
006111119195918011000086
001111119195920012020311
002111119195922012170306
003111119195922012050365
004111119195922012140043
006111119195922015090629
004111119195925012160222
002111119195925012150226
006111119195925011000001
006111119195927011000694
001111119195928012010385
002111119195929014030279
006111119195930011000730
002111119195932015030476
001111119195934015010795
002111119195934012160308
006111119195935011000733
001111119195936014010598
002111119195937014030470
006111119195938011000410
002111119195939014030424
002111119195942014030381
004111119195943012170253
006111119195943011000663
002111119195944014030325
002111119195945013030485
002111119195947014030454
004111119195947012170209
006111119195947011000566
002111119195950014030390
006111119195950011000498
008111119195950015020640
003111119195952012030293
002111119195952014030087
008111119195953015020681
002111119195954014030425
003111119195954013010768
002111119195956012170053
002111119200000012180287
006111119200001011000663
001111119200002012060415
002111119200002019060095
002111119200003014030484
004111119200004012170222
002111119200005012140405
002111119200006019050225
003111119200007013010714
006111119200007011000258
002111119200008015030434
004111119200008012150312
003111119200010012020400
006111119200010011000718
002111119200011013030596
004111119200011012180260
003111119200012012010389
006111119200012011000491
002111119200014012150304
003111119200015012020162
004111119200015012140470
006111119200015011000726
002111119200016012140086
006111119200016011000643
004111119200018012170193
006111119200019011000692
002111119200020012140469
004111119200020013030071
004111119200022012170286
006111119200022011000654
002111119200024019060108
002111119200025012170077
003111119200025012010389
006111119200025015090579
004111119200025012170297
001111119200027014010524
004111119200027012170298
006111119200028011000719
004111119200029013030641
006111119200030011000654
004111119200030012170265
002111119200032015030431
004111119200032012140469
001111119200033012060378
004111119200033012150270
001111119200034014010604
002111119200034019050228
006111119200035015090621
001111119200036014010525
004111119200036012170195
002111119200037014030393
001111119200037014010208
004111119200037012170077
006111119200038015090621
001111119200039014010267
004111119200040012180284
002111119200041014030077
006111119200041011000051
001111119200042014010424
004111119200043012160280
002111119200044012170194
001111119200044014010603
006111119200044015090608
004111119200044012140363
004111119200046012140446
002111119200047012170235
006111119200047015090608
003111119200048013010808
004111119200048012130335
001111119200049012010403
006111119200049015090627
003111119200051013010780
001111119200052014010295
006111119200053015090627
006111119200056011000078
002111119200056019100044
004111119200058015030460
002111119200059015030386
001111119200100015010407
004111119200101015030368
003111119200102013010520
002111119200103014030336
006111119200104011000666
004111119200105012140421
002111119200105019050209
003111119200107012030317
006111119200109019100018
002111119200110019020389
002111119200112012170287
002111119200112019020390
004111119200112012180220
002111119200114015030356
004111119200114012140437
002111119200117012160296
002111119200118012180266
003111119200119012060369
002111119200119019020398
004111119200120012140442
002111119200121012150203
004111119200122012180266
002111119200124015030424
002111119200126015030343
004111119200126012150268
006111119200126011000640
001111119200128014010526
002111119200128015030244
004111119200129012150203
006111119200129011000640
006111119200132011000640
004111119200133012160300
002111119200134015030438
006111119200135011000627
004111119200135012160291
006111119200137011000422
004111119200137012150299
002111119200138014030489
006111119200140011000627
004111119200140015030112
002111119200141015030442
006111119200142011000422
002111119200143015030383
002111119200146015030468
004111119200147015030395
002111119200150014030438
004111119200150012160143
002111119200152015030101
001111119200152012010010
004111119200153015030371
002111119200154015030389
002111119200156012170303
004111119200156012180206
003111119200157013010702
002111119200158012180297
004111119200158015030439
003111119200200013010294
001111119200200012010190
002111119200201015030473
004111119200204012160085
002111119200205012130337
004111119200207012160088
004111119200209012180159
003111119200211012010190
004111119200211012170146
004111119200214012140460
002111119200215015030388
004111119200215012180278
002111119200218015030477
004111119200218015030246
002111119200218019050224
001111119200219012040367
004111119200220015030306
002111119200222015030423
001111119200225014010401
002111119200226015030461
004111119200226015030306
004111119200229015030437
002111119200230015030474
002111119200236019100018
004111119200243012170267
001111119200244014010538
002111119200246015030478
004111119200247012130091
001111119200250014010581
001111119200253012030350
004111119200258012180296
002111119200301019110049
004111119200301012160190
002111119200304015030444
001111119200305014010241
001111119200306014010053
002111119200306019110033
001111119200309014010103
004111119200310012160163
001111119200311014010614
004111119200313012130267
003111119200314014010436
001111119200315014010613
002111119200318015020655
004111119200318013030550
002111119200320015020598
002111119200322015030402
002111119200323015030410
002111119200326012180252
002111119200329012180252
004111119200329012170056
002111119200330015030187
002111119200333012170271
004111119200333012160233
002111119200335015030279
004111119200335012160104
002111119200337015030470
004111119200338012160087
004111119200340012140088
004111119200342012180259
002111119200344019060003
004111119200354012180251
002111119200357012180308
002111119200400012170305
002111119200437019020335
002111119200440019020373
004111119200449012180157
004111119200450013030587
002111119200503019110048
002111119200507019110046
002111119200509019020377
002111119200513019110050
001111119200516014010332
001111119200518014010578
002111119200519019020399
002111119200526012140419
002111119200530015030441
002111119200552019050152
002111119200555019050222
003111119200604015010738
002111119200606019020349
002111119200630019020211
002111119200640012160012
004111119200642012160282
004111119200646015030408
004111119200647015030443
004111119200649015030457
009111119200650012120421
004111119200652015030465
002111119200658019020333
009111119200706012120489
002111119200709019020327
008111119200712012120421
002111119200714019020127
002111119200720019070014
004111119200806013030530
002111119200809019050242
002111119200813019020275
002111119200818019050242
004111119200852013030246
002111119200924019020313
002111119200927019050214
002111119200951019020393
002111119200956019020391
002111119201018019110002
002111119201218019030042
002111119201223019050091
002111119201226019020186
002111119201306019020368
002111119201308019020401
002111119201351019060033
001111119201511015010473
001111119201514015010781
001111119201515015010793
001111119201517015010682
001111119201539015010802
001111119201542015010788
001111119201543014010565
002111119201555019050235
001111119201607015010716
001111119201610015010669
001111119201612015010683
001111119201616015010668
003111119201618015010798
001111119201622015010693
001111119201630015010797
002111119201700019050170
002111119201702019010116
002111119201707019050170
001111119201719015010790
001111119201723015010596
001111119201726015020469
001111119201729015020563
001111119201731015010766
001111119201734015010678
001111119201741014010452
002111119201815019050213
002111119201918019060120
002111119201949019110037
002111119202311019060103
001111119202715019050245
002111119202900019070031
002111119203652019070038
002111119203657019040009
002111119203803019020340
002111119203921019070001
001111119204005016010024
002111119204019019060119
002111119204023019060107
001111119204356016010120
008111119204627014020589
008111119204634014020626
008111119204637014020565
009111119204640014020563
008111119204640014020625
008111119204641014020625
008111119204646014020288
008111119204649014020627
008111119204700014020550
008111119204702014020305
009111119204706013020783
008111119204706012080438
008111119204708012120473
009111119204708014020513
008111119204709012120473
008111119204712014020620
009111119204713014020602
008111119204715014020582
009111119204716014020607
008111119204718014020568
009111119204719014020502
008111119204721014020120
009111119204721012070006
008111119204723013020515
009111119204726012110446
008111119204726012110483
008111119204728014020331
009111119204729014020501
008111119204731014020622
008111119204733014020594
009111119204733012110455
009111119204735012110455
008111119204736014020616
009111119204738012110455
008111119204740014020619
009111119204742012110427
009111119204745012120482
009111119204748014020618
009111119204758014020598
008111119205010012110481
001111119205116015020500
002111119205151019050084
001111119205228016000064
001111119205246014010536
001111119205249014010411
001111119205251014010460
002111119205252016000090
001111119205255014010555
002111119205257019110006
002111119205258019110006
001111119205303014010068
001111119205311014010357
001111119205334014010440
001111119205339015010017
001111119205342015010129
001111119205348014010612
001111119205357014010493
001111119205412014010011
001111119205428014010535
002111119205614019110043
001111119210336012010170
002111119211906019020263
002111119212102019040020
002111119212112019040023
002111119212118019040030
002111119212121019040030
002111119212126019040028
002111119212146019040021
002111119212148019040021
002111119212149019040006
002111119212202019040033
002111119212212019040034
002111119212250019040032
009111119212332014020606
009111119212333014020623
002111119213655019010118
002111119213658019010108
002121119071958016000090
001121119072009016010045
001121119072013016010081
001121119072017016010119
001121119072020016010095
001121119072026016010130
001121119072029016010125
001121119072032016010098
001121119072036016010032
001121119072049016010056
001121119072152019010125
001121119072212016010105
001121119072235016010120
001121119072238016010128
001121119072241016010048
001121119072332016010090
001121119072401016010080
001121119072407016010121
001121119072434016010050
001121119072441016010110
001121119072444016010084
001121119072448016010122
001121119072522016010071
001121119072537016010073
001121119072550016010077
008121119072635016010129
008121119072636016010129
009121119072638016010129
009121119072647016010129
001121119072721016010100
001121119072845016010106
002121119072953019020083
002121119073051019110027
001121119073101016010079
006121119073122011000078
006121119073139011000359
001121119073139016010124
001121119073206016010082
006121119073212011000051
002121119073225014030055
006121119073231013020067
001121119073310016010024
002121119073338019030045
009121119073409015020668
009121119073412013020851
002121119073422019020231
001121119073440016010127
003121119073444014010606
002121119073515003715787
002121119073519003715787
002121119073520015030444
002121119073523015030444
002121119073526003715787
002121119073542019020275
002121119073605019100046
002121119073614019060003
003121119073632013010771
002121119073640015030473
009121119073641013020387
002121119073643015030476
002121119073652013030592
003121119073710013010365
003121119073714013010270
002121119073718019050188
009121119073728014020404
003121119073745012060426
008121119073745015020640
002121119073752019020340
001121119073758013010802
002121119073806014030421
001121119073806016000152
001121119073808015010797
001121119073810014010565
008121119073813012110490
008121119073820012070437
002121119073821012150203
004121119073823012160136
004121119073829012150203
008121119073835012070437
008121119073838012070437
009121119073844012070387
008121119073846014020588
009121119073847012090422
004121119073855012150295
003121119073908013010007
009121119073911014020451
004121119073913013030625
002121119073914019110005
009121119073921013020849
004121119073921013030624
003121119073927012040293
001121119073931014010584
003121119073932012010019
001121119073936012020324
001121119073943015010737
006121119074000011000675
003121119074004012030276
009121119074006012110437
002121119074009012130165
003121119074014013010777
009121119074015013020844
006121119074017011000692
003121119074023013010800
002121119074026012180252
004121119074026012180046
009121119074028013020606
002121119074045019020186
004121119074048012140467
002121119074056019060114
004121119074057012180299
008121119074059012110482
004121119074119012170178
002121119074124019020400
002121119074132019020383
008121119074134012120489
004121119074135014030342
001121119074136012060429
001121119074140013010479
004121119074140015030463
002121119074153015030428
002121119074156019050217
002121119074201019100039
001121119074204012060430
002121119074208019050235
003121119074210013010726
006121119074211013020543
003121119074214013010550
008121119074214013020692
002121119074217012140379
003121119074218012050254
008121119074218013020532
003121119074222013010677
004121119074222012130312
001121119074225012060397
001121119074225016000073
008121119074231012090405
008121119074234012090405
002121119074236019050214
009121119074239015020683
003121119074245012040476
001121119074249012060369
004121119074255012150098
006121119074304011000699
004121119074315012140167
002121119074316012160275
006121119074316013010009
002121119074318019020286
004121119074321013030565
006121119074343011000573
003121119074344012060007
001121119074346012060095
001121119074351012030333
006121119074352011000710
004121119074353012150135
006121119074356015090621
003121119074359012030402
006121119074359011000677
004121119074402012180251
008121119074403013020703
006121119074404011000445
003121119074406012040442
002121119074408019050112
004121119074412013030443
003121119074414012030398
009121119074414012080463
002121119074416019040024
008121119074417013020864
006121119074417015090627
008121119074418013020864
009121119074419013020683
002121119074423019050227
009121119074424012090411
002121119074426019030047
009121119074428013020438
004121119074433012140456
002121119074434014030400
002121119074442012180288
002121119074444019050164
003121119074446015010798
008121119074447012080467
008121119074448012080467
003121119074456013010505
002121119074457012130297
006121119074504015090568
004121119074504012150190
003121119074507013010672
004121119074508012180284
008121119074509012090351
006121119074513011000677
009121119074513014020501
001121119074517015010129
002121119074517013030509
003121119074517013010651
001121119074517016000062
002121119074518019020394
006121119074518012110223
004121119074521013030509
008121119074526015020647
009121119074529015020635
002121119074530012140445
003121119074531012020348
002121119074531019020180
002121119074533013030618
009121119074533012070435
004121119074534012150318
009121119074537012070010
009121119074539012100423
009121119074542012110466
002121119074543019040028
003121119074544015010801
002121119074546019050213
003121119074549012060414
002121119074550019050213
002121119074552012140458
004121119074552015030465
009121119074553012110151
006121119074554015090621
002121119074555012160291
009121119074557012120473
004121119074559012130341
009121119074559012120473
003121119074601014010003
004121119074603012170144
006121119074605011000722
009121119074607015020658
002121119074607019070014
006121119074608013020068
004121119074611014030334
002121119074614014030239
004121119074616015030368
009121119074617013020873
009121119074618012070432
002121119074620019050216
008121119074620015020620
008121119074623012090375
003121119074629013010601
009121119074630015020029
001121119074631014010614
008121119074632012070148
001121119074634018010067
009121119074634012100429
009121119074637012080466
002121119074637019020061
001121119074641015010632
003121119074642012020121
001121119074643014010597
001121119074645012020366
006121119074645013010014
001121119074648014010558
002121119074648015030474
006121119074648013010001
004121119074649013030617
004121119074651012170292
002121119074653019010124
004121119074654012170279
003121119074657012010247
008121119074657013020818
004121119074658012130280
009121119074659012090404
002121119074700015030343
003121119074701015010687
004121119074701013030382
002121119074701019020095
002121119074703019060107
006121119074703013010321
003121119074704012060374
002121119074705012130305
003121119074706012040192
001121119074707015010787
009121119074708012070445
003121119074709012060384
001121119074709012040461
002121119074709019010134
001121119074710012040462
006121119074710019100066
002121119074712013030638
001121119074713013010700
003121119074713013010788
009121119074714012070414
003121119074717012010364
001121119074717012020285
004121119074718012150196
009121119074718013020745
006121119074719011000683
003121119074721012040447
001121119074723012010419
002121119074724012140457
008121119074724012080431
001121119074725015100546
009121119074730012110414
006121119074733011000343
009121119074733012070384
009121119074734012070384
008121119074734012110377
001121119074735014010600
003121119074736012020288
001121119074737013010755
009121119074737012080189
006121119074737012040209
008121119074738015020639
003121119074739015010704
001121119074739012040438
009121119074739013020766
009121119074741012070441
002121119074743015030434
001121119074744014010440
002121119074744019020127
009121119074744013020821
006121119074744011000258
009121119074745013020821
009121119074746013020850
001121119074747012010011
008121119074747012100434
003121119074750015010805
008121119074750012100006
009121119074750013020755
004121119074750013030246
001121119074751012030404
001121119074752016000126
001121119074753015020500
009121119074753013020823
001121119074753016000126
009121119074756012090393
004121119074757012160271
008121119074757012090379
009121119074758012090248
001121119074800015030454
003121119074801012010309
009121119074801015020679
008121119074802012110488
002121119074803012140389
009121119074803015020679
003121119074805012020400
006121119074806011000729
009121119074808013020878
001121119074809019020282
003121119074811013010199
003121119074814012020228
002121119074815019020211
009121119074817013020858
002121119074818014030226
003121119074820012050313
006121119074820012080131
004121119074821012170257
008121119074822014020633
009121119074826013020515
002121119074827019020313
004121119074829013030075
009121119074830012110474
004121119074832013030187
008121119074833012100257
002121119074833019020393
001121119074834018010054
006121119074834011000586
009121119074835012090267
004121119074835012160224
001121119074836012040354
008121119074836012120484
003121119074838013010577
004121119074838012140435
002121119074838019100008
009121119074838012110367
006121119074839014030087
003121119074840013010781
004121119074840012160224
001121119074841012040405
003121119074842012030399
001121119074843012040444
003121119074844014010598
002121119074844019110033
004121119074844013030545
006121119074845011000165
009121119074846012100411
003121119074847012020390
004121119074847012150274
008121119074848015020654
008121119074850012110454
004121119074851012130242
001121119074852015010758
008121119074852015020674
009121119074853012110484
004121119074854015030445
001121119074855012050213
008121119074855013020855
003121119074856012030036
004121119074856014030077
008121119074858013020859
003121119074859012020402
004121119074900012140462
008121119074902012100379
002121119074904012180157
004121119074905012170073
006121119074905012020037
002121119074906019020318
002121119074907014030489
004121119074908013030504
002121119074909014030424
002121119074911012180249
004121119074911012170258
001121119074912012020385
006121119074912015090580
009121119074912013020824
002121119074914012180273
004121119074914012160075
008121119074915012100432
002121119074916012150091
006121119074916011000651
002121119074919012150283
009121119074920013020877
006121119074920011000686
003121119074921012060359
009121119074922013020877
008121119074922013020778
002121119074923014030159
003121119074923012040414
009121119074923013020877
006121119074923011000694
008121119074924013020778
003121119074925013010803
001121119074925012050285
008121119074927015020681
009121119074927012080456
008121119074930014020394
002121119074930019100018
003121119074931013010806
004121119074932012180259
009121119074933012080375
002121119074933019110002
009121119074936013020562
008121119074936013020808
003121119074937013010776
009121119074938012120461
002121119074939013030639
004121119074939012140464
003121119074940013010541
009121119074941015020545
008121119074942012080462
002121119074943014030404
003121119074943012060432
004121119074943012140466
009121119074944012100380
009121119074945012070407
008121119074947012080267
001121119074948015010678
009121119074948012080350
008121119074949012080343
002121119074950019050243
001121119074952012050358
002121119074952019050243
002121119074954013030563
003121119074954013010580
006121119074954011000666
004121119074955012160282
002121119074955019020079
002121119074956019020079
008121119074958012120476
002121119074958019010109
003121119074959012060427
006121119074959011000717
001121119075000012040433
003121119075002012030387
008121119075003012120479
009121119075003012110297
001121119075004018010072
003121119075005012060364
009121119075005012100134
006121119075006011000704
008121119075006012070444
004121119075006013030398
003121119075007013010787
001121119075008015010766
009121119075008015020502
008121119075008012110143
003121119075010013010785
001121119075010012030242
009121119075011012110351
006121119075011012160021
008121119075011012070442
004121119075012013030646
002121119075013019100070
003121119075014013010772
002121119075014019100070
001121119075015012030356
002121119075015019020103
009121119075015013020753
002121119075016013030627
008121119075017012090418
009121119075017013020780
006121119075018011000041
003121119075019012050365
001121119075024012050344
003121119075024012010162
001121119075024018010047
009121119075024012070193
002121119075025014030390
006121119075025011000473
001121119075026014010612
003121119075027013010693
009121119075028012110427
004121119075028012140434
003121119075029012010389
006121119075029011000517
002121119075029019050242
003121119075031012060434
006121119075033019100008
002121119075034019040033
008121119075034012070448
008121119075036012080464
009121119075036012070244
002121119075037019100028
006121119075037011000681
009121119075039012080457
009121119075041012080135
001121119075043012030381
009121119075044015020680
008121119075045013020831
002121119075046019020260
009121119075048015020469
008121119075049015020676
006121119075049015090603
003121119075050013010794
004121119075050013030551
002121119075051019050084
008121119075051015020676
009121119075052012100218
006121119075053013020240
004121119075053012170194
001121119075054015010693
002121119075055012150249
003121119075055014010605
008121119075055016010123
001121119075056012060405
003121119075057012030256
002121119075058012180253
006121119075058011000706
008121119075058013020883
004121119075059012170146
008121119075059013020883
002121119075059019050225
003121119075100013010347
002121119075100012130250
009121119075100014020625
006121119075101015090618
003121119075102014010452
001121119075102012010341
004121119075102012160285
002121119075103012130333
003121119075104014010208
001121119075104015010753
001121119075106012020383
006121119075106015090608
004121119075106013030506
004121119075110012180171
009121119075110012080220
006121119075110014010053
008121119075111013020188
004121119075113012130214
009121119075113012080396
003121119075114013010799
008121119075114012080461
002121119075115012160259
009121119075115012080396
004121119075116012150073
008121119075117013020763
006121119075117011000564
004121119075117013030516
001121119075117013020180
003121119075118012040453
001121119075118014010548
009121119075118014020486
001121119075119012040458
006121119075120015090617
004121119075120013030641
001121119075121013010446
001121119075123014010201
004121119075123012140088
009121119075123013020574
001121119075126015010682
003121119075126013010426
006121119075127011000408
003121119075128012050308
001121119075128014010460
004121119075128012160280
002121119075128019020377
004121119075129015030443
001121119075131015010793
003121119075131013010624
002121119075131012130319
006121119075132012010292
009121119075132012080345
002121119075132019050029
004121119075134012180278
006121119075135016010086
003121119075136013010520
009121119075136012070344
006121119075138013030188
004121119075138012170195
003121119075139012020332
001121119075139015010788
009121119075139012110410
009121119075140012070428
003121119075141013010770
006121119075141013010015
008121119075142013020881
009121119075143012100322
001121119075144012010409
003121119075144015010792
006121119075144011000687
008121119075145013020881
003121119075146014010604
002121119075146015030410
009121119075146012090350
001121119075147013010023
006121119075148011000663
001121119075149013010688
003121119075149012040469
009121119075149015020657
003121119075151013010758
001121119075151012060005
008121119075151012080430
009121119075151013020681
004121119075152012150287
001121119075153015010669
002121119075153019020221
008121119075153015020666
009121119075153013020865
006121119075153011000732
003121119075154012030403
002121119075154012150278
006121119075155011000408
003121119075156012050307
002121119075156014030482
001121119075156013010712
009121119075156013020542
008121119075156012120392
001121119075158013010176
004121119075158012140149
003121119075159012010329
002121119075159012160308
006121119075159011000262
008121119075159012070321
009121119075159012110487
001121119075201014010033
003121119075201013010727
006121119075202011000714
008121119075202012080123
009121119075202012070421
002121119075203012140453
001121119075203013010549
003121119075204012050310
004121119075204014030336
006121119075204011000707
001121119075205012020345
009121119075205012080163
008121119075205012070331
004121119075206012180276
003121119075207012030304
001121119075207013010011
006121119075207012020137
009121119075207012080419
001121119075207013030157
003121119075208012020086
004121119075208013030498
002121119075208019100068
001121119075209015010596
009121119075209014020630
006121119075209012130116
008121119075209012100224
001121119075210012040425
003121119075211012050368
004121119075211013030629
009121119075211013020836
001121119075212012040403
006121119075212011000700
004121119075213013030622
003121119075214012040337
009121119075214013020674
002121119075214019050026
008121119075215012100444
002121119075216014030366
003121119075216012040437
004121119075216012170253
006121119075216015090632
008121119075216015020669
009121119075217013020879
001121119075218014010357
006121119075218011000731
002121119075218019050126
004121119075218012150100
002121119075219012140419
004121119075219013030458
003121119075220012040376
008121119075220013020862
009121119075220012100418
006121119075220011000718
001121119075221014010316
003121119075222013010575
004121119075222013030507
001121119075223014010526
006121119075223015090620
009121119075223012100318
003121119075224013010763
008121119075224013020797
009121119075224012070368
001121119075224018010059
002121119075225015030356
001121119075226014010011
009121119075226012070403
004121119075226012180307
003121119075227013010625
006121119075227011000598
001121119075227018010059
008121119075227013020837
003121119075228012060400
008121119075228015020604
009121119075228012070403
002121119075229014030426
001121119075229012060259
004121119075229015030246
008121119075230015020652
002121119075230019020368
006121119075230011000727
008121119075231015020652
004121119075231012180206
009121119075231014020523
003121119075232012020396
008121119075233012120488
006121119075233014030174
009121119075233014020563
004121119075234012170193
002121119075234019100032
003121119075235012030389
006121119075236012040300
009121119075236015020677
004121119075236013030448
008121119075236012080458
003121119075238014010241
002121119075238014030418
001121119075238012030352
002121119075238019110048
004121119075238013030482
009121119075239013020255
006121119075239015090579
008121119075239012110373
003121119075241013010735
001121119075241015010752
004121119075241013030546
002121119075241019100013
009121119075242012070429
006121119075242011000670
008121119075242012080448
003121119075243012050345
001121119075243012040410
004121119075243013030339
006121119075244012130091
002121119075244019060086
009121119075244013020767
001121119075245013010762
008121119075245014020231
001121119075246012010408
004121119075246013030386
003121119075247015010794
002121119075247015030337
006121119075247012180106
009121119075247012100284
001121119075248012020333
008121119075248014020528
002121119075248019030042
009121119075249014020589
004121119075249012170218
003121119075250014010603
008121119075250012110483
006121119075251011000231
009121119075252012110353
004121119075252012160287
002121119075252019100061
003121119075253015010769
008121119075253012110412
009121119075255012100431
004121119075256015030371
006121119075256014030056
008121119075256012090017
009121119075257012090256
004121119075257014030440
002121119075257019040035
003121119075258013010646
001121119075258014010563
008121119075259012100288
009121119075300012120256
006121119075300011000713
003121119075301012030372
001121119075301012050224
004121119075301013030356
004121119075302013030636
003121119075303012050315
009121119075303013020874
001121119075304013010006
004121119075304012140388
008121119075305014020567
006121119075305011000713
003121119075306013010710
009121119075306012080459
003121119075307012060421
004121119075307012180185
009121119075308012100323
008121119075308013020832
003121119075309013010473
009121119075309012100323
008121119075310012120415
003121119075311012040423
001121119075311012010340
009121119075311012090302
004121119075311013030120
009121119075312013020685
002121119075312019110037
006121119075313011000595
008121119075313012070427
003121119075314012050363
009121119075314012100334
004121119075315012160310
001121119075315016000025
001121119075316016000025
003121119075317012030344
004121119075317012170290
006121119075317011000632
002121119075317019020150
003121119075318012030266
009121119075318013020651
002121119075319013030649
006121119075320011000203
008121119075320012070193
004121119075321012160088
009121119075321012090335
002121119075321019100072
003121119075322012020344
002121119075322013030648
001121119075323019050245
004121119075323013030637
009121119075323012090383
003121119075324015010751
008121119075324015010696
002121119075326012150309
001121119075326014010068
009121119075326015020591
004121119075326013030508
008121119075328012080383
001121119075329012060353
006121119075329011000690
009121119075329012070440
002121119075329019020382
004121119075329012170268
003121119075331012050225
008121119075331012120350
009121119075332012090333
004121119075332015020655
003121119075334012040470
006121119075334011000678
001121119075335012040417
004121119075335013030440
009121119075336012110455
003121119075337012030390
002121119075337012130282
004121119075337014030423
006121119075337011000627
001121119075338012010170
009121119075339012110400
003121119075340012050366
006121119075340011000440
008121119075342012100439
001121119075343012050360
003121119075343012050350
006121119075343011000086
004121119075344015030437
009121119075344013020536
003121119075345012040465
006121119075346011000720
003121119075347014010492
004121119075347012150319
001121119075347016000101
009121119075348012070264
006121119075348011000568
003121119075350012040222
001121119075350016000101
004121119075350012150307
006121119075351011000627
009121119075351012080468
002121119075352019020327
004121119075352012130210
003121119075353012040397
008121119075353013020867
006121119075353011000574
009121119075354014020626
003121119075355015010803
001121119075355012060407
002121119075356012150201
001121119075356014010596
008121119075356012120491
009121119075356013020468
006121119075356011000594
003121119075357012060166
004121119075357013030576
002121119075358013030587
006121119075358011000728
008121119075359012110178
009121119075359012110446
003121119075400012050369
009121119075400012120368
004121119075400014030438
002121119075400019030048
006121119075401011000639
003121119075402013010759
008121119075402015020535
004121119075402012180144
009121119075403013020706
003121119075404012050028
001121119075404014010569
006121119075404014030096
001121119075405016000168
002121119075406019050091
009121119075406012120493
004121119075406012130059
003121119075407012030386
008121119075407012070286
001121119075407016000168
003121119075408012030261
009121119075408013020861
006121119075408013020428
004121119075409013030496
003121119075410012040382
008121119075410013020723
004121119075411012140421
009121119075411013020758
006121119075411011000715
003121119075412013010606
001121119075413013010035
006121119075413012020340
003121119075414012050364
002121119075414019050212
004121119075414013030606
009121119075414012110461
002121119075415012160313
003121119075416013010662
001121119075416014010157
006121119075416012140043
009121119075417012110460
002121119075417019060119
001121119075417018010070
004121119075417013030084
002121119075418012160215
001121119075418015010615
001121119075419012050179
003121119075419015010716
004121119075419012130290
009121119075419012120412
008121119075421012090421
001121119075421016000007
001121119075422016000064
003121119075422013010542
002121119075422015030436
004121119075422012150312
003121119075423013010460
006121119075423011000276
001121119075424012030365
008121119075424013020882
004121119075424012180271
001121119075424016000007
002121119075425012130263
003121119075426012040353
001121119075426016000007
002121119075426019020007
006121119075426011000065
001121119075427014010571
003121119075427012020286
008121119075427014020092
004121119075427012180272
001121119075427016000001
001121119075428012050321
009121119075428015020057
003121119075429015010721
002121119075429019020346
004121119075430012180272
008121119075430013020810
003121119075431013010413
001121119075431015010790
001121119075431015100557
001121119075432012050343
009121119075432013020843
002121119075432019100044
003121119075433013010654
008121119075433012100424
001121119075434015010781
004121119075434012180272
009121119075434012080452
001121119075434016000166
003121119075435012010422
008121119075435012120143
001121119075436012040355
004121119075436013030535
003121119075437012060410
001121119075437014010615
009121119075437015020580
002121119075437019100063
008121119075438012100400
003121119075440012010393
001121119075440012040131
004121119075440012180272
009121119075440012100436
003121119075441012030355
008121119075441012100347
001121119075442015010683
009121119075443015020568
008121119075443012100441
003121119075445013010732
001121119075446012010277
003121119075446012030366
008121119075446015020623
009121119075446015020478
003121119075448015010550
001121119075448012020111
002121119075448019040034
004121119075448012150271
001121119075448013020226
009121119075449012110421
002121119075450012170295
003121119075451012040452
001121119075451014010424
006121119075451013030176
009121119075452012070443
008121119075452013020017
001121119075453012010355
003121119075453012010414
001121119075455013010798
002121119075455012140425
009121119075455012100442
008121119075455012080427
006121119075455011000643
003121119075456012020389
002121119075456019110050
001121119075457012010348
002121119075457012140148
004121119075457012150294
009121119075458012100223
001121119075458015030112
001121119075459015010738
008121119075459014020598
002121119075459019050230
006121119075459011000724
002121119075500012170305
001121119075501012050309
009121119075501012080284
003121119075502014010432
009121119075502012120478
002121119075503019050241
002121119075504016000144
004121119075505012160163
009121119075505013020701
004121119075508012140443
009121119075508013020644
003121119075509012020352
002121119075509019050170
002121119075510014030458
001121119075510012060349
009121119075510013020411
008121119075510013020504
006121119075510011000525
004121119075511013030577
001121119075512012010403
008121119075513012100201
009121119075513013020749
001121119075514012010415
004121119075514012170265
003121119075515012050266
006121119075515011000555
008121119075515013020863
009121119075516012120434
001121119075517014010573
004121119075517013030264
003121119075518015010610
001121119075518014010411
002121119075518012170293
009121119075518012100420
006121119075518013020581
002121119075518019110029
008121119075518014020180
009121119075519012100398
002121119075519019110029
008121119075519015020577
001121119075519015100560
004121119075519012180220
001121119075521012040464
003121119075521012040406
001121119075522014010580
003121119075522012060428
006121119075522013020397
004121119075522014030425
008121119075522014020608
001121119075523014010264
009121119075523014020581
002121119075524013030631
004121119075524012160114
001121119075524015010763
008121119075524012120395
003121119075525014010436
001121119075525014010555
009121119075526015020646
008121119075526012110489
002121119075526019050239
001121119075527012010338
003121119075528013010807
009121119075528012110354
001121119075529014010613
006121119075529011000277
002121119075529019020401
003121119075530015010668
004121119075530012140086
001121119075531013010734
009121119075531015020386
008121119075531012120454
003121119075532012050303
002121119075532012180275
008121119075532012120454
006121119075532012070006
004121119075532015030389
001121119075533015010017
009121119075533012100367
002121119075534015030351
001121119075535012030350
003121119075535012030342
008121119075535014020538
001121119075536012020306
006121119075536015090616
004121119075536015030467
009121119075536012100329
002121119075537013030484
004121119075537013030628
008121119075537013020819
003121119075538012010237
009121119075538012080364
001121119075539012060383
004121119075539012160143
002121119075539019080001
002121119075540015030262
001121119075540012060253
006121119075540012110087
008121119075540012120354
003121119075541013010190
001121119075542015010450
008121119075542015020684
009121119075542013020789
003121119075543013010737
001121119075543012040468
006121119075543011000726
002121119075543019100052
004121119075543012140444
002121119075544014030476
001121119075544014010599
008121119075544015010796
009121119075544013020789
003121119075545012040473
002121119075546012130288
004121119075546014030459
003121119075547012050351
002121119075547014030450
004121119075547013030548
002121119075547019030022
009121119075547012090330
008121119075548012070447
006121119075548012050129
002121119075549012130338
009121119075549014020606
003121119075550012030401
004121119075550013030379
001121119075550016000139
001121119075551016000169
002121119075551013030642
008121119075551012080078
004121119075551012150263
001121119075552012020376
002121119075552019060095
009121119075552015020531
003121119075553013010682
002121119075553012140442
001121119075553016000157
006121119075553015090628
002121119075554012180287
004121119075554012140460
008121119075554012110485
002121119075555019060102
009121119075555012070382
003121119075556012060309
002121119075556012180308
003121119075557012050238
001121119075558014010570
009121119075558012090396
008121119075558014020493
004121119075558012150304
002121119075559015030459
001121119075559013010804
003121119075600012060381
004121119075601012150268
009121119075601012080380
003121119075602012040466
001121119075602013010747
004121119075602013030603
006121119075602019100071
008121119075602012100403
009121119075603012080424
004121119075604012130322
009121119075604012080424
001121119075605013010021
008121119075605012110424
003121119075606012040467
004121119075606012180258
009121119075606012090357
006121119075606013020412
001121119075607014010510
002121119075608012160306
003121119075608015010717
004121119075608012180158
009121119075609012100405
002121119075610013030465
003121119075610012030327
006121119075610012020274
008121119075610013020822
009121119075611012120425
004121119075611012140469
001121119075612016000161
003121119075613012030400
002121119075613012150314
006121119075613011000001
004121119075613013030425
008121119075613015020013
002121119075614012150299
008121119075614012090348
009121119075614012100312
003121119075615013010598
008121119075615012090348
006121119075615012160012
001121119075616014010575
003121119075616012060379
002121119075617012130339
009121119075617013020572
004121119075617012180277
003121119075618012040373
004121119075618012150128
008121119075618014020592
002121119075619015030431
001121119075620012040346
003121119075620013010695
006121119075620011000601
009121119075620013020610
002121119075621014030290
001121119075621015100551
001121119075622012040426
004121119075622012160243
001121119075623015010784
003121119075623013010522
006121119075623012020010
009121119075623012090400
002121119075624012140468
004121119075624015030395
001121119075625012040450
009121119075625012070422
003121119075626012030230
002121119075626015030466
006121119075626011000283
009121119075626012070410
008121119075627014020562
004121119075627014030471
003121119075628014010338
001121119075628015100561
002121119075629012130340
009121119075629012090272
006121119075629013010215
004121119075629012150303
009121119075630012090272
008121119075630012100419
002121119075631012170277
003121119075631012050210
008121119075631013020811
009121119075632012080425
004121119075632014030267
006121119075632015020199
002121119075633014030375
001121119075633012060416
003121119075634013010791
008121119075634012090377
001121119075634015100543
004121119075634012160301
002121119075635012160314
009121119075635014020607
002121119075635019030001
003121119075636012020008
006121119075636013010392
001121119075636016000163
004121119075636012160256
009121119075636014020607
008121119075636012090380
001121119075637012010375
009121119075637012090345
001121119075638014010539
003121119075638012060356
006121119075638011000719
004121119075638012140452
003121119075640012060363
001121119075640012030353
009121119075640012100394
004121119075640012140422
008121119075640012120447
006121119075641011000712
001121119075641016000003
002121119075642012130327
003121119075642012010420
001121119075642015010802
009121119075642012120485
004121119075642012170019
001121119075643016000003
008121119075643014020043
006121119075643013030003
001121119075644013010783
003121119075645013010560
002121119075645012150226
004121119075645012180262
002121119075645019030046
009121119075645013020748
008121119075646014020524
006121119075646012010254
001121119075647014010538
004121119075647012130310
002121119075648013030222
003121119075648013010739
009121119075648012100327
002121119075648019020397
008121119075649012090341
004121119075649014030160
001121119075650014010502
009121119075650012120377
006121119075650015090629
003121119075651012030405
002121119075651019110040
004121119075651012170267
002121119075652015030187
008121119075652013020833
006121119075652011000664
003121119075653013010733
006121119075653011000723
002121119075653019110040
009121119075653013020738
001121119075654012020380
004121119075654013030372
008121119075654012090416
001121119075654018010069
009121119075655012070360
003121119075656013010529
004121119075656013030456
009121119075656012090408
002121119075657015030442
001121119075657012020322
006121119075657013010296
008121119075657014020007
003121119075658012010413
001121119075658018010069
004121119075658012140463
001121119075659012030397
008121119075659012110409
004121119075659013030550
006121119075659011000534
009121119075659012100047
002121119075700014030325
008121119075700012090406
001121119075701015010785
003121119075701012060420
006121119075701012130120
004121119075701015030460
009121119075701012120482
001121119075702018010071
008121119075702012100381
002121119075703013030541
004121119075703014030088
003121119075704013010724
002121119075704013030630
001121119075704012040472
009121119075704012070426
001121119075705012010014
008121119075705012100252
006121119075705012020162
001121119075706014010451
003121119075706012040477
009121119075706014020632
002121119075707012150290
006121119075707011000408
004121119075707012150260
009121119075707012120301
001121119075708012030368
002121119075709015030475
004121119075709012160315
006121119075709012130102
008121119075710015020624
009121119075710013020721
002121119075711015030279
002121119075712012130075
001121119075712012050217
003121119075712012050334
006121119075712012120196
004121119075712012130205
008121119075713012080408
009121119075713012090412
004121119075713012160149
002121119075714012130331
008121119075714013020840
003121119075715012050009
002121119075716014030031
006121119075716011000408
009121119075716012090401
008121119075716013020840
004121119075716012180212
002121119075716019020373
004121119075717012170127
001121119075717013030071
009121119075717012090401
008121119075717013020848
006121119075717012110164
003121119075718012020403
004121119075718013030573
002121119075719013030647
008121119075719013020841
003121119075720012050204
002121119075720019020301
009121119075720012090417
006121119075720013020326
004121119075720013030240
001121119075721015010791
002121119075721012160292
003121119075722012040443
009121119075722012120402
008121119075722012090235
002121119075723012170299
004121119075723013030530
001121119075724014010377
002121119075724019050223
006121119075724019100067
008121119075724014020554
009121119075724012110404
002121119075725014030289
003121119075725015010690
008121119075725012120448
004121119075725012180266
002121119075727012130254
008121119075727015020630
006121119075727019100067
009121119075727012100425
004121119075727013030558
003121119075728013010780
001121119075728013010604
002121119075728019110046
003121119075729012050195
002121119075729015030477
008121119075729014020546
001121119075730014010608
009121119075730012100364
006121119075730011000581
004121119075730013030162
003121119075731012040454
002121119075731012130279
004121119075731014030021
009121119075731012100364
001121119075732013010743
006121119075732013020241
008121119075732012110481
002121119075733012170271
001121119075734012010377
009121119075734013020795
004121119075734012140471
003121119075735012050357
002121119075735015030388
004121119075735015030438
008121119075735014020529
006121119075735011000422
002121119075736019020363
009121119075737013020835
004121119075737012140363
008121119075737012110438
002121119075738012170303
003121119075738012040459
006121119075738012010201
009121119075738013020872
008121119075738012110443
009121119075739013020872
002121119075739019050171
004121119075739013030614
001121119075740014010477
002121119075740014030250
008121119075740012070417
003121119075741013010515
006121119075741011000566
004121119075741012180311
009121119075742014020443
002121119075742019020212
002121119075743014030475
003121119075743013010454
008121119075743015020678
001121119075744014010594
004121119075744012130342
002121119075745015020598
009121119075745013020769
002121119075745019020149
003121119075746012060423
001121119075746014010537
008121119075746015020663
004121119075746012140446
001121119075747014010309
001121119075747018010066
008121119075748012080453
009121119075748012110378
006121119075748012050123
002121119075748019010118
003121119075749013010795
002121119075749014030453
004121119075749012150241
006121119075749011000388
009121119075749012110378
003121119075750012050311
004121119075750014030368
009121119075750012090344
006121119075750014020288
002121119075750019050064
002121119075751014030388
001121119075752012050367
006121119075752012120124
008121119075752012120481
009121119075752012090344
004121119075753012170056
002121119075753019020326
009121119075754012110340
008121119075755013020599
006121119075755013010151
001121119075756012040338
003121119075756013010767
004121119075756012130295
001121119075757014010587
009121119075757012100445
008121119075757015020660
006121119075757011000120
004121119075757013030354
003121119075758012010400
002121119075758014030465
002121119075758019040015
001121119075759012010410
004121119075759012140426
009121119075759012120483
006121119075759011000410
008121119075800015010800
002121119075801012140374
003121119075801012020391
009121119075801012100446
006121119075801012020002
001121119075802012030305
003121119075802013010793
004121119075802012130344
008121119075803012100416
002121119075803019100065
001121119075804014010493
002121119075804012140447
003121119075804012030396
006121119075804011000654
004121119075804013030571
009121119075804013020781
008121119075805012100416
006121119075805012050222
001121119075806015010804
004121119075806012140470
008121119075806014020618
002121119075807015030461
002121119075807019110043
009121119075807012090279
008121119075808012090291
006121119075808012090035
004121119075809012130336
009121119075809012090279
008121119075809012090291
002121119075810012160253
004121119075810012180290
006121119075810012170077
009121119075811014020565
004121119075811012150198
003121119075812012020269
001121119075812018010048
008121119075812012090419
004121119075813013030633
008121119075814013020866
009121119075814012120399
006121119075814012050057
002121119075814019020391
001121119075815014010457
003121119075815013010294
006121119075816011000668
004121119075816013030469
009121119075817012090413
008121119075817012090414
001121119075817016000154
001121119075818015010789
003121119075818012050354
002121119075818019050205
004121119075818013030609
001121119075819016000154
009121119075819014020120
006121119075819011000662
002121119075820012130270
003121119075820015010780
008121119075820015020451
002121119075821012150315
004121119075821013030645
003121119075822012050183
006121119075822012060015
002121119075822019060120
004121119075823013030590
008121119075823012090407
009121119075823013020870
001121119075823018010018
003121119075824014010607
008121119075824012110477
006121119075825011000640
002121119075826014030480
001121119075826015100559
009121119075826013020726
002121119075826019070031
004121119075826013030634
003121119075827012030338
008121119075827014020542
009121119075827012110480
006121119075827011000388
008121119075828012070439
004121119075829013030523
009121119075829012110480
006121119075829012170053
002121119075829019020273
003121119075830012010387
004121119075830012150297
009121119075830014020594
002121119075831014030279
004121119075831013030608
008121119075831012110486
002121119075831019020372
006121119075832011000439
008121119075832012110486
003121119075833012010327
001121119075833014010564
002121119075833015030455
004121119075833013030325
009121119075834014020622
008121119075834012120486
001121119075835013010797
002121119075835014030484
006121119075835011000691
003121119075836012050341
004121119075836012140473
008121119075836014020545
001121119075837013010331
008121119075837012080358
009121119075837012090220
002121119075838012170273
006121119075838011000026
004121119075838012150171
002121119075839015030426
003121119075839013010259
006121119075839011000725
008121119075840014020620
001121119075841014010200
003121119075841012060221
002121119075841015030424
004121119075841012150255
002121119075841019040023
008121119075841012080297
002121119075843014030485
004121119075843013030479
009121119075843014020417
003121119075844012010372
008121119075844012110406
008121119075844012070415
006121119075844011000682
004121119075845012130264
003121119075846015010761
002121119075846014030381
002121119075846019110014
009121119075846012070392
001121119075847012030376
008121119075847012080366
006121119075847011000388
003121119075848013010730
002121119075848015030471
004121119075848012170217
009121119075848013020825
001121119075849013010805
004121119075849012140465
008121119075850014020551
006121119075850013020274
003121119075851012020398
002121119075851015030386
004121119075851012140154
009121119075851014020623
006121119075851011000648
001121119075852014010444
001121119075852016000141
004121119075852012160289
008121119075852015020659
009121119075852014020623
001121119075853013010746
002121119075853014030486
009121119075853012100307
002121119075853019050238
003121119075854012020300
001121119075854016000141
001121119075855012050348
008121119075855015020618
009121119075855014020628
006121119075855011000398
003121119075856014010401
002121119075856012170264
004121119075856012140461
008121119075856012110397
006121119075856012080114
008121119075857014020305
003121119075858013010740
009121119075858014020582
001121119075858018010068
002121119075859012140235
004121119075859013030562
006121119075859011000597
002121119075900019040001
008121119075900013020820
002121119075901012140405
009121119075901012100430
008121119075901013020803
003121119075902012020381
001121119075902014010332
004121119075902014030478
006121119075902013020409
008121119075903013020773
001121119075903019030043
001121119075904014010578
002121119075904012170266
009121119075904012090300
003121119075905012020368
008121119075905015020644
004121119075905012180268
002121119075905019050193
002121119075906014030444
008121119075906014020615
003121119075907012020404
009121119075907012100350
002121119075907019050222
001121119075908013010641
002121119075908012150300
004121119075908012160231
003121119075909012030303
008121119075909014020586
008121119075910013020869
009121119075910013020702
006121119075910011000733
004121119075910012130314
002121119075911014030365
008121119075911012090368
002121119075912013030263
003121119075913012060229
002121119075913019050152
004121119075913012170020
008121119075913014020574
009121119075913014020504
002121119075914012150108
008121119075914012070197
001121119075915012060415
006121119075915012160104
009121119075915012120242
002121119075916014030387
004121119075916013030366
002121119075917012130316
008121119075917015020667
009121119075917013020790
006121119075918013020154
002121119075918019050240
001121119075919012010005
004121119075919012130285
008121119075919015020638
009121119075919012080394
002121119075920013030308
004121119075920012160296
003121119075921012040367
001121119075921012030385
002121119075921015030376
001121119075921018010065
006121119075921012090150
008121119075921015020665
002121119075921019030032
004121119075921012130284
009121119075922012120431
002121119075923012160302
003121119075923012020016
001121119075923012040411
004121119075923012160298
009121119075924012120475
002121119075925013030518
004121119075925013030616
009121119075926012080346
003121119075927012080007
004121119075927012160190
006121119075927014010295
002121119075928013030596
006121119075928014030109
004121119075929013030348
009121119075929012100428
001121119075930014010593
002121119075930012150305
003121119075931012030317
008121119075931014020351
001121119075931019030050
002121119075932012180257
001121119075932015010774
009121119075932013020689
004121119075932014030437
003121119075933015010783
006121119075933012080127
001121119075934012040471
004121119075934012140429
008121119075934012080413
003121119075935013010653
009121119075935012080242
001121119075936014010535
004121119075936012180260
009121119075936012070404
003121119075937012060388
006121119075937011000656
008121119075937013020761
003121119075939012060378
009121119075939012120306
008121119075939012070308
004121119075939014030470
002121119075939019010119
008121119075940013020761
001121119075941013010059
006121119075941012130223
003121119075942012040445
002121119075942014030467
004121119075942012140127
009121119075942012080454
008121119075943014020414
006121119075944011000263
009121119075944012070438
002121119075944019040009
001121119075945015010407
002121119075945012150102
004121119075945012150069
003121119075946014010553
009121119075946012080450
008121119075946012120393
004121119075947013030066
006121119075947011000263
001121119075948012060372
008121119075948015020664
009121119075948012120474
003121119075949012040273
004121119075950012160134
006121119075950011000636
008121119075951014020593
009121119075951012090339
003121119075952013010774
001121119075952014010103
009121119075952012120444
004121119075952014030305
008121119075954013020857
009121119075954013020876
004121119075954013030412
006121119075954015090631
001121119075955012040420
001121119075956015010795
009121119075956012080225
008121119075956014020534
002121119075956019020335
006121119075957014020055
001121119075958012040475
003121119075959012050356
009121119075959014020597
008121119075959012120440
006121119080001012160085
001121119080002013010761
003121119080002013010244
004121119080002012130335
009121119080002012100358
003121119080003013010631
002121119080003014030356
001121119080003019010128
002121119080004015030402
002121119080004019020307
009121119080004012110467
002121119080005015030470
008121119080005014020571
006121119080005012060241
004121119080005012130298
003121119080006012020392
008121119080006014020619
002121119080007015030244
008121119080007012100169
009121119080007014020611
004121119080008012170298
003121119080009012050194
006121119080009015030168
001121119080010012010337
002121119080010012140428
008121119080010015020675
004121119080010014030331
009121119080010012070411
001121119080011012060360
003121119080011012010398
004121119080011012150273
001121119080013014010536
002121119080013012130326
009121119080013015020410
006121119080013013010358
003121119080014014010525
008121119080014012090343
004121119080014012150286
003121119080015012040429
004121119080015012170209
009121119080015012120492
002121119080016012140475
004121119080016015030441
006121119080016012130286
001121119080017015010786
008121119080017012080418
003121119080018013010674
009121119080018014020540
001121119080018016000058
008121119080018013020643
002121119080019015030247
004121119080019014030454
003121119080020012030095
004121119080020013030460
002121119080020019040016
008121119080020014020537
001121119080021012050331
009121119080021014020511
001121119080022014010592
002121119080023013030623
006121119080023012160222
004121119080023013030119
008121119080023013020860
001121119080023016000058
003121119080024012030300
002121119080024019070038
009121119080024014020627
001121119080025012050147
004121119080025012150270
002121119080026015030423
008121119080026013020282
009121119080027014020634
001121119080028015010473
004121119080028012170235
002121119080028019060108
008121119080028012110478
009121119080028012120433
004121119080029012130334
002121119080030019110006
008121119080030014020435
009121119080031013020812
004121119080032013030538
002121119080033014030100
004121119080033012170291
006121119080033012010190
008121119080033012090420
009121119080034013020660
004121119080035014030299
008121119080036014020631
002121119080037015030362
009121119080037013020793
002121119080037019040030
002121119080038015030478
004121119080038012170228
008121119080039014020512
009121119080040014020536
008121119080040012070236
002121119080041012180261
004121119080041014030393
009121119080042012070377
002121119080043012130302
003121119080043013010650
008121119080043012120477
006121119080043012150195
002121119080043019020379
001121119080043012150311
004121119080044013030024
008121119080044012110160
001121119080044012150311
002121119080045014030466
004121119080045012170286
009121119080045013020852
003121119080046012030194
002121119080046019040006
004121119080046012130278
001121119080047012060431
002121119080047014030456
006121119080047015020540
003121119080048012050279
009121119080048013020813
001121119080048018010008
004121119080048015030457
001121119080049014010267
002121119080049012160230
004121119080050012180296
009121119080050012120480
006121119080051011000635
002121119080051019110049
002121119080052012150250
008121119080052014020006
004121119080052014030150
009121119080052012110458
003121119080053012060365
001121119080053019030038
001121119080054014010522
002121119080054012180305
004121119080054012130320
004121119080055012180301
009121119080055012120465
002121119080056012130330
008121119080056012070357
001121119080057018010061
004121119080057013030346
008121119080058012120401
009121119080058012110442
002121119080059012160300
004121119080059014030398
002121119080059019050209
002121119080100012180310
006121119080101011000600
009121119080101012070376
001121119080102012030363
003121119080102012010173
004121119080102013030346
008121119080102014020617
002121119080103013030510
001121119080104012020325
004121119080104012140408
009121119080104013020747
002121119080105012160228
008121119080105012120421
004121119080105012160272
001121119080106012050347
002121119080107012130303
004121119080107012170297
009121119080107012080373
008121119080107013020586
001121119080108014010609
001121119080108016000008
009121119080108012080469
001121119080110012060387
008121119080110012120450
004121119080110012140437
002121119080111012180297
002121119080111019050224
009121119080111012070366
006121119080112012060389
001121119080113012020021
001121119080113016000088
004121119080113012170287
009121119080114012090391
003121119080115014010524
004121119080115012130267
002121119080115019040021
003121119080116012030351
006121119080117012010405
008121119080117012070341
002121119080118013030589
009121119080118013020838
004121119080118012160236
003121119080119013010702
008121119080119014020025
006121119080120015020563
009121119080120014020331
004121119080120012180279
001121119080121012020382
004121119080121015030306
003121119080122013010284
006121119080122015090611
002121119080124014030399
001121119080124014010590
003121119080124013010769
004121119080124012180159
006121119080124012110004
009121119080125013020826
008121119080126012080447
004121119080126012170222
002121119080127014030158
003121119080127012050359
001121119080127012030010
008121119080127015020643
006121119080127011000309
004121119080128012170054
001121119080129014010250
002121119080129012130014
008121119080130014020416
009121119080130012070338
003121119080131012060331
002121119080132012140409
003121119080132012020401
001121119080132014010066
008121119080132015020022
004121119080132012160311
009121119080133012110382
002121119080134012130329
009121119080134012110382
004121119080134012130271
002121119080135015030468
003121119080135012020399
004121119080135013030619
008121119080135012090388
002121119080136013030349
001121119080136014010610
003121119080136013010567
002121119080136019060113
008121119080136014020426
003121119080138012010401
002121119080138014030487
006121119080138013010117
004121119080138013030441
009121119080138014020502
008121119080140014020411
004121119080140013030584
002121119080141019030049
006121119080141012010028
001121119080142012020367
004121119080142013030104
009121119080142014020624
004121119080143013030331
003121119080144012060398
001121119080144012010382
002121119080144019060115
008121119080145013020425
009121119080145012080304
004121119080146013030567
004121119080147015030439
001121119080148012070090
002121119080149014030447
003121119080149013010666
002121119080149019050209
001121119080149015030106
009121119080149014020616
004121119080149012150301
002121119080151014030369
002121119080151019060033
004121119080151013030605
004121119080152012160087
006121119080152012030282
009121119080152012110416
002121119080153015030383
003121119080155012050320
002121119080156012180263
001121119080157012010385
002121119080157012180154
003121119080158012010293
004121119080159012130317
006121119080200012020013
008121119080201019020387
002121119080202014030022
004121119080202012170280
009121119080203012110464
004121119080204013030399
002121119080204019010108
003121119080206012050353
002121119080206019010008
004121119080206013030591
008121119080207012070433
003121119080209012020393
008121119080209012090041
004121119080210015030408
003121119080212014020020
001121119080212016000164
001121119080213014010508
004121119080213012180304
008121119080214012080017
009121119080214012080429
004121119080215012140225
001121119080215016000167
001121119080216012030361
001121119080216016000164
004121119080217012150170
009121119080217012080361
002121119080218019010094
001121119080219012010421
004121119080220014030452
008121119080220013020198
002121119080221014030374
001121119080221012030196
002121119080223019020333
008121119080223014020088
009121119080223012080414
001121119080224012060403
002121119080225012170250
001121119080226012060422
008121119080226014020413
009121119080226013020626
006121119080226015020461
009121119080227013020783
008121119080229014020424
002121119080231012130337
004121119080234015030451
002121119080236019010072
009121119080237014020489
006121119080239012020279
001121119080239018010055
002121119080240014030217
003121119080240012030328
008121119080240012110479
009121119080240012080266
006121119080242014020550
002121119080243014030481
008121119080243012090372
002121119080244012150261
006121119080245012050085
009121119080245012090402
008121119080250013020817
002121119080251019020349
009121119080252012080360
008121119080253014020530
002121119080254012140439
002121119080255019050237
008121119080256016000147
004121119080257012160233
001121119080258014010581
009121119080258012100280
001121119080301012030329
008121119080301015020541
009121119080301013020619
004121119080301012140337
002121119080302019030025
001121119080303015100556
009121119080303013020554
002121119080304014030416
008121119080304012090410
004121119080304015030101
001121119080305015010731
001121119080305015100556
002121119080305019110013
009121119080306012120419
004121119080307012160293
009121119080309012070358
001121119080310014010133
009121119080310012070358
004121119080310012170284
008121119080313016000149
002121119080314019050183
002121119080315019050183
001121119080317014010611
008121119080319014020525
002121119080321019060076
001121119080322016000112
002121119080324012170275
008121119080325014020398
002121119080326012140430
003121119080326013010004
004121119080327012180282
003121119080328013010768
008121119080330013020799
002121119080331019060097
004121119080332012140420
003121119080334014010616
004121119080335013030485
004121119080337012170219
002121119080338012180255
009121119080339012100385
002121119080341012160279
001121119080342012020311
009121119080346014020513
002121119080347014030176
002121119080349012130292
002121119080353014030001
009121119080354015020671
001121119080400015010764
006121119080400012030293
006121119080402012060312
001121119080404014010494
008121119080405014020578
006121119080406012030316
002121119080410012140431
008121119080410012090399
003121119080413013010765
004121119080414012140424
009121119080415012070390
004121119080416013030610
008121119080417015020682
002121119080419014030072
008121119080420016000124
002121119080420019050184
002121119080425019040020
002121119080428012130276
008121119080428013020640
009121119080430014020036
002121119080431013030466
006121119080431011000674
008121119080434012120464
002121119080435012170306
008121119080435012120464
002121119080438012170301
008121119080438014020568
009121119080443012120470
003121119080500013010808
006121119080501011000498
006121119080505011000730
001121119080507013010213
002121119080509019060084
009121119080511014020602
008121119080511014020603
004121119080513012020358
009121119080514014020553
002121119080521019070001
003121119080526012010010
008121119080531012070187
001121119080534012060368
009121119080535014020470
006121119080545011000169
009121119080552012090309
004121119080553012180292
006121119080554011000491
002121119080559019020389
002121119080615014030373
004121119080617012140472
008121119080626012110476
004121119080639012160312
004121119080656012170304
003121119080730013010689
009121119080738012120463
004121119080742012150310
006121119080750015090630
002121119080754019010133
003121119080756012060396
003121119080800012060433
008121119080813015020641
002121119080834016000123
002121119080843019020374
002121119080848019020230
004121119080849012140441
001121119080926012050234
004121119080929012170231
001121119080937016000012
006121119080942011000490
003121119080955012030349
003121119080957012030335
009121119080958012120496
003121119081002012010392
002121119081118019020323
001121119081124016000052
004121119081215014030430
008121119081225012100311
002121119081244019050234
008121119081247012110294
002121119081315019090016
008121119081327012120490
008121119081330012120487
002121119081353019020378
008121119081429012110375
008121119081437013020868
002121119081442019010111
002121119081449019100002
002121119081453019020398
002121119081454019020398
002121119081501019010031
009121119081634014020494
002121119081641019010074
008121119081733012120494
006121119081733012120199
002121119081830015030458
008121119081841012080438
004121119081856012130343
004121119081859012140474
002121119081901019010131
002121119081937019020399
002121119082044019050244
002121119082109019010132
009121119082135012100447
009121119082137012100447
008121119082221012120414
002121119082345019040032
002121119082354019050228
002121119082435019020353
002121119082648019050094
002121119082705019060103
002121119082735019050195
009121119082826012120472
002121119082931015030469
002121119083002019020390
002121119083106019050220
002121119083110019050148
