002131119071618016000090
001131119071924016010095
001131119071927016010119
001131119071932016010098
001131119071935016010045
001131119071938016010125
001131119071941016010128
001131119071944016010081
001131119071949016010130
001131119071959016010056
001131119072037016010071
001131119072200016010090
001131119072211016010084
001131119072219016010105
001131119072322016010032
001131119072326016010048
001131119072455016010122
008131119072503016010129
001131119072515016010110
001131119072601016010080
002131119072603014030055
001131119072606019010125
001131119072614016010121
002131119072642019060101
008131119072705013020745
008131119072708013020543
003131119072715014010606
003131119072720012030402
003131119072726012040466
001131119072729016010050
002131119072731019020083
001131119072733016010079
001131119072801016010082
002131119072824014030374
002131119072850015030444
002131119072853015030444
001131119072856016010124
001131119072902016010024
002131119072918019020401
001131119072923016010100
001131119072944016010073
002131119073003019020340
003131119073204012040293
006131119073221011000359
006131119073234011000051
006131119073241019100067
006131119073244019100067
002131119073312019060114
002131119073321019110027
002131119073325019060114
006131119073350013020067
006131119073424013010270
002131119073428019020378
003131119073436013010771
003131119073441012030335
003131119073444012030349
003131119073447012060396
002131119073519012160275
002131119073526014030421
001131119073623012060372
002131119073629019060003
002131119073629012130165
002131119073638019030042
002131119073656019050195
001131119073707012050343
003131119073714013010365
002131119073715019020374
002131119073721019020353
008131119073726015020671
008131119073727015020671
002131119073728019020231
008131119073730013020851
008131119073731013020851
008131119073734015020668
004131119073735012160136
003131119073738014010584
008131119073738012090404
008131119073743014020451
002131119073744019050230
002131119073748019020393
008131119073803013020849
008131119073807013020387
001131119073809016000152
004131119073810014030342
002131119073814019020398
009131119073814012090422
009131119073814013020851
008131119073814012090422
009131119073816013020851
001131119073817016000073
002131119073818015030473
002131119073833019050188
001131119073834016010127
002131119073834012180252
006131119073835011000675
006131119073900011000078
003131119073910012060426
002131119073912019060113
001131119073956012060429
002131119074004019050084
009131119074011012080463
004131119074012012180299
008131119074017012100311
002131119074017019020061
006131119074018011000692
002131119074028012150203
008131119074031012110406
004131119074034012150203
004131119074038012140149
004131119074041013030624
003131119074044012020348
002131119074051012140449
002131119074053019050216
002131119074054019050216
002131119074057019050094
002131119074104019040024
004131119074105015030463
002131119074109019050242
009131119074110013020515
004131119074111012180046
002131119074115019110006
009131119074116013020606
006131119074120014030174
004131119074204013030625
003131119074205013010677
006131119074210013010009
006131119074216011000165
006131119074221011000677
001131119074226013010700
004131119074235012130295
006131119074242012010019
003131119074250012040447
001131119074250012020324
001131119074254012030404
002131119074301013030638
001131119074307012030333
008131119074315015020604
001131119074318015010737
003131119074319013010007
008131119074322012120489
004131119074324012180284
003131119074325013010759
003131119074332012060007
001131119074333013010006
002131119074341012140379
008131119074342013020532
006131119074345011000445
009131119074346013020844
003131119074348013010550
004131119074349013030565
002131119074355013030466
008131119074358014020588
003131119074400012040192
009131119074401013020438
003131119074403014010003
008131119074406012070437
003131119074407012030276
009131119074409012090267
001131119074409012010419
009131119074410012090267
003131119074412012060433
009131119074415013020723
003131119074416012060434
009131119074418013020873
003131119074421015010801
002131119074423012180273
004131119074431012170178
002131119074432019100046
004131119074435012160282
002131119074436019100032
004131119074439012170292
009131119074439012070435
009131119074442013020823
008131119074443012090405
009131119074445012090411
003131119074445013010768
008131119074446012090405
009131119074448012110484
001131119074449013010802
004131119074449012130312
001131119074458014010440
002131119074501019050239
002131119074505019060115
009131119074505012080466
009131119074506012080466
002131119074507012180253
006131119074507011000699
002131119074507019050217
009131119074507012080466
002131119074510019050244
001131119074511015010632
002131119074513019050244
001131119074513014010600
009131119074518012120496
009131119074522012080428
002131119074522019030045
009131119074524015020658
006131119074526011000343
002131119074528012130297
002131119074529019100039
004131119074532012140167
002131119074536014030400
004131119074537012180251
004131119074544014030334
004131119074547013030084
009131119074551012100429
003131119074553013010651
009131119074555013020683
003131119074555013010726
006131119074557011000491
004131119074600012150190
006131119074602012070006
008131119074603013020460
008131119074607015020640
009131119074608013020755
004131119074610012140466
009131119074611012120478
001131119074613015010797
009131119074614013020562
002131119074615019020400
008131119074616012120477
004131119074617013030646
009131119074617012100431
002131119074618015030343
008131119074618012120477
003131119074619012010364
002131119074619019020313
001131119074621012050331
004131119074622012150318
006131119074624013010014
002131119074625019040028
006131119074627013010001
003131119074628012040476
001131119074629012010364
002131119074631013030509
004131119074634013030509
009131119074635012070010
003131119074636013010800
004131119074637012140456
004131119074640012170219
008131119074640012120479
002131119074642019050235
003131119074642012040442
008131119074643012120476
006131119074644011000573
009131119074644012090248
002131119074647012150249
009131119074647015020679
002131119074648015030434
002131119074649019030048
008131119074650012080467
001131119074650012010011
008131119074655012100449
009131119074657012110437
003131119074658013010746
006131119074659015090627
008131119074701013020864
009131119074702012070445
006131119074704013010321
008131119074705012090351
002131119074707019050214
003131119074707012010309
002131119074707014030239
001131119074707012050344
004131119074708013030443
008131119074709012080430
008131119074713012090375
009131119074715012070187
008131119074717012090379
006131119074722011000717
004131119074722012150274
002131119074723013030592
008131119074725015020681
002131119074725012130250
009131119074725013020850
006131119074727013020068
004131119074728012160271
008131119074729012110482
002131119074729012140445
002131119074731019020394
006131119074732011000258
001131119074735012040444
004131119074735012150091
009131119074736012090330
004131119074737014030426
003131119074739012020390
002131119074739019060084
009131119074740015020029
009131119074744012110443
004131119074745012140422
001131119074745012010376
002131119074748019020286
004131119074751012160224
003131119074751012060364
002131119074752019020383
009131119074753012120473
004131119074754012140462
002131119074755019010116
002131119074756019010116
004131119074758012140472
001131119074759012040438
003131119074801013010505
004131119074801012150283
001131119074802013010479
006131119074804015090579
003131119074807013010693
004131119074808013030508
001131119074809014010565
003131119074810012060384
004131119074811014030077
002131119074811014030159
009131119074811012070414
008131119074812015010796
002131119074813019020399
002131119074814019020399
004131119074814012150203
008131119074816012100439
002131119074818019020180
008131119074819013020703
009131119074819012070193
002131119074820015030279
003131119074821012020402
008131119074821015020643
008131119074822012110454
009131119074823015020469
003131119074823012030036
006131119074824012110223
008131119074825013020778
009131119074826012100411
002131119074826019070014
008131119074828015020620
002131119074828014030489
009131119074830013020858
004131119074830013030469
008131119074831013020859
002131119074831019020318
006131119074831015090621
001131119074833014010570
008131119074834013020855
003131119074834012020228
009131119074834013020536
002131119074834013030627
006131119074836015090621
004131119074836015030465
002131119074836012170305
008131119074837012070448
002131119074838019050164
009131119074838012100134
004131119074839012170257
001131119074839012030397
008131119074840012070448
002131119074842019110033
004131119074843015030368
003131119074845015010678
004131119074848013030545
003131119074848012020288
008131119074849012110414
008131119074850012110414
003131119074851015010798
001131119074851012060397
008131119074852012070148
003131119074853012050363
008131119074853013020188
004131119074854012170194
001131119074854013010712
002131119074854012130343
003131119074855012060374
008131119074856013020188
008131119074857013020188
002131119074858013030618
004131119074858013030075
003131119074859013010808
008131119074859013020188
006131119074900019100066
008131119074900014020525
003131119074901012030355
004131119074901013030507
008131119074901012110474
002131119074902012140474
002131119074903019020346
004131119074903012150196
003131119074904012050364
001131119074905014010201
008131119074905013020818
006131119074905011000666
006131119074909011000041
003131119074911012040469
008131119074911012090393
006131119074913012020137
003131119074914013010426
002131119074914015030466
008131119074914012080456
001131119074915012040461
004131119074915012150135
001131119074916012040462
003131119074916013010601
006131119074917012120199
008131119074917016010123
002131119074917014030226
004131119074918012160285
008131119074919012070428
006131119074920014030096
004131119074921012150310
008131119074922014020394
006131119074923011000715
004131119074924012170146
006131119074926012040209
008131119074926013020821
003131119074929012030387
008131119074929012070344
006131119074930012020340
008131119074932012080375
003131119074932013010770
001131119074933013010347
008131119074934012080375
004131119074934012180276
003131119074935012030403
006131119074935011000729
008131119074936013020766
004131119074937014030305
006131119074938011000203
008131119074939015020654
003131119074940012060427
008131119074940012100403
004131119074940012160134
003131119074943013010580
006131119074943011000651
008131119074943015020639
008131119074946012120484
006131119074948015090611
008131119074949013020542
003131119074949013010577
008131119074951012110151
002131119074951012150309
006131119074952015090580
003131119074952013010794
008131119074953013020824
004131119074953012170144
004131119074956012130214
006131119074956013020240
008131119074957014020523
004131119074959012130341
008131119074959014020630
008131119075000014020630
003131119075001013010772
008131119075002014020630
004131119075003013030246
006131119075003011000086
004131119075004013030498
001131119075005015010669
008131119075006015020647
004131119075007013030504
003131119075009013010803
006131119075009011000595
001131119075010012030242
006131119075011011000714
003131119075013015010687
001131119075014015010001
006131119075014015090608
003131119075016013010781
006131119075017015090568
004131119075018012130242
008131119075020015010800
002131119075020012130305
006131119075020011000694
008131119075022015010800
006131119075022012160021
003131119075022014010537
002131119075023019010132
008131119075023012110410
002131119075025019020079
008131119075026012070429
001131119075026013010176
006131119075026011000704
001131119075029012030356
008131119075029012100257
006131119075029011000632
002131119075029019050225
003131119075030012060359
001131119075031014010614
002131119075032019100070
006131119075033011000632
002131119075034019100070
006131119075034011000707
008131119075034012120256
004131119075035012150307
006131119075037011000564
004131119075037012140467
002131119075037019100013
006131119075039011000707
008131119075041015020683
006131119075041014010053
008131119075042015020683
004131119075044012160088
001131119075045015020500
003131119075045012050310
008131119075045012100380
004131119075047012160163
006131119075048011000706
008131119075048012080189
003131119075049012010375
001131119075049014010316
002131119075049015030424
001131119075050012020388
002131119075050019020230
002131119075051015030371
008131119075051012090256
004131119075052013030240
008131119075053012100434
008131119075054013020685
006131119075054011000490
004131119075056012150098
002131119075057019020186
008131119075058012070384
006131119075058011000283
003131119075059012030372
002131119075059019060107
004131119075059012150100
001131119075101015010793
008131119075102012100323
006131119075102011000730
003131119075103013010785
001131119075103013010755
002131119075105019050091
002131119075105012170277
008131119075105015020635
006131119075105012020037
003131119075108012050313
008131119075109012080350
008131119075111014020501
002131119075111012160291
003131119075111013010541
006131119075112012010389
004131119075112012180171
002131119075113019020127
002131119075114015030436
001131119075114014010451
003131119075115012050368
006131119075116011000498
002131119075116012140458
003131119075117012040465
008131119075118012100423
004131119075118013030506
008131119075119012100423
001131119075119012060095
008131119075120012100006
006131119075122011000687
008131119075122012100334
008131119075123012110466
001131119075123013030157
001131119075124014010558
006131119075125011000713
002131119075128019020307
006131119075129011000713
008131119075129012070442
002131119075130019060103
004131119075130013030546
003131119075130012060420
001131119075131014010571
008131119075131012090333
003131119075132013010624
004131119075133012140435
008131119075135012110442
004131119075136012170073
002131119075136019060120
002131119075137014030366
008131119075137012080267
001131119075137014010033
003131119075137012030304
006131119075138013020412
008131119075140015020502
002131119075140012130276
006131119075141011000700
001131119075141012060415
002131119075141019110002
008131119075142012100444
006131119075143011000710
002131119075143013030639
008131119075143013020789
004131119075143012170258
008131119075145013020789
002131119075145019100008
002131119075146016000123
003131119075146012040437
001131119075146015010692
008131119075146012080458
006131119075147013020397
008131119075148012080457
002131119075148013030349
003131119075148012040452
008131119075149012100347
004131119075150012170268
006131119075150012160114
003131119075151012020400
008131119075152012110294
004131119075153012170279
002131119075153012180288
008131119075155012100284
006131119075155015090618
003131119075155012050254
001131119075156015010129
004131119075156014030454
008131119075157013020882
006131119075157011000601
003131119075158012060381
006131119075159011000722
004131119075159012160075
008131119075159013020882
001131119075159012060005
002131119075200019010087
008131119075200014020622
003131119075201012030399
001131119075202015100559
008131119075202013020861
003131119075202012030366
001131119075202013010021
008131119075203012070286
006131119075203016010086
004131119075204014030430
001131119075204015010693
004131119075206015030246
008131119075206014020594
006131119075206011000678
004131119075208013030573
008131119075208012100436
002131119075208013030647
003131119075208012050366
006131119075209019100008
004131119075210012160256
001131119075210012010014
008131119075210014020088
002131119075211015030469
008131119075213013020651
003131119075213012050345
006131119075213012130116
004131119075213014030425
002131119075213012170293
001131119075213013010446
001131119075215015010682
008131119075215012110483
004131119075215013030629
002131119075216015030426
003131119075217012010162
001131119075217015010781
008131119075217015020545
008131119075218013020862
003131119075219012060400
006131119075219011000683
002131119075219012140419
008131119075221013020644
004131119075221013030606
001131119075221012010409
002131119075222014030448
003131119075222013010776
001131119075223013010688
006131119075223011000718
002131119075224014030290
008131119075224013020763
004131119075225012140464
003131119075226012020344
006131119075226011000686
004131119075227012140457
008131119075227012070432
008131119075228012070432
003131119075229012040337
006131119075229012040300
001131119075230012010355
003131119075231012040453
008131119075231012070444
004131119075233012170193
001131119075233012040425
008131119075234012100394
003131119075234013010199
001131119075235019020282
008131119075236013020831
001131119075236012030381
003131119075237013010806
002131119075237012170019
008131119075237013020831
004131119075238012150287
002131119075238019040001
003131119075239013010737
006131119075240013030188
004131119075240013030382
008131119075240012080452
001131119075241013010549
001131119075242016000168
003131119075242013010791
004131119075243012140088
008131119075243012110488
001131119075244016000168
008131119075244012080220
003131119075244013010520
002131119075245019050128
008131119075245012080220
004131119075246013030644
001131119075246012010408
001131119075246016000168
006131119075247011000594
002131119075247015030410
003131119075247012040376
008131119075248012110377
003131119075249012030261
001131119075249012050213
002131119075249019050243
004131119075250012160280
008131119075251013020877
003131119075251012060414
004131119075252012170290
001131119075252014010068
002131119075253014030482
006131119075253012130091
008131119075254013020868
003131119075254012030405
004131119075255014030459
002131119075255014030404
008131119075255013020868
002131119075256019050112
008131119075257012090017
003131119075257013010560
008131119075258015020672
004131119075258015030445
001131119075259018010054
008131119075259012120412
001131119075300015010738
002131119075300019050029
006131119075301011000517
004131119075301013030379
003131119075301012030342
003131119075302013010413
001131119075302015100551
008131119075302012120487
002131119075303012130333
006131119075304011000574
004131119075304012170195
008131119075305013020692
008131119075306013020692
003131119075306013010788
004131119075306012180278
002131119075306012140453
008131119075307012090302
001131119075308015010752
003131119075308012020393
008131119075309012120472
006131119075309011000598
004131119075309013030636
003131119075309012020121
001131119075310012040354
001131119075311014010599
002131119075312015030337
004131119075312013030386
003131119075312012010422
008131119075312012080343
003131119075313012030386
008131119075313012080343
006131119075313011000473
008131119075314012120494
001131119075314012040403
008131119075315012120494
003131119075315012050028
006131119075316011000525
002131119075316014030488
001131119075316014010502
003131119075317012040454
008131119075317012100134
001131119075319012050234
003131119075320013010758
008131119075320012110487
002131119075321012180157
006131119075321011000670
003131119075322015010704
001131119075322013010762
001131119075323014010460
008131119075323013020881
002131119075323012150278
008131119075324012070427
003131119075326012030230
008131119075326012110427
002131119075326012130340
008131119075327013020881
006131119075328011000586
008131119075328012090420
002131119075328012130339
003131119075328013010787
008131119075330013020881
004131119075331013030516
008131119075331013020881
003131119075331012030389
008131119075333013020881
006131119075333013020581
003131119075333015010792
002131119075334019050170
001131119075334012050315
003131119075334014010607
008131119075335012070407
008131119075336012110427
003131119075337012050308
001131119075337012020322
008131119075338012110427
008131119075339012070407
006131119075339011000727
002131119075339014030424
008131119075340012080135
003131119075341013010575
002131119075342019020372
008131119075342012080408
004131119075343012140434
001131119075343015010753
001131119075344018010047
001131119075344014010477
003131119075344012050266
008131119075344012100201
006131119075344011000262
004131119075345012140444
008131119075345012090348
008131119075346013020411
003131119075346012040470
001131119075346018010047
002131119075347012140442
006131119075347013030003
008131119075348013020411
002131119075349019100072
008131119075349012120350
004131119075349012160287
001131119075350014010357
006131119075350015090620
008131119075351013020753
008131119075352012100322
002131119075352013030563
004131119075352012150073
008131119075353012110143
003131119075353013010646
002131119075354019020095
006131119075355014030087
003131119075355012020008
008131119075356012090383
001131119075357012040417
003131119075357013010662
008131119075357012080123
004131119075359012160087
003131119075359014010605
006131119075359015090617
008131119075400012080284
002131119075401019020103
008131119075401012110373
004131119075402014030440
002131119075403012130329
006131119075403011000663
008131119075403015020531
008131119075404012110353
003131119075404013010190
004131119075405014030423
001131119075405012050285
006131119075406011000440
002131119075406013030631
008131119075407012080078
003131119075407012040353
004131119075407014030021
001131119075408012050309
002131119075408015030428
008131119075409012100447
006131119075410011000662
003131119075410012040382
004131119075410013030622
003131119075411012020396
008131119075411013020761
001131119075412013010743
003131119075413012060428
006131119075413011000627
008131119075414012100424
003131119075414012040423
002131119075414019040035
004131119075414012180206
006131119075415012130120
008131119075416015020657
003131119075417012040367
004131119075417013030558
008131119075418015020577
003131119075418012060166
002131119075418019010109
008131119075419012120242
006131119075419011000627
004131119075419012130319
002131119075421019060095
003131119075421015010668
008131119075421012080462
004131119075422012130075
002131119075422012180249
006131119075422011000635
008131119075424015020591
003131119075424012030390
006131119075425011000276
001131119075425012020352
004131119075425012150293
001131119075426013020180
008131119075426012100420
002131119075427019060119
003131119075427012040397
002131119075428012130319
001131119075428015100557
008131119075429012100432
006131119075429011000728
004131119075429012150271
008131119075430012100432
003131119075430013010799
004131119075431013030641
008131119075431014020486
006131119075432011000664
001131119075432014010492
008131119075433013020797
003131119075433013010732
004131119075433012180158
001131119075433012060349
002131119075434012150226
002131119075434019050237
008131119075434014020589
001131119075435014010432
003131119075435013010522
002131119075436019050212
008131119075436015020675
006131119075436011000065
004131119075437012150303
002131119075437016000144
008131119075437012110400
001131119075437012060383
008131119075438015020675
004131119075438015020655
001131119075439018010072
006131119075439012160085
003131119075439012060331
001131119075439015010804
002131119075441019060108
004131119075441012130290
003131119075441012020332
001131119075441012040426
008131119075441012100329
002131119075441012150102
008131119075442012110424
006131119075443014030056
003131119075444013010763
004131119075444012150198
001131119075444012050217
001131119075444018010072
008131119075445012110164
001131119075446012040472
003131119075446012050123
002131119075447019100068
004131119075447012130342
008131119075447012110164
006131119075448011000231
001131119075448015010785
003131119075448013010724
004131119075450012130059
008131119075450012070244
002131119075450015030388
001131119075450014010548
003131119075451013010606
004131119075451013030398
001131119075452012020383
008131119075452012120454
004131119075453012180185
008131119075453013020867
006131119075454012060241
003131119075454015010761
002131119075455012180271
004131119075456014030438
008131119075456015020057
001131119075456018010059
003131119075456012020389
001131119075456014010157
002131119075457019050240
006131119075457011000656
001131119075458018010059
008131119075459013020883
003131119075500013010777
008131119075500012090272
002131119075500014030390
006131119075501011000656
008131119075501012100400
003131119075502012050238
008131119075502013020883
002131119075503019100018
004131119075503012160310
001131119075504012020345
003131119075504013010727
008131119075505013020883
008131119075505012090272
003131119075506013010695
006131119075507015090629
004131119075507012180307
008131119075507012090272
003131119075508012040467
001131119075509012040464
008131119075509012120414
004131119075509013030356
008131119075510012080448
001131119075511014010011
004131119075511012170127
003131119075511015010751
008131119075511014020528
004131119075512014030088
006131119075512012020274
008131119075513013020726
003131119075513013010672
006131119075513012010292
001131119075513012040411
002131119075514012160308
001131119075514016000169
008131119075515012120414
002131119075515019020389
004131119075516012170253
008131119075516014020351
002131119075517012130254
006131119075517015090616
008131119075517012100441
001131119075517012010341
008131119075518013020504
004131119075518013030458
004131119075519013030576
001131119075519015010615
003131119075519012030266
006131119075520011000723
008131119075520012120395
001131119075520012040346
002131119075520012160253
008131119075521012100441
002131119075521019100063
008131119075522012120395
001131119075522012020385
004131119075522014030267
006131119075522012080163
003131119075523012040273
001131119075523012030350
004131119075523012170218
006131119075524012080131
001131119075525012030353
008131119075525015020535
004131119075525013030066
003131119075526013010650
008131119075526012080464
002131119075527019100002
001131119075527012030352
008131119075527012100416
006131119075527011000724
002131119075528013030587
004131119075528012130280
001131119075529012030368
008131119075529012100441
002131119075529019100028
006131119075529011000120
003131119075530015010716
008131119075530012100441
004131119075531012150260
001131119075531014010309
002131119075531012170266
006131119075532012180106
008131119075532014020571
001131119075533015030112
002131119075533019020382
008131119075533015020652
002131119075533012140235
004131119075533012130282
003131119075533013010710
006131119075534013020326
008131119075534015020618
004131119075535013030551
003131119075535013010598
006131119075536013020274
008131119075536012070415
002131119075536015030351
003131119075537012060421
004131119075537012170209
008131119075537013020848
004131119075539012130210
006131119075539011000726
008131119075539015020618
003131119075540013010625
006131119075541012130223
004131119075541012170265
008131119075541012120377
008131119075542012120377
002131119075543019020373
003131119075543012060309
004131119075544013030535
008131119075544013020836
006131119075544011000408
008131119075545013020878
003131119075545013010730
004131119075546012150299
006131119075546012050129
008131119075546012100442
002131119075547012170264
002131119075547019060076
001131119075547012010340
003131119075548013010735
004131119075548012140446
008131119075549013020255
002131119075549019050126
008131119075549014020608
002131119075549012180308
003131119075549013010654
001131119075550012060407
006131119075550012140043
003131119075551012040429
002131119075551014030444
001131119075551014010264
008131119075552014020592
006131119075552011000690
003131119075553012030256
002131119075553012140475
002131119075553019020150
008131119075553012100224
004131119075553012140388
008131119075555012070382
002131119075555014030418
002131119075555019060102
001131119075556012060405
003131119075556015010794
004131119075556012170056
008131119075556013020819
006131119075557011000408
008131119075557015020646
003131119075557012060410
001131119075558015010786
002131119075558014030476
006131119075558012020013
008131119075559012100425
003131119075600012040473
001131119075601015010784
002131119075601019110037
004131119075601012150319
002131119075601012160313
003131119075602012050351
008131119075602012070387
008131119075603012070440
002131119075603012150263
001131119075604013010747
006131119075604011000719
003131119075604012030401
001131119075605012020366
002131119075605014030450
002131119075605019010131
004131119075605014030160
008131119075606012120490
001131119075606012010410
008131119075607014020231
003131119075607012050365
002131119075607019010131
002131119075608019020363
001131119075608012010377
006131119075608012160012
008131119075608012120490
003131119075609013010807
001131119075609012060369
004131119075609012130336
008131119075610012120490
004131119075610012150170
003131119075611012020404
002131119075611019050213
006131119075611011000388
001131119075612012050279
002131119075612013030649
008131119075612012120490
004131119075612013030603
008131119075612012080431
002131119075614013030484
006131119075614011000732
002131119075614019020397
003131119075614013010515
001131119075614012040410
004131119075614012180258
008131119075614013020879
008131119075615013020879
001131119075616012020380
003131119075616013010460
004131119075616012140452
008131119075617013020879
003131119075617014010338
002131119075617013030541
002131119075618013030630
006131119075618011000581
008131119075618013020749
001131119075618013010734
008131119075619012120415
004131119075619012140426
002131119075619019010133
008131119075620013020879
001131119075620012040458
003131119075620012020392
001131119075621016000126
006131119075622011000388
004131119075622013030634
001131119075622015010683
002131119075623019050026
008131119075623015020666
001131119075623016000126
004131119075623012150294
003131119075623012010329
001131119075624014010580
006131119075625011000388
008131119075625013020780
004131119075626015030443
001131119075626012040433
003131119075626015010717
002131119075626019020221
008131119075627012110455
003131119075627012020286
001131119075627012040468
001131119075627015100543
004131119075628012170267
008131119075628012120143
001131119075629013010804
006131119075629011000566
003131119075629014010598
008131119075629012080383
001131119075630016000166
004131119075630012140469
008131119075631012080383
002131119075631012130327
001131119075632012020285
003131119075632012030400
002131119075632019020065
008131119075632013020767
008131119075633012110455
001131119075633014010575
006131119075634011000639
001131119075634015100560
003131119075634012040373
004131119075634012180277
001131119075635014010510
002131119075635019020007
003131119075635013010682
008131119075635012110455
006131119075636013030176
001131119075637014010592
008131119075637012110455
004131119075637012140443
008131119075638013020780
003131119075638012040222
004131119075638014030325
002131119075638019050228
008131119075639014020554
001131119075639014010569
008131119075640013020780
002131119075640012160259
004131119075641013030456
008131119075642013020780
004131119075642013030550
002131119075642019030022
002131119075643014030289
004131119075643013030479
008131119075643013020832
006131119075643011000643
001131119075643015010450
008131119075644012110446
003131119075644012040414
001131119075644012060360
002131119075645014030480
006131119075645011000681
008131119075646012110446
003131119075646012060379
002131119075646019020124
004131119075646012160243
008131119075647013020780
001131119075648014010452
003131119075649012060363
008131119075649012110412
002131119075649019040032
004131119075649012150312
008131119075650012110412
001131119075650013010023
008131119075651013020832
003131119075651012010393
004131119075651013030372
006131119075651011000410
001131119075652012020111
008131119075653015020677
003131119075653012060356
002131119075653019020273
006131119075654011000277
001131119075654016000101
008131119075654012090344
001131119075654012040450
003131119075654012020086
004131119075654013030339
002131119075656019110050
002131119075656014030399
008131119075656015020677
001131119075657012010277
008131119075657012110178
001131119075657016000101
004131119075657013030637
002131119075658012140148
008131119075658013020017
002131119075659019100061
003131119075659012040406
004131119075700015030467
008131119075700012110455
006131119075700011000001
001131119075700012060416
002131119075701012140389
008131119075701012110455
006131119075702013010015
004131119075702013030571
003131119075702012050350
001131119075703012050358
002131119075703013030648
008131119075703012090421
008131119075703013020758
004131119075703012140363
001131119075704014010615
003131119075704012050225
008131119075705012090421
002131119075705019060097
006131119075705011000648
002131119075705015030262
004131119075706013030441
003131119075706012060221
002131119075707012130338
002131119075707019100052
004131119075708013030264
006131119075708012010190
008131119075708012100312
008131119075709012090341
002131119075709014030487
003131119075709012040459
001131119075710012010170
008131119075710012100405
004131119075710012150270
003131119075710012010420
002131119075711012160300
006131119075711012050222
001131119075712014010377
008131119075712013020599
002131119075712019050241
003131119075712015010721
001131119075713016000025
002131119075713015030244
004131119075713013030425
006131119075714012110087
008131119075714013020748
003131119075714012040477
001131119075715016000025
001131119075715012020325
004131119075715012140460
008131119075715012100288
006131119075716011000568
002131119075716012150315
008131119075717013020674
002131119075717015030455
001131119075717015010774
004131119075718012180272
002131119075718019100065
001131119075718016000163
001131119075718014010573
002131119075719012170295
002131119075720014030375
002131119075720019050222
008131119075720013020822
006131119075720011000398
001131119075720014010593
001131119075721016000163
008131119075722013020748
001131119075722014010457
004131119075722014030331
003131119075722012010414
002131119075723015030247
008131119075724014020542
002131119075724019060033
006131119075724011000534
002131119075724013030548
004131119075725013030523
003131119075725012050307
004131119075726012180220
008131119075726012120440
002131119075727015030187
002131119075727019030046
008131119075727015020669
002131119075728014030031
006131119075728012170077
001131119075728016000064
004131119075728012150290
004131119075729013030325
006131119075729013020241
008131119075729012080419
008131119075729015020669
003131119075730013010780
001131119075730013010604
002131119075730019050184
002131119075730015030431
004131119075731013030590
002131119075731019050184
008131119075731013020701
008131119075732015020674
001131119075732012060259
002131119075733015030458
003131119075733013010653
006131119075733012080114
003131119075733012030327
002131119075733019070038
008131119075733012120393
001131119075734012010421
004131119075734015030451
001131119075734018010069
008131119075735015020644
003131119075735012040443
008131119075736012080266
001131119075736015010596
004131119075736013030460
002131119075737019100044
006131119075737012010201
008131119075737012090406
002131119075737012140374
001131119075738014010535
003131119075738012020403
004131119075738012140473
006131119075739015020199
002131119075739019010119
001131119075740013010798
004131119075740012150128
003131119075740012010413
008131119075741014020532
001131119075742013010797
008131119075743014020532
008131119075743013020808
002131119075743012150305
004131119075743013030366
006131119075743011000640
002131119075744019020349
004131119075744013030187
002131119075745015030475
008131119075745013020808
001131119075745012060353
004131119075746015030437
003131119075746012050356
002131119075747019010008
008131119075748013020808
006131119075748015090632
001131119075748015010758
002131119075748019010008
003131119075748012050195
004131119075749012160236
008131119075749014020532
002131119075750019110048
001131119075750014010596
008131119075751014020532
003131119075751012020269
002131119075751012150314
004131119075752014030336
001131119075752016000139
008131119075752013020808
001131119075752013010331
008131119075753013020808
001131119075753012040405
002131119075753019010108
002131119075753012160307
003131119075754012030338
001131119075754014010539
001131119075754016000139
002131119075755014030485
006131119075755011000691
004131119075755013030412
008131119075755012070426
001131119075756016000157
003131119075756014010616
002131119075757014030486
001131119075757016000157
008131119075757014020532
001131119075758018010048
008131119075758015020667
004131119075758013030440
006131119075758013010151
003131119075759013010793
002131119075759019040034
004131119075759013030607
008131119075759012070426
008131119075800015020667
006131119075801011000388
008131119075802012080419
001131119075802018010070
003131119075802012010387
004131119075803012180296
002131119075803013030518
003131119075803012060432
006131119075804012020162
008131119075804012110404
003131119075805013010294
001131119075805013010716
004131119075805012150268
006131119075806012020010
002131119075806012130263
008131119075806012110404
002131119075806019020275
001131119075807012030365
008131119075808012080419
003131119075808013010542
001131119075809012050224
002131119075809013030222
006131119075810015090628
001131119075810015010764
003131119075810013010739
008131119075811012120481
002131119075811012150201
008131119075812014020493
002131119075812013030642
001131119075812012050183
003131119075813012010372
006131119075813011000263
008131119075814012110481
001131119075814018010066
006131119075814011000731
001131119075815013010454
004131119075815013030354
008131119075815012120481
003131119075815012050369
001131119075816014010493
006131119075817011000720
004131119075817012140421
001131119075817018010061
003131119075817012020300
008131119075817012080427
001131119075817015010780
008131119075818012120481
001131119075819012030344
003131119075819013010244
008131119075819014020493
001131119075820012050194
008131119075820012120448
006131119075820011000388
001131119075821018010018
003131119075822012060229
008131119075822012120481
001131119075822014010411
006131119075823012150195
008131119075823012080304
003131119075824013010473
008131119075824012120448
001131119075824012050360
004131119075824015030460
006131119075826011000026
008131119075826014020562
003131119075826012050009
001131119075826012040355
002131119075827019110040
006131119075827011000725
008131119075827014020562
002131119075827014030250
001131119075827014010401
004131119075828014030471
001131119075829015010790
001131119075829018010071
008131119075829014020567
003131119075829013010666
006131119075830011000422
008131119075830012120488
004131119075830013030619
002131119075830014030387
002131119075831019020390
003131119075831012050311
004131119075831012170231
008131119075831012110397
008131119075832012120448
004131119075832012180259
006131119075834011000712
001131119075834012030376
002131119075834013030308
003131119075834012080007
008131119075834012120448
004131119075835012140471
008131119075835012120488
003131119075835012020381
004131119075836012140429
006131119075836012090035
002131119075836019030032
002131119075837015030461
001131119075837013010035
008131119075837012110404
003131119075838012010337
008131119075838014020493
004131119075838014030470
006131119075839013020154
001131119075839014010608
002131119075839012180275
008131119075840014020493
003131119075840015010791
001131119075841013010783
004131119075841013030348
008131119075841014020597
002131119075842014030365
003131119075842012010247
004131119075842012150297
008131119075843014020597
002131119075843012160292
006131119075843012060015
008131119075844012110404
001131119075844019010128
004131119075844012180262
001131119075844015010731
006131119075845012170053
008131119075845012090041
002131119075845012160279
003131119075845012050204
001131119075845014010250
003131119075846012010400
004131119075846012140086
008131119075847012120447
001131119075847015010473
006131119075848011000388
008131119075848012110404
002131119075848012130288
004131119075848012150171
008131119075849014020597
003131119075849012020391
003131119075850012050334
008131119075851014020597
004131119075851012130314
006131119075851013020409
004131119075852012130264
008131119075852012120447
003131119075852013010740
004131119075853012150304
008131119075854012120447
006131119075854014020055
001131119075854014010536
008131119075855012110404
002131119075856015030459
004131119075856015030395
008131119075856012090279
001131119075856012010005
001131119075858015010017
002131119075858014030484
004131119075858012130322
008131119075859012120447
001131119075859012030385
004131119075859013030608
006131119075859014020288
006131119075900011000388
002131119075900019050171
001131119075900012020306
008131119075900012110404
002131119075901014030456
004131119075901015030306
006131119075902014030109
004131119075902013030633
001131119075903012010348
008131119075904014020494
002131119075904012130316
002131119075904019050171
004131119075904012140154
001131119075905015010407
008131119075905014020494
002131119075906015030474
008131119075906014020494
001131119075906014010612
006131119075906011000682
002131119075907019070031
008131119075907013020586
004131119075907012130344
003131119075907012050341
002131119075908015030471
006131119075908011000668
008131119075909013020586
003131119075909012010403
001131119075909015010766
008131119075910013020833
004131119075910012130205
008131119075911012080297
002131119075911019020377
002131119075911015030470
003131119075912012030010
006131119075912012020002
004131119075912012160190
001131119075913014010564
008131119075913012120421
002131119075914012180297
006131119075914011000385
004131119075915012180212
002131119075915019050234
008131119075915015020669
006131119075916013010296
002131119075917019020379
008131119075917015020669
004131119075917013030024
002131119075917013030589
001131119075917018010065
003131119075917013010733
002131119075919012180263
003131119075919012060365
004131119075919013030119
006131119075919013010215
001131119075920012030300
008131119075920012080297
002131119075921014030467
006131119075921012130102
001131119075921016010120
004131119075922012140470
003131119075922012030317
002131119075922019050152
002131119075923015030477
001131119075923014010611
004131119075923013030496
001131119075924013030071
006131119075924012120196
002131119075925012160215
001131119075925014010494
002131119075926019050205
004131119075926013030645
002131119075926015030402
001131119075926012040420
006131119075927012050057
004131119075928012160296
002131119075928014030381
001131119075929013010641
002131119075929012150108
004131119075929012160143
002131119075930012160306
001131119075930016000112
001131119075931012040475
004131119075931012180144
002131119075932014030453
003131119075933012010415
001131119075933012050367
004131119075933012160301
002131119075934012180287
006131119075934011000555
003131119075935012020368
004131119075935012170304
001131119075936013010805
002131119075936012140425
006131119075937015030168
002131119075938012170271
001131119075938012050321
002131119075939015030376
004131119075939013030482
001131119075940012060253
002131119075940014030388
004131119075940012130298
006131119075940012120124
004131119075942013030448
006131119075943011000439
003131119075944013010774
002131119075944012160228
001131119075944012030361
004131119075945012140465
006131119075946019100071
002131119075946014030465
001131119075946012050179
004131119075946012140461
001131119075947012040131
002131119075947015030362
006131119075948015020540
003131119075948012030328
003131119075949012010173
001131119075949012040471
002131119075949012180305
002131119075950014030466
006131119075951012010254
004131119075952012130320
001131119075952012010338
003131119075952012040445
002131119075953012130303
003131119075953012030194
001131119075954014010587
002131119075955014030279
002131119075956019110046
003131119075956012050359
002131119075957012140468
001131119075957012020376
004131119075958013030577
001131119075959013010011
003131119075959013010769
002131119075959019110043
002131119080000012140439
004131119080001012130334
001131119080002014010555
002131119080002019040033
002131119080002013030596
003131119080003012050357
004131119080004012160149
002131119080005019050196
004131119080005012180266
002131119080006012140428
003131119080006012020399
001131119080007013010059
006131119080007011000597
002131119080008019050223
002131119080008012170303
001131119080008018010068
004131119080008012170235
004131119080009014030398
003131119080009013010631
002131119080010014030369
004131119080011012180304
001131119080011013010213
003131119080012013010795
002131119080012019020335
003131119080014013010567
002131119080014019050183
004131119080014012180260
002131119080015012180261
001131119080015014010590
004131119080016012160315
002131119080018019020301
002131119080018012130330
003131119080018012060388
001131119080018012060387
006131119080019012050085
004131119080019014030437
004131119080020012180282
002131119080021014030475
003131119080021012010293
002131119080021019050209
006131119080022011000654
002131119080023012160302
004131119080023012170298
001131119080024014010522
002131119080025015030442
004131119080025012130285
001131119080025014010609
003131119080026012010237
004131119080026012130317
006131119080026012130286
002131119080028012130326
001131119080028014010597
002131119080028019040023
003131119080029013010259
004131119080030012150241
001131119080030012040338
002131119080030012170307
006131119080031015020563
004131119080032015030101
003131119080032012050354
001131119080032014010594
002131119080033014030072
001131119080033019030043
002131119080035019020211
004131119080035012150255
004131119080036013030609
001131119080036014010578
003131119080036015010550
006131119080036012090150
001131119080038012050347
002131119080038014030100
004131119080038012170020
003131119080039012030396
006131119080039012080127
002131119080040015030478
001131119080041014010200
004131119080041012170287
003131119080041015010783
006131119080041011000169
002131119080042019010072
001131119080043015010789
002131119080043012130302
004131119080043012170286
003131119080043013010284
004131119080044012160272
004131119080045019030043
006131119080045013020428
003131119080045012010398
002131119080046012140405
004131119080047012170228
001131119080048019020149
003131119080048012020398
004131119080049012170297
006131119080049015020461
003131119080050012050210
002131119080050019110049
006131119080051012110004
004131119080052013030162
002131119080053019040006
004131119080053013030614
001131119080054012020382
001131119080055019030038
004131119080056012170217
002131119080056019040016
002131119080056012170306
006131119080057011000733
002131119080058012160230
001131119080058012050348
004131119080059013030584
002131119080059019050193
001131119080100018010008
004131119080100012140408
002131119080101013030623
002131119080102019020326
004131119080103012140127
006131119080104013010358
003131119080104014010444
001131119080104013020226
002131119080104012130337
002131119080104019040021
002131119080105013030263
001131119080105014010610
004131119080105012140420
002131119080105019040021
003131119080105012050353
004131119080108014030393
003131119080108013010767
001131119080108015100546
001131119080109015010795
003131119080109012060378
006131119080110011000674
004131119080111013030617
002131119080112014030356
003131119080112012060431
006131119080113015090631
001131119080113012050147
004131119080114012150286
001131119080114015010763
002131119080115014030458
004131119080115012160231
001131119080116015030454
002131119080118014030158
006131119080119012060312
002131119080119014030373
002131119080120012130284
004131119080120013030562
003131119080121012030303
002131119080121012130014
002131119080122019040009
002131119080123012150250
006131119080123012160104
004131119080123014030478
003131119080124013010765
004131119080125015030441
002131119080125019050238
002131119080126015030383
003131119080126012010401
004131119080127012180290
001131119080128012030363
002131119080128012140409
001131119080129012020021
004131119080129012130278
002131119080129019030025
002131119080130012180257
001131119080130012020311
004131119080131012170222
001131119080132012060403
004131119080132012140437
002131119080132015030468
004131119080135013030567
002131119080135014030447
004131119080137015030408
002131119080137014030217
001131119080137014010066
004131119080139012130271
003131119080140013010714
002131119080140014030427
002131119080141019040030
004131119080141013030538
002131119080142019040030
002131119080142013030510
001131119080143019030050
004131119080143012180301
004131119080145012160311
002131119080147019060001
002131119080148013030465
003131119080148012020367
004131119080149012130270
004131119080150012170291
002131119080150012170280
003131119080151012060423
001131119080151012010382
002131119080151012130292
001131119080152018010067
006131119080152011000600
004131119080152012170054
001131119080153012020016
004131119080154012180292
004131119080155013030591
001131119080156015010696
002131119080156019020391
002131119080157014030416
004131119080157012160233
001131119080157015100561
006131119080157012030293
003131119080158012010010
001131119080158013010761
004131119080159013030610
002131119080200019050220
004131119080200012160289
006131119080202012060389
004131119080202012130335
002131119080204019050148
003131119080204013010004
004131119080205013030485
003131119080205012030095
006131119080205012020279
004131119080206012160298
003131119080209015010805
004131119080209012160293
002131119080210019080001
004131119080211013030616
001131119080211012010392
002131119080214012140431
003131119080215013010702
002131119080217019010134
003131119080218014020020
004131119080219013030605
003131119080220013010674
002131119080224012170275
006131119080224011000636
004131119080225012130267
006131119080226012010028
002131119080226014030001
006131119080228012030282
002131119080228012130279
004131119080229012170299
002131119080230012170250
002131119080232012180154
004131119080233014030150
001131119080235018010055
002131119080235014030481
004131119080236014030299
003131119080236014010524
004131119080237012180159
004131119080238012140424
001131119080242016000008
004131119080242014030452
004131119080243012140441
004131119080245012020358
001131119080246012060422
002131119080248019040015
001131119080248016000062
001131119080248012030305
004131119080249012140337
002131119080252019010118
004131119080252014030368
001131119080252016000161
001131119080253016000161
001131119080255012030329
002131119080257019110014
001131119080258012150311
004131119080259012150069
001131119080259012150311
001131119080304016000003
004131119080305013030346
001131119080306016000003
001131119080306014010133
001131119080307015030106
001131119080310016000154
001131119080312016000058
001131119080314016000058
001131119080315016000164
001131119080317016000164
001131119080318012060368
001131119080320016000058
001131119080322016000154
001131119080323016000154
001131119080323012010385
003131119080323012010327
001131119080325016000154
004131119080326013030104
001131119080326015100556
002131119080330019050224
001131119080331015100556
002131119080331012150261
001131119080334016000088
006131119080337014020550
001131119080339014010508
004131119080340012170284
004131119080342014030022
001131119080342012030196
003131119080343013010689
002131119080346014030176
006131119080352013010117
004131119080352012140225
001131119080352016000141
002131119080355019020260
001131119080355016000141
002131119080358019020212
003131119080359012060398
004131119080405012150301
003131119080407012050320
002131119080422012180310
006131119080423012160222
002131119080425012140430
002131119080430019070001
001131119080444012070090
004131119080445012160312
002131119080455012140447
001131119080534016000163
001131119080536016000163
002131119080543019110013
006131119080602012030316
006131119080607012010405
001131119080618016000012
002131119080635019010094
003131119080652012020333
004131119080659013030331
002131119080709019020392
002131119080741019090016
002131119080811019040020
009131119080841013020870
009131119080900012080438
001131119080902016000052
004131119081134012140463
009131119081143012100280
008131119081149012100280
002131119081155019020323
009131119081208014020511
002131119081210019020368
009131119081211014020180
009131119081347012070411
009131119081349012090394
009131119081352013020721
009131119081355012120421
009131119081359012070421
009131119081406012090300
009131119081409015020410
009131119081413012110478
009131119081417012110354
009131119081421012090412
008131119081434015020478
009131119081435012120425
009131119081441014020553
002131119081443019020333
009131119081444014020534
009131119081451013020468
009131119081452012080414
009131119081456012110416
009131119081458014020443
009131119081501013020769
009131119081504013020795
009131119081507012080413
009131119081510014020578
002131119081515019020327
009131119081522012070443
009131119081523012120464
009131119081527013020640
009131119081532013020793
009131119081534012100418
009131119081537013020572
009131119081540012120483
009131119081546014020626
009131119081548012080459
009131119081550012080469
009131119081551012090350
009131119081556012090408
009131119081558012110340
009131119081601012070403
009131119081604014020416
001131119081608016000007
001131119081611016000007
009131119081611012080424
009131119081613015020568
001131119081614016000001
009131119081617013020872
009131119081623012070338
009131119081624012070357
009131119081628014020404
009131119081632013020874
009131119081635012080468
009131119081638014020632
009131119081641014020470
009131119081644001020678
009131119081646012090357
009131119081649014020611
009131119081650014020611
009131119081652012110160
002131119081659019060086
009131119081659013020835
009131119081700014020625
009131119081703013020726
009131119081707014020618
009131119081710014020615
009131119081713012100047
009131119081715013020852
009131119081720013020660
009131119081722012080345
009131119081723014020120
009131119081725012070377
009131119081734015020659
009131119081736012100430
009131119081738012120470
009131119081742013020865
009131119081744013020840
009131119081752013020876
009131119081754013020626
009131119081757014020025
009131119081800013020554
009131119081803015020022
009131119081806012090418
009131119081809013020689
009131119081812014020582
009131119081815012090413
009131119081818012080429
009131119081824013020813
009131119081826013020702
009131119081828013020767
009131119081831014020570
009131119081835012110458
009131119081838014020504
009131119081846014020574
009131119081849012090416
009131119081851012100307
009131119081854016000147
009131119081858013020812
009131119081859014020567
009131119081900012080461
009131119081903013020825
009131119081909012090401
009131119081911014020512
009131119081913012100367
009131119081916012100419
009131119081918012090368
009131119081925012100318
009131119081928013020838
009131119081930012070438
009131119081932012090400
009131119081933012070376
009131119081936012090220
009131119081938014020494
009131119081943013020773
009131119081946012120492
009131119081949014020581
009131119081952014020007
009131119081954014020426
009131119081957012070440
009131119082000012090396
009131119082010014020538
009131119082023012100169
009131119082058013020843
009131119082100012090417
009131119082107012100350
009131119082110012070392
009131119082111013020681
009131119082114014020598
009131119082116012110351
009131119082119013020282
009131119082123012080017
009131119082138014020331
009131119082150014020411
009131119082153012100385
009131119082155012080360
009131119082157014020414
009131119082158012120419
009131119082200012070308
009131119082203013020783
009131119082205012090419
009131119082206013020574
009131119082208012070439
009131119082213012120482
009131119082218012080418
009131119082220012090406
002131119082220019010111
009131119082222012120475
002131119082225019010031
009131119082226012070417
009131119082228012120402
009131119082231012070197
009131119082239014020502
009131119082241016000149
009131119082243012090399
009131119082246012120486
009131119082249013020803
009131119082253013020799
009131119082259012110367
009131119082303012090410
009131119082315014020616
009131119082316014020631
009131119082319012090380
009131119082321012090339
009131119082324012090343
009131119082325012090343
009131119082336012070390
009131119082339014020563
009131119082343012120465
009131119082345012120491
009131119082347013020826
009131119082350013020619
009131119082352014020602
009131119082353014020568
009131119082408012100252
009131119082412012080304
009131119082414012070368
009131119082416014020624
009131119082419012070368
009131119082420012090391
009131119082423012090388
009131119082424014020305
009131119082427016000124
009131119082428012110297
009131119082431013020790
009131119082434012120399
009131119082437012110467
009131119082439014020417
009131119082446012070410
009131119082448013020866
009131119082452012090235
009131119082453012070358
009131119082455012070358
009131119082456012100379
009131119082458012070433
009131119082506012090372
009131119082509014020530
009131119082512014020617
009131119082515012090309
009131119082517012070236
009131119082518014020593
009131119082521012080366
009131119082524012070264
009131119082526012120392
009131119082527012120392
009131119082531015020638
009131119082532013020857
009131119082534014020633
009131119082536012110482
009131119082538014020603
009131119082539014020603
009131119082544013020880
009131119082545014020398
009131119082547012110438
009131119082549012120485
009131119082555012070321
009131119082557012080364
009131119082558013020841
009131119082600014020092
009131119082601014020493
009131119082603013020643
009131119082605012100443
009131119082710012100364
009131119082713012090377
009131119082714012090345
009131119082717013020863
009131119082720012070447
009131119082721015020541
009131119082723014020529
009131119082726012110375
009131119082731014020619
009131119082733014020607
009131119082736014020597
009131119082740013020425
009131119082803012080447
009131119082804012080425
009131119082807012120463
009131119082808014020528
009131119082810012100358
009131119082811015020624
009131119082814012110378
009131119082815014020513
009131119082816013020781
009131119082819012080380
009131119082822012080242
009131119082823014020545
009131119082825013020817
009131119082828012100218
009131119082832013020837
009131119082833012090279
009131119082835012110409
009131119082840012100327
009131119082841015020386
009131119082850012070366
009131119082852012110480
009131119082854013020820
009131119082856014020540
009131119082859015020682
009131119082900012090414
009131119082901012110404
009131119082904012120354
009131119082905012110421
009131119082907012110421
009131119082932012120368
009131119082935012070404
009131119082936013020811
009131119082939014020628
009131119082942012120490
009131119082943013020198
009131119082945012110461
009131119082947015020676
009131119082949014020424
009131119082952015020630
009131119082953012110382
009131119082955012110476
009131119082958012100446
009131119083000012120474
009131119083003014020546
009131119083004015020664
009131119083007014020623
009131119083009012120301
009131119083010014020606
009131119083018012080358
009131119083020012120433
009131119083023013020738
009131119083025012120444
009131119083026014020551
009131119083028014020634
009131119083030012080454
009131119083032013020869
009131119083033012120461
009131119083034015020684
009131119083043015020580
009131119083046012110464
009131119083048012070360
009131119083049012110485
009131119083051012110479
009131119083052014020554
009131119083054012080396
009131119083055014020620
009131119083058014020524
009131119083105013020747
009131119083107012070341
009131119083109015020641
009131119083110012070331
009131119083112014020536
009131119083114014020435
009131119083118014020586
009131119083128014020036
009131119083130012100445
009131119083131012100445
009131119083133014020627
009131119083136014020537
009131119083137012110486
009131119083140012090402
009131119083141012100428
009131119083144012110489
009131119083145012080373
009131119083148013020610
009131119083151012120306
009131119083157015020677
009131119083159014020565
009131119083200012090335
009131119083203013020810
009131119083205012080394
009131119083206012080346
009131119083208012080225
009131119083211012110477
009131119083212012100223
009131119083215015020451
009131119083216012080453
009131119083219012070422
009131119083220012080361
009131119083222012090291
009131119083228013020860
009131119083229012090407
009131119083232014020562
009131119083237014020489
001131119083708019050245
008131119085012014020566
002131119085932019090015
009131119090044012120493
002131119094508019010067
003131119095530013010751
001131119120828012040478
001131119120831014010617
004131119121439014030490
004131119121441012130345
002131119121554014030490
002131119121556012130345
001131119123409019110051
002131119131131019110043
003131119140406013010392
004131119164732012130314
003131119165754012030405
008131119170320012110489
001131119170427016000112
001131119170449016000157
002131119170533012150314
001131119170558016000139
001131119170600016000139
002131119171431019010127
002131119180019019010072
002131119181826019100061
001131119183238016000058
001131119184107016010127
002131119184126019090016
002131119184926019050243
002131119184927019050243
002131119185156019020065
002131119185404019010133
002131119185425019010131
003131119185528012040477
002131119185558019110027
003131119185753012040476
004131119185813012130344
002131119190106019060102
001131119190153019060076
003131119190512013010807
001131119190610012010011
001131119190612012010338
001131119190636012010376
001131119190637012010415
001131119190657012010392
002131119190702019030042
001131119190723012060349
001131119190725012010408
001131119190728012010393
003131119190750012010389
001131119190755012010341
003131119190802012010375
003131119190806012020391
002131119190830019050196
002131119190927019070014
004131119190955012170305
004131119191010013030339
001131119191010012030385
004131119191012012170054
002131119191012012130271
001131119191014012030385
003131119191014013010716
004131119191014015030467
001131119191016012010420
004131119191016013030458
001131119191016012010277
002131119191017012160228
001131119191017012010277
002131119191018012130278
001131119191018012010421
004131119191018012170054
002131119191019012130059
001131119191020012060372
002131119191021012130116
004131119191021012130285
001131119191022012010309
004131119191023012140453
001131119191024012010387
001131119191024012010247
003131119191025012010277
001131119191025012050310
006131119191026012170019
003131119191027012020400
004131119191027012130303
001131119191028012010387
002131119191029012150128
001131119191029012030397
001131119191030012010247
004131119191030012150260
002131119191031012140154
001131119191031012020325
004131119191031012130280
002131119191032012130320
001131119191032012020403
001131119191035012010348
002131119191035012140409
001131119191036012010400
003131119191036012040468
001131119191036012040472
004131119191037012130242
003131119191039012010329
001131119191039012010201
004131119191039012160231
004131119191040012140388
001131119191041012010409
003131119191042013010700
001131119191043012010028
002131119191044012130263
002131119191045019070031
001131119191046012010028
003131119191046012010254
003131119191048012010293
004131119191048013030066
004131119191050012160253
004131119191051013030066
003131119191054012030266
004131119191054012160253
003131119191056013010793
001131119191057012010237
004131119191057012130295
001131119191059012020228
001131119191100012010377
002131119191101012180288
003131119191104012020333
001131119191104012010382
003131119191105012030386
001131119191106012010162
001131119191108012020111
003131119191108012030390
003131119191109012030387
001131119191109012030196
002131119191110012130316
001131119191111012040405
003131119191111012010414
001131119191112012020111
002131119191113012140457
003131119191113012040273
001131119191114012020345
003131119191114012060434
003131119191115012060241
002131119191116013030648
001131119191117012010419
003131119191118013010780
006131119191118012130286
002131119191119012140475
001131119191119015010785
003131119191119012040443
001131119191121012050179
002131119191121012170250
003131119191121012030303
001131119191122012040475
002131119191123012180106
001131119191124012030305
003131119191124013010806
002131119191125012160259
003131119191126012010355
001131119191126012040450
001131119191127012020385
002131119191127012130270
003131119191128012050345
002131119191129012130312
001131119191131012010398
003131119191132012040471
002131119191132013030649
002131119191133012130292
001131119191134012050321
003131119191134013010575
003131119191136013010117
001131119191137012040471
003131119191139013010653
003131119191141012060015
001131119191141012050224
001131119191141016000167
001131119191142013010549
003131119191143012050195
001131119191144012030333
003131119191145012020300
001131119191146012030363
003131119191147012030316
001131119191147012030276
001131119191147015100543
001131119191148012060405
006131119191148016010086
003131119191149012030282
001131119191151012060309
001131119191151015100561
003131119191152012050254
002131119191152019040009
003131119191153012030036
001131119191153015100560
001131119191154012050308
001131119191154015100560
003131119191155012030401
002131119191156019040016
003131119191157013010769
001131119191157015100556
001131119191159012030352
003131119191159012020016
003131119191201013010631
001131119191201012010364
001131119191202015010717
003131119191202013010803
003131119191204012050210
001131119191204012030353
001131119191206012060416
003131119191207012030230
001131119191208015010721
003131119191209012010413
001131119191210012010010
003131119191211012030256
001131119191212012050347
003131119191213012060331
001131119191214012030361
006131119191214013020240
001131119191215012060259
003131119191215012040382
003131119191216012060364
002131119191217019040035
003131119191218013010727
001131119191219012060095
003131119191219012010422
001131119191219015100559
003131119191220012020367
001131119191220012030361
001131119191221012030095
003131119191222013010808
001131119191222015100557
001131119191223015010550
003131119191224012030389
001131119191224013020180
001131119191225012010340
002131119191225019050029
003131119191226013010015
001131119191227012020380
003131119191229013010765
001131119191229015010786
002131119191229019050148
003131119191231012020399
001131119191231012040346
003131119191232012060005
001131119191232012050309
003131119191233012020399
001131119191234012020382
003131119191236012050359
003131119191238013010625
001131119191238012040458
001131119191240012040209
002131119191240019020286
003131119191241012050266
003131119191242012020381
001131119191242012030328
003131119191244013010774
001131119191245012040354
003131119191246012060432
003131119191248013010712
001131119191248012010327
003131119191249013010007
001131119191249012020352
003131119191251012020389
001131119191251012030368
001131119191251013020226
001131119191252012030010
003131119191253012020393
003131119191254012030342
001131119191254015010780
001131119191255019110051
003131119191256012040453
003131119191258012060400
001131119191259012030402
001131119191301012040465
003131119191301013010689
006131119191301012160021
001131119191304012040403
003131119191306013010460
001131119191307012060403
003131119191309012020392
001131119191309015010450
001131119191311012020366
003131119191311012040397
003131119191313012020390
001131119191314012010014
003131119191314013010321
001131119191315012040222
002131119191315019030042
003131119191316012060426
002131119191316019030042
003131119191318013010646
001131119191318013010479
002131119191319019030022
003131119191321013010788
001131119191321019010128
006131119191322011000385
001131119191323012040464
001131119191323012040411
003131119191324013010767
001131119191325012020322
003131119191326012050311
003131119191327012050313
001131119191328012010190
001131119191331015010731
003131119191332013010693
001131119191333012050183
003131119191333013010505
001131119191334012050315
006131119191334013020326
003131119191335013010693
001131119191337012050204
003131119191337012060421
001131119191338012050367
003131119191339013010666
001131119191340012050285
003131119191342013010787
001131119191342012020286
003131119191343012060420
001131119191345015010789
001131119191346015010615
003131119191346012040454
003131119191348012010401
001131119191348012050238
001131119191349015010783
003131119191349012030400
001131119191352012050354
003131119191352012040192
006131119191352012020274
001131119191352012150311
002131119191352019040015
001131119191353012150311
003131119191354012040423
001131119191355012030365
003131119191356012050028
001131119191356012150311
001131119191357012010337
006131119191357013020068
001131119191357012150311
001131119191359012040470
003131119191359012060374
001131119191359018010047
002131119191400019050212
001131119191401012050225
003131119191401013010791
001131119191402018010054
003131119191403012040466
003131119191404012040459
001131119191404018010018
003131119191406012040376
006131119191406012070090
001131119191407012020344
001131119191407018010068
003131119191408013010724
001131119191408012010292
006131119191408011000632
003131119191409013010740
001131119191409016010071
001131119191410012020008
001131119191411012020368
003131119191411013010284
006131119191411013020581
001131119191412012050368
001131119191412018010065
003131119191413012030399
001131119191414012040444
003131119191414013010284
001131119191415012060221
003131119191416012030403
001131119191418018010048
001131119191419013010743
003131119191420015010792
001131119191422013010747
003131119191422012060379
001131119191424012060360
003131119191424015010751
001131119191425012060007
001131119191426012020037
003131119191426012050366
003131119191427012030261
001131119191427012010403
003131119191429012050363
001131119191429012060360
001131119191430012030300
003131119191432012040337
003131119191433012060381
001131119191433012020332
006131119191433013020274
003131119191435012060410
003131119191437012030327
001131119191438012060383
004131119191438012180253
003131119191439012010405
004131119191439013030608
003131119191441012030355
004131119191441012160215
003131119191443012050353
001131119191443013010567
001131119191444012020398
004131119191444012160313
004131119191445013030460
001131119191446012050334
003131119191446012040353
004131119191446012160313
001131119191446018010069
003131119191448013010763
001131119191448012040433
001131119191449012040446
003131119191449012030396
004131119191450012180253
001131119191452013010677
003131119191452012060166
004131119191452012150286
001131119191453012050194
002131119191454013030448
004131119191454012180307
001131119191455012040293
003131119191455013010426
004131119191455012140088
001131119191455012040131
002131119191457012140441
003131119191457013010001
004131119191457012150170
001131119191458014010200
002131119191458012130319
001131119191458015010763
002131119191459012130288
003131119191459012020404
004131119191459012170222
002131119191500012150069
004131119191500013030325
001131119191501012020269
003131119191501013010759
002131119191502012130288
004131119191502013030510
001131119191503012020121
004131119191503013030562
003131119191504012060312
002131119191504012150263
004131119191504012170209
001131119191506012030372
003131119191506012060423
004131119191506012180272
001131119191507014010587
004131119191507013030356
001131119191507018010067
002131119191508012140379
001131119191508014010609
002131119191509012150263
004131119191509013030264
003131119191510013010730
004131119191510013030504
001131119191511014010250
002131119191511012170292
002131119191511012180271
004131119191511013030412
001131119191511018010061
003131119191512013010739
001131119191512014010609
002131119191513012180271
001131119191514014010592
001131119191515014010571
002131119191515012140086
004131119191515013030412
003131119191516012030338
002131119191516015030436
001131119191516018010071
004131119191516013030590
003131119191517013010014
002131119191517012140086
001131119191518012010173
002131119191518012130250
003131119191519012050307
002131119191519012140405
004131119191519012170291
001131119191520014010594
002131119191520012140086
001131119191520018010070
002131119191521012130312
003131119191521012060359
004131119191521013030571
002131119191522012150290
001131119191522012050358
003131119191522013010682
004131119191522012150270
003131119191523012050057
004131119191524012140429
001131119191525012010385
002131119191525012160296
003131119191525012020279
001131119191525018010066
002131119191526012160296
002131119191526012180287
004131119191526012150073
001131119191527012050357
003131119191527013010541
004131119191527012170217
002131119191528012180253
002131119191529012150290
004131119191529013030644
001131119191530015010764
003131119191530013010577
003131119191531013010473
002131119191531012170228
001131119191531012050360
004131119191532012170268
002131119191533012160272
004131119191533013030425
002131119191534012150226
001131119191534012060383
003131119191534012040469
004131119191535013030479
002131119191536012160243
001131119191536012020348
004131119191536013030119
003131119191537012060229
003131119191537013010710
001131119191537012050129
004131119191538013030609
001131119191539012010019
004131119191539012140086
003131119191540012060433
002131119191541015030458
004131119191541013030609
004131119191541013030386
001131119191542012040447
004131119191542013030590
001131119191542016000073
001131119191544013010023
002131119191544012140458
004131119191544013030386
001131119191546012040338
002131119191546012130297
004131119191546013030633
002131119191547012140441
003131119191547012050320
004131119191547013030609
002131119191548012130284
003131119191548012030293
001131119191548012030344
004131119191548013030348
001131119191548019010125
002131119191549012150294
006131119191549011000165
003131119191550012040445
001131119191550012050348
004131119191550013030456
002131119191551012130326
003131119191552015020410
004131119191552012170053
001131119191553012060389
002131119191553012140445
001131119191554012040426
003131119191554012020358
004131119191554012140466
002131119191555012180261
004131119191556012140469
003131119191557013010785
001131119191558012050213
003131119191559013010714
004131119191559013030645
001131119191601012060353
004131119191602012150255
001131119191603013010805
002131119191603012180257
003131119191604013010550
004131119191604012170178
001131119191605012030304
002131119191606013030573
001131119191607014010570
003131119191607012050351
004131119191607012180158
001131119191608012040438
001131119191609014010066
004131119191609012180220
003131119191610013010758
002131119191610019050193
001131119191611012040425
002131119191611012180290
001131119191612013010641
003131119191612012060388
004131119191612013030606
001131119191613014010569
004131119191613013030641
001131119191614012050343
003131119191614013010674
001131119191614018010059
004131119191615013030567
001131119191616012050344
004131119191616012170056
003131119191617012030404
001131119191617015010407
001131119191617018010059
006131119191617013020409
001131119191619014010068
003131119191619013010735
001131119191619012060387
002131119191619012180257
001131119191619018010072
004131119191619013030577
002131119191620012130338
001131119191620012040461
003131119191621012050356
002131119191621013030563
004131119191621012140470
006131119191621012140167
001131119191622012060387
004131119191622012160230
003131119191623012060398
002131119191623012180310
001131119191623012060429
004131119191623013030625
003131119191624013010515
002131119191624012180257
006131119191624013030176
001131119191625014010555
004131119191625012170292
001131119191626012010410
003131119191626012060431
001131119191626018010072
004131119191626013030354
006131119191627013020543
003131119191628012050369
001131119191628012060407
004131119191628013030565
001131119191629014010555
002131119191629012170264
006131119191629013020067
003131119191630012060363
001131119191630012020311
004131119191630013030523
001131119191631014010616
002131119191631012140431
003131119191631013010726
004131119191631012150312
003131119191633013010770
001131119191633013010215
004131119191633013030075
006131119191633012050085
002131119191634012150278
004131119191634013030399
003131119191635013010777
002131119191636012180249
001131119191636012050217
001131119191637014010357
001131119191638014010565
003131119191638012040452
001131119191639014010535
004131119191639013030443
006131119191639013020428
003131119191640012020396
001131119191641014010565
004131119191641013030104
003131119191642012030366
002131119191642012170307
003131119191643012060384
004131119191643013030550
002131119191644012140470
001131119191644013010755
006131119191644012120196
001131119191645012030381
001131119191645013010783
003131119191645013010009
004131119191645012140424
002131119191646012160230
001131119191646013010798
004131119191646012140467
006131119191646012050222
003131119191647015010794
002131119191648012170307
001131119191648013010804
004131119191648012160149
003131119191649012060414
001131119191649015010473
004131119191649012130165
002131119191650012130317
001131119191650013010797
003131119191651013010598
004131119191651012160289
001131119191652013010688
006131119191652012140043
002131119191653012140408
003131119191653013010781
004131119191653013030605
001131119191654013010751
003131119191654013010799
004131119191654013030496
001131119191655012040462
001131119191655015030112
004131119191655013030576
003131119191656013010270
001131119191657015010682
002131119191657012140446
004131119191657013030024
002131119191658013030507
001131119191658013010762
003131119191658012040478
004131119191658014030470
003131119191701012050341
001131119191701015010795
004131119191701012180185
004131119191702013030622
001131119191703015010804
003131119191704012020402
001131119191704015010798
001131119191704015100551
001131119191705015010804
004131119191706012140337
003131119191707012040373
003131119191708012060428
004131119191708012150271
001131119191710012040355
003131119191711013010190
001131119191711013010802
004131119191711012160271
001131119191712014010502
003131119191713013010672
001131119191714013010006
004131119191714014030440
003131119191716012020288
004131119191717012160236
001131119191718014010457
003131119191719012040414
001131119191719012020324
006131119191719012020013
002131119191720012140422
004131119191720012130335
001131119191721012020086
003131119191721013010296
006131119191721012130102
001131119191722014010460
003131119191724013010365
002131119191724015030471
004131119191726012140420
006131119191727013010151
001131119191728014010411
004131119191728013030003
003131119191729013010542
001131119191730014010510
002131119191730012150261
003131119191731014010607
001131119191732014010492
004131119191732013030629
003131119191733013010244
002131119191733012160310
001131119191734015010795
002131119191735012130327
003131119191735013010560
004131119191735012150201
001131119191736014010524
004131119191736013030382
003131119191737014010401
001131119191737014010316
004131119191737012180206
002131119191738012160228
003131119191739012050350
001131119191739015010669
001131119191740014010605
004131119191740013030440
002131119191740019020390
002131119191741015030459
004131119191741012140461
001131119191742012050147
004131119191742015030443
003131119191744013010662
004131119191744013030516
001131119191745015010790
003131119191745012060378
002131119191746012180249
001131119191747014010444
004131119191747013030538
006131119191747013020397
003131119191748013010601
001131119191748014010053
004131119191749012150307
006131119191751011000262
004131119191751012150297
003131119191752013010654
004131119191753013030240
002131119191755012160012
001131119191756014010053
004131119191756013030545
001131119191757014010157
001131119191758014010548
002131119191759012130336
004131119191759013030162
002131119191800012140419
003131119191800015010596
002131119191800019050213
001131119191800013030071
001131119191802012020002
004131119191802012160136
002131119191803012170195
003131119191803013010772
004131119191803012140465
003131119191804014010575
001131119191804015010683
006131119191804012050123
002131119191805012170265
003131119191806013010580
001131119191806014010264
004131119191806012160163
002131119191807012170194
004131119191807013030084
003131119191808013010737
001131119191808018010055
001131119191810013010347
002131119191810012170235
003131119191810012040417
003131119191810013010733
004131119191810013030634
003131119191812013010733
002131119191812012150283
001131119191812015030454
004131119191812012130223
002131119191813012140419
001131119191813012060368
003131119191814012040467
001131119191814014010452
004131119191814012160085
001131119191816012060253
003131119191817012050009
001131119191818014010614
002131119191819013030349
003131119191820013010651
004131119191820013030624
003131119191821013010695
006131119191821014020288
002131119191822012160300
001131119191822015010716
004131119191822012170279
002131119191822019110040
001131119191823013010059
004131119191824012170073
006131119191824015020540
002131119191824019110040
001131119191825014010539
004131119191825012170218
001131119191826012040410
003131119191826013010732
002131119191826013030619
002131119191828014030480
001131119191828015010796
003131119191828013010606
004131119191828012170267
004131119191829012180301
003131119191830014010003
001131119191830012020306
002131119191831013030441
002131119191831019050224
004131119191831015030451
001131119191832012040420
006131119191833015020461
002131119191834012140425
001131119191834012020383
003131119191834012030349
004131119191834012140471
003131119191835013010413
001131119191835013010604
001131119191835012060369
001131119191836018010008
003131119191837013010259
001131119191837014010617
004131119191837012130214
001131119191838012020306
002131119191838013030607
001131119191839014010615
002131119191839012150304
004131119191839012140456
003131119191840012040406
003131119191841012060396
002131119191841012150135
004131119191841013030346
001131119191843014010573
003131119191844013010794
002131119191845012140449
004131119191845012140463
003131119191846012040442
001131119191846014010338
003131119191847013010768
002131119191847013030630
004131119191847012170280
002131119191848013030631
001131119191848014010606
004131119191848012170146
001131119191850014010537
002131119191850013030627
003131119191850013010800
006131119191850015020199
004131119191851012170193
001131119191852013010746
002131119191852013030623
004131119191852012160285
003131119191853013010795
001131119191854015010696
003131119191854012040429
002131119191854012150102
004131119191854012160143
006131119191855014020055
001131119191856013010358
003131119191857015010687
002131119191857012180275
001131119191858014010580
003131119191858013010004
004131119191858013030546
002131119191859012150274
001131119191859015010737
003131119191900012020021
001131119191900013010446
003131119191900012040437
004131119191901012160104
002131119191902012150203
003131119191902012030335
001131119191902013010021
004131119191902012140149
003131119191903012020137
004131119191903013030366
001131119191904013010734
002131119191905012180260
003131119191905012060427
004131119191905012170297
001131119191906013010331
002131119191906012130264
004131119191906012140127
001131119191907015010738
002131119191907012150091
003131119191907013010520
004131119191907012140363
002131119191909014030475
004131119191909012160104
003131119191910012060356
001131119191910015010784
002131119191910013030638
002131119191911019010116
004131119191911012170297
003131119191912013010624
001131119191912015010668
002131119191912013030465
001131119191913015010781
004131119191913012150268
002131119191914014030475
003131119191914013010522
001131119191915014010598
001131119191916015010753
002131119191916014030374
003131119191917012030194
001131119191917012030242
002131119191917120300845
002131119191917019050026
004131119191917012150318
002131119191919012170299
001131119191919015010793
004131119191919012150198
001131119191920013010199
003131119191920012040473
002131119191920014030374
004131119191920013030551
002131119191921014030456
004131119191921012130075
002131119191922012130014
001131119191922013010176
002131119191922019110037
002131119191923012130290
003131119191923012050365
006131119191923012110087
004131119191923013030469
001131119191924015020469
004131119191925012160233
002131119191925019020378
003131119191926012030317
002131119191926014030456
001131119191927014010584
002131119191928012140472
004131119191928012150203
003131119191929013010771
001131119191929012050234
002131119191929012170299
002131119191929019020378
004131119191929012160311
002131119191930013030639
001131119191930013010035
003131119191932013010650
004131119191932012180260
006131119191932012150195
002131119191933019110037
001131119191935019030038
004131119191935013030535
002131119191935019110037
001131119191936015010761
006131119191936013010392
004131119191936013030506
003131119191937015010704
002131119191937012160280
003131119191939015010805
001131119191939015010692
002131119191939014030072
004131119191939015030408
002131119191940015030431
001131119191941015010678
002131119191941019020399
002131119191942012180263
003131119191943013010454
002131119191943014030471
001131119191943015010774
004131119191943012140462
002131119191944013030263
004131119191944012160315
001131119191946013010011
002131119191946012130120
003131119191946015010805
004131119191946012130345
002131119191947012130342
001131119191948012040367
004131119191948013030558
001131119191949016000064
004131119191949012130282
002131119191950012130330
004131119191950013030610
002131119191951015030469
001131119191951015010797
004131119191951012140426
002131119191952015030426
004131119191953013030636
002131119191954012160292
001131119191954012020285
001131119191955015010632
002131119191955015030463
001131119191955016010032
002131119191956013030308
004131119191956013030372
004131119191957013030637
002131119191958012160302
001131119191958015010693
002131119191959012130305
002131119192000013030639
004131119192000012140473
002131119192002012160224
004131119192002012170127
002131119192004012130322
001131119192004014010536
004131119192004013030617
003131119192005013010294
001131119192005015010129
004131119192005013030187
002131119192006013030466
001131119192006015010766
004131119192006014030021
002131119192006019050230
001131119192007016000169
002131119192007012140235
004131119192007013030398
002131119192008012130329
004131119192008014030299
002131119192009012180287
002131119192010012180305
001131119192010015020500
004131119192010012130334
001131119192011015010752
002131119192011012140430
004131119192011012150100
002131119192013012180305
004131119192013012180159
002131119192014014030437
004131119192014013030584
003131119192015015010801
002131119192016012170306
004131119192016012150196
002131119192017013030616
003131119192018013010776
004131119192018012150098
002131119192019014030459
002131119192021012180297
003131119192021013010702
004131119192021013030331
002131119192022012140442
001131119192022012060397
004131119192022012160224
002131119192023012170303
003131119192023014020020
002131119192025012170286
004131119192025013030246
002131119192026012170266
001131119192026012020388
003131119192026012010251
004131119192028012130298
002131119192029012140374
003131119192029015010791
001131119192029014010612
004131119192029012180284
002131119192030012140148
001131119192031012060415
002131119192031012170298
004131119192031014030398
002131119192033012150315
002131119192034014030424
004131119192034012130205
002131119192035012170286
004131119192035012170304
004131119192036012150287
002131119192037012180266
003131119192037012020162
006131119192037015020563
002131119192038014030158
002131119192039012180266
004131119192039012180144
001131119192041012060422
002131119192041019020372
004131119192042012180171
003131119192043013010213
002131119192044014030387
001131119192044015010758
004131119192044014030424
004131119192045012140435
003131119192046012030329
002131119192046012130340
002131119192048015030478
002131119192048014030373
004131119192048014030331
002131119192048019020282
002131119192049013030642
004131119192050012180262
001131119192051012060397
003131119192051012010372
002131119192051019050217
004131119192051014030490
002131119192052012150309
002131119192053012130210
004131119192053014030077
002131119192053019020377
002131119192054012180308
004131119192055014030305
006131119192055013030188
004131119192056012140444
002131119192056019050239
002131119192057013030649
001131119192057012030356
004131119192058012170286
002131119192059012140389
004131119192059013030603
002131119192100012170277
001131119192101015030106
006131119192101012020340
004131119192101012180266
002131119192102014030430
002131119192103014030055
004131119192103012150303
004131119192104012160134
002131119192105014030452
004131119192106012150319
002131119192106019050209
004131119192107012170257
002131119192108013030618
004131119192109012140452
002131119192110014030478
003131119192111012110201
004131119192111012180046
002131119192112014030267
002131119192113012130210
004131119192113012130267
002131119192114015030262
004131119192114012180304
004131119192115012180276
002131119192117014030325
004131119192118012180299
002131119192119014030160
003131119192121012020376
002131119192121012130302
004131119192121015030445
002131119192123014030250
002131119192124015030376
004131119192124012180292
002131119192126014030425
004131119192126013030614
002131119192129014030381
004131119192130012150241
002131119192131012130302
004131119192131012180282
002131119192132014030279
004131119192133012170077
006131119192134014030109
002131119192135012170275
004131119192135014030334
002131119192136014030444
006131119192136012080163
004131119192137012160256
001131119192138012050331
002131119192139012170275
004131119192139012180277
002131119192140015030383
004131119192140014030454
004131119192141014030423
001131119192143012050279
002131119192143015030442
004131119192143012140437
002131119192143019050241
002131119192144015030444
004131119192145014030426
002131119192146015030466
004131119192146012150310
002131119192147019050184
002131119192148013030518
004131119192148012150171
006131119192149013030222
002131119192150015030187
003131119192151012040300
002131119192151015030279
004131119192151015030475
004131119192152013030587
002131119192153014030416
002131119192153019050241
004131119192154012180296
002131119192155014030453
004131119192155013030379
002131119192156014030447
003131119192157012060365
002131119192157014030484
004131119192157012150293
002131119192159016000144
001131119192201014010011
002131119192201016000123
006131119192201012080127
004131119192201012160087
002131119192203014030489
004131119192204012160293
002131119192205012160298
004131119192206012130091
002131119192207014030369
002131119192208014030159
003131119192208012070193
001131119192209012030350
002131119192209014030366
004131119192209012150301
004131119192210012170219
001131119192211014010608
004131119192212013030509
002131119192213012130339
003131119192214012080189
004131119192214012180212
003131119192215012010005
002131119192215015030428
004131119192216012140434
002131119192218013030596
004131119192218012150190
002131119192219012130276
002131119192221013030484
002131119192222012170293
002131119192224013030485
004131119192225012170284
002131119192228012140428
004131119192228012170020
002131119192229014030056
004131119192230014030336
002131119192231012170295
002131119192233014030174
004131119192233012160190
004131119192234012140421
002131119192234019050091
002131119192235012180157
002131119192236012130333
001131119192236013030157
002131119192237012160307
004131119192237015030247
001131119192238013030157
002131119192239012160312
002131119192239019050225
002131119192240014030088
002131119192242019020333
002131119192243014030393
003131119192244013020154
002131119192245014030450
004131119192245014030096
002131119192246012140439
004131119192247012140443
002131119192248012170271
004131119192248014030088
002131119192248019040024
002131119192249014030476
002131119192249019050234
004131119192250014030393
002131119192252014030438
002131119192252019050223
004131119192253012180273
002131119192254012150250
004131119192256012180258
002131119192257015030424
004131119192257013030587
002131119192259014030418
004131119192259015030371
004131119192301013030508
002131119192302014030289
004131119192303015030101
002131119192304012180273
002131119192305012180154
003131119192307012090035
002131119192308014030368
004131119192308012180259
004131119192309012170258
004131119192310015030168
004131119192312015030460
002131119192313014030390
002131119192315014030087
004131119192315012170253
003131119192317012080007
006131119192317012120199
001131119192318015010001
002131119192318015030351
004131119192318012170144
004131119192320012140460
003131119192321012090150
002131119192321014030150
004131119192322012130341
006131119192322012020010
002131119192324014030365
004131119192325015030368
002131119192327013030589
004131119192327013030591
006131119192327012110223
002131119192328014030399
002131119192330014030448
004131119192330012160301
006131119192330014030141
002131119192331014030399
004131119192331015030306
002131119192332014030448
002131119192333014030399
003131119192334013030098
002131119192335014030458
002131119192335019060086
002131119192337015030343
003131119192338012050364
004131119192339015030362
002131119192339019020392
002131119192340014030031
004131119192341012180278
003131119192343013030098
002131119192344015030477
004131119192344015030337
002131119192344019020349
004131119192345012180251
002131119192347012150305
003131119192347012100194
002131119192347019110050
004131119192348013030647
002131119192349015030473
003131119192352012100194
002131119192353014030217
004131119192353015030434
003131119192354012010417
002131119192355012150249
004131119192356012140468
002131119192357012150299
004131119192357012150108
004131119192358015030455
002131119192400012130254
004131119192401015030470
003131119192403012010417
004131119192404012140225
003131119192405012100194
002131119192405015030455
002131119192407015030461
003131119192408012100194
004131119192408013030498
002131119192408019050183
002131119192409015030470
004131119192411012160075
003131119192412012100194
002131119192412012140447
004131119192418012170231
004131119192420015030437
002131119192421015030244
002131119192423012180252
002131119192425012160306
002131119192428012160291
002131119192435014030226
002131119192437019050126
002131119192438012170287
002131119192439019050171
006131119192440012080131
002131119192442019050237
002131119192446019050238
002131119192447012130279
001131119192448019050245
002131119192449015020655
006131119192449012070006
002131119192450019020230
002131119192453019020230
004131119192455015030395
002131119192456015030465
002131119192459015030441
004131119192459015020655
002131119192502015030402
004131119192502012160222
002131119192503015030410
002131119192503019110002
002131119192516012140474
004131119192520015030246
002131119192524012130343
001131119192531014010578
002131119192537012140150
002131119192541019060107
002131119192547019060095
004131119192548012140464
002131119192549015030474
002131119192549019060119
004131119192551012160287
004131119192554012160114
004131119192557012160282
002131119192559019030046
004131119192600012160088
002131119192603014030356
004131119192607012130337
002131119192612019050195
001131119192645014010493
001131119192646015010017
002131119192646019110049
001131119192647014010440
002131119192703019050220
002131119192711015030388
002131119192715015030468
002131119192718019020095
002131119192724019020124
002131119192727019020323
002131119192730019020260
002131119192732019020301
002131119192735019020150
002131119192738019050128
002131119192744019050164
002131119192747019050094
002131119192751019050112
002131119192758012160275
002131119192758019020103
002131119192801019020327
002131119192805019020382
002131119192809019050170
002131119192829019020263
001131119192834019030050
001131119192839018010069
001131119192841018010069
002131119192842019020379
001131119192851016010110
001131119192855016010124
001131119192903016010105
002131119192905019060097
002131119192908019020083
001131119192908016010128
002131119192910012160308
002131119192911019060108
001131119192915016010050
001131119192922016010125
001131119192925016010048
002131119192926019030045
001131119192929016010121
002131119192938019020340
002131119192948019060033
001131119192950016010080
001131119192953016010090
001131119192955016010130
002131119192956019020335
001131119192959016010084
001131119193004016010056
001131119193013016010082
002131119193015019020273
001131119193017016010081
001131119193020016010098
001131119193021016010098
002131119193021019020363
002131119193025019020383
002131119193028019020394
001131119193035016010122
002131119193039019020318
002131119193049019020400
001131119193051016010095
002131119193051019050205
002131119193055019050152
001131119193057016010119
002131119193058019050214
002131119193101019020326
001131119193101019030043
001131119193105016010073
002131119193105019050222
001131119193106016010073
001131119193110016010045
002131119193111019020353
001131119193115016010100
001131119193120016010079
002131119193139019030048
002131119193151019080001
002131119193210019080001
002131119193215019020007
002131119193220019110014
002131119193234019110013
001131119193235019020149
002131119193236019020211
002131119193239019020346
002131119193243019050216
002131119193246019110046
002131119193252019020127
002131119193257019050235
002131119193301019020186
002131119193304019110048
002131119193309019020231
002131119193313019020313
002131119193320019100039
002131119193349019110033
002131119193351019110033
002131119193420019110006
002131119193443019060003
002131119193453019050242
002131119193548019050084
002131119193606019050240
002131119193612019050242
002131119193621019030032
002131119193655019020275
002131119193719019050228
002131119193809019060084
002131119193814019060001
002131119193822019060101
002131119193825019060103
002131119194045019060115
002131119194208019100052
002131119194352019020393
002131119194356019020391
002131119194419019020221
004131119194747019020180
002131119195035019020373
002131119195039019020398
002131119195044019020389
002131119195048019020079
002131119195051019020397
002131119195054019020061
002131119195101019020307
002131119195205019020374
002131119195209019020349
006131119195303019100008
006131119195306019100008
006131119195414019100066
006131119195422011000714
006131119195423011000707
006131119195425011000681
006131119195500011000595
006131119195502011000445
006131119195505011000388
006131119195507011000564
006131119195508011000398
006131119195510011000564
006131119195512011000682
006131119195515011000670
006131119195518011000203
006131119195520019100071
006131119195522011000713
006131119195525011000675
006131119195527011000359
006131119195530011000713
006131119195534011000498
006131119195538011000001
006131119195540015090611
006131119195542011000729
006131119195544011000026
006131119195547011000687
006131119195553011000700
006131119195556011000730
006131119195559011000683
006131119195600011000674
006131119195603011000715
006131119195604011000120
006131119195607015090620
006131119195610015090617
006131119195612015090628
006131119195616011000706
006131119195619011000656
002131119195620019010118
006131119195622011000086
002131119195626019010111
006131119195626011000169
006131119195628015090618
002131119195629019010119
006131119195630011000525
006131119195631011000555
002131119195631019010124
006131119195632011000525
006131119195633011000555
006131119195635011000699
006131119195638011000525
002131119195638019100013
006131119195640011000728
006131119195643011000594
006131119195646011000668
006131119195647011000635
006131119195650011000517
002131119195651019100072
006131119195652011000694
006131119195654011000723
002131119195657019100068
006131119195657011000732
006131119195659011000722
006131119195701011000440
006131119195703011000388
006131119195704011000733
006131119195706011000388
006131119195709011000277
006131119195710011000601
006131119195712011000662
006131119195714015090616
006131119195717011000677
002131119195719019100063
006131119195719011000643
002131119195722019100070
006131119195722019100046
006131119195726011000664
006131119195730011000574
001131119195731016000141
006131119195733011000573
006131119195735011000724
006131119195737011000720
006131119195739011000491
006131119195742011000731
006131119195745011000586
002131119195745019100028
006131119195746011000598
006131119195749011000686
006131119195751011000343
006131119195753011000600
006131119195756011000704
006131119195758011000534
006131119195758011000725
006131119195801011000534
006131119195803011000490
006131119195805011000690
006131119195808011000581
006131119195810011000283
006131119195813011000691
006131119195816011000568
002131119195818019010109
006131119195819011000678
006131119195823011000636
006131119195826011000065
006131119195828011000597
006131119195832011000231
006131119195836015090632
002131119195838019070001
006131119195839011000727
006131119195842015090580
006131119195843011000041
006131119195846011000719
006131119195848011000639
006131119195852015090629
006131119195859011000439
006131119195903011000666
006131119195908011000718
002131119195909019100065
006131119195911011000473
006131119195914011000566
006131119195917011000651
006131119195920019100002
006131119195924011000663
006131119195928011000408
006131119195931011000648
006131119195934011000408
006131119195937011000710
006131119195941019100067
006131119195944019100067
006131119195946011000408
006131119195946011000717
006131119195949011000408
006131119195956019100032
002131119195957019100018
006131119200002011000627
006131119200004011000422
006131119200007011000627
006131119200008011000422
006131119200011011000726
006131119200014011000692
006131119200018011000263
006131119200020011000276
006131119200022011000120
002131119200023016000090
006131119200026015090579
006131119200028011000710
006131119200034011000719
006131119200036011000258
006131119200040011000640
006131119200044011000640
006131119200047011000712
006131119200049011000410
006131119200058011000051
006131119200107011000654
006131119200110011000654
006131119200113015090631
006131119200115015090568
006131119200118015090608
006131119200121015090608
006131119200125011000078
002131119200140019100044
006131119200201015090627
006131119200205015090621
002131119200352019020401
002131119200354019020401
006131119200411015090621
001131119200448016010120
001131119200507016010024
002131119200808019060113
002131119202803019010094
002131119202924019010087
002131119203122019010008
001131119203421016000126
001131119203423016000126
001131119203425016000126
001131119203426016000126
001131119203428016000003
001131119203429016000003
001131119203430016000168
001131119203432016000168
001131119203433016000168
001131119203437016000008
001131119203452016000062
001131119203502016000101
001131119203504016000101
001131119203555016000163
001131119203557016000163
001131119203600016000163
001131119203605016000163
001131119203623016000164
001131119203625016000164
001131119203632016000154
001131119203633016000154
001131119203647016000025
001131119203649016000025
001131119203707016000058
001131119203711016000161
001131119203712016000161
002131119204712019060114
002131119204714019060114
002131119205552019030025
001131119205942012010170
002131119210304019040021
002131119210308019040028
002131119210312019040034
002131119210325019040030
002131119210328019040030
002131119210413019040023
002131119210417019040020
002131119210419019040033
002131119210422019040006
002131119210456019040032
001141119071834016010045
002141119071834019010108
001141119071837016010095
001141119071840016010120
001141119071842016010125
001141119071845016010128
001141119071848016010090
002141119071851016000090
001141119071851016010079
001141119071855016010098
001141119071901016010081
002141119071914019060101
002141119071916019060101
001141119071924016010032
001141119071957016010130
001141119072032016010056
001141119072039016010119
001141119072232016010105
002141119072243019020083
001141119072322016010084
006141119072418011000359
002141119072430014030055
001141119072433016010124
001141119072533016010110
001141119072540016010121
003141119072541012030402
003141119072546012040466
001141119072547013010802
002141119072548019110027
003141119072553014010606
001141119072636016010082
002141119072707015030444
001141119072707016010122
002141119072710015030444
001141119072732016010071
001141119072751016010080
001141119072754016010048
006141119072808019100067
006141119072811019100067
001141119072817016010100
003141119072848013010768
001141119072848016010050
002141119072850019110006
002141119072855019110006
002141119072901019020401
002141119072954014030374
003141119073017013010771
002141119073022019010124
002141119073027019060003
001141119073051016010073
001141119073123015010737
002141119073129019100046
001141119073136016000152
006141119073140013020543
006141119073236011000491
006141119073241011000051
002141119073249019060113
002141119073303019020399
001141119073314015010001
001141119073330019010125
002141119073408019010116
001141119073416016010024
002141119073427019110043
002141119073430019060086
002141119073440019020231
002141119073523015030473
002141119073531019020394
006141119073548013020067
002141119073601013030466
002141119073623019050239
003141119073625013010426
003141119073637012040293
003141119073653012060396
002141119073658019050188
002141119073659019050188
001141119073715014010201
001141119073720012050213
001141119073729016010127
002141119073735019010087
002141119073736014030421
006141119073739011000692
001141119073803019050188
003141119073817012040437
004141119073825012180284
002141119073835012150203
006141119073837013010009
004141119073841012150203
001141119073843016000073
002141119073848019060115
004141119073920012180299
003141119073930012010403
001141119073932013010479
003141119073937013010365
002141119073956019020103
001141119073959014010584
002141119074011019020400
003141119074020013010007
004141119074023013030624
006141119074037012070006
001141119074040014010558
002141119074041012180046
006141119074043011000677
002141119074046013030509
006141119074047011000675
001141119074056012060429
006141119074056013010270
002141119074059019060107
002141119074101013030592
002141119074104019020313
006141119074108011000730
002141119074119019040024
003141119074120012060433
003141119074124012010400
003141119074131012060007
002141119074135015030463
002141119074137012180252
002141119074138019050216
003141119074140012030276
003141119074145012040414
001141119074146012020324
002141119074146019020103
002141119074151019100032
002141119074152012160136
001141119074154012060369
002141119074155013030625
001141119074200014010565
001141119074201019020282
003141119074208019050149
003141119074215012070193
006141119074216012120199
003141119074218019050149
002141119074220019020230
003141119074221019050149
002141119074221012180253
002141119074224012170292
001141119074227015010632
003141119074229019050149
002141119074230013030638
006141119074233013010014
003141119074234012070193
002141119074236012130165
003141119074237019050149
006141119074237013010001
003141119074241013010672
004141119074243012160282
003141119074244013010677
001141119074246019050149
001141119074249019050149
003141119074253013010800
002141119074254013030618
006141119074256012010019
003141119074258015010801
002141119074300014030458
003141119074301012020348
004141119074302013030443
003141119074304012030335
003141119074306014010598
002141119074312019020180
002141119074316019100039
006141119074318011000498
002141119074324015030428
003141119074326012030349
002141119074333019050237
001141119074338014010569
006141119074338011000078
003141119074339012050009
002141119074339019070014
002141119074344019010132
006141119074344011000573
003141119074345012050350
002141119074349014030239
004141119074349012130312
002141119074349019030042
003141119074354012050351
001141119074357012010403
004141119074358013030565
003141119074359012040473
002141119074402019020390
001141119074406012050331
001141119074408012060095
001141119074410015010797
001141119074412012030333
006141119074417011000722
002141119074425014030226
001141119074428014010600
002141119074430019020383
001141119074431014010440
003141119074432012040192
003141119074435013010505
002141119074436019050235
001141119074438012010419
004141119074440015030465
003141119074444012100134
003141119074447012100134
006141119074451011000343
001141119074500013010347
003141119074500013010808
006141119074500019100066
002141119074502012130297
002141119074502019050244
002141119074505019030045
006141119074506011000445
002141119074508012140449
002141119074508019050222
001141119074511012060372
002141119074511019050094
004141119074511012170178
002141119074515019010134
006141119074515015090621
003141119074517012060426
001141119074517012010011
004141119074517012140457
006141119074518015090621
003141119074520012030355
002141119074523012140445
004141119074524012150203
002141119074528012150249
004141119074528012140467
002141119074533019040001
001141119074535016000101
001141119074536012020333
001141119074537016000101
002141119074540012140431
006141119074541015090611
002141119074545012140389
004141119074545012140167
001141119074546019110051
003141119074547012010364
001141119074549012010348
006141119074549012110223
001141119074552012040417
001141119074559013010700
003141119074601013010365
004141119074601012140466
002141119074603012130343
002141119074603019020286
004141119074604015030445
002141119074605012140474
002141119074606019020392
002141119074608012180273
004141119074608012160256
002141119074608019020061
002141119074609015030434
002141119074610019060103
002141119074613019020393
001141119074615012010355
002141119074615019050217
002141119074618019020377
004141119074618013030084
001141119074621015010696
001141119074622018010067
003141119074625012040442
002141119074629012130333
002141119074629019050242
006141119074631013010321
004141119074638013030339
004141119074640015030443
003141119074641012010389
006141119074644013020068
002141119074645019110033
004141119074646012160271
002141119074647019110033
006141119074649012020010
004141119074652012140456
002141119074653019100070
002141119074658019020340
006141119074659011000651
001141119074702018010059
004141119074703012180251
001141119074704018010059
003141119074708013010781
003141119074720013010550
004141119074724012150283
003141119074725013010770
006141119074726011000683
004141119074729013030382
006141119074730011000086
004141119074732012130345
006141119074733015090608
004141119074735013030507
003141119074738012080189
004141119074738012140453
003141119074740012030036
001141119074741012050285
004141119074741012150135
001141119074744012020228
002141119074746013030627
004141119074747015030343
001141119074748012030404
006141119074748014030174
003141119074749012010247
004141119074749012150274
003141119074752012040447
004141119074753012150091
003141119074754012030261
004141119074756012170219
003141119074757012060384
006141119074757015090568
003141119074800012030403
001141119074801013010712
004141119074801012170144
003141119074802012030387
004141119074805012150310
001141119074807012050343
001141119074808012050313
003141119074809012050254
004141119074811013030246
004141119074813012130341
002141119074818012180287
004141119074818012130242
006141119074819012160021
004141119074821012170253
003141119074822012060434
006141119074823011000041
004141119074823013030504
001141119074824012050344
001141119074824013030157
004141119074826012170257
003141119074829012020402
002141119074830019050228
003141119074831012030405
004141119074831013030551
002141119074832013030349
006141119074832011000656
002141119074832019100028
003141119074833012040478
003141119074834012030266
006141119074835011000656
001141119074836014010157
002141119074836014030424
003141119074837012040478
001141119074838013010549
001141119074838018010047
004141119074840012170193
006141119074840011000078
001141119074841012010385
004141119074843014030334
002141119074846012170264
002141119074847019020212
006141119074847011000704
003141119074848014010003
006141119074850011000666
001141119074852013010446
002141119074852013030563
004141119074852013030545
003141119074854015010678
006141119074854015090579
001141119074856013010176
004141119074856012150318
003141119074857013010651
002141119074857019020349
006141119074857015090618
004141119074858015030246
004141119074901015030368
001141119074901015100546
001141119074903014010033
006141119074903015090580
004141119074905012150312
001141119074906015010793
006141119074907013020581
002141119074909019020318
006141119074912011000717
003141119074914013010788
002141119074914019050112
004141119074916014030426
006141119074916011000715
001141119074917012020285
006141119074918011000710
003141119074919015010687
006141119074921015090620
002141119074922012130250
003141119074923013010601
001141119074923014010460
003141119074925013010714
002141119074925014030489
003141119074927012060428
003141119074929013010726
003141119074931013010772
002141119074933019060102
003141119074934012060359
003141119074935012060414
001141119074936014010548
002141119074936012130305
003141119074938013010541
002141119074938019050026
001141119074939015010791
003141119074940015010704
002141119074940015030466
006141119074941011000694
003141119074942012160030
002141119074943019110037
002141119074944012130276
002141119074946012150309
006141119074946011000663
004141119074947014030342
003141119074950012160030
006141119074950011000714
002141119074952019100008
003141119074953015010798
006141119074953011000707
003141119074955013010730
004141119074955012170258
002141119074956012130339
004141119074958013030646
003141119075000012030342
002141119075000019100018
004141119075001012140462
003141119075003012160030
001141119075004012040438
001141119075006015010752
006141119075006013020240
002141119075006019100013
002141119075007012160306
001141119075008014010570
003141119075009012040337
002141119075010014030482
001141119075010013010734
003141119075011012040376
006141119075011011000713
002141119075012019050170
003141119075013012030399
001141119075013013010021
002141119075014019010109
001141119075015013010798
001141119075015016010123
004141119075015013030240
002141119075016014030404
001141119075017013010755
002141119075019019050164
006141119075019011000473
004141119075019013030516
001141119075020012060005
001141119075020015100557
004141119075020012170146
001141119075022012060259
006141119075022012020013
004141119075023012160285
002141119075025019050241
001141119075026013010751
003141119075026012040476
006141119075026016010086
001141119075026018010054
004141119075028012150196
006141119075029011000564
002141119075029019040034
006141119075031011000699
002141119075033019070031
006141119075034011000713
003141119075036012010375
006141119075036015090616
002141119075038019050091
003141119075039013010580
004141119075039012180171
006141119075039011000713
006141119075042011000165
003141119075043013010560
004141119075043012160075
002141119075043019110002
006141119075045011000525
003141119075046013010793
001141119075047012010409
002141119075048015030469
004141119075048012160088
006141119075048011000700
003141119075049014010537
001141119075049013010688
001141119075049016000126
002141119075049019050084
001141119075051015010129
004141119075051013030356
001141119075051016000126
006141119075052011000729
003141119075053012050368
002141119075053019050225
001141119075053016000126
004141119075054012150170
004141119075057013030644
001141119075058015010682
002141119075058019020127
002141119075059012130340
003141119075059012020396
001141119075059015010763
004141119075100012160163
001141119075101012030350
006141119075101012110164
003141119075102012040452
002141119075103012180305
002141119075103019020398
004141119075103013030546
006141119075104011000388
002141119075106019050128
001141119075107014010592
006141119075107011000388
003141119075108013010199
002141119075108019020378
001141119075110015010785
006141119075110011000388
003141119075111013010693
004141119075111013030075
003141119075112012050345
001141119075112015010693
001141119075114015010758
004141119075114013030372
003141119075115013010787
001141119075116014010608
003141119075117013010791
004141119075117013030606
001141119075118015010692
002141119075118019020389
006141119075119012160114
004141119075119013030636
003141119075120013010522
001141119075121012050309
002141119075121019050230
006141119075122011000408
001141119075122015030454
004141119075122013030506
003141119075123012020344
003141119075124012020086
001141119075124015020500
006141119075125011000283
003141119075126012020400
001141119075127012040444
003141119075128013010624
006141119075128011000727
003141119075130013010577
001141119075131012060397
006141119075131011000706
004141119075131012130214
003141119075132013010575
001141119075133012040462
006141119075134011000408
001141119075135012040461
002141119075135019020260
003141119075137012040382
006141119075137015090628
001141119075138012040410
003141119075139015010751
002141119075139019060119
001141119075140012040433
004141119075140013030508
004141119075141012170279
003141119075142013010735
002141119075142019060084
001141119075143012040354
003141119075143014010605
006141119075143019100008
004141119075144012170218
003141119075145012040465
002141119075145019050205
006141119075146011000203
001141119075147015010669
003141119075147015010792
006141119075148011000681
002141119075149014030290
003141119075149012030389
004141119075149012180278
001141119075150015010753
002141119075151012150263
004141119075151013030458
006141119075151013020397
003141119075152012030304
001141119075153012050308
002141119075153019050214
006141119075155012020137
004141119075155012140472
002141119075156120300845
001141119075156016000139
001141119075157012020008
003141119075157013010732
006141119075158011000258
003141119075159012050363
001141119075159016000157
006141119075201011000670
003141119075202012040469
002141119075202012170277
004141119075202013030187
001141119075203012020306
003141119075204012050364
004141119075204015020635
001141119075205014010614
002141119075205012160259
002141119075205019020186
003141119075206012040470
004141119075206012180276
006141119075206014010053
002141119075207012130242
004141119075208012140435
002141119075209019050195
006141119075209011000686
003141119075210012060427
004141119075210013030498
006141119075211011000678
003141119075212013010520
001141119075212014010555
001141119075214014010502
004141119075214012170268
002141119075214019020263
006141119075215011000643
001141119075215016000112
003141119075216012050310
004141119075216014030459
002141119075218019020079
001141119075219012020383
004141119075219012140149
002141119075221019020397
003141119075223014010492
001141119075224014010599
002141119075224019110048
003141119075226012020288
001141119075226014010535
004141119075226013030441
006141119075227015090617
001141119075228012060407
001141119075228018010072
003141119075229012060364
006141119075230011000718
003141119075231012010393
003141119075231012060400
001141119075232013020180
003141119075234013010710
004141119075234012160224
001141119075235012030397
003141119075236012050307
006141119075236015090632
004141119075236013030641
002141119075238013030639
003141119075238012030372
001141119075238014010068
004141119075238012150073
003141119075239012060374
006141119075240011000732
003141119075241013010413
006141119075242011000731
004141119075242015030371
003141119075244013010625
001141119075245014010452
004141119075245014030390
006141119075245011000724
003141119075246013010567
004141119075246012140464
003141119075248012040353
001141119075248012010277
002141119075248015030436
002141119075248019100068
004141119075249013030379
001141119075250015010796
006141119075250012080163
003141119075251012050266
004141119075251012170194
002141119075252014030399
002141119075252019100063
002141119075253013030647
001141119075253013010006
004141119075253012180259
003141119075255013010759
006141119075255011000388
003141119075256012040367
002141119075256014030366
001141119075257012020385
004141119075257014030430
003141119075259013010785
002141119075259019020372
006141119075259011000388
004141119075259012140470
001141119075300012010340
002141119075300016000123
003141119075301012050028
002141119075302014030159
006141119075302012130091
001141119075303012010341
003141119075304015010761
002141119075304019100044
006141119075305012010292
003141119075306012030386
006141119075307011000574
002141119075308012130329
003141119075308012020390
004141119075308013030629
002141119075308019050029
002141119075310012160300
006141119075310011000662
004141119075311014030425
003141119075312013010758
001141119075313013010762
006141119075313011000595
002141119075314012160310
001141119075315019050245
003141119075315012050123
002141119075317012150250
003141119075317012050315
001141119075317015020469
006141119075317012020037
001141119075319013010213
003141119075319012030377
002141119075319012140458
004141119075320013030386
006141119075320013030188
001141119075321014010615
002141119075322019020374
001141119075322012010170
003141119075323012060410
004141119075323015020655
001141119075324015010774
001141119075325012030368
002141119075325015030431
003141119075325012040454
006141119075325011000598
001141119075325016000008
004141119075326014030077
003141119075327012020332
001141119075327012010408
006141119075327012130223
001141119075329012040403
002141119075329012140475
003141119075329012050195
006141119075330011000687
003141119075331013010803
002141119075331012170271
006141119075332011000601
003141119075334012030230
002141119075334013030648
004141119075335014030454
006141119075335012180106
004141119075336013030617
001141119075337015030112
002141119075338019020368
006141119075338011000555
003141119075340012060381
003141119075341013010776
002141119075341012160291
006141119075341011000262
004141119075342012130316
002141119075343015030410
006141119075343011000120
004141119075344012140086
001141119075345012020322
003141119075345012030390
002141119075346013030510
006141119075346011000586
003141119075347013010763
001141119075348013010747
006141119075348012020340
002141119075349016000144
001141119075350012020352
004141119075350012130280
002141119075350019100072
006141119075351012080131
004141119075351012150299
002141119075352014030400
001141119075352012060383
001141119075353012020366
003141119075355013010654
001141119075355015010784
001141119075355016000025
002141119075355019040016
006141119075355011000231
001141119075356016000025
004141119075356012170195
001141119075357014010596
003141119075358012050225
002141119075358012130116
001141119075358016000025
006141119075358019100071
001141119075359013010011
002141119075359019100002
001141119075401012040425
003141119075401012060166
002141119075401012180157
006141119075401011000440
001141119075403012030381
003141119075404012050311
002141119075404019110050
006141119075404015090627
004141119075405012150294
003141119075406012050356
002141119075406015030337
001141119075406012060415
006141119075406011000388
001141119075407016000058
002141119075409012160313
003141119075409013010646
006141119075409011000388
001141119075409016000058
004141119075409012130075
001141119075410012020111
003141119075411012040373
004141119075411013030622
002141119075412013030518
003141119075413012050366
001141119075413015100543
001141119075414014010578
006141119075414011000065
004141119075414013030608
002141119075415019020065
003141119075416012040397
003141119075417012060378
001141119075417012050347
006141119075417011000517
003141119075419012060421
004141119075419012170231
001141119075420012040464
003141119075421013010737
002141119075421019050240
001141119075422014010357
006141119075422012020274
004141119075422012130336
003141119075424015010716
001141119075424014010316
004141119075424014030393
002141119075425012140419
003141119075425012040423
002141119075425019100061
001141119075426015010615
004141119075426012170127
003141119075427013010724
006141119075427015090629
002141119075428012180249
003141119075429012010162
001141119075429012030352
004141119075429012150293
006141119075429011000726
003141119075431012060356
002141119075431015030279
003141119075432012030256
004141119075432012180212
001141119075433012010338
004141119075434012150303
006141119075434012040300
003141119075435013010682
001141119075436012030365
003141119075436013010777
006141119075436013030176
001141119075437018010069
004141119075437014030325
002141119075438019020007
006141119075438013030003
004141119075438012130290
003141119075439015010794
002141119075439012150278
002141119075440019050126
003141119075441013010740
001141119075441014010011
004141119075441012160287
006141119075442011000566
001141119075443013010059
002141119075443015030477
003141119075443012060420
004141119075443012130319
001141119075445014010432
003141119075445013010727
004141119075445012180185
001141119075446012060405
006141119075446011000594
002141119075447012180271
003141119075447012010422
002141119075447019050148
004141119075448014030440
006141119075448014030056
002141119075449014030487
003141119075450012030327
002141119075450019110040
001141119075451013010023
004141119075451013030264
004141119075452012130210
006141119075452012140043
001141119075453012060416
003141119075453012060360
001141119075453016000168
004141119075454012150270
001141119075455012020380
002141119075455012160230
004141119075455012140421
006141119075455011000276
001141119075455016000168
003141119075456013010695
002141119075456015030376
001141119075457012050358
003141119075458014010607
004141119075458012160280
006141119075458012130286
004141119075459013030609
002141119075459019040035
001141119075500014010573
003141119075501012040467
004141119075501012140434
006141119075501012020162
002141119075502013030541
003141119075503012060363
002141119075503013030630
004141119075503013030535
004141119075504014030423
003141119075505014010338
001141119075505015010781
006141119075505011000490
002141119075506015030388
004141119075506012140429
001141119075507013010804
002141119075508012170231
004141119075509012130205
006141119075509014030160
001141119075510012010361
002141119075510019020301
004141119075510012170265
002141119075511014030365
004141119075511014030021
001141119075511016000163
006141119075512011000231
003141119075513015010717
002141119075514015030458
001141119075514016000163
001141119075515012030242
002141119075515019050209
006141119075515011000690
004141119075516013030558
002141119075517014030250
003141119075517012040429
001141119075517012040458
006141119075517012050222
001141119075518016000163
001141119075519014010309
004141119075519012180292
003141119075520012040222
002141119075520019050220
004141119075520012150307
006141119075520011000568
001141119075521014010594
003141119075522012020398
004141119075523012130059
001141119075523016000163
006141119075523011000639
003141119075524012020389
001141119075524012030353
002141119075524019020391
004141119075525012140363
006141119075526012160012
004141119075526012140388
003141119075527013010807
001141119075527013010035
002141119075528013030649
006141119075528012160222
002141119075528019060095
001141119075529014010510
004141119075530013030576
002141119075531019100052
006141119075531011000534
001141119075532015010731
003141119075532012030401
004141119075532012180258
002141119075533013030587
002141119075534012140148
006141119075534011000410
001141119075535012060353
004141119075535012150241
004141119075536012140469
003141119075537012040453
006141119075537012160085
002141119075538012140405
003141119075539013010606
004141119075540012140088
006141119075540013010015
001141119075541012060349
002141119075541012170293
003141119075542012060432
004141119075542012170073
001141119075543012040450
003141119075544012040477
006141119075544011000723
002141119075545012130263
001141119075545012040405
004141119075545015030467
003141119075547012060365
004141119075547013030469
002141119075548015030187
002141119075550015030262
006141119075550012110087
002141119075551012130327
001141119075551014010264
004141119075551012160243
002141119075552019020221
001141119075553015010683
006141119075553011000385
002141119075554012180275
003141119075554012020121
004141119075554012160231
002141119075554019020382
001141119075555015100561
004141119075556013030616
001141119075557015010473
002141119075559012130338
003141119075559012060331
001141119075600012040475
002141119075600019020373
006141119075600013020241
004141119075600014030438
004141119075602012180266
001141119075603014010617
002141119075603019020275
006141119075603013010296
001141119075603018010066
002141119075604015030244
001141119075604012010415
004141119075605014030471
003141119075606012040273
006141119075606012050085
004141119075606012170286
002141119075607014030031
001141119075607014010580
001141119075607018010068
002141119075608019010131
006141119075608015020540
003141119075609012020392
001141119075609012050367
004141119075609013030479
001141119075611012050217
003141119075612013010542
002141119075612019010133
004141119075612012140422
001141119075613012010014
002141119075613014030480
004141119075614012150271
003141119075615013010733
002141119075616014030375
003141119075617012030344
001141119075617015010450
002141119075617019050212
006141119075617011000725
003141119075619015010721
004141119075619015030395
001141119075621012050179
003141119075621012050334
002141119075621015030424
004141119075621012140446
006141119075621011000668
002141119075622019100065
004141119075624012140471
002141119075625019020124
002141119075626012160292
004141119075626012150100
006141119075626012090035
003141119075628012010372
004141119075628012180158
006141119075629011000728
002141119075629019020379
003141119075631012010327
006141119075632015090631
001141119075633012030356
002141119075633019040028
004141119075633014030490
002141119075634013030548
003141119075634012060229
004141119075634012150268
006141119075635013020412
004141119075636012170056
003141119075637012040459
002141119075637012180308
001141119075637018010070
003141119075638012010413
001141119075638014010457
006141119075638011000277
004141119075639015030460
001141119075640014010457
001141119075640014010571
002141119075640014030444
003141119075641012040406
001141119075641014010571
002141119075641019050234
006141119075641014030087
004141119075641013030066
002141119075642013030642
001141119075642018010071
001141119075643014010539
003141119075643012020286
004141119075643013030398
006141119075643012130049
001141119075644012010382
002141119075645019050223
003141119075646012010414
001141119075646014010575
002141119075646014030488
004141119075646013030482
001141119075646015100551
006141119075647015020199
003141119075648013010806
004141119075648013030448
002141119075649019010119
001141119075649018010018
006141119075649013010392
004141119075650012060309
003141119075651012020403
004141119075652015030437
006141119075653011000581
002141119075654012150190
003141119075654013010799
002141119075654019040023
001141119075654018010061
004141119075655013030348
002141119075656012130254
006141119075656013020274
003141119075657012020300
001141119075657015010795
004141119075657012180206
002141119075658012170305
002141119075658019040032
003141119075659012020393
004141119075659014030299
006141119075659011000026
001141119075700013010805
006141119075700012020002
001141119075701013010604
002141119075701012170019
004141119075701012140460
003141119075702012010387
001141119075702015030106
001141119075703013010797
004141119075703013030603
002141119075703019020150
006141119075703013010151
002141119075704014030475
001141119075705013030071
004141119075705013030607
002141119075706012130322
003141119075706013010454
001141119075706014010612
002141119075706019030022
006141119075706011000719
003141119075707013010746
002141119075708014030450
004141119075708012170290
006141119075708011000720
001141119075709014010536
002141119075709019020273
003141119075710013010795
002141119075711012160253
006141119075711011000627
004141119075711013030425
002141119075712014030476
001141119075713015010017
003141119075713012010329
004141119075713014030267
003141119075715012010309
002141119075715013030596
001141119075715012040355
006141119075715012130102
001141119075715012040131
004141119075715014030470
003141119075717013020468
001141119075717012040426
002141119075718012150304
002141119075718019040009
004141119075718012170020
003141119075719012080007
006141119075719013020428
004141119075720012160315
002141119075721019050183
001141119075722013010743
003141119075722012030400
006141119075722012120196
002141119075723012150226
004141119075723013030577
006141119075723012170053
001141119075724014010611
003141119075724013010666
002141119075724019020335
004141119075724012140461
001141119075726016000169
003141119075726015010780
002141119075726015030461
006141119075726011000712
002141119075726019020346
004141119075726013030496
002141119075727015030351
004141119075727013030456
003141119075728012030366
001141119075728012050238
002141119075728019010124
002141119075729012140442
001141119075729012010005
004141119075729013030550
006141119075729012120124
003141119075731012030328
006141119075731011000398
004141119075731012180307
001141119075732014010493
002141119075732012150108
004141119075732012160149
002141119075732019020095
003141119075733013010598
004141119075734012130298
001141119075735014010200
006141119075735014030096
004141119075735013030366
003141119075736013010739
001141119075736013020226
006141119075736014030109
002141119075736019020149
002141119075737012140426
004141119075737012160190
003141119075738013010473
004141119075739012180144
003141119075740013010294
006141119075740013010358
001141119075740016000166
002141119075740019060076
002141119075742012130326
004141119075742013030571
003141119075743012030338
004141119075743012140465
006141119075743011000001
002141119075744019050196
003141119075745012010420
001141119075745013010460
001141119075745016000166
006141119075746011000691
004141119075746014030305
001141119075747014010616
004141119075747012160134
006141119075748012170077
003141119075749012050194
002141119075749012170295
001141119075749019030038
004141119075749013030460
002141119075750019050238
004141119075751013030590
001141119075752014010564
003141119075752012050204
002141119075752013030631
006141119075752011000664
002141119075752019060033
003141119075754012020399
004141119075754012130295
001141119075755012040446
002141119075755014030418
006141119075755011000422
001141119075756015010738
003141119075756012050341
004141119075756013030573
004141119075757012180272
006141119075757011000682
002141119075757019020307
003141119075758015010668
002141119075759015030474
002141119075800015030470
002141119075800019020363
004141119075800013030104
003141119075801012060221
004141119075802012130320
004141119075803013030633
002141119075804015030470
001141119075804012050321
006141119075804011000640
001141119075805012040468
001141119075806013010761
002141119075806019110014
004141119075806013030634
002141119075807012150102
001141119075808012050360
003141119075808015020410
004141119075808012150290
004141119075809012160296
002141119075810012130279
006141119075810012010028
001141119075811012050234
003141119075811013010653
004141119075811012180304
002141119075812013030484
002141119075812019060120
003141119075813012010337
001141119075813015010789
004141119075813012180277
004141119075814012160298
003141119075815012040443
006141119075815011000595
004141119075816012150287
003141119075817012020269
002141119075817012130326
001141119075817012050183
002141119075818014030456
006141119075818011000654
003141119075819013010244
004141119075819012150098
001141119075821012050348
002141119075821015030471
006141119075821011000635
004141119075821012180220
002141119075821019020326
003141119075822012060388
002141119075823014030448
004141119075823014030088
003141119075824013010780
006141119075825012010190
004141119075825012140424
002141119075826014030336
004141119075826012150198
002141119075827014030279
006141119075827012130120
004141119075829013030562
003141119075830012030396
002141119075830014030331
004141119075830012140444
002141119075831015030247
006141119075831012020279
001141119075832013010641
004141119075832012180262
002141119075833012130288
003141119075833012060423
004141119075834013030354
002141119075835012170280
006141119075835013020409
003141119075836015010550
002141119075836019010127
004141119075836012150297
002141119075837015030459
003141119075839013010259
002141119075839019040033
006141119075839012090150
004141119075839013030119
002141119075840012180310
004141119075842013030523
002141119075843012130330
006141119075843013020154
004141119075843013030619
002141119075844019030048
006141119075845011000263
001141119075846014010411
001141119075846018010048
004141119075846012130344
004141119075847012140443
006141119075848012060015
001141119075849012030305
002141119075849019110046
004141119075849012130264
002141119075850014030388
004141119075850012130271
001141119075851012040471
002141119075852014030381
001141119075852016000154
004141119075852012170209
003141119075853012020404
002141119075853019050213
001141119075854016000154
004141119075854014030368
002141119075855014030289
004141119075855012140154
006141119075855012050129
002141119075856019010072
001141119075857018010065
001141119075858012020325
003141119075858014010401
004141119075858012150260
001141119075859012010377
006141119075859011000648
001141119075859018010065
002141119075859019040006
001141119075901012020311
004141119075901012150171
002141119075902019030025
001141119075903014010377
006141119075903012010201
004141119075904012130342
006141119075904011000263
001141119075905012010410
002141119075905014030465
002141119075906012140441
004141119075906012150128
002141119075906019070038
003141119075907015010783
001141119075907014010250
001141119075907015100559
004141119075908012140408
001141119075909014010593
002141119075909019060114
006141119075909012060389
003141119075910013010765
001141119075911014010587
004141119075911013030645
006141119075911012050057
003141119075913012020367
004141119075913012150319
001141119075914012030010
003141119075915012020381
002141119075915012140409
001141119075915015100560
001141119075916012030363
004141119075916012170217
002141119075917012160307
003141119075917012030300
006141119075917011000439
004141119075917012130282
001141119075918012020345
002141119075919012140374
004141119075919013030584
006141119075919012010254
001141119075920012040338
001141119075921013010331
004141119075921012180296
002141119075922012150305
006141119075922012040209
001141119075923013010783
004141119075924015030441
001141119075926012050147
004141119075927013030325
004141119075928012160087
006141119075929011000636
004141119075930012140225
003141119075932012020391
002141119075932019040030
002141119075933019040030
004141119075933012160301
002141119075934015030455
003141119075935013010662
002141119075936015030426
002141119075936019050171
001141119075936016000167
003141119075937013010515
001141119075937012040346
004141119075938014030437
003141119075939013010631
001141119075939015100556
002141119075939019060108
001141119075940014010444
004141119075940012130270
001141119075940015100556
003141119075941012020368
001141119075941012050224
002141119075941015030402
003141119075942012010173
002141119075943014030356
001141119075943012030376
006141119075943012160104
004141119075943012150255
002141119075944014030466
001141119075945012060253
003141119075946012020368
004141119075946012140473
001141119075947014010609
002141119075947014030485
001141119075948012020021
002141119075949012140235
006141119075949014020055
004141119075949012140127
003141119075950012050359
001141119075950012010421
004141119075950012140452
002141119075951014030387
003141119075952013010774
001141119075952014010066
002141119075952012160228
004141119075952013030412
002141119075954012170266
001141119075955018010008
002141119075956012140425
004141119075956012130267
002141119075956019050152
001141119075957016000064
003141119075958012050357
002141119075958012130337
004141119075958012180290
001141119075959015010766
003141119080001012050320
002141119080001014030449
004141119080001012170304
002141119080003014030453
001141119080003012050279
006141119080003014020288
004141119080003015030475
004141119080004015030306
006141119080004012030282
003141119080005012060398
004141119080006012160289
002141119080007012180297
001141119080007012040472
003141119080007012050210
002141119080008012130302
004141119080009012130278
002141119080010012170298
003141119080010013010767
004141119080010012170054
002141119080012012170303
004141119080013012160236
002141119080014015030442
003141119080015012010401
002141119080015012160302
006141119080015013010117
004141119080016012130285
002141119080017019030046
002141119080018013030589
004141119080018012170222
002141119080019014030484
004141119080019012160233
002141119080020019020323
001141119080021015010596
002141119080021012150261
003141119080021012030194
004141119080021012160272
004141119080022012160143
006141119080024015020461
002141119080025014030072
003141119080026013010284
001141119080026012020382
004141119080026013030605
006141119080027015020563
004141119080028012170297
002141119080028019070001
001141119080029015010764
003141119080029012020376
002141119080029012130303
006141119080029011000600
004141119080030013030346
006141119080030015030168
001141119080031014010477
002141119080031014030369
002141119080032014030158
001141119080032019030043
004141119080033012130335
003141119080034012030303
001141119080034012040411
004141119080034012130334
002141119080035012180261
002141119080036012140379
002141119080036019040015
002141119080037014030373
001141119080037019030050
004141119080037013030162
002141119080039019010118
004141119080039012130314
002141119080040013030308
003141119080040012050365
002141119080041012160308
004141119080041012180159
002141119080043012180257
001141119080043012060403
003141119080043015010786
004141119080044012150286
002141119080045014030217
002141119080047012150315
004141119080047013030614
001141119080048015010790
002141119080049012160279
004141119080049012170228
002141119080049019030032
001141119080050012010237
001141119080051019010128
002141119080052012140468
004141119080052013030538
002141119080053015030478
002141119080054019010008
003141119080055012030317
002141119080055019010008
004141119080055014030478
001141119080056012010376
006141119080057012080127
002141119080057019060097
001141119080058012030385
004141119080058014030150
002141119080059019050243
006141119080100012110004
001141119080101013010716
004141119080101014030398
002141119080102012180263
001141119080104012060431
006141119080104012010405
004141119080104013030637
001141119080105014010494
001141119080105016000164
003141119080106013010702
004141119080107012170287
001141119080108016000164
002141119080109015030383
004141119080109012160293
001141119080111016000062
002141119080112012170250
003141119080112013010794
004141119080112012180282
001141119080113014010590
004141119080115013030222
001141119080116014010522
004141119080116012140463
002141119080117019020211
002141119080118012140428
003141119080119012040420
002141119080120019050224
002141119080121015030468
002141119080123019020327
004141119080125012150301
001141119080126012030196
002141119080127014030447
006141119080128011000674
001141119080129014010610
002141119080130012170306
002141119080131012170299
006141119080132012150195
003141119080133013010674
002141119080133015030362
002141119080135019080001
002141119080136014030022
003141119080136012010398
004141119080136013030024
006141119080136012030293
003141119080137013010769
006141119080138012060312
002141119080140012130340
003141119080140012010293
002141119080141019050184
003141119080143012030095
002141119080143014030486
004141119080145012170284
001141119080146012030361
006141119080146013020326
002141119080147014030427
003141119080148012050353
001141119080148016000161
004141119080148012130317
002141119080149019090016
002141119080150014030416
002141119080151012140430
004141119080151012140437
003141119080152012050354
004141119080153013030440
006141119080154014020550
004141119080155012170235
001141119080156014010133
003141119080158012010010
004141119080158012160311
002141119080159019110013
003141119080201015010805
004141119080201013030591
001141119080203012020016
004141119080204013030567
002141119080205014030467
004141119080205012180301
002141119080207014030001
004141119080208012130284
001141119080208016000003
001141119080211016000003
002141119080213019060001
004141119080216012150201
002141119080218019050193
002141119080220012180154
002141119080220019040021
004141119080223012130014
006141119080225012060241
004141119080226012170291
004141119080228012140420
001141119080230014010524
001141119080230016000088
001141119080233015010407
004141119080233012150069
003141119080235014020020
004141119080235014030452
001141119080235016000141
001141119080237016000141
003141119080245013010689
002141119080245012140439
004141119080245012180260
001141119080246012060422
001141119080248012060368
002141119080248014030481
006141119080249011000169
006141119080254013010215
001141119080254012070090
001141119080305012150311
006141119080305011000597
001141119080306012150311
002141119080307014030100
004141119080309015030408
002141119080310014030176
002141119080312012130292
004141119080314015030451
001141119080316012030329
004141119080319012020358
004141119080322015030101
004141119080324013030610
006141119080325012030316
004141119080327013030485
002141119080332013030623
004141119080335013030263
004141119080338012160312
002141119080341013030465
001141119080343018010055
002141119080353019010094
002141119080400012170307
003141119080404013010004
004141119080404013030399
002141119080408019040020
001141119080415014010597
006141119080425011000733
004141119080441012170267
001141119080510016000012
001141119080511016000012
004141119080525013030331
002141119080615019020333
004141119080629012140337
001141119080658012060387
002141119080736012180288
002141119080802012170275
001141119081035014010508
002141119081110019110049
002141119081111019110049
002141119081324012140447
003141119081334012010392
001141119081348016000052
001141119081725016000007
001141119081728016000001
002141119082347019010031
