002121219000745019030033
002121219000758019030049
002121219071312016000090
002121219071505019030048
001121219071547019010125
001121219071553016010119
001121219071638016010098
001121219071907016010032
009121219072015016010129
009121219072018016010129
001121219072050016010095
001121219072124016010130
001121219072126016010130
001121219072128016010130
001121219072144016010056
001121219072151016010056
001121219072242016010045
001121219072442016010073
001121219072445016010090
001121219072448016010120
001121219072452016010080
001121219072457016010081
001121219072503016010050
001121219072514016010106
001121219072525016010105
001121219072552016010128
001121219072630016010131
001121219072634016010100
001121219072637016010079
001121219072641016010082
001121219072702016010071
001121219072706016010122
001121219072709016010110
001121219072714016010125
001121219072743016010121
001121219072902016010124
001121219072909016010048
001121219072948016010077
002121219073040019050094
002121219073054019060003
002121219073103019110027
008121219073108013020255
002121219073109019060123
002121219073114014030055
009121219073128012090372
003121219073141013010771
002121219073155015030444
003121219073201013010768
002121219073212019020402
001121219073230016010084
002121219073236012160275
006121219073238011000051
002121219073258019100046
003121219073301012030402
002121219073304019020083
006121219073305011000359
009121219073316012070187
002121219073324012160301
002121219073413014030374
003121219073432012040466
001121219073456016010024
001121219073459012060007
008121219073540012070414
002121219073554019020401
002121219073618019060086
008121219073634014020451
001121219073637012060369
002121219073639013030625
002121219073640019050193
002121219073644019060122
009121219073646015020687
003121219073657012040293
008121219073657015020671
001121219073736013010479
002121219073743015030476
002121219073746015030473
003121219073808012060396
001121219073810016010127
003121219073810012030349
003121219073814012030335
002121219073816019030045
002121219073827019020231
001121219073842016000152
006121219073851011000675
008121219073900013020849
006121219073902015090568
002121219073920019050193
002121219073926019050188
002121219073927012160136
006121219073931013020067
002121219073935012130312
002121219073943019100039
008121219073943014020404
002121219073945019100039
002121219074001019030001
003121219074020013010672
002121219074030019050235
003121219074030014010492
002121219074035019100032
003121219074049013010365
008121219074049012080189
002121219074051012160224
002121219074054012160224
006121219074057013020543
009121219074059012080189
009121219074100012080189
006121219074109012160021
003121219074110012060426
003121219074113012040442
006121219074116011000692
006121219074119011000491
002121219074125012180251
008121219074126015020668
002121219074128012180252
008121219074129013020851
008121219074132013020387
002121219074139012170279
002121219074142013030624
002121219074148019110033
001121219074148014010565
008121219074156012070437
002121219074157019020230
008121219074211012110297
002121219074212019020061
002121219074218013030466
001121219074218014010584
003121219074221013010800
002121219074227019050084
008121219074232013020844
008121219074254012100429
002121219074255012180299
002121219074301014030430
002121219074304013030565
008121219074306012070006
002121219074310019050217
002121219074318019050164
002121219074323019060119
002121219074328019060120
009121219074331012120489
002121219074336012150203
008121219074338012110437
002121219074347019020399
009121219074357012110143
003121219074359013010799
002121219074412012130333
002121219074418013030646
006121219074419011000573
001121219074422012010361
006121219074424011000740
002121219074436013030518
001121219074439012020333
006121219074439011000078
008121219074441013020683
002121219074441019020374
002121219074443012150190
006121219074446012120199
001121219074446014010440
001121219074452016000073
006121219074453015090579
009121219074453014020588
001121219074454014010600
003121219074455012020121
008121219074455012100323
009121219074456012110482
002121219074457015030343
003121219074458013010695
009121219074500015020620
002121219074501012180046
009121219074501015020620
003121219074503013010505
002121219074504019020124
002121219074504014030421
009121219074504013020692
003121219074505013010007
009121219074507013020532
002121219074512019060113
009121219074513014020635
006121219074515013010009
003121219074517012050363
008121219074518013020438
006121219074520013010001
008121219074521012080135
002121219074521013030386
003121219074522013010347
002121219074524015030443
008121219074524012070435
003121219074526012030276
008121219074527012070344
009121219074528013020864
002121219074528012170144
008121219074529015020658
003121219074529013010677
009121219074531012080467
002121219074532012170144
002121219074536012130341
002121219074536019020383
001121219074540012030333
004121219074542012170292
002121219074544019020180
008121219074544013020811
006121219074545013010270
004121219074546012150249
006121219074549011000564
001121219074550015010632
002121219074553019070014
006121219074554011000165
002121219074558019020353
004121219074600013030443
008121219074602013020745
009121219074602013020855
006121219074602011000445
004121219074604012170219
008121219074605012090401
002121219074606019050216
008121219074606015020635
004121219074612012150274
004121219074618012170178
003121219074620019110043
003121219074623012060384
001121219074625012060405
004121219074626012150203
002121219074627012150091
004121219074630013030246
006121219074631019100066
002121219074631012130343
002121219074632019020400
001121219074634016010123
002121219074635012150203
008121219074636014020501
008121219074638013020606
002121219074639019050112
004121219074642012140422
008121219074643013020873
009121219074644015020676
004121219074645012140457
009121219074648012080343
002121219074649019050195
009121219074649012100434
002121219074652014030424
002121219074655019040001
002121219074657013030509
004121219074658015030465
008121219074659013020821
006121219074659011000687
002121219074700019050128
008121219074701015020029
004121219074703013030509
006121219074705011000722
008121219074706012090256
002121219074707019050242
002121219074710019030047
002121219074713019020368
003121219074713012030387
002121219074718019020313
002121219074719012150309
003121219074719012050254
008121219074721012100006
002121219074722019020286
001121219074724013010700
001121219074726013030157
003121219074734013010601
002121219074734019010087
002121219074734012130339
004121219074738012140167
002121219074740013030592
004121219074742012140466
002121219074743019060107
003121219074743012040414
008121219074744014020523
004121219074750012150283
009121219074753012070407
006121219074755011000683
001121219074757012050344
006121219074758011000041
002121219074800019050245
002121219074802015030434
001121219074802012050213
002121219074805019100070
006121219074809013010321
004121219074817013030546
004121219074820015030371
009121219074824014020633
004121219074824012150270
001121219074824012050308
001121219074828015010001
006121219074828013030188
009121219074832012090375
004121219074835012140463
006121219074835011000715
003121219074836012050364
002121219074837019050239
006121219074838011000715
004121219074839012160271
008121219074839012070244
002121219074840019020186
004121219074840012140434
006121219074841011000736
001121219074841012040444
003121219074842012030036
009121219074843013020832
004121219074843013030629
008121219074843012070429
008121219074846013020823
009121219074846012070010
006121219074846011000730
004121219074846013030545
002121219074847014030426
008121219074847013020823
008121219074848013020758
004121219074849012170257
006121219074852013030003
008121219074852012110400
002121219074853012170309
004121219074853012180284
003121219074854013010541
008121219074855012110455
002121219074855019050026
004121219074856012160282
002121219074857012130165
003121219074857012040429
008121219074859015020679
004121219074901012180171
002121219074901012130250
003121219074902013010794
008121219074904012110427
006121219074904011000408
003121219074905013010577
008121219074908013020651
006121219074908011000408
002121219074910014030404
003121219074911012040459
004121219074911013030516
008121219074911012090248
003121219074913012050315
006121219074913011000408
002121219074913019020397
003121219074915012040192
002121219074915013030458
002121219074915019020392
006121219074916011000408
001121219074918012010419
006121219074919011000343
003121219074919013010791
002121219074921019050243
002121219074922019050243
009121219074923012110412
006121219074923012010019
004121219074924012130120
006121219074925015090608
009121219074926012110488
003121219074926013010529
002121219074927012160291
001121219074927014010493
008121219074928015020646
001121219074928012010410
006121219074928015090608
009121219074930019020387
008121219074932015020657
001121219074932012060095
001121219074933015010797
008121219074934015020686
001121219074935012020385
009121219074935015020652
008121219074938012100134
009121219074938012070286
009121219074940015020667
006121219074940015090627
008121219074940012100411
001121219074940012040461
008121219074942012080375
001121219074942012040462
009121219074943012100450
001121219074944013010755
008121219074945013020858
006121219074946011000086
009121219074948013020703
008121219074948012090417
008121219074950013020824
006121219074950013020240
001121219074951015010669
002121219074951012130327
009121219074951012110454
002121219074952019060001
001121219074953012020228
008121219074953015020502
004121219074953013030448
006121219074954011000388
009121219074954012120488
002121219074955019020394
003121219074955012060374
004121219074955013030482
008121219074956013020761
006121219074956011000713
001121219074957015010758
004121219074957012130280
008121219074959012090393
006121219074959011000388
003121219074959013010772
006121219075001011000713
001121219075001012020324
008121219075003014020562
006121219075004011000388
003121219075004013010788
001121219075005012050357
004121219075006015010791
002121219075006019040024
003121219075007012060421
002121219075010012140462
009121219075010013020868
008121219075010013020755
003121219075011013010785
009121219075012013020868
001121219075013012040438
003121219075013013010759
002121219075014019020318
009121219075014012100311
003121219075015013010776
001121219075015012050358
001121219075017012040458
009121219075017014020092
006121219075017011000710
001121219075020015010788
006121219075020015090620
009121219075021012110377
003121219075021012050307
006121219075024011000729
003121219075024013010758
008121219075025012100394
004121219075025014030342
002121219075028019110006
009121219075028015020640
006121219075028011000594
003121219075029013010732
001121219075029019020282
008121219075029013020542
003121219075031012030366
008121219075032012120412
004121219075032012160075
009121219075033013020188
008121219075035012100218
009121219075035012070444
004121219075035013030379
009121219075037015020604
002121219075038019110006
003121219075038014010605
004121219075038013030644
008121219075039012080456
004121219075041012180277
008121219075041012080452
003121219075042012050368
001121219075043014010157
002121219075043014030239
004121219075044012150098
008121219075045012100423
003121219075046013010710
008121219075048012110446
006121219075048015090580
004121219075048012010341
001121219075050012060383
004121219075050014030160
008121219075051012100284
008121219075053012110466
004121219075053013030339
004121219075055012140435
008121219075056012120482
009121219075056012080078
003121219075057012040469
001121219075058015010473
009121219075059012100224
008121219075059012070387
004121219075100013030084
009121219075101013020833
008121219075102013020793
001121219075102018010054
003121219075103012060359
009121219075104013020818
004121219075104012170195
001121219075106014010201
009121219075107012080267
002121219075108013030563
008121219075108015020545
009121219075109013020763
006121219075109012110164
001121219075109013020226
009121219075110013020763
001121219075112012060397
006121219075113011000717
004121219075113012130319
002121219075113019030042
008121219075114012090383
004121219075115013030498
003121219075115013010787
008121219075117012090302
003121219075117015010704
006121219075117011000525
002121219075118019100008
009121219075119015020675
001121219075119015010796
003121219075120013010426
008121219075120012110151
006121219075120011000525
002121219075121012160300
009121219075122015020639
004121219075122012180276
002121219075123019110014
006121219075124013020581
001121219075124015010737
008121219075124013020850
002121219075125014030226
004121219075125012130214
009121219075126012110178
004121219075128012160163
002121219075128014030458
009121219075128012110483
008121219075129013020411
002121219075130012150263
002121219075130019100018
009121219075131013020841
004121219075131013030506
008121219075132012080457
006121219075133011000737
002121219075134012160259
001121219075134014010570
002121219075135019100068
004121219075135012140088
008121219075135013020766
001121219075137012010409
008121219075137013020644
009121219075138012080408
004121219075139014030305
006121219075139012110223
002121219075139012130297
001121219075139015010753
008121219075140012100312
008121219075141013020685
002121219075142019110002
009121219075142013020797
004121219075142012160310
001121219075142012030350
003121219075144012030304
006121219075145012080131
003121219075145012050356
008121219075145012080350
009121219075145012070331
004121219075146012150196
001121219075146012030356
009121219075147012080431
008121219075148014020634
003121219075148012060427
009121219075150015020535
003121219075150012040423
004121219075150013030587
001121219075150013010797
009121219075152012070148
008121219075152012080220
006121219075152013020412
001121219075153014010011
003121219075153012020288
001121219075154012030242
001121219075154015100546
009121219075154019050244
004121219075156012160287
006121219075156011000663
003121219075158012010364
004121219075158015030246
002121219075159012150135
006121219075200011000651
004121219075201012150268
002121219075201019060095
003121219075201013010624
009121219075202013020831
008121219075202012100322
004121219075202012160256
006121219075203011000643
004121219075204013030616
001121219075204012010364
006121219075205011000694
002121219075205019010134
006121219075206012020137
002121219075206015030436
004121219075207012150320
002121219075207012140445
001121219075207014010563
001121219075209015010787
006121219075210014030174
003121219075210013010199
004121219075210012150271
001121219075211012050331
002121219075211012170264
004121219075213013030641
006121219075213011000586
002121219075213013030627
008121219075215015020677
001121219075216012040433
006121219075217015090618
004121219075217013030571
008121219075218013020825
006121219075219011000724
003121219075219012020348
001121219075219015020500
008121219075220014020623
001121219075221015010785
003121219075221013010606
009121219075221012100441
006121219075222011000681
008121219075222014020622
002121219075223019110037
009121219075224012070427
001121219075224013010734
003121219075225012030377
001121219075226012030404
002121219075226019020211
003121219075226013010575
001121219075227012050367
009121219075228014020538
004121219075228012180158
006121219075229011000498
003121219075229013010806
008121219075230012070384
003121219075232013010770
004121219075233012130059
009121219075233015020577
006121219075234011000517
009121219075235013020017
002121219075236012170019
006121219075238012150102
003121219075238012040447
001121219075238014010316
006121219075239019100008
001121219075239013020180
003121219075241012050350
001121219075241014010592
008121219075242012110474
009121219075242012070441
003121219075244012010327
001121219075245014010502
004121219075246012140456
003121219075246013010781
001121219075246015010763
002121219075247019100028
009121219075247013020778
003121219075249012040337
006121219075249011000598
009121219075250012090341
003121219075250012040376
008121219075250015020680
001121219075251012040354
002121219075251019040035
002121219075252019040035
008121219075252012080425
009121219075252013020882
003121219075254015010678
001121219075254012050285
009121219075255013020882
006121219075255011000699
008121219075257012080459
003121219075258012010387
004121219075258012170258
006121219075258011000203
003121219075259012060414
004121219075300013030551
002121219075300014030375
008121219075300012110494
006121219075301011000595
001121219075301014010614
002121219075301012140442
003121219075302013010580
008121219075302012100398
006121219075304011000262
008121219075305013020879
003121219075305013010651
002121219075306019100063
003121219075306013010520
001121219075306012010376
004121219075306012160088
009121219075307012090351
006121219075307011000639
002121219075308012150226
008121219075308012110491
006121219075309011000258
003121219075310012050310
008121219075311015020469
002121219075311015030337
004121219075311013030606
003121219075312012040452
001121219075313012010162
009121219075313013020504
006121219075313013020241
004121219075314012150073
002121219075314012140458
003121219075314012040465
008121219075315015020591
006121219075315012010292
003121219075315012020037
001121219075316012030372
009121219075316012110424
004121219075317012140421
001121219075317014010033
002121219075317015030410
003121219075318015010761
006121219075318011000283
008121219075318013020769
009121219075319015010696
001121219075319015010781
003121219075321012100442
008121219075321012110484
002121219075321019020007
006121219075321011000388
003121219075322012060364
001121219075322012070449
002121219075322014030488
004121219075322012150307
009121219075322012100432
006121219075323011000410
008121219075325014020625
001121219075325012050217
009121219075325012110481
006121219075326011000574
008121219075326014020525
003121219075326014010003
002121219075326019100061
009121219075328015020618
001121219075328012010421
003121219075328013010730
008121219075329012120434
001121219075329016000157
004121219075329012170146
006121219075329011000727
009121219075330012120476
001121219075330015010693
002121219075330012150305
001121219075331016000112
008121219075331013020874
006121219075331013010015
004121219075332012160285
009121219075332012080453
001121219075333014010526
006121219075333011000120
009121219075334012080448
008121219075334013020562
004121219075334012150293
003121219075335015010751
001121219075336015100546
008121219075336013020878
009121219075336012120479
006121219075336013010151
004121219075336012180185
003121219075337012040467
002121219075337019050224
003121219075338014010575
002121219075338012140379
008121219075338013020836
009121219075339012090379
006121219075339011000601
004121219075339012150260
003121219075340012030355
002121219075341019020389
002121219075341012180157
009121219075342014020231
008121219075342013020877
006121219075342011000718
001121219075342014010599
003121219075343012020390
002121219075344019050238
004121219075344014030334
009121219075345012090267
008121219075345014020486
006121219075345011000741
003121219075346012040382
008121219075347012070428
003121219075348012030400
004121219075349013030504
002121219075350019020127
008121219075350012090333
001121219075350012040403
006121219075350011000632
008121219075351012090333
003121219075351012030399
009121219075352012090368
001121219075352012030397
006121219075353011000670
008121219075353013020706
002121219075354019030022
003121219075354015010716
006121219075354011000666
009121219075355012120481
001121219075355013010747
008121219075356012110442
008121219075358013020812
006121219075358012170077
003121219075358012050028
004121219075400013030590
002121219075401015030477
003121219075401012030405
006121219075401011000640
008121219075401013020610
004121219075402012180271
001121219075402013010688
003121219075404012030342
006121219075404011000388
009121219075404012080430
002121219075404015030279
002121219075405019040036
008121219075405012100047
002121219075406012140389
003121219075406012030403
006121219075407011000627
008121219075407014020632
009121219075407015020688
003121219075408012060434
004121219075408012150198
009121219075409012120494
002121219075409015030461
006121219075410011000732
003121219075411012020286
004121219075412015030368
002121219075412014030366
009121219075412013020460
008121219075413012120493
003121219075413013010560
002121219075414015030458
006121219075414011000735
004121219075415012150255
009121219075415014020603
003121219075416012040353
001121219075416015010752
009121219075417012100416
001121219075418012010375
003121219075418012020344
006121219075418011000473
004121219075418012170218
002121219075418012170277
009121219075419012100347
003121219075420012050345
002121219075420019050228
001121219075421014010569
001121219075421015100543
002121219075421016000123
008121219075421015020655
004121219075421012060309
006121219075421014030109
009121219075422012080297
003121219075422014010208
006121219075423012130091
004121219075423013030507
009121219075424012080123
001121219075424012010355
002121219075424019100072
002121219075425013030349
003121219075425012040473
008121219075425012100201
001121219075426012060349
009121219075426012120487
004121219075426013030622
008121219075427014020589
001121219075427012060415
003121219075428013010795
006121219075428012180106
004121219075429013030441
009121219075429012080462
008121219075429012110404
002121219075429019050246
003121219075430012060229
004121219075430013030619
001121219075430015010692
001121219075432014010573
009121219075432012120490
008121219075432014020504
006121219075432011000691
004121219075433012140446
003121219075433015010687
002121219075434019110050
001121219075434019110051
002121219075434012130338
008121219075435013020795
001121219075435015010793
006121219075435015090617
004121219075435012170194
009121219075436014020524
003121219075437012020008
009121219075437012070448
004121219075437012180258
006121219075438011000677
001121219075438014010571
003121219075439013010294
002121219075439014030159
008121219075439015020685
002121219075440019110048
009121219075440013020859
001121219075441013010798
008121219075442015020386
009121219075442013020808
003121219075443013010714
006121219075443011000276
002121219075444012170293
004121219075444014030077
008121219075445013020767
009121219075445013020884
003121219075445012040406
001121219075446013010021
003121219075447013010654
009121219075447012070447
001121219075448014010068
003121219075449013010727
004121219075450012150100
001121219075450012020111
003121219075451012040373
002121219075451019100044
009121219075451012100400
006121219075451012010254
001121219075452012020285
003121219075453012010329
004121219075453012140374
004121219075454012130075
001121219075454012060372
006121219075455011000700
009121219075455014020493
008121219075456012100364
009121219075456012120454
002121219075456019050091
001121219075456012010408
004121219075457012130344
003121219075457012080007
006121219075457013030240
009121219075458012120498
001121219075459014010357
008121219075459013020780
001121219075500013010006
006121219075500012140043
004121219075500012180307
003121219075501012050204
009121219075501013020810
002121219075501019100002
008121219075502013020574
004121219075502013030075
001121219075502016000169
006121219075503012020162
001121219075504013010712
006121219075504012110004
004121219075504013030607
008121219075504012100334
009121219075504012090423
002121219075505019040033
003121219075505012040273
008121219075506012090350
004121219075506012140388
009121219075506012120454
002121219075507019060097
004121219075507012150318
006121219075507012080163
001121219075507014010613
002121219075508014030456
003121219075508012050351
008121219075509014020574
009121219075509013020198
006121219075509016010086
001121219075509012060005
004121219075510012180266
006121219075511011000739
001121219075511012060407
008121219075511013020738
009121219075511014020435
002121219075511013030638
003121219075512012010420
009121219075513013020819
002121219075513012130290
002121219075513019110049
003121219075514013010777
004121219075514013030066
008121219075514014020563
006121219075514015090632
004121219075514013030636
001121219075514012040417
009121219075515012120491
008121219075516012110354
001121219075516012040355
006121219075517011000731
004121219075517013030576
009121219075518013020862
002121219075518014030475
003121219075518013010542
008121219075519012070445
004121219075519015030389
002121219075519019010133
006121219075520012130223
001121219075520015010807
003121219075520012030401
009121219075520012100424
006121219075521012160114
002121219075521012140148
008121219075521012110416
004121219075522012140473
003121219075522012030327
002121219075522019050183
009121219075523012070442
002121219075523015030475
001121219075523015010683
003121219075524012030256
009121219075524014020578
006121219075524012020340
008121219075524012090408
004121219075524014030425
001121219075525013010549
002121219075525019100013
002121219075526015030262
004121219075526013030460
001121219075527012010389
006121219075527014030087
003121219075527015010794
008121219075528013020749
001121219075528013010762
002121219075528019010108
009121219075528014020608
004121219075528013030024
002121219075529015030459
004121219075529012130210
002121219075530012140235
008121219075530014020611
001121219075530014010580
009121219075530012080383
006121219075530011000678
002121219075531019020275
003121219075531012030266
008121219075532012120474
004121219075532014030393
002121219075533019020150
001121219075533014010432
002121219075533015030426
006121219075533011000627
004121219075534012170073
003121219075535014010607
002121219075535015030455
004121219075535013030398
008121219075535012090339
001121219075536014010538
003121219075537013010646
008121219075537013020876
002121219075537012160280
004121219075537012180272
008121219075538012070432
006121219075538012020274
003121219075539012060331
001121219075539014010267
002121219075539019060102
002121219075539012170266
004121219075540015030467
009121219075540012110443
008121219075541012120461
006121219075541015090611
002121219075541012160302
002121219075542019020379
003121219075543013010807
009121219075543013020640
002121219075543012180305
008121219075543012110414
001121219075543012010340
004121219075543012150241
004121219075544012180292
002121219075545014030448
003121219075545012050225
009121219075545013020840
003121219075546012040470
008121219075546012080419
001121219075546013010023
001121219075547014010452
004121219075547012150286
009121219075547012090343
002121219075548019050241
009121219075548013020848
008121219075548014020597
003121219075549013010631
004121219075549012140452
002121219075549019050241
001121219075549015010129
003121219075550013010460
001121219075550013010604
009121219075551012080017
008121219075551012080454
004121219075551015030445
008121219075553013020674
001121219075553015010766
009121219075553014020088
002121219075553019020372
001121219075554012050309
003121219075554014010436
009121219075554012070236
004121219075554012170290
001121219075555013010804
002121219075555019110040
006121219075555013010358
004121219075556015030356
008121219075556013020835
002121219075556012160253
006121219075557011000690
003121219075557012050183
001121219075557014010424
009121219075557014020618
004121219075558014030423
001121219075558012010011
002121219075559015030388
008121219075559013020536
001121219075600012060416
009121219075600012120395
004121219075600012150294
006121219075600011000704
004121219075601013030496
003121219075601013010774
002121219075601013030642
001121219075602013010446
009121219075602015020674
002121219075602019050152
008121219075602013020748
001121219075603015010682
004121219075603013030573
002121219075603013030548
009121219075604013020857
003121219075604012040454
006121219075605013020397
002121219075605014030450
004121219075605013030508
008121219075605014020443
001121219075606012060253
009121219075606012120415
003121219075606015010615
004121219075607014030021
009121219075607012090406
001121219075608012030352
008121219075608012080380
002121219075608012180263
003121219075608012030390
002121219075609014030325
003121219075610012050311
009121219075610014020351
001121219075610012040450
008121219075610012070264
004121219075610013030550
002121219075611014030088
006121219075612012040300
002121219075612014030476
008121219075613012090400
003121219075613013010413
009121219075613016000147
004121219075613014030438
001121219075613014010460
006121219075615011000568
004121219075615013030456
009121219075615013020599
003121219075615012030386
008121219075615015020057
008121219075616012120242
001121219075616014010510
004121219075616014030490
006121219075617012110087
001121219075618012040446
009121219075618012120350
003121219075618013010693
008121219075619012110421
006121219075619012040209
003121219075619012020086
004121219075619014030267
003121219075620015010721
009121219075620012110373
008121219075621012120475
002121219075622014030418
004121219075622013030366
009121219075622014020619
006121219075623011000065
008121219075623012070438
001121219075624014010411
003121219075624013010735
008121219075625015020531
009121219075625015020681
004121219075625012150312
001121219075626013020881
003121219075626013010653
006121219075626013030199
004121219075626012170265
008121219075628013020468
002121219075628013030541
006121219075628011000231
001121219075628015100560
004121219075629012180206
001121219075629013020881
001121219075630013030071
002121219075630013030630
008121219075631012090404
004121219075631015030438
002121219075632012130288
006121219075633015090621
004121219075634013030348
003121219075634013010740
001121219075634012030368
008121219075634012100446
002121219075635015030187
009121219075635012120256
002121219075636019010119
004121219075636015030437
008121219075636012100418
002121219075636012160215
009121219075636012120256
006121219075637011000728
003121219075637013010793
004121219075637012150287
002121219075638012140449
001121219075638012010415
008121219075639013020554
003121219075639012060379
009121219075640012070392
002121219075640015030402
004121219075640012140470
009121219075641012070321
001121219075642013010805
008121219075642015020568
006121219075642013030176
004121219075642012170193
002121219075642014030031
009121219075643014020626
003121219075643012050123
001121219075644013010743
004121219075644013030558
002121219075644014030390
009121219075645015020660
008121219075645014020565
008121219075646013020515
009121219075646014020571
004121219075646012130264
002121219075647014030289
002121219075648012170271
008121219075648013020515
009121219075648012110397
008121219075649015020580
004121219075649013030530
001121219075649016000062
002121219075649013030618
009121219075650014020426
004121219075651014030454
002121219075651012130263
006121219075651011000566
008121219075652013020702
002121219075653012150299
004121219075653012140460
006121219075653012050129
001121219075653012030376
009121219075654012110485
001121219075655012050360
008121219075655012100223
006121219075656013010392
002121219075656013030631
003121219075656013010763
001121219075656015100557
002121219075656019040032
004121219075656012140443
009121219075657014020416
001121219075657014010612
008121219075657015020478
001121219075658016000064
002121219075658016000144
006121219075659011000682
003121219075659013010550
004121219075659012150304
001121219075700014010617
008121219075700012100425
006121219075700015090616
001121219075701012020383
004121219075701012130322
002121219075701015030423
006121219075702011000398
002121219075702019100065
009121219075702014020598
003121219075703012040222
002121219075703014030482
008121219075703012100445
001121219075703015010800
009121219075704012120421
004121219075704013030577
008121219075705012120377
006121219075705011000726
002121219075705019050237
003121219075705012040397
001121219075706015010731
002121219075706014030279
003121219075706012020400
004121219075706014030459
009121219075707012120497
006121219075707013020068
001121219075708014010555
002121219075708019040028
008121219075708012090330
004121219075708013030425
003121219075709012010424
004121219075709012140444
003121219075710012060410
001121219075710012050334
009121219075710014020551
002121219075711012140468
008121219075711012110353
002121219075711019020079
009121219075711012080464
006121219075711011000169
001121219075711016000167
003121219075712013010737
004121219075713013030608
008121219075713012080345
003121219075714015010717
009121219075714015020654
006121219075714011000725
001121219075715016000008
002121219075715012160313
002121219075716019050126
009121219075716014020534
004121219075716013030523
003121219075716013010765
008121219075716012120368
004121219075717013030325
006121219075717011000662
001121219075717016000168
001121219075717014010103
008121219075718013020852
003121219075718012040477
002121219075718013030639
009121219075718014020007
001121219075719016000168
004121219075719012160149
002121219075720012150278
009121219075720015020013
003121219075721012050266
002121219075721019050212
008121219075721012070443
009121219075722012070417
001121219075722014010593
001121219075722016000101
004121219075722013030535
003121219075723012050366
006121219075723011000440
004121219075724012140086
001121219075724014010338
008121219075724012110461
008121219075725013020781
009121219075725015020669
001121219075725016000101
006121219075726019100067
003121219075726014010539
004121219075726013030354
009121219075727014020554
004121219075727012170127
003121219075727012010309
008121219075727012110410
009121219075728014020546
002121219075728012170308
003121219075729012010247
008121219075730014020606
006121219075730019100067
004121219075730013030603
001121219075730012010277
002121219075730012170305
002121219075731019020326
009121219075731015020541
004121219075731013030469
003121219075731012010393
006121219075731011000422
002121219075732012170303
008121219075732012100307
001121219075733012020021
003121219075734012040437
002121219075734019060114
009121219075734014020567
008121219075734012100430
004121219075734012150303
002121219075734012180308
006121219075735011000001
003121219075736012020368
004121219075736012170056
002121219075736015030470
001121219075737012040405
003121219075737014010603
008121219075737012090272
009121219075737014020592
002121219075738019070038
006121219075738011000723
004121219075739012160296
001121219075739012050224
002121219075739014030416
009121219075739012070415
008121219075740012110367
006121219075740011000490
001121219075741014010609
003121219075741015010690
009121219075741012100451
002121219075742014030250
009121219075742015020630
001121219075743012010337
003121219075743013010522
008121219075743013020753
006121219075743011000719
002121219075743014030467
004121219075744013030372
009121219075745014020532
008121219075745012070382
002121219075746019050148
006121219075746012050085
003121219075746012050194
009121219075746012100257
004121219075746013030634
001121219075746015010790
002121219075747014030388
001121219075748012040464
008121219075748012100431
006121219075748012080114
003121219075748012010422
009121219075749012090041
004121219075749012180249
006121219075749011000581
002121219075750015030431
008121219075750012070440
002121219075750019020263
009121219075751015020664
003121219075751013010662
001121219075751012060360
006121219075752011000654
008121219075752012070422
004121219075752013030162
003121219075752012020392
009121219075753012120393
001121219075754012040464
008121219075754012090279
006121219075754015030168
003121219075755012050238
001121219075755015010786
009121219075755015020641
002121219075755013030648
006121219075756011000706
008121219075756012100436
003121219075757013010726
002121219075757012160279
001121219075757015010802
002121219075758019040012
001121219075758015030112
009121219075758013020820
006121219075758012090035
001121219075759012040410
004121219075759012180144
008121219075759012100329
003121219075759015010550
009121219075759015020647
002121219075800019010116
008121219075800012100327
002121219075801019010116
003121219075801013010803
001121219075801013010331
006121219075801011000733
001121219075802012040468
009121219075802014020553
008121219075802012080364
004121219075803013030538
002121219075803012180275
006121219075803011000595
008121219075803012080364
002121219075804019020149
004121219075804013030382
003121219075804012030344
001121219075805012060353
002121219075805019020149
008121219075805012090396
009121219075805014020529
003121219075805012060166
006121219075806012010201
001121219075806012040426
002121219075806014030484
004121219075806012140363
009121219075807012090291
003121219075808013010767
001121219075808012010377
006121219075808011000738
002121219075808019020335
003121219075809012050009
009121219075809012100252
002121219075809015030247
002121219075810019020273
008121219075810012120399
004121219075810012140464
008121219075811012120399
003121219075811013010598
006121219075811011000720
002121219075811012160292
002121219075812019110005
009121219075812014020394
008121219075812012080466
001121219075813015010784
006121219075813011000648
004121219075813012180212
009121219075813012080266
003121219075813012050195
004121219075814012130298
002121219075814014030489
002121219075815019110046
001121219075815014010608
006121219075815011000026
008121219075815012110487
009121219075815014020542
004121219075817012130205
009121219075817013020866
003121219075817012010010
002121219075818012130116
006121219075818015090628
008121219075818014020582
001121219075818015010789
001121219075819014010578
003121219075819012010400
002121219075819019040009
009121219075819012110477
004121219075819014030470
006121219075820013020154
008121219075820014020628
002121219075821019010008
003121219075821014010604
006121219075821012050222
001121219075822012050279
008121219075822014020331
009121219075822014020424
002121219075822014030072
001121219075823012030300
006121219075823015020540
004121219075823012130242
002121219075823014030369
009121219075824013020880
003121219075824013010739
008121219075824014020630
004121219075825012170297
002121219075825012130330
006121219075825012020002
003121219075826012030353
001121219075826012060259
002121219075827015030442
009121219075827012090407
006121219075827014010053
004121219075827012150128
008121219075827012070421
002121219075828019020212
008121219075829012090394
001121219075829012010348
003121219075829015010769
002121219075830013030263
006121219075830012150195
009121219075830013020282
002121219075831012160307
004121219075831015030395
003121219075831012050354
001121219075832012020311
002121219075833013030484
001121219075833014010615
006121219075833012170053
009121219075833015020022
008121219075833012100380
001121219075834018010067
009121219075834015020022
004121219075834012140469
003121219075834012010413
002121219075835014030465
008121219075835012090335
003121219075835012040367
002121219075835019050170
009121219075836013020860
006121219075836011000668
001121219075836013010059
002121219075837012180310
008121219075837012080424
004121219075837014030471
001121219075838014010564
009121219075838014020593
003121219075838012040445
006121219075839014020288
003121219075839014010444
008121219075839012080346
001121219075840012010338
001121219075840016000126
004121219075840012130336
003121219075841013010625
008121219075841012110467
002121219075841013030649
009121219075841014020586
002121219075842019050240
001121219075842015010596
001121219075842016000126
006121219075842015020461
008121219075843012100280
003121219075843012030351
009121219075843012110406
006121219075844012070090
001121219075844016000126
002121219075844012150314
009121219075844015020410
003121219075845012030095
008121219075845012120431
004121219075845012170207
009121219075846015020643
001121219075846012060431
001121219075846018010047
002121219075846019020363
003121219075847013010567
008121219075847012120402
001121219075848012010005
004121219075848012170217
009121219075848015020451
002121219075849019020346
002121219075849015030469
009121219075850015020638
004121219075850012150301
002121219075850012160228
003121219075850012020300
002121219075850019030046
008121219075850012080284
001121219075850014010535
004121219075851012130316
006121219075851012120124
001121219075852014010377
008121219075852012100405
003121219075853014010537
001121219075853014010594
009121219075853015020623
002121219075853019020377
004121219075854012160243
008121219075855012110351
002121219075855013030308
006121219075855019100071
009121219075855012110486
003121219075855013010515
008121219075856012120301
003121219075856012060356
002121219075856019100052
004121219075857014030336
003121219075857012060378
006121219075857011000635
009121219075858012120486
008121219075858012080413
002121219075859019010109
003121219075859012010237
004121219075900012130278
001121219075900014010309
009121219075900012090414
003121219075901012010372
006121219075902011000636
002121219075902012130276
008121219075902013020843
009121219075903013020586
002121219075903019050196
004121219075903013030609
003121219075904012030317
006121219075904011000534
008121219075904012070410
001121219075904015010795
004121219075904013030633
002121219075905012170275
001121219075906014010457
002121219075906019050029
006121219075907015090629
008121219075907012090300
004121219075907012140127
009121219075907012120414
003121219075907012020403
002121219075909015030478
001121219075909018010018
006121219075909011000263
004121219075909012170280
003121219075909013010284
008121219075910012110340
009121219075910012090416
001121219075911012020322
008121219075911012070360
006121219075911015020199
004121219075911012140154
003121219075911012020398
009121219075912012090377
002121219075913015030244
004121219075913012130314
001121219075913015010774
006121219075914012130049
008121219075914012090220
002121219075914014030100
003121219075914013010733
003121219075915015010783
004121219075915012170235
002121219075915019110013
009121219075915013020867
001121219075916012030196
006121219075916013020326
008121219075916012090344
009121219075918013020883
002121219075918019050223
004121219075918012170020
002121219075918012130337
003121219075918012050210
001121219075918012010014
008121219075919013020870
009121219075920012110489
003121219075920012060015
008121219075921013020572
004121219075921014030331
003121219075921013010473
001121219075921015010804
009121219075922012110489
004121219075923012180262
002121219075923019030025
009121219075924014020545
008121219075924012070366
003121219075924014010241
002121219075925014030373
008121219075926014020417
002121219075926019050214
009121219075926012100381
003121219075926012010173
004121219075926013030119
009121219075927012110476
004121219075928012160236
002121219075928012160306
008121219075928012080373
003121219075930012050341
001121219075930012020382
008121219075931013020726
004121219075931012160190
009121219075931012100419
006121219075931013020428
008121219075932012080394
002121219075932013030623
003121219075932012020269
004121219075933012130271
001121219075934015100559
002121219075934012130303
003121219075935012020391
008121219075935012070338
006121219075936014010295
004121219075936013030567
008121219075937012100318
009121219075937014020631
006121219075937011000555
004121219075937012180296
002121219075937014030381
003121219075938012060398
001121219075938012040471
004121219075938012160231
002121219075938013030647
001121219075939018010066
009121219075940016000149
004121219075940012140465
006121219075940013020274
001121219075941014010536
008121219075941014020502
003121219075941012060420
002121219075941012150315
003121219075942012020381
006121219075942012160085
004121219075942013030264
001121219075943012010423
008121219075943013020783
001121219075943018010071
004121219075943012170304
009121219075944012120354
006121219075945011000277
004121219075945012150069
008121219075946012080468
001121219075946015010407
002121219075946019070031
003121219075946012060221
002121219075947014030356
009121219075947012080418
006121219075947012020013
008121219075947015020598
004121219075948012170228
009121219075949012070433
003121219075949014020020
001121219075949014010558
001121219075949015030454
006121219075950011000439
002121219075950013030596
008121219075950012070193
004121219075951013030562
002121219075951019010135
001121219075951014010066
002121219075951014030399
003121219075952012030230
001121219075952018010072
009121219075952014020512
004121219075953015030451
001121219075953013010213
002121219075953015030351
008121219075953014020511
006121219075953012090150
009121219075953014020512
002121219075954015030362
002121219075955019020398
004121219075955012170287
009121219075955014020413
001121219075955012050179
003121219075955013010780
006121219075957012080127
001121219075957014010250
008121219075957014020036
004121219075957012140429
003121219075957012040443
002121219075957014030485
002121219075958019020393
009121219075958012100449
004121219075958014030398
001121219075958016000161
003121219075959013010769
003121219080001013010454
002121219080001019040023
006121219080002011000674
004121219080002012180278
001121219080002018010065
008121219080002012100350
002121219080003014030486
009121219080004014020411
004121219080004012140461
003121219080004013010244
001121219080004012050234
008121219080005012070368
002121219080005019020221
004121219080006012170267
009121219080006012090420
001121219080007016000166
001121219080007019020373
003121219080007013010666
002121219080007012130302
004121219080008012160289
009121219080008013020643
003121219080010012040420
004121219080010012160087
001121219080011012040131
002121219080011012130326
006121219080011012130102
004121219080012012180312
002121219080012019040030
009121219080013012090419
006121219080013012120196
006121219080014012060312
002121219080014012180261
003121219080014012030396
002121219080015019020301
009121219080016014020617
002121219080016013030485
004121219080017012140337
008121219080017012120444
006121219080018012020010
003121219080018013010650
009121219080019013020425
004121219080019012130284
002121219080019012140405
008121219080019012100358
009121219080020014020566
002121219080020014030487
004121219080021012140408
008121219080021012070404
002121219080022012170307
003121219080022012030303
001121219080023018010059
009121219080023015020663
002121219080024012160230
004121219080024012170298
008121219080024012070358
004121219080025015030306
002121219080025019040020
001121219080026018010059
008121219080026014020627
003121219080026015010610
002121219080026012140453
001121219080028014010200
004121219080028012170054
003121219080029012020399
008121219080029012070390
002121219080029012130254
002121219080030014030466
002121219080030019080001
002121219080031012130329
001121219080031012020325
004121219080031012150171
009121219080031012070341
003121219080032012030328
008121219080032012070426
009121219080033012090348
002121219080033012180287
008121219080034013020747
002121219080034012180257
006121219080034014030056
003121219080034013010259
009121219080035014020006
003121219080036012010403
002121219080036012140425
009121219080037012120440
008121219080037012120425
004121219080037012130295
002121219080037019040034
006121219080038012160104
002121219080039014030365
008121219080039013020721
003121219080039013010190
009121219080040012070376
008121219080041012080428
004121219080041012160272
001121219080042018010069
003121219080042012060388
001121219080042012060368
009121219080042012110478
008121219080043012100403
004121219080043012170291
006121219080043015090633
001121219080043012010385
009121219080044012080366
003121219080045012030194
001121219080045012050347
002121219080046012140428
009121219080046012120401
006121219080046011000656
008121219080046014020536
004121219080046015030457
008121219080047012110480
001121219080047019030038
009121219080048014020530
001121219080048015010808
008121219080049012090402
009121219080049012070197
004121219080049015030101
006121219080049015090631
002121219080049014030481
004121219080050012150297
001121219080050014010587
009121219080050012090410
001121219080051018010070
008121219080051013020701
006121219080051011000656
002121219080052012140409
008121219080052014020025
009121219080052012110438
002121219080052019060084
004121219080053012140471
006121219080053012130286
001121219080054012030381
009121219080054012120447
002121219080054014030158
004121219080054014030437
001121219080055014010597
002121219080056014030387
004121219080056015030441
008121219080056012120483
009121219080057012100169
006121219080057015020563
002121219080058019050213
008121219080058012110382
004121219080059012130334
001121219080059015010017
004121219080059012170286
009121219080100012100443
004121219080100012140426
002121219080100012130014
002121219080101019020323
008121219080101012110458
004121219080103012130335
002121219080103014030447
008121219080104012120470
004121219080105013030584
008121219080105013020813
009121219080105012110160
009121219080106012110160
002121219080106019040006
006121219080107014020055
002121219080107019040006
004121219080108012180282
002121219080108012150250
008121219080108012080361
009121219080108015020678
009121219080110014020615
004121219080110012180313
008121219080111012080429
002121219080111014030452
003121219080112015010805
002121219080112012180154
001121219080113014010610
009121219080113014020043
002121219080113019020103
004121219080113013030614
003121219080114014010525
008121219080114013020826
002121219080114014030427
003121219080116015010805
004121219080116012180259
002121219080117019010072
004121219080117012160233
003121219080118012010398
004121219080119012130345
002121219080121012150273
002121219080121019050234
001121219080121012040338
004121219080121012130317
003121219080122012020389
004121219080122013030331
002121219080124013030605
001121219080124012030363
004121219080124012130270
004121219080125013030412
003121219080126012050359
002121219080127019020378
008121219080127012090413
004121219080127012150319
002121219080128015030386
003121219080129012060432
009121219080129014020398
002121219080130012170299
001121219080130016000163
004121219080130013030346
002121219080130019030032
003121219080130012050353
006121219080131012020279
001121219080131012060403
009121219080132013020822
004121219080134012160315
002121219080134015030468
008121219080134012080414
001121219080134014010522
006121219080135012010405
009121219080135013020863
001121219080136014010590
003121219080136012010401
002121219080136019050171
001121219080136019030050
004121219080137014030299
009121219080137012110479
008121219080137013020626
006121219080137014020550
002121219080138019050171
001121219080138012020016
004121219080139012140225
006121219080139011000600
009121219080139012120463
009121219080141016000124
003121219080141013010702
006121219080142012010028
008121219080142014020616
004121219080143012170284
002121219080143015030383
008121219080145014020120
006121219080146014030096
002121219080147014030001
006121219080147012050057
001121219080147019010128
008121219080148014020540
004121219080149013030104
002121219080150012140431
001121219080151019030043
009121219080151012070450
008121219080151014020414
006121219080151012060389
008121219080152012080225
009121219080153015020624
002121219080153019020333
006121219080155013010215
001121219080157016000025
002121219080158019020327
008121219080158012090345
001121219080159016000025
001121219080159012050348
006121219080201013030222
001121219080203018010061
001121219080206012030010
008121219080207012120419
001121219080214012030385
004121219080216012130285
003121219080216012030406
001121219080217013010641
008121219080217012100367
002121219080219012180297
004121219080220012150295
008121219080223013020790
004121219080223012130267
002121219080224019020382
004121219080225013030440
003121219080226012010293
008121219080227012070431
002121219080227013030465
009121219080228012090309
004121219080228012160311
001121219080230016000003
004121219080230012140149
001121219080230012020367
004121219080231015030439
001121219080232012010382
008121219080232013020799
001121219080232016000003
004121219080233012150290
004121219080234013030591
009121219080235012080427
001121219080235016000088
009121219080237013020803
008121219080237012080438
004121219080238012180159
001121219080239014010524
004121219080239012160293
001121219080239018010008
004121219080241012160143
008121219080241012110464
001121219080242018010068
001121219080242013010783
004121219080243012170209
004121219080244014030022
004121219080247012160298
009121219080248012120448
004121219080250012020358
001121219080253015100556
008121219080253014020470
009121219080254012120143
006121219080255012060241
008121219080255014020470
001121219080257012150311
006121219080257012030282
001121219080258012150311
009121219080304013020817
009121219080306013020773
008121219080307014020570
003121219080308013010808
001121219080309016000058
003121219080313013010004
004121219080314014030368
001121219080314016000164
008121219080314012100385
002121219080315012140430
001121219080316016000164
006121219080317012030293
009121219080319014020604
001121219080319016000141
001121219080319014010611
001121219080320016000141
008121219080322012120465
001121219080322012030305
009121219080324012120477
002121219080325019010118
002121219080327019040015
001121219080330013010716
001121219080330018010055
006121219080330012030316
004121219080332012170222
008121219080334012090357
001121219080336012030361
001121219080341012050147
008121219080342012080360
003121219080343012050365
001121219080344015030106
009121219080346014020568
008121219080346014020489
001121219080346015100551
008121219080347014020489
001121219080348012030329
002121219080350019050209
006121219080351012160012
004121219080353012140420
002121219080355019060076
008121219080355012070411
009121219080356012120464
004121219080356013030399
009121219080359012070357
002121219080400012150261
003121219080404015010668
004121219080404013030617
001121219080406014010581
003121219080416012050320
002121219080419012170295
002121219080422014030176
009121219080424014020620
008121219080425012080469
008121219080427012120306
004121219080428013030510
006121219080434012160222
004121219080441012180260
002121219080443014030217
004121219080450013030610
002121219080500012140447
002121219080508019040021
006121219080532013010117
002121219080540019020307
002121219080545019090016
002121219080554019020065
009121219080600012090388
009121219080601012090388
009121219080603012070308
001121219080618014010133
001121219080626014010508
001121219080627016000163
004121219080631012140441
004121219080632012180301
008121219080706012090391
002121219080709019020349
001121219080726012060422
001121219080727013010761
009121219080745012090399
002121219080829019060124
002121219080832019060124
006121219080911012010190
002121219080915019010074
004121219081138012160312
002121219081203019010119
001121219081223016000007
001121219081226016000001
001121219081245016000012
001121219081822016000052
001121219081825016000052
002121219081921019030049
002121219083306019010031
002121219084135019030033
002121219084137019030033
002121219084801012180288
008121219085632013020689
002121219090852019050225
008121219092800012080447
004121219101047012150310
001121219101128019020340
009121219112730012080408
003121219113159012010426
001121219113429012010426
002121219122012019030046
002121219123345019010067
001121219125100014010066
001121219125425014010612
001121219125439013010761
002121219130056015030473
003121219150154013010710
009121219154522012120447
003121219155928013010700
002121219161001019020377
001121219161121013030157
002121219162811019040032
001121219163346016010077
001121219163932016010100
008121219165027013020468
002121219165045013030638
004121219165421012160313
001121219165427013010743
004121219165444013030066
001121219165500016000112
001121219165508016000157
008121219165515013020851
008121219165516013020851
003121219165541012050341
001121219165550013010797
008121219165613012100449
003121219165617012040410
004121219165638013030460
004121219165639013030646
004121219165642013030546
004121219165643013030608
003121219165651012030282
008121219165656013020867
004121219165709013030649
004121219165711013030399
001121219165712013010688
004121219165713013030558
004121219165716013030571
004121219165719013030545
008121219165719013020821
004121219165720013030622
004121219165724013030162
002121219165724013030509
002121219165726013030630
004121219165727013030577
002121219165727013030627
002121219165730013030509
004121219165731013030523
002121219165731013030308
004121219165732013030573
002121219165734013030648
004121219165736013030441
002121219165736013030541
002121219165737013030484
004121219165738013030619
004121219165741013030448
008121219165741013020586
002121219165742013030647
001121219165743016000064
004121219165748013030482
003121219165749012020391
004121219165754012150255
006121219165758013030176
002121219165759013030548
002121219165802013030592
004121219165802013030507
004121219165803013030104
002121219165805019020383
004121219165806013030346
004121219165809013030398
004121219165811013030591
006121219165822013030075
002121219165822013030639
004121219165828013030516
004121219165830013030199
004121219165833013030348
008121219165920013020864
002121219165926019110050
002121219165930013030623
004121219165934013030625
001121219170004018010067
009121219170008013020868
009121219170009013020868
003121219170015012060388
004121219170018013030084
004121219170028013030504
004121219170029013030386
001121219170032012020324
009121219170036013020863
001121219170039018010061
008121219170047013020067
004121219170050013030222
004121219170053013030633
009121219170130012110397
004121219170135013030379
008121219170143013020701
009121219170148014020615
004121219170200013030469
004121219170203013030565
009121219170208012110478
009121219170212012110438
004121219170238013030240
004121219170250013030530
001121219170254018010070
002121219170310019020318
004121219170348013030331
008121219170354012090348
004121219170611013030456
004121219170626013030629
008121219170642012090357
008121219170656012090413
004121219170827013030443
004121219170839013030506
002121219170935019040009
004121219171243013030466
002121219171517019020150
003121219171610013010244
002121219171639019050195
002121219171719019100061
002121219171725019020398
004121219173121019020149
002121219173341019030032
002121219174039019020211
001121219174558016010086
002121219174747019020127
002121219174815019020263
002121219175008019050029
002121219175133019010008
008121219175402012120489
002121219175425019010133
008121219175857012110410
002121219175941019020230
006121219180056011000636
008121219180128013020826
002121219180147019010072
002121219181011019020065
001121219181607016000008
001121219181618016000166
002121219181807019110014
001121219182052016000141
001121219182054016000141
001121219182100016000025
001121219182103016000025
002121219182218019030033
001121219183003016010048
001121219183130016010071
002121219183242019050164
001121219183246016010123
001121219183252016010127
002121219183500019030048
002121219183901019020273
002121219183905019010118
002121219183909019030047
001121219184427016000167
002121219184740019050243
002121219184741019050243
001121219185108012010421
001121219185114012030363
002121219185119019110002
001121219185219012020016
001121219185232019110051
002121219185239014030476
002121219185242014030450
001121219185300012010348
001121219185302012040354
001121219185304012010408
001121219185306012010293
001121219185308012060405
001121219185316012060414
001121219185321012010309
001121219185324012010309
001121219185326012040468
001121219185327012010401
001121219185329012010337
001121219185334019010125
001121219185343012060364
003121219185349012030036
001121219185349012060221
003121219185354012060359
003121219185358013010774
003121219185401013010672
003121219185403012030399
003121219185405012060396
001121219185406012010409
003121219185408013010791
003121219185410012030327
003121219185411012060241
001121219185412012050310
003121219185412012030386
001121219185414012010201
003121219185415013010807
003121219185416012030342
001121219185417012010254
003121219185418012010420
001121219185420012030385
001121219185422012030350
003121219185424012020399
001121219185425012060397
003121219185426013010625
001121219185428013010747
001121219185429013010804
003121219185429013010598
001121219185430013010712
003121219185431012040443
003121219185433013010460
001121219185433012040450
003121219185434012030316
001121219185435013010641
003121219185436012060015
001121219185437012030397
008121219185437013020411
003121219185438013010769
001121219185438013010798
003121219185439012030256
008121219185439013020685
001121219185442012030305
003121219185442013010785
008121219185442013020651
003121219185443012050195
001121219185443013010783
008121219185444013020644
003121219185445013010577
001121219185446013010023
003121219185447012030349
008121219185447013020749
001121219185448012010028
003121219185449012040397
008121219185449013020606
001121219185450012050179
008121219185451013020824
003121219185452013010515
001121219185453012050308
001121219185454012040438
008121219185454013020825
003121219185455013010735
001121219185455012010237
008121219185456013020683
003121219185457013010770
008121219185457013020683
001121219185459012050279
008121219185459013020154
009121219185459012080448
003121219185500012010426
008121219185501012090383
003121219185502013010737
009121219185502012090375
008121219185504013020767
003121219185505013010631
008121219185507013020850
008121219185510013020536
001121219185511013010604
003121219185511012020400
003121219185512012060229
008121219185513012100318
001121219185514012020352
009121219185515012100416
001121219185516013010761
003121219185517012010377
009121219185517012100416
008121219185517012120377
009121219185522012100381
008121219185522012120399
003121219185523015010769
003121219185525015010783
008121219185525012110412
009121219185526012090420
009121219185527012090377
008121219185528012090401
003121219185529013010259
001121219185530019010128
009121219185530012090341
008121219185531013020542
009121219185537012090419
006121219185538012020037
006121219185541013010015
008121219185541012120124
003121219185544012050210
008121219185545012120474
009121219185545012120415
003121219185547013010215
001121219185550012030335
003121219185550013010767
003121219185552012060426
006121219185553013020543
003121219185554012060421
009121219185556012070437
006121219185556013020412
008121219185557012070197
003121219185559012050331
009121219185559012080430
006121219185559013020241
003121219185601013010693
006121219185603013020240
002121219185604014030159
003121219185604012040429
009121219185604012070435
001121219185605012040464
003121219185607012040473
008121219185608013020745
003121219185609012030406
008121219185609013020836
008121219185611013020610
003121219185614012040442
001121219185614012010376
004121219185615014030021
009121219185616012080431
003121219185617013010529
009121219185618012080431
004121219185619014030490
003121219185619012050307
009121219185621012100224
004121219185622014030109
009121219185622012070429
006121219185622013020581
008121219185623013020793
009121219185624012120491
008121219185625014020020
006121219185626013020274
009121219185627013020703
008121219185627014020020
001121219185628012040417
008121219185629013020572
002121219185630014030373
001121219185630012020367
009121219185630012080464
001121219185631012040446
003121219185631012030400
004121219185631014030430
008121219185631012070426
009121219185632013020831
002121219185632019050223
001121219185633012010382
002121219185633014030088
008121219185633013020554
003121219185635012050359
004121219185635012010341
008121219185636012120465
009121219185636013020810
003121219185637012060369
001121219185637013010755
008121219185638012100385
001121219185639012060253
003121219185640012030381
002121219185640012140431
008121219185642012120306
009121219185642013020188
008121219185644012080284
001121219185645013010805
003121219185646012060331
009121219185646013020017
009121219185647013020643
008121219185647012120301
004121219185649013030535
003121219185649012050194
009121219185649012110488
008121219185650012120242
009121219185650012080017
002121219185651016000123
003121219185652012010329
009121219185652012120476
002121219185653014030279
001121219185653012060360
004121219185654012130336
003121219185654012050225
004121219185655013030264
009121219185655013020504
002121219185656012170280
002121219185657015030478
003121219185657012040273
001121219185658012060368
004121219185658013030624
003121219185701013010413
004121219185701013030496
001121219185701012020333
009121219185701012070442
003121219185703013010624
004121219185703014030160
001121219185703013010059
002121219185705016000144
003121219185705012050345
004121219185706013030576
009121219185707012090041
003121219185708013010580
002121219185708012150128
004121219185708013030644
001121219185709013010762
004121219185711013030412
003121219185711013010151
002121219185712012140446
002121219185713012140363
009121219185714013020855
008121219185714013020848
004121219185716013030354
003121219185716012030230
009121219185716013020860
003121219185718012040300
002121219185718012130327
002121219185719012140379
001121219185720012050222
004121219185720013030458
009121219185720013020859
003121219185721013010795
004121219185723012150073
003121219185724013010190
002121219185724014030458
002121219185726012130329
008121219185726013020877
001121219185727013010549
003121219185728013010541
004121219185729012130286
008121219185729012090344
004121219185731012180262
003121219185732012040437
009121219185732012070236
001121219185733012010277
004121219185733012130102
002121219185734019110027
001121219185734015010763
003121219185735013010772
002121219185735012140452
008121219185735013020843
004121219185736013030382
003121219185737012030390
001121219185738013010479
004121219185738013030550
009121219185739012070448
008121219185740012070390
003121219185741012020137
002121219185741012160272
006121219185741013020326
001121219185741019030038
001121219185743013010716
008121219185743012110164
002121219185744012160243
008121219185745012080394
003121219185746012030366
002121219185746014030055
008121219185746012080394
009121219185746013020883
004121219185748013030634
003121219185748012040355
002121219185748013030563
008121219185748012080468
006121219185748011000517
001121219185748013020180
009121219185749012070193
008121219185750012110442
004121219185751012180288
002121219185751012160253
006121219185751011000490
002121219185752014030418
009121219185752012070344
004121219185754013030425
008121219185754013020844
001121219185755012050360
006121219185755011000026
009121219185755012110482
004121219185756013030551
002121219185757012140435
008121219185757013020879
001121219185758012050213
008121219185758013020769
004121219185800012150201
002121219185801014030250
009121219185801013020817
008121219185801013020726
001121219185802013020226
003121219185804012040452
004121219185804013030508
001121219185804012050344
001121219185804012040131
009121219185804013020808
008121219185804012100364
004121219185806012170291
009121219185806013020808
006121219185806011000725
008121219185807012100284
008121219185809012080220
006121219185810012130102
002121219185810019030042
008121219185812013020397
003121219185813012050334
009121219185813013020778
004121219185814012150303
008121219185815013020255
003121219185816012010355
002121219185816012130288
004121219185816012180046
008121219185817012090035
002121219185818019030022
001121219185819012070449
009121219185819015020687
004121219185820013030603
008121219185820012090300
001121219185821012060372
002121219185821014030448
003121219185822012040467
004121219185822015030455
002121219185823014030365
001121219185823012010247
008121219185823013020795
001121219185823018010065
009121219185824015020688
002121219185825012160228
002121219185825019030022
001121219185826013010021
004121219185826012170275
009121219185827015020678
004121219185828012150319
001121219185828013010331
002121219185828012130316
004121219185831012170275
009121219185831013020198
001121219185832012010403
008121219185832013020790
001121219185832018010059
004121219185834012150271
008121219185835012080419
001121219185835018010059
002121219185836014030447
004121219185836012170127
008121219185837013020878
002121219185838014030369
004121219185838012160298
009121219185838012110437
001121219185838018010066
004121219185840012160190
002121219185840012130049
008121219185840012120401
008121219185841013020766
004121219185843012180313
003121219185843012040466
002121219185843012130263
001121219185843018010054
003121219185845013010560
008121219185845013020811
004121219185846012160285
006121219185846011000398
001121219185847018010018
008121219185847012110414
002121219185848012170194
004121219185849012130341
001121219185849012040461
009121219185849012080424
001121219185851018010069
004121219185852012170144
002121219185852012170307
004121219185854012150293
008121219185854012080345
009121219185854012100311
002121219185855012170053
001121219185855018010047
004121219185857012170056
006121219185857011000595
008121219185858012100411
001121219185858018010071
004121219185859012140465
009121219185859012110486
003121219185901012040462
001121219185901018010068
008121219185901012110455
003121219185902012050356
004121219185902012140456
001121219185902012040338
009121219185902012120463
004121219185903012140461
008121219185903013020068
001121219185904012040426
003121219185905012040406
008121219185905012120444
009121219185905012120395
009121219185907012080427
001121219185907018010008
001121219185909015010785
004121219185909012140464
009121219185909012090372
001121219185911018010072
008121219185912012100425
009121219185912012110483
004121219185913013030246
003121219185914015010751
001121219185914018010072
009121219185915012120479
009121219185917012120479
003121219185918012010403
008121219185918012110491
001121219185918018010055
004121219185919012170073
009121219185919013020763
002121219185920012140449
006121219185920011000600
004121219185921013030610
008121219185921012100429
003121219185922012040445
009121219185922013020841
001121219185922015030454
004121219185923012140420
008121219185923012110416
002121219185924012150309
006121219185925011000231
003121219185926013010650
004121219185926013030366
009121219185926012120354
004121219185927012170218
002121219185927012160300
001121219185927015030454
009121219185927012070366
008121219185928012110494
003121219185929012040192
008121219185929012120431
004121219185930012160149
009121219185930012120440
002121219185931012160306
006121219185931013030188
004121219185932012170279
003121219185932012030293
008121219185933012120196
009121219185934013020599
003121219185935012010413
002121219185936012160307
006121219185936011000663
008121219185936012070286
003121219185937013010771
009121219185937015020640
009121219185938013020819
008121219185939012070417
009121219185939012110424
003121219185940012060427
009121219185941013020773
006121219185941012130223
002121219185942012140389
004121219185942013030372
008121219185942013020692
009121219185942013020803
003121219185943012020392
003121219185944013010567
004121219185945012150098
009121219185945012080418
008121219185945012120199
003121219185947012050354
009121219185947012110477
002121219185948012170264
004121219185948012160311
008121219185948012080469
009121219185948012110477
002121219185948019080001
004121219185950012160256
002121219185950012130250
003121219185950012050238
008121219185950013020813
009121219185950013020532
009121219185951013020797
002121219185952014030158
003121219185952012040477
004121219185954012130059
002121219185955014030374
009121219185955012070392
003121219185956013010392
008121219185956012110382
009121219185956012070392
002121219185957012170309
008121219185957012110382
002121219185959012150274
009121219185959013020866
004121219190001012140470
009121219190001013020880
003121219190002013010001
008121219190003012070010
002121219190004013030631
004121219190005012160136
008121219190005012070404
009121219190005013020862
002121219190007012130326
004121219190008012150307
003121219190008013010732
009121219190008012110481
008121219190008013020758
004121219190010013030609
008121219190010012120470
003121219190011012060384
009121219190011012070444
008121219190012012110461
003121219190013012060356
002121219190014012130338
009121219190014012080453
008121219190015013020755
009121219190016012070308
008121219190017013020812
004121219190018013030440
008121219190019012080425
009121219190019012110377
004121219190020012180263
001121219190020015100560
009121219190021012110443
008121219190022013020748
004121219190023012130345
009121219190023012080470
006121219190023011000648
009121219190025013020840
008121219190026012080457
009121219190026012080470
009121219190028012080266
004121219190029012130295
008121219190030012120425
002121219190031012140441
009121219190031012090267
004121219190032012130264
001121219190032013010213
003121219190032012020344
008121219190033013020858
009121219190034012090267
002121219190036012140447
004121219190036015030467
008121219190037012080135
003121219190038012050009
002121219190039019020221
004121219190041013030617
002121219190041012160312
003121219190042015010690
002121219190042012140425
004121219190044012180249
008121219190044012080127
009121219190047012100257
003121219190048015010704
002121219190048012180308
004121219190048012170193
001121219190049012050147
004121219190049012170219
004121219190052012150195
004121219190054013030607
008121219190054013020874
009121219190055012080462
002121219190058012150263
004121219190059012170290
002121219190059012150091
009121219190059012100450
002121219190059019040035
002121219190102019110033
004121219190103012170258
008121219190103012090309
006121219190104013010392
002121219190106012180261
002121219190109012150305
008121219190113012080007
004121219190116012180258
002121219190117012150069
008121219190119013020428
004121219190123012180206
009121219190123012100424
008121219190123015020535
003121219190125012040447
006121219190126011000439
008121219190128012070440
009121219190129013020857
004121219190130012170257
003121219190130013010781
001121219190131012010415
002121219190131019050196
008121219190132013020876
003121219190135012040373
002121219190135019050148
009121219190136012070384
008121219190136013020823
009121219190138012070358
003121219190139012020288
008121219190139013020849
002121219190140012140409
009121219190140012070358
003121219190142013010646
008121219190143013020870
003121219190144012040470
004121219190145015030426
003121219190147013010606
002121219190147013030596
002121219190149012150278
004121219190151012140426
003121219190152012050057
003121219190157012040454
003121219190200012040414
003121219190201012040382
008121219190204012080360
002121219190205012140086
004121219190208012130210
002121219190209012150305
004121219190211012140225
003121219190212013010758
004121219190213012140086
008121219190214013020781
004121219190216012140167
008121219190217013020689
004121219190218012170222
004121219190219012140434
008121219190220013020873
004121219190221013030510
008121219190225015020679
004121219190228012170178
008121219190230015020657
004121219190231012170228
002121219190234012160275
008121219190234012080454
004121219190236012160114
006121219190236011000740
008121219190238012080413
004121219190240012160287
008121219190241012080454
004121219190243012160021
008121219190244012080267
008121219190246013020799
004121219190247012180275
004121219190248013030587
008121219190249013020747
002121219190250012150226
002121219190250019020061
004121219190251012170305
009121219190251015020664
008121219190253013020674
004121219190254012160282
002121219190254015030431
009121219190255013020425
009121219190256012120487
003121219190259013010800
002121219190301012170308
004121219190301012130285
003121219190302012060374
009121219190305013020884
009121219190309012120488
008121219190310012110297
004121219190312012150286
009121219190312015020620
004121219190321012140148
008121219190329012120464
004121219190333013030538
008121219190334012120498
004121219190335012150171
004121219190339012150196
004121219190341012150100
008121219190347012100436
008121219190356015020669
002121219190400019050238
009121219190400013020833
004121219190402012140337
004121219190404012150301
008121219190406012080414
004121219190409012130314
008121219190409015020681
002121219190409019050239
008121219190411012120494
008121219190415012090330
002121219190416012170303
009121219190418012120454
008121219190418012070382
002121219190419012140468
008121219190420012090408
002121219190422019020313
009121219190422012120454
008121219190422012080343
002121219190423015030423
008121219190425012120493
008121219190434012080428
008121219190439012120448
001121219190444015100556
008121219190454012080163
001121219190456015100551
001121219190458015100546
004121219190500012180292
003121219190501012010405
001121219190501015100546
001121219190502012050234
003121219190503012060379
001121219190503015100557
004121219190504012180282
001121219190507015100559
008121219190508015020580
004121219190511012170304
001121219190512015100543
002121219190518019020124
002121219190537012180305
008121219190542012120256
001121219190546015010731
009121219190549015020022
008121219190604012100134
003121219190607012050028
002121219190620019050225
004121219190635012160233
003121219190644012030317
004121219190656012150270
009121219190722019020387
002121219190724019050171
006121219190725012010405
002121219190726019050171
004121219190733015030445
008121219190737012100323
004121219190814012150249
001121219190909015030106
002121219190911019010087
001121219190925013010006
002121219190934019010119
002121219190938019010124
003121219190943013010505
001121219190949016000163
001121219190952016000163
001121219190955016000163
003121219190956013010763
001121219190957016000163
002121219190957019010119
002121219191006019010119
001121219191006016000163
001121219191010016000164
001121219191012016000164
004121219191024012130276
001121219191026016000058
002121219191028019020083
001121219191033016000168
001121219191035016000168
001121219191036016000168
001121219191040016000126
001121219191042016000126
001121219191046016000101
002121219191103019020007
006121219191105012020340
002121219191114019060084
002121219191127019010134
008121219191144012120402
002121219191225019020275
003121219191229013010520
002121219191311019020103
002121219191524012130337
008121219191638012080366
009121219191641012080366
001121219191703019030050
002121219191805019020323
002121219191926019030025
002121219192024019020180
002121219192032019060001
002121219192038019060001
002121219192044019110013
001121219192048016000058
008121219192116012070360
002121219192126019020393
001121219192141016000003
001121219192142016000003
008121219192155012100400
008121219192159012100419
008121219192204012100169
002121219192255019050209
002121219192336019020286
002121219192504019060107
001121219192657012060415
008121219192749012110464
008121219192750012110464
001121219192816016000161
008121219193047016010129
002121219193052019020394
001121219193110019050188
001121219193117016010131
001121219193121016010122
001121219193127016010119
001121219193139016010045
001121219193144016010073
001121219193148016010095
001121219193227016010080
002121219193231019050091
001121219193232016010050
001121219193237016010056
001121219193241016010130
001121219193244016010106
001121219193247016010032
001121219193252016010121
001121219193257016010084
001121219193302016010084
001121219193323016000073
001121219193326016010079
001121219193331016010125
001121219193334016010105
001121219193341016010124
001121219193349016010110
001121219193402012050358
008121219193730019050244
002121219193808019110046
002121219193905019050234
002121219193910019050246
008121219193922019050094
002121219194234019050170
001121219194315016010082
001121219194321016010098
002121219194323019030049
001121219194325016010090
001121219194329016010081
002121219194402019100052
006121219194509019100066
002121219194626019050217
002121219194628019050224
006121219194659019100063
009121219194743014020571
006121219194752019100067
006121219194755019100067
006121219194840019100008
006121219194843019100008
002121219194945019050128
002121219194959019050237
002121219195002019050126
009121219195006014020424
001121219195008014010200
009121219195010014020231
009121219195025014020631
008121219195030014020616
009121219195031014020578
009121219195034014020416
008121219195040014020565
001121219195041012020021
004121219195044019030043
009121219195049016000149
009121219195053014020619
009121219195055014020570
001121219195102014010570
001121219195111014010569
009121219195120015010696
001121219195122014010250
009121219195145014020554
009121219195151014020620
001121219195152014010432
006121219195154019100068
002121219195155019060120
009121219195157014020603
009121219195202016000124
003121219195213012020228
009121219195217014020489
009121219195220014020532
003121219195221015010737
009121219195223014020088
008121219195224014020540
009121219195225014020586
001121219195226015010796
008121219195226014020625
009121219195227014020588
008121219195228014020630
009121219195229014020633
001121219195231015010795
008121219195231014020501
009121219195232014020617
009121219195233016000147
008121219195233014020622
009121219195234014020351
008121219195235013020783
009121219195235014020351
001121219195236014010609
009121219195236015020604
009121219195238015020674
001121219195239014010587
008121219195239014020055
009121219195241015020647
001121219195242014010592
009121219195242015020643
008121219195242014020550
009121219195244015020652
008121219195245014020511
002121219195247019100070
009121219195247015020667
009121219195249015020663
008121219195250014020606
001121219195251015020500
001121219195252015010800
009121219195252015020675
008121219195252014020331
003121219195253012020358
002121219195253019100013
008121219195255014020634
009121219195255014020524
009121219195258015020641
008121219195258013020761
009121219195301014020608
008121219195301015020057
009121219195303014020574
008121219195304014020502
009121219195305014020562
008121219195306015020655
008121219195307014020553
009121219195308014020530
001121219195310012020311
008121219195310014020536
001121219195311014010571
009121219195311014020546
003121219195312012020390
008121219195313014020611
009121219195313014020404
009121219195316014020504
006121219195318019100071
003121219195319012050320
009121219195319014020523
008121219195321014020443
001121219195322014010580
009121219195322014020092
001121219195324012030368
003121219195324012020389
008121219195324012100445
009121219195325014020435
003121219195327013010321
001121219195328014010502
009121219195328014020542
008121219195329014020120
008121219195331014020288
003121219195332013010727
001121219195334012010338
003121219195335013010662
008121219195335014020417
003121219195336012020325
001121219195336014010524
003121219195337012020383
001121219195338014010525
009121219195338014020567
003121219195339012030276
001121219195340014010536
001121219195341014010460
002121219195342019100072
001121219195343014010555
003121219195343013010780
001121219195345012030376
003121219195345012060312
003121219195347012030396
009121219195347015020199
001121219195348012050309
001121219195349012010338
009121219195350015020591
008121219195351012080350
001121219195352013010446
009121219195352015020531
001121219195353014010424
003121219195353012030403
008121219195353014020486
001121219195355014010208
008121219195355013020515
009121219195355015020685
003121219195356012060353
008121219195356013020515
001121219195357012020322
003121219195358013010575
009121219195359013020282
001121219195400014010613
008121219195400015020658
009121219195402012090351
003121219195403012010400
001121219195404014010103
009121219195405014020413
003121219195406014010537
001121219195406014010539
001121219195408014010492
003121219195409012030405
001121219195409014010604
009121219195409015020540
009121219195411015020461
003121219195412012010387
001121219195412012020111
009121219195413015020598
001121219195414014010003
003121219195414012060005
001121219195416013010347
008121219195416012100405
003121219195417015010786
002121219195418019050026
003121219195419012010393
001121219195419013010358
008121219195419014020525
001121219195420014010526
003121219195421012030266
001121219195422014010053
003121219195424014010436
001121219195424014010563
003121219195426013010768
001121219195426014010157
001121219195428014010603
003121219195429014010241
001121219195430014010267
003121219195431014010295
001121219195432012010385
003121219195433013010454
001121219195434013020881
003121219195435013010740
002121219195435013030618
001121219195437015010790
001121219195438015010682
003121219195438012010372
002121219195438014030416
001121219195440013020881
003121219195440013010787
002121219195440014030453
001121219195441015010802
003121219195441013010730
001121219195443015010807
002121219195444014030336
003121219195445015010721
001121219195445014010578
002121219195446014030452
001121219195447014010614
003121219195448015010550
004121219195448014030267
002121219195449012130317
001121219195449012030300
003121219195451012020279
002121219195451014030471
001121219195451012010375
006121219195451012020274
002121219195452014030423
003121219195453012030401
001121219195453015010692
004121219195454014030398
002121219195455014030096
001121219195456015010678
003121219195456012100442
004121219195456013030616
009121219195456012090410
001121219195457012010162
002121219195458014030387
003121219195458013010666
001121219195500014010581
003121219195501012030344
002121219195501014030096
001121219195502015010793
003121219195502012020403
001121219195503015010017
001121219195504012040433
002121219195504014030289
003121219195504012040293
001121219195506014010357
002121219195506014030475
002121219195507014030456
001121219195507012010011
003121219195507012030328
001121219195508014010493
009121219195508015020013
001121219195509014010411
003121219195509012030095
004121219195510015030337
002121219195510014030484
008121219195510013020626
001121219195511013010199
004121219195512014030438
002121219195513014030072
001121219195513014010068
001121219195514014010011
003121219195514013010776
004121219195515014030475
001121219195516014010440
003121219195516013010653
004121219195518014030305
003121219195518013010765
001121219195519015010788
002121219195520014030424
001121219195520012030196
002121219195520019110049
004121219195521014030393
009121219195523014020470
001121219195524012010019
003121219195526013010806
008121219195526012090302
002121219195527014030087
001121219195528012060383
003121219195528013010739
009121219195528014020627
002121219195530014030454
001121219195530015010683
003121219195530013010803
008121219195530013020562
002121219195530019050241
001121219195532015020563
002121219195533014030390
004121219195533014030425
001121219195534012020385
002121219195534015030343
003121219195536013010473
001121219195536015020469
001121219195537012010173
002121219195537014030325
003121219195539012040209
001121219195540012040465
002121219195540013030584
003121219195541012030300
001121219195541014010615
004121219195541012150190
009121219195541015020623
002121219195542014030381
008121219195542015020686
001121219195543014010617
004121219195543012130319
009121219195543015020623
002121219195544014030299
001121219195544012010014
008121219195544012090396
009121219195544014020632
004121219195546014030334
002121219195546014030174
001121219195546012060095
008121219195546012120482
009121219195547015020639
004121219195548012130091
002121219195548015030438
001121219195549012020348
003121219195549012050224
009121219195549012090406
004121219195550014030077
001121219195550014010535
008121219195550012120483
002121219195551014030459
004121219195552015030246
001121219195552012010361
002121219195553015030389
004121219195553015030371
009121219195553015020630
001121219195554012020121
002121219195554012130014
008121219195554012090391
004121219195556015030451
002121219195557015030458
001121219195557012060416
009121219195557012090350
008121219195557012090393
002121219195558015030244
001121219195558012060007
001121219195559012020285
001121219195601015010787
002121219195601015030410
004121219195601015030101
006121219195601011000727
008121219195602014020589
009121219195602012090256
002121219195603015030402
001121219195604012010419
004121219195604013030485
009121219195604012090256
006121219195604011000683
002121219195605015030442
003121219195606012060410
002121219195606015030247
001121219195606012020382
006121219195606011000729
004121219195607015030410
008121219195607012120419
009121219195607012090272
002121219195608015030458
003121219195608013010007
001121219195609015010596
002121219195609012170299
006121219195609011000359
002121219195610015030461
004121219195610015030459
008121219195610014020618
009121219195611012070450
003121219195612012010398
006121219195612011000723
002121219195613015030187
003121219195613013010426
009121219195614012070264
008121219195614012090404
001121219195615015010001
003121219195615013010284
004121219195617012150310
006121219195617011000677
003121219195618012050266
009121219195618015020478
002121219195619014030356
006121219195619011000408
004121219195620012140462
002121219195620012130116
009121219195620015020568
003121219195621012030194
002121219195621019110037
002121219195622015030279
002121219195622019110037
006121219195622011000525
003121219195623013010004
004121219195623015030395
009121219195623015020410
006121219195623011000388
008121219195624012090400
002121219195625012160230
006121219195625011000723
004121219195626015030439
002121219195626012140405
006121219195626011000388
003121219195627012030377
009121219195627014020582
001121219195628012040403
002121219195628019110048
002121219195629014030368
003121219195629012030303
006121219195629011000408
004121219195630012130165
001121219195630012060403
001121219195631012060407
009121219195631014020628
006121219195632011000388
002121219195633015030475
006121219195633012020010
009121219195634012100443
006121219195634011000732
003121219195635012030355
002121219195636012180106
006121219195636011000555
003121219195637012050123
009121219195638014020563
006121219195638011000165
002121219195639014030031
003121219195640012030404
006121219195640011000639
001121219195641015010407
008121219195641012100446
006121219195641011000732
009121219195641014020626
001121219195642012040471
009121219195642012110178
003121219195643012020013
006121219195643015090568
001121219195644012040405
008121219195645012090394
009121219195645015020386
006121219195645011000724
006121219195646015090618
003121219195647012050350
009121219195648012090291
008121219195648012090279
006121219195648011000715
006121219195649011000408
001121219195650016000169
002121219195650012130290
006121219195650011000715
009121219195651012110485
009121219195652012110489
003121219195653012030387
006121219195653011000675
006121219195654011000715
004121219195655012180299
002121219195655012140458
006121219195655011000682
006121219195656011000715
001121219195657015010615
003121219195658013010799
001121219195659012020269
002121219195659012130312
006121219195659011000715
006121219195700011000408
003121219195701012050085
002121219195701019050240
009121219195701015020638
008121219195701012070445
002121219195703014030489
001121219195703012020086
006121219195703011000682
002121219195705015030468
001121219195705015010669
006121219195706011000715
009121219195706013020882
001121219195707012020396
002121219195708014030366
003121219195708012030010
008121219195708015020660
001121219195709015010129
009121219195709013020882
006121219195709011000700
001121219195710012050129
003121219195710013010702
002121219195711012130302
006121219195711011000668
001121219195712012030352
003121219195712012020002
009121219195712013020832
008121219195713012110223
006121219195714011000713
003121219195715012050366
004121219195715012180259
001121219195715015010784
009121219195715015020624
002121219195716012150273
008121219195716012110351
006121219195717011000681
003121219195718013010759
001121219195719015010781
002121219195719012150273
001121219195720015010753
006121219195720011000713
003121219195721012020300
003121219195722012020286
008121219195722012090335
002121219195723012170277
002121219195723019050213
004121219195724012160310
003121219195724012060420
006121219195724011000738
008121219195724012110484
003121219195726012050254
002121219195727015030477
006121219195727011000120
003121219195728012060389
008121219195728012080459
009121219195728012110354
003121219195729012020381
006121219195729011000670
008121219195729012120368
002121219195730012130075
004121219195730012150250
003121219195731012050353
009121219195731012080383
006121219195732011000277
008121219195732012100431
001121219195733015010758
002121219195733012130278
004121219195734012180271
009121219195734012090220
003121219195735012020162
009121219195735012090220
001121219195736012010010
008121219195736012100312
003121219195737012030353
009121219195737012090150
003121219195739012050315
009121219195739012070331
008121219195739013020702
001121219195740012010424
008121219195742012120412
001121219195743012010364
009121219195743012070357
003121219195744012050204
003121219195745012060259
001121219195745014010607
006121219195745011000654
008121219195745012110427
009121219195746015020671
001121219195747012030402
008121219195747012110400
006121219195748011000564
003121219195749013010788
008121219195749012100218
009121219195749012070443
001121219195750015010766
001121219195751015010752
008121219195751012100367
009121219195751015020029
001121219195752012010410
006121219195752011000654
009121219195753015020668
008121219195753012070422
004121219195754015030443
001121219195755012060349
009121219195755012090343
006121219195755011000728
008121219195756012120461
008121219195757015020635
009121219195757012090368
006121219195757011000445
006121219195759011000722
009121219195800012070187
001121219195801015010693
002121219195802019050112
008121219195802012090411
001121219195803015010632
006121219195803011000717
009121219195803015020646
006121219195804011000699
008121219195804013020852
003121219195806012050311
001121219195807012050285
006121219195807011000203
004121219195808012150297
003121219195809012040222
001121219195809012040458
009121219195809013020822
001121219195811012010423
006121219195811015090616
008121219195811012100201
009121219195812012090399
001121219195813015010717
008121219195814013020738
003121219195815012050351
002121219195815012180257
001121219195815012010292
009121219195815012070421
008121219195816012120475
002121219195818015030388
001121219195818012040444
003121219195818012050365
009121219195818012100347
008121219195819012100280
002121219195820015030383
009121219195820015020451
006121219195820011000737
006121219195822011000564
008121219195822012100358
001121219195823014010575
004121219195823012140408
002121219195823012180257
009121219195823015020676
009121219195824012110406
002121219195825012150135
003121219195825013010117
008121219195825012100334
004121219195826012140444
009121219195826012100252
006121219195826011000594
006121219195827015090633
004121219195828012130284
008121219195828014020598
009121219195828012080467
003121219195830012010422
009121219195830015020677
008121219195830012100380
004121219195832012170209
006121219195832015090629
009121219195833012100006
008121219195833012080373
008121219195834013020835
009121219195834015020502
003121219195835012050183
006121219195835011000169
002121219195836012130334
004121219195836012130280
009121219195836019050183
008121219195837012090417
004121219195838012180276
003121219195838013010601
008121219195838012100322
006121219195838011000041
004121219195839012180272
009121219195839012120393
003121219195840012040376
008121219195840012100418
004121219195841012140154
003121219195842012060309
006121219195842011000632
009121219195842012100441
002121219195843012130270
004121219195843012130267
006121219195844011000001
001121219195845012030329
003121219195845012040353
004121219195845012140429
002121219195845015030262
008121219195845012100047
006121219195846011000440
002121219195848012140457
003121219195848012040337
004121219195848012160315
008121219195848012110421
006121219195849011000726
002121219195850012180297
009121219195850015020545
003121219195851012050347
004121219195851012140473
002121219195851012170293
008121219195851012120434
006121219195852011000678
003121219195853015010805
002121219195853012150304
004121219195854012180171
001121219195854015010761
006121219195854011000710
003121219195855013010542
002121219195855012140445
009121219195855012090388
004121219195857013030562
002121219195857012180310
006121219195858011000662
004121219195859012140463
009121219195859012070414
006121219195901011000566
002121219195902012180157
001121219195903012050348
004121219195903012130335
006121219195903011000598
002121219195904012170295
004121219195905012130334
002121219195906012180287
006121219195906011000534
008121219195906012080225
001121219195907014010444
009121219195907014020592
001121219195908014010452
004121219195908012130205
006121219195908011000343
009121219195908012070321
004121219195909012150294
003121219195910012060166
004121219195910012180144
008121219195910012100350
001121219195911015010716
009121219195911012120143
006121219195911011000690
004121219195912013030071
003121219195913013010550
008121219195913012110446
001121219195914014010573
009121219195914012070447
006121219195914011000687
001121219195915014010605
004121219195915012160163
008121219195915012100403
003121219195916015010687
001121219195917014010338
006121219195917011000691
003121219195918013010651
004121219195919013030614
009121219195919012070427
008121219195919012100398
006121219195919011000283
001121219195920014010608
003121219195921013010733
008121219195921012100329
006121219195922011000741
004121219195923014030437
003121219195923013010522
008121219195924012100327
004121219195925012140471
006121219195925011000601
008121219195925012070090
006121219195926011000694
004121219195927012180185
004121219195928012180312
003121219195928012060398
002121219195929012170195
006121219195929011000733
008121219195929012110367
004121219195930015030457
003121219195930013010294
009121219195931012100451
006121219195931011000674
003121219195933013010654
001121219195933012050217
002121219195933015030436
006121219195933011000586
004121219195934014030056
009121219195934015020577
006121219195935015090632
003121219195936013010777
002121219195937015030434
003121219195937012040459
004121219195937015030465
006121219195937011000651
006121219195939011000706
001121219195940012060422
004121219195940012140422
003121219195940012040469
003121219195941012030351
006121219195941011000731
004121219195943012130242
001121219195943013010677
003121219195943012060434
006121219195943011000719
006121219195945011000262
008121219195945012070438
003121219195946012060432
002121219195946012170235
001121219195946012020368
004121219195947012150311
006121219195947011000720
003121219195949013010365
001121219195949012020008
002121219195949015030368
008121219195949012080375
006121219195949011000739
004121219195950012180307
003121219195951013010009
002121219195952015030112
004121219195952012180296
009121219195952012090407
006121219195952011000735
008121219195954012100394
003121219195955013010794
004121219195955012180159
006121219195955011000643
002121219195956015030444
008121219195957012070441
004121219195958012160236
006121219195958011000086
002121219195959015030476
002121219200001015030351
006121219200001011000262
008121219200002015020680
006121219200003011000635
002121219200004015030444
004121219200004012160301
004121219200004013030641
002121219200004019100028
008121219200004013020753
006121219200005011000491
004121219200006013030641
002121219200006015030459
009121219200006012120497
008121219200006012090345
004121219200008012160301
002121219200008019050152
006121219200008015090627
009121219200008012100434
002121219200009012160280
008121219200009013020706
003121219200010013010270
002121219200011012140442
001121219200011015010804
004121219200011012160271
009121219200011012090423
006121219200011015090631
003121219200012013010714
002121219200012019020307
008121219200012013020574
001121219200013012030372
006121219200014011000718
002121219200014019110005
003121219200015012050368
002121219200015012180252
008121219200015012100307
009121219200015012070407
004121219200016012170284
006121219200016015090621
001121219200017012020398
008121219200017013020780
009121219200017015020541
001121219200018015010808
003121219200018015010794
002121219200018019110006
004121219200019012170292
002121219200019012170266
006121219200019015090620
008121219200019012080364
001121219200020012060378
009121219200021012090414
002121219200022014030470
006121219200022015090580
001121219200023012010327
009121219200023012090414
008121219200023013020721
006121219200024015090617
001121219200025012010340
009121219200025012100434
006121219200027011000692
008121219200027012100430
004121219200028012170207
001121219200028012010190
009121219200028012090339
002121219200029012150315
008121219200029012070410
006121219200029015090611
001121219200030012040367
009121219200030012070244
006121219200031011000263
008121219200031012080346
002121219200033013030642
006121219200033011000276
008121219200033012080466
009121219200033012090416
006121219200035011000263
004121219200036012150299
009121219200036013020438
008121219200036012110151
001121219200037012030242
006121219200037011000666
004121219200038012150304
008121219200038012110367
001121219200039012030304
006121219200040011000573
009121219200040012090379
002121219200041012150299
008121219200041012070411
006121219200042015090628
004121219200043015030306
001121219200043012030356
002121219200043012140469
009121219200044012080447
008121219200044012080429
006121219200045011000574
004121219200046013030636
008121219200046012080361
004121219200048015030437
006121219200048011000422
008121219200048012080456
004121219200049015030306
002121219200050012130343
001121219200051014010584
006121219200051011000498
004121219200053012140460
002121219200053012160224
009121219200053012080297
001121219200054014010510
008121219200054012090402
006121219200055011000422
009121219200055012080447
001121219200056014010457
008121219200056012080114
004121219200057012130214
006121219200057011000627
004121219200058012170054
001121219200058012030333
009121219200059012100432
006121219200100011000627
004121219200101012150198
009121219200101012100432
006121219200102011000498
004121219200104012160224
009121219200104012080438
006121219200105011000730
008121219200105012080452
002121219200106012160012
009121219200106012120350
008121219200106012120421
004121219200107012150241
004121219200108012170020
001121219200108015010473
008121219200108012120421
009121219200109015020618
002121219200110012160296
006121219200110012160104
008121219200110015020654
004121219200111012170286
009121219200111012070428
002121219200112012180266
004121219200112013030498
003121219200112012060431
006121219200112011000581
009121219200112012070432
008121219200113012100223
002121219200113019040015
002121219200114015030362
002121219200115015030470
009121219200115012110479
006121219200115011000704
003121219200116015010791
008121219200116012070006
009121219200116012120421
004121219200117012170217
008121219200117012080380
002121219200118014030399
001121219200118015010774
004121219200119012170297
006121219200119011000065
004121219200120012180266
009121219200120012120486
001121219200121012030361
002121219200121012170077
006121219200121011000568
008121219200121012090333
002121219200123015030362
004121219200123012180212
004121219200125012150320
006121219200125011000640
002121219200125019050228
008121219200125012110474
004121219200127012180158
006121219200128011000640
002121219200128019020379
002121219200129012150102
004121219200129012180278
009121219200130012120477
006121219200131011000258
006121219200134015090608
002121219200135019100065
004121219200137012170267
006121219200137015090608
002121219200139012170298
006121219200140011000051
002121219200141012160222
006121219200143011000656
004121219200144012140043
009121219200144012120414
002121219200145012150290
006121219200147011000656
002121219200148012170287
002121219200149019100018
006121219200150011000410
004121219200152012160088
002121219200153012150203
006121219200154011000078
004121219200157012150203
002121219200200019020363
009121219200202012120490
004121219200206012150295
009121219200208012080123
004121219200209012150287
002121219200209019060113
003121219200211019110043
002121219200211019060103
004121219200212012180284
002121219200214012150283
003121219200214012040420
004121219200215012130322
003121219200216012040423
008121219200217012080189
004121219200219012180251
006121219200219012080131
002121219200220015030386
002121219200225015030441
003121219200225013010695
003121219200226013010726
004121219200227012160075
002121219200231015030441
004121219200235012140443
003121219200235015010610
004121219200238012140421
004121219200241012180301
006121219200242011000473
002121219200243012170271
004121219200243015030168
004121219200245015030356
002121219200245019050235
003121219200246012050363
001121219200246012050357
006121219200248011000736
002121219200251019050242
002121219200254012130254
002121219200255019020301
009121219200255012080078
004121219200257012160085
006121219200259015090579
002121219200305019020212
009121219200307012070387
004121219200310013030590
008121219200311012110004
004121219200313012140088
002121219200317015030469
004121219200317012140466
004121219200320012180277
004121219200321012160087
004121219200324012160293
008121219200328012110480
003121219200334012050364
002121219200335019020333
002121219200338019020397
002121219200340013030518
004121219200351012170146
004121219200353012170265
004121219200356012160143
002121219200414019050084
008121219200417012110353
008121219200420012110087
002121219200420019020346
002121219200423019020393
001121219200428019020340
004121219200429012180260
002121219200429019010135
002121219200431019010135
002121219200435019050214
001121219200442019020402
002121219200442019020231
002121219200445019020382
002121219200447019060097
002121219200450019060123
002121219200457019020335
002121219200501019020392
002121219200507019060124
002121219200513019060095
002121219200536019060119
002121219200642019020368
002121219200645019020186
002121219200726019020353
002121219200732019020326
006121219200751019100046
006121219200754019100002
006121219200758019100044
006121219200802019100032
002121219200825019010108
002121219200849019020349
002121219200930019100039
002121219200943019020401
002121219200944019020401
002121219200954019040001
002121219201207019050245
002121219201410019020389
002121219201429019020372
002121219201451019020378
001121219201454019020282
001121219201506019020373
002121219201624019020374
002121219201643019020079
002121219201818019040024
002121219201822019070038
002121219201825019060114
002121219201847019070031
002121219201853019060086
002121219201859019070014
002121219201904019060122
002121219201926019020399
002121219202047016000090
001121219203045016010024
001121219203049016010120
002121219204049019040021
002121219205256019040020
002121219205442019040006
002121219205444019040033
002121219205453019040012
002121219205459019040023
002121219205502019040034
002121219205512019040030
002121219205514019040030
002121219205518019040036
002121219205530019040028
002121219211525019060102
002121219211531019060003
006131219072430016010082
006131219072438016010090
006131219072445016010098
006131219074437011000051
002141219071441019060101
002141219071446019010124
002141219071506016000090
002141219071511019030045
002141219071716019010087
001141219071829016010098
001141219071833016010119
001141219072048016010045
001141219072057016010130
001141219072106016010056
001141219072111016010095
001141219072116016010105
001141219072224016010080
002141219072309019030022
001141219072422016010106
008141219072439016010129
001141219072508016010050
001141219072511016010125
001141219072544019010125
001141219072612016010090
002141219072633019060003
001141219072708016010071
001141219072721016010073
002141219072743019030048
001141219072808016010100
001141219072810016010100
001141219072853016010081
001141219072901016010082
001141219072904016010048
001141219072907016010110
001141219072910016010079
001141219072913016010032
001141219072918016010084
002141219072935019110027
001141219073003016010131
002141219073008019020402
002141219073011015030444
001141219073025016010122
002141219073035019060103
002141219073036014030055
001141219073044016010077
002141219073045019060123
002141219073106019030001
002141219073113012160275
009141219073116012070187
001141219073152016010124
008141219073206013020255
003141219073207012030402
003141219073211013010768
003141219073214014010606
008141219073222015020671
001141219073227016010121
002141219073243019030049
002141219073250014030374
002141219073303019020083
003141219073402012030335
002141219073404019050094
003141219073407012030349
001141219073417016000152
002141219073430019020401
001141219073512016010120
003141219073520013010771
006141219073525011000675
004141219073528013030625
002141219073539019100046
008141219073547014020451
003141219073548012040466
006141219073600013020543
004141219073605013030624
004141219073609012160136
009141219073614015020687
001141219073627016010024
002141219073628014030400
008141219073639013020849
002141219073654015030476
002141219073656019060001
001141219073733014010584
009141219073746013020532
006141219073804012010019
001141219073805016010127
006141219073809013010001
006141219073814011000359
003141219073827012040293
002141219073827019020230
003141219073831012060396
002141219073850019060119
009141219073918015020620
004141219073942012170279
001141219073942016000073
002141219073942019020399
008141219073946012070344
009141219073950014020588
004141219073956013030546
002141219074007013030592
004141219074030014030334
001141219074036012010410
002141219074042019020231
006141219074042012160021
002141219074045019050188
002141219074046012180305
003141219074056012060007
006141219074056011000078
008141219074104012100429
002141219074105014030239
003141219074123013010672
002141219074133019020180
002141219074142019040001
008141219074145012070429
004141219074147013030443
006141219074149011000692
002141219074151019040001
006141219074157013020067
006141219074204011000573
002141219074209012130165
003141219074212013010365
006141219074212011000491
008141219074214014020525
001141219074215014010565
002141219074218019100039
004141219074225012180046
008141219074227012070010
004141219074231012140458
002141219074244019060113
002141219074247019020313
002141219074250019060114
002141219074254012180252
004141219074254012130312
006141219074259011000683
002141219074304019060107
001141219074312015010758
001141219074314015010797
002141219074315012150135
002141219074346013030466
004141219074346014030342
001141219074346012050224
009141219074346015020640
002141219074347019020374
001141219074350013010479
004141219074350012150310
002141219074353019020186
008141219074354014020501
002141219074355019020103
009141219074357012120489
004141219074402012170218
002141219074404013030509
004141219074408013030509
001141219074411012030333
008141219074411012070006
008141219074421013020387
002141219074423019030047
003141219074430013010677
002141219074432013030518
002141219074432019110033
003141219074433012030276
004141219074435012160282
002141219074437019020061
004141219074439012150190
004141219074441012140457
004141219074445013030565
002141219074449019050216
006141219074458013010009
001141219074459012020333
009141219074501012110482
006141219074503011000445
002141219074507019050239
006141219074509011000165
002141219074511012130343
002141219074512012140474
004141219074516013030646
009141219074520012080467
006141219074522011000086
004141219074525012160085
008141219074528012100411
002141219074534014030489
002141219074540012130250
002141219074540019050235
002141219074545019050230
008141219074546012110437
009141219074550015010696
001141219074553012040461
001141219074554012040462
004141219074557012160280
003141219074558012060384
008141219074559012080189
004141219074601012140466
002141219074601019020383
009141219074602013020855
008141219074602012070414
001141219074603012060372
003141219074603013010800
004141219074604013030629
003141219074605012040429
008141219074605013020873
008141219074607015020668
008141219074613013020851
002141219074617019050183
008141219074617013020723
004141219074619012180251
008141219074625013020824
003141219074628012050363
008141219074629013020409
002141219074630019100032
008141219074640012070387
004141219074641015030368
003141219074645012030387
009141219074646013020703
003141219074647012050307
004141219074648012180299
009141219074648013020864
002141219074649013030627
001141219074651012060397
009141219074655012100450
003141219074656012040192
002141219074657014030421
001141219074659012010419
004141219074703012150196
004141219074706012150312
002141219074707012140445
001141219074707013010700
004141219074709012140167
001141219074710012010011
008141219074710012100006
001141219074711012010361
008141219074712012090302
002141219074715019020286
008141219074715015020029
004141219074716015030443
008141219074717015020635
002141219074718019020368
004141219074719019050128
002141219074722012150283
003141219074723015010687
008141219074724012110400
002141219074725015030343
008141219074727013020844
004141219074729012160075
009141219074737012070407
006141219074737014030174
002141219074737019050220
001141219074738012050331
008141219074739012080375
009141219074740013020818
004141219074741012170178
006141219074741011000699
006141219074743015090608
008141219074744013020606
004141219074746012170257
003141219074746013010651
006141219074746015090608
009141219074746012120484
008141219074747013020821
004141219074750014030478
006141219074752011000564
004141219074754013030386
002141219074755019010116
004141219074756013030550
008141219074758012110427
009141219074758014020635
002141219074759014030478
002141219074801019070014
003141219074803012040469
008141219074803012110353
004141219074804012180284
003141219074807012010329
004141219074810012180171
002141219074811019100018
006141219074814011000717
003141219074816012050315
004141219074816015030465
001141219074817012040444
004141219074820012170292
006141219074822011000737
008141219074823013020755
002141219074825019060086
008141219074826014020632
003141219074827012030036
002141219074828014030159
008141219074829015020679
006141219074829019100066
002141219074830012130297
009141219074831013020831
002141219074832015030434
003141219074833012050368
008141219074833012070435
009141219074833013020599
006141219074835013030003
009141219074836012110424
009141219074839014020092
008141219074840012070244
009141219074842019050244
002141219074844019020095
004141219074848013030622
009141219074849015020676
006141219074849011000686
003141219074851012030403
001141219074855012040438
001141219074858015010788
002141219074859012160291
009141219074859015020667
001141219074902012040433
006141219074902013030188
009141219074903013020188
002141219074904014030424
003141219074906013010695
006141219074906012110223
002141219074907019050164
003141219074908012050254
008141219074908013020683
002141219074910012140379
002141219074912019050026
001141219074913014010526
002141219074915019050026
008141219074915013020858
004141219074916013030545
003141219074916013010794
002141219074916019050245
006141219074916011000713
003141219074918013010776
009141219074919012080343
002141219074919019020318
006141219074920011000713
008141219074921013020438
002141219074922019020394
003141219074923012060426
009141219074923012120487
001141219074924015010001
008141219074925013020745
001141219074926015010669
009141219074926012120494
009141219074927012120494
008141219074928014020404
003141219074929013010601
008141219074929014020404
002141219074930019010136
003141219074931012060374
008141219074931012100322
006141219074934012020340
002141219074935019020326
008141219074935013020644
001141219074936019020282
001141219074937012050217
003141219074938012060427
002141219074939015030436
006141219074939011000120
003141219074940013010577
004141219074940012150318
008141219074940012100134
009141219074942015020535
008141219074943015020646
006141219074944011000498
009141219074945012090375
004141219074946013030571
008141219074946013020411
001141219074947014010573
002141219074948012160259
009141219074948014020554
002141219074948019050225
003141219074949012020300
008141219074950013020651
001141219074951015010737
009141219074952012070437
002141219074953015030466
008141219074953013020793
004141219074954012160271
001141219074954012030350
002141219074954019020127
006141219074955013020428
009141219074955013020884
003141219074957013010785
004141219074957013030339
003141219075000013010541
008141219075001012100284
006141219075002011000258
009141219075002012100434
004141219075003012150274
003141219075003012010309
009141219075004012100432
008141219075004012110297
004141219075006012180158
003141219075006013010772
009141219075006012090379
001141219075007015020500
008141219075007013020850
003141219075008012050364
001141219075008012020324
006141219075008011000730
004141219075009012140434
009141219075009013020692
008141219075010014020589
009141219075011012120479
008141219075012012110151
001141219075014012060005
006141219075014015090620
004141219075015012150320
008141219075015015020658
001141219075016012020383
002141219075016019050217
004141219075017012140470
002141219075018015030469
006141219075018011000729
008141219075019012100312
004141219075020012160224
006141219075020012020037
003141219075022013010199
002141219075022019100070
001141219075023013010712
008141219075023012080457
004141219075025012150091
003141219075025013010662
008141219075025013020780
008141219075027012100423
009141219075027013020832
004141219075028012170193
001141219075028013010549
003141219075028012010364
006141219075028011000408
009141219075029012110373
001141219075029013030157
008141219075029012110466
001141219075030013010755
002141219075030012160300
002141219075030019060095
001141219075031013010688
004141219075031012130319
003141219075032012010387
002141219075033012170309
001141219075033014010614
006141219075033011000408
008141219075033012080466
009141219075034012110412
002141219075035012160302
009141219075035012110412
009141219075038012110377
001141219075039015010632
006141219075040015090621
001141219075041015010781
008141219075042012090404
004141219075043013030246
006141219075043015090580
008141219075044013020878
004141219075046012150203
008141219075047015020677
009141219075047015020639
003141219075050013010426
004141219075050012160088
008141219075050012080459
001141219075051012040403
001141219075051013020180
006141219075052011000710
003141219075053013010624
008141219075053012070384
009141219075054012070448
001141219075055016000154
008141219075055012110446
002141219075056015030459
006141219075056015090579
008141219075057013020766
001141219075057016000154
003141219075059012030399
008141219075100014020486
001141219075101014010569
006141219075101011000670
009141219075101012100441
004141219075102013030398
002141219075102012140475
001141219075102015030112
008141219075102013020748
001141219075103012020352
008141219075103015020545
006141219075104015090618
009141219075104012070441
004141219075105014030325
003141219075105013010505
008141219075105012080220
001141219075106014010316
004141219075108012140435
001141219075108012060405
003141219075108013010693
006141219075108011000651
008141219075108013020823
009141219075109015020681
003141219075110015010751
008141219075110012070440
001141219075111012020285
001141219075112018010054
008141219075112012100218
001141219075113012020385
003141219075113012040414
008141219075114012110484
006141219075115011000694
003141219075116013010007
008141219075116012110404
006141219075117011000473
001141219075118014010460
004141219075119013030590
008141219075119012090383
002141219075119019050242
009141219075119015020604
001141219075120014010570
003141219075121012020344
006141219075122011000736
003141219075124013010759
004141219075124012010341
008141219075125013020542
009141219075125012080383
002141219075126019050084
003141219075127013010781
004141219075127015030371
006141219075127011000525
001141219075128012060369
008141219075128012080452
009141219075128012080267
004141219075129012160256
001141219075131015010692
008141219075131012080456
006141219075132011000700
008141219075133012070428
001141219075134015010800
004141219075135013030412
009141219075135012110454
004141219075138013030084
003141219075138012020008
006141219075138013020068
009141219075139012100416
008141219075139015020502
001141219075139016010123
009141219075140012100416
003141219075141012040473
004141219075141013030506
001141219075143012030404
003141219075143015010668
009141219075143012090348
002141219075144014030289
004141219075144013030379
006141219075144011000718
003141219075146012040465
004141219075147012130341
006141219075147011000727
009141219075147015020652
002141219075147019100061
003141219075148012050350
001141219075149012010340
003141219075150012030366
004141219075150012170144
008141219075150012100403
002141219075151019050246
003141219075152012040423
008141219075152013020879
004141219075153013030562
006141219075153013010270
003141219075154012030372
008141219075154014020625
002141219075155015030244
001141219075155015010753
002141219075155019020382
004141219075156012180276
003141219075156015010704
002141219075157019020327
003141219075158012030355
009141219075158013020778
004141219075159012160134
003141219075201012040447
009141219075201012090372
001141219075202012050308
004141219075202013030448
006141219075202011000343
003141219075203013010787
008141219075203015020680
004141219075204013030498
009141219075204013020763
003141219075205012040337
004141219075206013030482
008141219075206012120412
006141219075207013010392
003141219075208013010529
004141219075209013030636
006141219075209011000276
008141219075209014020606
003141219075210013010550
009141219075210014020524
004141219075211012180259
002141219075211019020397
003141219075213012040376
008141219075213012100405
006141219075213011000574
002141219075214012130327
003141219075215013010770
009141219075215013020868
001141219075216015010787
002141219075216012170305
008141219075216012090339
003141219075217013010631
006141219075217012040209
009141219075217013020868
008141219075218012110491
001141219075219012050213
003141219075219014010605
004141219075219012150198
006141219075219012130120
009141219075220015020688
003141219075221012040452
006141219075221012130049
008141219075221012100323
002141219075221019100008
001141219075222012010377
004141219075222012170195
009141219075223012070427
003141219075224012040382
008141219075224012100431
001141219075225012050344
004141219075225015030389
003141219075226012040353
006141219075226011000740
008141219075226014020523
004141219075228014030440
008141219075228012110461
003141219075229015010678
001141219075229012020228
002141219075230013030638
001141219075230019030050
006141219075230012020162
001141219075231012010409
009141219075231012110481
002141219075231019050193
008141219075231012120368
003141219075232012050204
002141219075232014030250
006141219075232011000595
001141219075233012040426
002141219075234014030458
008141219075234013020838
003141219075235012060421
009141219075235012070148
006141219075235011000041
001141219075236012020345
004141219075236013030641
008141219075236012070432
002141219075236019040024
003141219075237012060364
002141219075237012150203
001141219075238014010157
006141219075238011000262
009141219075238012090267
006141219075239014010053
009141219075239012090267
001141219075240014010563
003141219075240013010515
002141219075240012180157
004141219075241012130059
002141219075242012130333
001141219075242015010693
003141219075242012040470
006141219075242013030176
008141219075243013020874
002141219075244012170295
003141219075245012040454
004141219075245014030425
006141219075245011000643
001141219075246012040468
006141219075247011000687
002141219075248015030402
001141219075248015010129
003141219075248012030342
002141219075249019100002
002141219075250012170019
006141219075250011000722
004141219075251014030305
009141219075251012120476
001141219075252014010432
003141219075253014010575
001141219075255015020469
009141219075255013020841
006141219075255011000534
009141219075256013020837
004141219075258013030346
008141219075258013020795
009141219075259014020006
004141219075301013030606
006141219075301011000732
003141219075302012020400
001141219075302015010793
009141219075302012100257
006141219075303011000715
004141219075304013030240
001141219075304012060253
002141219075305015030410
001141219075306012030356
004141219075306012150299
003141219075306013010580
003141219075307012010247
006141219075308011000051
002141219075308019100028
001141219075309012040458
004141219075309012160163
002141219075309015030337
002141219075310014030418
001141219075310012060095
003141219075310012010162
001141219075312012050358
002141219075312014030448
004141219075312012140462
006141219075312011000715
003141219075313013010575
004141219075313014030077
009141219075313013020808
002141219075314015030337
008141219075315012110474
004141219075316012160310
009141219075316014020088
006141219075316011000051
006141219075319011000715
008141219075319015020655
009141219075319013020017
002141219075320014030482
008141219075321013020761
003141219075322012030400
009141219075322013020882
002141219075322019050091
006141219075323012040300
008141219075324012120434
009141219075325012110377
003141219075326013010788
004141219075326014030423
002141219075326019030046
008141219075327012090417
004141219075329012140465
008141219075330013020562
006141219075330011000598
003141219075331012050195
004141219075331014030426
008141219075333013020882
006141219075333012020137
003141219075334015010716
004141219075334013030644
002141219075335019110046
009141219075335015020659
004141219075337015030356
001141219075337013020881
006141219075337011000639
008141219075338012070264
009141219075338012100224
004141219075339015030445
006141219075339012010292
001141219075340013020881
002141219075340012170264
008141219075340013020758
009141219075340012090423
004141219075342014030459
009141219075342012080448
002141219075342019040028
003141219075343012020392
006141219075343011000741
004141219075344012130345
003141219075344013010777
008141219075344012110455
001141219075345014010535
009141219075345012110483
004141219075346013030507
002141219075346019040036
001141219075347012030242
002141219075347014030267
009141219075347012110476
006141219075347014020288
008141219075348012070286
003141219075349012010173
004141219075349012130075
009141219075350014020351
002141219075351014030393
001141219075351012010376
006141219075351014030056
009141219075351014020351
004141219075352012180296
003141219075352013010520
006141219075353011000678
002141219075353019050112
003141219075354019110043
009141219075354016000147
004141219075355012180271
003141219075356013010682
006141219075356011000203
009141219075356012080431
008141219075356014020036
002141219075357019020389
009141219075358013020866
001141219075359018010067
008141219075359012110416
003141219075400013010606
009141219075401014020538
006141219075401019100008
008141219075401012110416
001141219075402012010355
004141219075403012140461
003141219075403012060360
009141219075403012110488
006141219075403011000681
001141219075404012050357
008141219075404012110443
002141219075405012140389
006141219075406012160114
009141219075406014020435
001141219075407014010600
002141219075407019050148
002141219075408012130339
009141219075408014020620
001141219075408016000062
003141219075409013010767
006141219075409011000231
008141219075410013020812
001141219075411014010068
002141219075411012160215
003141219075411012040459
002141219075411019020007
009141219075411012080462
004141219075412012170073
001141219075412016000101
001141219075413014010592
003141219075413012050028
008141219075413012110340
009141219075414014020631
002141219075414019110005
008141219075415012110467
006141219075415011000627
001141219075415016000101
003141219075416012030386
009141219075416012100400
004141219075417012180307
006141219075417012110164
001141219075419015010473
003141219075419012050310
004141219075419012130290
008141219075419012100223
009141219075420013020833
006141219075420015090568
004141219075421012180272
003141219075422013010799
006141219075422012110087
001141219075423014010377
002141219075423013030263
004141219075423012180266
003141219075424012020121
008141219075424014020618
004141219075426012140446
002141219075426014030366
008141219075426014020626
006141219075426012130091
002141219075428014030404
009141219075428012070331
003141219075429012020396
001141219075429014010411
008141219075429013020536
006141219075429019100067
004141219075431012160243
001141219075432014010502
003141219075432012030390
008141219075432012120493
002141219075432019100063
006141219075433019100067
001141219075434012040346
004141219075434015030246
008141219075434012090345
006141219075434011000635
003141219075435013010791
004141219075435014030398
001141219075437018010072
008141219075437013020767
004141219075438012060309
003141219075438013010758
006141219075438015090611
004141219075439012170146
001141219075440015010752
003141219075440012040437
008141219075440014020623
001141219075440018010072
002141219075440019110037
002141219075441012150226
004141219075441012160285
001141219075442012060407
003141219075442015010615
006141219075442011000640
008141219075443013020825
003141219075444012050366
001141219075444015010785
008141219075444013020685
004141219075445012160287
003141219075446012040477
008141219075446014020180
009141219075446015020675
006141219075446011000706
001141219075447013010021
004141219075447012170194
003141219075448012060434
006141219075448015090628
004141219075449012180278
001141219075449014010011
008141219075449015020657
009141219075449014020634
003141219075450012020086
002141219075450019050214
004141219075451013030382
001141219075451014010571
009141219075451015020685
002141219075452012150305
006141219075452011000663
008141219075452015020686
003141219075453015010610
001141219075454014010241
002141219075454019100072
009141219075454012100419
008141219075454012080425
001141219075455013010011
003141219075455012050345
004141219075455014030438
006141219075455014030109
006141219075456011000724
001141219075457013010059
004141219075457013030608
009141219075457012080078
003141219075458012020390
001141219075459012020322
006141219075459013020412
009141219075500012080123
002141219075500019100068
004141219075501015030467
003141219075501012020348
001141219075501012060349
009141219075501012080123
008141219075501012110421
003141219075502013010567
001141219075502012020322
006141219075502015090617
008141219075503012090256
009141219075503012110143
004141219075504012180185
003141219075504012030256
006141219075504016010086
001141219075505012060416
002141219075505013030563
008141219075505012120433
002141219075505019050241
009141219075505014020567
003141219075506013010807
006141219075506011000723
004141219075507012150303
001141219075507012010348
008141219075507012120433
002141219075508015030262
003141219075508015010794
008141219075508015020591
009141219075508012070417
004141219075509012150294
001141219075509012050309
002141219075509019070038
001141219075509015100557
006141219075509013020241
003141219075510012030266
002141219075510013030618
008141219075510014020504
004141219075511012180249
001141219075511016000168
004141219075512012140421
001141219075512012040354
003141219075512014010452
001141219075512016000168
009141219075512012120354
006141219075512011000677
008141219075513013020574
009141219075514012110178
006141219075514011000440
003141219075515013010653
001141219075515013010762
004141219075515012130091
003141219075516012060229
008141219075516012090400
001141219075517012060383
002141219075517019010134
008141219075518012100327
001141219075518013020226
003141219075519012060414
004141219075519012170258
001141219075519015010766
006141219075519012180106
004141219075520012150307
008141219075521012090333
003141219075522012060432
004141219075522012130210
001141219075522013010798
006141219075522012170077
009141219075522012080430
001141219075523013010804
004141219075524013030619
008141219075524014020581
006141219075524012050085
003141219075525012030401
001141219075525014010599
009141219075525012090341
001141219075526014010424
004141219075526013030576
008141219075526012080419
003141219075527013010739
009141219075527015020623
001141219075528012040405
003141219075528013010727
004141219075528012180258
006141219075528011000735
008141219075529012080135
003141219075530012050123
009141219075530012100252
006141219075530011000739
008141219075531013020877
004141219075532012170056
003141219075532012050183
006141219075533015090632
009141219075533012100424
008141219075533012110354
001141219075534015010796
003141219075535012020288
004141219075535013030516
001141219075535014010617
008141219075535012080394
006141219075536013020274
002141219075536019060124
003141219075537012050303
009141219075537014020603
002141219075538014030488
003141219075538012010420
004141219075538012130214
008141219075538012080454
006141219075538011000725
009141219075539012120395
001141219075540014010613
002141219075540014030375
003141219075540012050356
004141219075540012150287
001141219075540016000164
002141219075540019010108
008141219075541014020598
006141219075541011000601
002141219075542012140148
009141219075542013020504
001141219075543019020340
003141219075543014010492
004141219075543013030469
006141219075543015090616
001141219075543016000164
002141219075543019100013
003141219075544014010208
002141219075544012170303
006141219075544012110004
008141219075544012080284
004141219075545013030551
009141219075545014020592
002141219075546015030426
003141219075546012040373
008141219075546012120461
001141219075547015010683
002141219075547015030478
009141219075547012110443
001141219075547016000088
006141219075547011000731
002141219075547019010119
003141219075548013010460
008141219075548012080424
009141219075548012110485
004141219075549012180220
002141219075549019060102
002141219075550015030388
003141219075550012040222
006141219075550011000517
009141219075550014020633
001141219075551012050285
004141219075551014030490
002141219075551019050238
008141219075551012110487
006141219075552011000719
001141219075552018010047
004141219075553012150073
003141219075553012010426
008141219075553012070193
009141219075553012090041
001141219075555014010457
004141219075555015030438
003141219075555013010347
009141219075555014020532
002141219075555019020212
008141219075555014020417
006141219075555012150102
002141219075556014030100
009141219075556012080453
001141219075557014010510
004141219075557013030496
001141219075557016000157
003141219075558012040406
002141219075558012150309
002141219075558019040035
006141219075558013030199
008141219075558013020753
009141219075559013020810
004141219075600012150286
003141219075600012020389
002141219075601014030365
001141219075601013010747
006141219075601013020240
009141219075601014020231
008141219075601014020611
002141219075602012160253
003141219075602014010539
004141219075602012160301
008141219075603014020562
009141219075603012070236
002141219075603019110006
002141219075604012140235
006141219075604011000283
003141219075605012050266
004141219075605012150098
001141219075605012030352
009141219075605012110397
002141219075606012170277
008141219075606012070421
001141219075607012010005
003141219075607015010717
009141219075607013020820
002141219075608019020275
002141219075609012170266
003141219075609013010730
009141219075609013020819
008141219075609012090393
004141219075610012130316
001141219075610014010538
002141219075610012170293
001141219075610015100546
009141219075610013020819
008141219075611012090330
006141219075611012120199
004141219075612013030573
002141219075612016000144
002141219075614012180275
003141219075615012050311
008141219075615015020568
004141219075616012180277
009141219075616012090351
006141219075616011000490
001141219075617015010682
008141219075617012080350
003141219075618012010400
006141219075618011000726
009141219075618015020674
004141219075619012140456
001141219075619013010797
003141219075620013010806
008141219075620015020478
006141219075620015020199
001141219075621014010201
002141219075622012160306
008141219075622012110367
004141219075623013030366
006141219075623011000568
003141219075624012050225
008141219075624013020769
008141219075625013020876
006141219075625012080114
003141219075626014010603
004141219075626012150241
002141219075626014030444
001141219075626015100556
009141219075627012070382
002141219075628013030349
004141219075628012170290
008141219075628014020511
003141219075629012010277
002141219075629012130263
001141219075629012020111
009141219075630012070357
006141219075630011000632
004141219075631012130344
001141219075631015010784
003141219075631012010393
008141219075631012070410
002141219075632012130338
009141219075632014020563
004141219075633013030508
002141219075633019050224
003141219075634012030328
006141219075634011000728
008141219075634014020627
009141219075634015020654
002141219075635019060084
006141219075635012010254
008141219075636013020781
003141219075637012030405
004141219075637014030430
009141219075637012120414
002141219075637019020379
004141219075638013030441
008141219075638012100364
009141219075638015020630
003141219075639014010003
002141219075639013030631
009141219075639015020630
001141219075640012040464
009141219075640012080017
002141219075640019010132
004141219075641012150255
008141219075641012110494
003141219075642012010425
001141219075643012040446
002141219075643013030484
004141219075643012140088
009141219075643014020416
001141219075644014010564
008141219075644012100047
003141219075645012040397
004141219075645013030458
002141219075645013030548
009141219075645012120350
008141219075646012070443
009141219075646012100347
004141219075647013030325
002141219075647012150278
006141219075648012020274
008141219075648012100334
001141219075648013030071
009141219075648012120488
002141219075650012160292
004141219075650012180206
003141219075650013010654
008141219075650012080413
009141219075651013020198
003141219075652012060356
006141219075652011000001
008141219075653012090350
003141219075654012020368
004141219075654012130336
009141219075654013020859
006141219075654011000555
003141219075655012010413
002141219075655012150250
009141219075655013020857
004141219075656012140363
008141219075656012120377
003141219075657013010560
009141219075657012110406
006141219075658011000666
004141219075659013030348
009141219075659014020608
001141219075700014010536
008141219075700013020843
004141219075701012140388
003141219075701013010795
009141219075701015020660
002141219075702015030455
006141219075702013020154
008141219075702015020410
001141219075703014010537
003141219075703013010413
004141219075704012140464
003141219075705013010625
002141219075705012150314
006141219075705014030087
008141219075705014020443
001141219075706015010804
004141219075706015030437
009141219075706014020493
003141219075707015010761
006141219075707013010151
008141219075708012100436
003141219075709012040443
004141219075709012160311
009141219075709014020593
006141219075710015090627
008141219075710012100329
002141219075711014030356
001141219075711014010580
009141219075711015020643
006141219075711015090633
004141219075712013030535
003141219075712013010780
008141219075712013020826
002141219075713015030461
001141219075713014010587
004141219075714012150171
003141219075714012030377
002141219075714019060097
008141219075714013020835
006141219075714011000594
003141219075715012050238
002141219075716012130288
001141219075716012010237
006141219075716011000398
008141219075716013020836
002141219075716019050243
001141219075716015030454
004141219075717012140443
003141219075717015010721
008141219075717014020630
002141219075717019050243
001141219075718012070449
009141219075718012090406
002141219075719012160230
008141219075719012120475
006141219075719015090631
003141219075720012020269
004141219075720013030066
009141219075720012100451
003141219075722014010607
002141219075722012180154
008141219075722015020580
002141219075723014030480
001141219075723012010408
001141219075723015100559
006141219075723015020540
003141219075724013010646
004141219075724012130295
009141219075724014020636
002141219075724019070031
004141219075727012150260
003141219075727012040273
009141219075727015020618
006141219075727013020581
002141219075729015030279
009141219075729015020618
008141219075729012120242
002141219075729019050126
001141219075730012060353
003141219075730012030230
004141219075730014030471
002141219075730012170308
006141219075730013010015
009141219075731012120393
008141219075731012120482
004141219075732012150100
006141219075732013020397
001141219075732018010048
002141219075733012180253
002141219075733019020372
009141219075733012110486
003141219075734012060331
006141219075734011000410
008141219075734012120402
002141219075735012150263
004141219075735015030395
001141219075735014010524
002141219075736015030187
003141219075736012040445
009141219075736012120486
004141219075737012130205
008141219075737012070445
006141219075737011000720
008141219075738012070438
003141219075739013010710
001141219075739015010807
002141219075739019020307
004141219075740014030160
003141219075740013010294
006141219075740011000691
002141219075741012140449
004141219075741012140426
008141219075741012110378
002141219075743012180308
003141219075743012060379
004141219075743012140452
002141219075744012170299
001141219075744012040410
004141219075744012140444
006141219075744013020326
002141219075744019020079
003141219075745013010803
008141219075745014020565
002141219075746015030477
001141219075746014010593
006141219075746012080131
009141219075747015020638
008141219075747013020572
002141219075748012170271
004141219075748014030390
009141219075748014020545
002141219075748019060076
003141219075749013010769
001141219075749013010805
001141219075750013010743
004141219075750013030264
002141219075750019020149
006141219075750011000738
008141219075750012090344
004141219075752012130285
003141219075752012050354
008141219075752013020610
002141219075753019060122
009141219075753012110477
004141219075754012130264
002141219075754013030647
003141219075755013010259
009141219075755013020880
006141219075755012130102
002141219075755019020273
004141219075756013030372
003141219075757015010780
002141219075757014030031
001141219075757012020382
006141219075757012120196
004141219075758013030479
009141219075758014020512
009141219075759014020512
008141219075759015020531
001141219075800012040471
003141219075800012100442
009141219075800014020571
006141219075800011000581
004141219075801012140460
008141219075801012080396
002141219075802013030642
001141219075802015010596
004141219075803013030425
006141219075803011000169
009141219075803014020413
001141219075804012010421
008141219075804015020057
001141219075805014010578
003141219075805015010769
006141219075805012060015
002141219075805019100065
004141219075806013030523
002141219075806015030470
003141219075806013010740
008141219075806012100380
009141219075806012090416
001141219075807012030397
006141219075807011000586
001141219075808013010331
004141219075809013030530
003141219075809012020391
002141219075809014030331
006141219075809011000674
001141219075810012050360
008141219075810012100318
002141219075810019110050
004141219075811013030119
003141219075811012030344
001141219075812012030381
006141219075812011000648
003141219075813012030300
008141219075813012110414
004141219075814012150270
009141219075814012090377
003141219075815012020286
006141219075815011000277
002141219075815019060120
008141219075816012100307
004141219075817012140469
006141219075817012050129
003141219075818013010733
009141219075818012120491
008141219075818012100430
002141219075820019080001
006141219075820011000422
004141219075821013030075
008141219075821012090396
009141219075821015020641
003141219075822012010424
002141219075822019110040
004141219075823013030024
006141219075823015090629
001141219075824013010006
003141219075824013010542
009141219075824014020542
008141219075824012090272
004141219075825012130298
002141219075825019030042
009141219075826014020570
006141219075826011000668
008141219075826012080380
004141219075827012180313
003141219075827014010604
001141219075828014010596
009141219075828014020619
008141219075828012070422
002141219075829015030459
001141219075829016000064
006141219075829012130223
002141219075829019050196
001141219075830015100560
003141219075831013010522
001141219075831015010802
008141219075831013020706
009141219075831012080297
004141219075831012160272
002141219075832015030423
006141219075832012140043
004141219075832012140429
004141219075833014030021
002141219075833019020353
002141219075834012180287
009141219075834014020551
008141219075834013020702
006141219075835011000654
004141219075835013030558
009141219075835012100381
002141219075836015030362
008141219075836013020674
002141219075837013030541
003141219075837012060221
009141219075837015020647
006141219075837012080163
004141219075838014030470
002141219075838019020363
002141219075839014030399
001141219075839012060431
008141219075839012080468
009141219075839014020546
002141219075840012160279
001141219075840016000003
006141219075841011000704
004141219075841012170219
002141219075842013030630
003141219075842012060166
002141219075842019020353
008141219075842012100350
009141219075842014020424
006141219075843011000662
001141219075843016000003
004141219075843012150304
001141219075844012040450
009141219075844012080470
008141219075845012090335
003141219075846012040420
002141219075846019050223
004141219075846012130322
006141219075846011000690
009141219075846012080470
009141219075847012120143
008141219075848012100394
006141219075848019100071
001141219075849012030376
002141219075849012130337
004141219075849014030368
009141219075849012100169
009141219075850013020643
008141219075850015020598
003141219075851012010010
002141219075851019020263
002141219075852014030475
001141219075852013010446
006141219075852011000733
004141219075852013030538
008141219075852015020386
009141219075853015020013
004141219075853012160149
006141219075853012050222
001141219075855012060415
008141219075855012120431
009141219075855013020860
001141219075855012040131
004141219075855012170265
002141219075856013030649
008141219075856012110458
004141219075856012130284
006141219075856013010215
001141219075857014010615
003141219075857012080007
009141219075857015020664
002141219075857019020335
004141219075858012170297
008141219075858013020811
002141219075859015030468
002141219075859019050170
009141219075859015020451
009141219075900012090368
002141219075901014030456
002141219075901019050170
004141219075901013030440
006141219075901011000682
008141219075901012070360
001141219075902013010734
009141219075902012080447
003141219075903013010650
002141219075903012170298
006141219075903011000026
008141219075904012120470
009141219075904015020577
004141219075904012180262
001141219075905012060259
008141219075905012070431
003141219075906013010774
009141219075906013020862
004141219075906012150128
006141219075906011000263
002141219075907012170307
003141219075908012060410
002141219075908012160307
002141219075908019040030
004141219075908012150249
001141219075909014010608
009141219075909015020663
006141219075909014020550
001141219075910019110051
008141219075910012100446
003141219075911013010737
002141219075911012170307
009141219075911012090343
006141219075911013010296
002141219075912012180310
008141219075912014020331
006141219075913012170053
009141219075913014020574
004141219075913013030616
003141219075914015010690
002141219075915012130279
008141219075915012100358
001141219075916014010033
004141219075916015030101
009141219075916012110479
006141219075916011000065
002141219075917012130116
002141219075917019040034
004141219075917012130280
001141219075918012010403
003141219075918012020399
008141219075918012090220
002141219075919012140431
009141219075919013020883
004141219075919012170127
006141219075919012070090
002141219075920019020393
001141219075921014010597
004141219075921012160289
008141219075921012100201
009141219075921012120498
002141219075922012130276
006141219075922012090150
002141219075922019040009
008141219075923013020738
004141219075923013030104
009141219075924014020586
006141219075924011000388
003141219075925013010454
008141219075925012090408
002141219075925019110013
002141219075926012170280
009141219075926012090414
004141219075926012150069
001141219075926015010763
006141219075927011000656
004141219075927015030441
002141219075928019050240
006141219075928011000388
009141219075928012070321
008141219075928012070390
002141219075929014030381
003141219075929015010783
004141219075929012150268
001141219075930012050367
009141219075930012120421
002141219075931012160228
008141219075931012120474
002141219075931019100052
004141219075931013030354
009141219075932014020426
006141219075932015020563
008141219075932012120124
001141219075933012030305
002141219075934012150201
008141219075934012120399
006141219075934012130286
009141219075934014020426
004141219075934012140337
002141219075934019020323
009141219075936012070341
004141219075936012140086
002141219075937012140468
001141219075937015100551
009141219075937014020530
004141219075937012160296
006141219075937011000388
002141219075937019020221
003141219075938013010763
001141219075938012010423
008141219075938012120256
002141219075939014030485
009141219075939012120497
004141219075939013030603
006141219075940011000656
008141219075940012070366
002141219075940019040033
002141219075941014030466
006141219075941011000388
009141219075941014020578
004141219075941012130314
003141219075942013010714
001141219075942015100543
008141219075943012080373
002141219075943019040006
002141219075944012140428
009141219075944012120463
004141219075944012160298
006141219075944011000388
001141219075944016000025
001141219075945016000025
008141219075945012100418
003141219075946012030304
004141219075946012160236
009141219075946014020411
008141219075946013020515
004141219075947012150319
002141219075947016000123
009141219075947014020411
006141219075947011000439
001141219075948015010017
002141219075948014030467
002141219075948019040032
003141219075949012010327
008141219075949012100445
009141219075949012080464
002141219075950013030308
009141219075950019020387
003141219075951013010726
001141219075951012050234
008141219075951013020726
002141219075952014030484
004141219075952012170231
009141219075952012120448
001141219075953014010250
008141219075953012120483
002141219075954014030486
003141219075954012020403
009141219075954012090291
004141219075955012180212
008141219075955012080414
001141219075956014010103
002141219075956019050212
004141219075957013030609
003141219075957012040476
008141219075957014020628
009141219075957014020615
001141219075958013010751
004141219075959012140374
008141219080001014020582
004141219080002012130271
002141219080002014030226
001141219080002016000169
003141219080002013010735
009141219080002015020022
003141219080003013010598
004141219080003015030306
008141219080003012090279
001141219080004019020373
004141219080005012140154
008141219080005012080225
009141219080005014020043
004141219080006012170054
003141219080006015010550
002141219080006015030458
001141219080006014010609
006141219080006015030168
003141219080007012050351
008141219080007012080346
004141219080008013030607
002141219080008014030279
001141219080008014010610
006141219080008012080127
002141219080009014030072
003141219080009012050334
008141219080009012110382
009141219080010012090420
003141219080011012040467
004141219080011012130335
002141219080011015030431
001141219080011012030196
004141219080012012180144
008141219080012013020747
002141219080013015030383
003141219080013013010244
001141219080013018010059
006141219080013015020461
009141219080013012100443
001141219080014012020311
008141219080014012080428
003141219080015012050194
004141219080015012140473
009141219080015012090309
002141219080016012130254
002141219080016019050152
001141219080016018010018
002141219080017012140453
003141219080017012050365
001141219080017012040417
009141219080017012080418
008141219080017013020660
004141219080018012170217
008141219080018012100398
004141219080019012150301
003141219080019012020381
006141219080019012020002
009141219080019012090419
002141219080020013030485
001141219080020012150311
004141219080021012160190
001141219080021012150311
002141219080021019110048
009141219080021013020848
002141219080022012160313
001141219080022014010309
003141219080022013010765
001141219080022012150311
004141219080023012140471
009141219080023012100443
008141219080023014020536
008141219080024012120465
006141219080024012160104
001141219080024018010066
009141219080024014020529
004141219080025013030399
003141219080025012030396
002141219080026015030441
004141219080027014030454
002141219080027019010135
001141219080027018010070
003141219080028013010666
008141219080028013020721
009141219080028014020025
001141219080029013010604
004141219080029012180312
002141219080029019020346
009141219080029014020025
002141219080030012180261
008141219080030013020749
001141219080030018010071
004141219080031012160233
001141219080031014010555
003141219080031015010786
004141219080032015030457
002141219080032014030022
009141219080032013020822
003141219080033012010372
001141219080033012010014
009141219080033013020867
008141219080033013020852
001141219080034012050179
002141219080035012130267
003141219080035012060359
008141219080035013020790
001141219080035018010069
003141219080036012050210
001141219080036015010789
004141219080036014030437
009141219080036012120481
002141219080037012130270
001141219080037012050279
002141219080037019010131
004141219080038013030634
008141219080038012110480
009141219080038012110160
001141219080038018010059
002141219080039014030088
001141219080039014010612
004141219080040012130334
009141219080040012070308
002141219080040019010133
001141219080041012010338
002141219080041012130330
008141219080041012080361
003141219080042012030317
004141219080042012130242
001141219080042014010267
002141219080042019050228
009141219080042012070447
002141219080044012130303
001141219080044012030010
002141219080044019010008
008141219080044013020689
003141219080045012010398
004141219080045012160315
009141219080045012090407
004141219080046013030591
008141219080046012090411
003141219080047012050353
009141219080047012080366
001141219080048015010795
004141219080048015010791
002141219080048019010109
009141219080049013020460
008141219080049012090300
003141219080050012060420
004141219080050012160231
006141219080051012060389
002141219080051019030025
008141219080052013020554
004141219080053012130278
003141219080053014020020
001141219080053012040338
002141219080053014030447
004141219080054013030460
002141219080054014030369
008141219080054014020540
001141219080055014010066
004141219080056012170286
002141219080056012130329
002141219080057019040023
008141219080057012100367
004141219080058013030584
002141219080059014030416
008141219080059012080364
001141219080100012020325
004141219080101014030150
006141219080101012090035
002141219080102014030336
002141219080102019020150
009141219080102012110478
004141219080104012180292
009141219080104015020541
001141219080105014010200
004141219080105014030299
004141219080106012150290
009141219080106012090410
003141219080107014010436
002141219080107019040012
008141219080107012120419
002141219080108012140425
004141219080108013030633
008141219080108012120419
004141219080109012140408
009141219080109013020425
001141219080110014010133
008141219080110014020553
002141219080111012140405
009141219080111013020863
004141219080112012140225
006141219080112012050057
008141219080113012080429
009141219080114014020007
002141219080115014030452
001141219080115013010716
004141219080115012140127
009141219080115013020773
008141219080116014020470
006141219080116012160222
003141219080117012010401
009141219080117013020803
002141219080118014030481
001141219080118014010590
008141219080119012090394
004141219080120012160143
001141219080120014010493
009141219080120012090380
002141219080121014030158
006141219080121012010201
008141219080122012070358
002141219080122019020124
001141219080122016000058
009141219080124014020398
003141219080125012030303
004141219080125012180282
009141219080125014020398
008141219080125012080469
003141219080126012030351
002141219080126014030465
006141219080127012150195
009141219080128012070442
008141219080128012090402
008141219080129013020783
002141219080130012180297
009141219080130012070197
004141219080131012140420
006141219080131014020055
002141219080132014030387
008141219080132014020616
003141219080133012050359
009141219080133012080458
004141219080134012150297
001141219080134019030038
002141219080135012140409
003141219080135012030095
004141219080137013030162
009141219080137012070450
006141219080137013030222
002141219080138012150261
008141219080138012070368
003141219080139012020398
002141219080139012150315
001141219080140013010023
004141219080140012170291
002141219080141013030648
008141219080141012120301
004141219080142015030451
003141219080143012040367
001141219080143013010641
002141219080145015030247
006141219080145012030293
004141219080147012170209
002141219080148014030427
004141219080148013030610
008141219080148012070426
004141219080149012170287
008141219080149012070376
002141219080149019050234
009141219080149012120464
001141219080150016000163
001141219080151012030361
006141219080151012020279
009141219080152014020617
001141219080154016000163
009141219080154015020678
009141219080156012120401
002141219080156019090016
003141219080157012010337
009141219080157012120454
001141219080158012030363
002141219080200012130317
004141219080200012140463
001141219080200012030368
009141219080200012120454
001141219080200018010065
001141219080201012060403
008141219080201013020626
008141219080202012120444
004141219080203015030439
001141219080203012050147
006141219080203013010358
001141219080203019030043
001141219080205014010522
002141219080205015030442
004141219080206012130014
003141219080206012010293
006141219080206011000566
008141219080206013020701
004141219080208012170207
003141219080208014010525
002141219080208019020301
002141219080209015030351
006141219080210012060241
004141219080211015030475
003141219080211012050009
001141219080211014010594
002141219080212013030623
001141219080213014010558
001141219080214012010382
004141219080214013030577
003141219080214012030194
003141219080215012020367
002141219080215013030596
008141219080215012070404
001141219080215016000161
001141219080216012050348
004141219080217013030605
008141219080217013020813
001141219080218014010508
002141219080218019030032
004141219080220013030567
001141219080220013010213
003141219080220012010422
006141219080220013010117
004141219080221012170228
004141219080223012020358
001141219080223015010731
008141219080223013020799
004141219080224012150295
001141219080226012010415
006141219080227014030096
004141219080227013030614
002141219080227019070001
008141219080229012110464
001141219080230012060368
002141219080230012180257
001141219080232015010808
002141219080232019050213
001141219080234018010008
004141219080235012180263
009141219080237014020534
006141219080237012010028
001141219080239018010061
001141219080242012100385
001141219080243013010783
008141219080243012070392
001141219080245014010611
001141219080246012010385
003141219080247012030406
006141219080247012010405
009141219080247016000124
002141219080252013030465
003141219080254014010338
001141219080254013010761
002141219080255015030386
008141219080255013020870
009141219080255013020817
008141219080257012100425
009141219080258016000149
006141219080259012020016
008141219080300012110442
003141219080301015010805
004141219080301012180159
008141219080301012100280
009141219080303012080266
008141219080304012120306
002141219080305014030176
003141219080307013010702
008141219080307012080360
009141219080308012070439
008141219080310012090357
009141219080310012070415
001141219080313012030385
003141219080313012060398
009141219080313014020568
006141219080314011000600
009141219080315012120477
002141219080317019100044
008141219080318012070411
003141219080319013010004
009141219080319013020282
003141219080320013010284
001141219080320018010068
006141219080322012010190
001141219080325012050347
003141219080325013010190
001141219080325018010055
004141219080331013030617
001141219080332014010581
008141219080334012090401
002141219080340019050237
008141219080340014020502
006141219080341012030316
004141219080342012170222
001141219080343015010774
006141219080344012060312
006141219080352014010295
006141219080359012030282
004141219080403012160087
002141219080409012140430
003141219080411014010444
002141219080413014030217
002141219080417012130326
002141219080421014030001
001141219080426012030329
001141219080431015010407
009141219080435012080427
002141219080435019020378
004141219080438013030510
006141219080440012160012
009141219080443012070433
009141219080446012100449
002141219080449019020065
009141219080449014020604
002141219080452019040021
009141219080501012110489
003141219080505012030353
001141219080506019010128
004141219080517012180301
003141219080522012060378
002141219080522019010072
003141219080527012020366
002141219080558019040020
008141219080603012070338
004141219080605013030331
003141219080607012050341
004141219080607012170284
003141219080617012020021
002141219080623012140447
002141219080624019020398
002141219080625012170275
008141219080650012080345
008141219080652014020489
008141219080653014020489
002141219080658014030373
001141219080718016000126
002141219080719019050195
001141219080720016000126
002141219080722019020392
002141219080731019020349
001141219080740012060422
002141219080748012180288
004141219080749012150273
001141219080801016000141
001141219080803016000141
001141219080804016000141
001141219080805016000141
004141219080839012170235
006141219080905012020013
008141219081026012090388
002141219081032019050209
008141219081041012080438
001141219081045016000008
008141219081050012090391
006141219081103012020010
009141219081106012090399
004141219081110012180260
009141219081225012120490
002141219081335019110014
001141219081410016000007
001141219081414016000007
001141219081417016000001
008141219081448012110351
002141219081456019010118
002141219081500019040015
004141219081526012160312
001141219081639016000012
003141219081745012060387
002141219081756019010074
002141219081856019020333
001141219082121016000052
004141219082128012140441
002141219082205019010111
002141219082212019010031
006141219082329011000636
002141219082402019110049
002141219083213019010127
004141219083440012160293
002141219084551019030033
