002141219071441019060101
002141219071446019010124
002141219071506016000090
002141219071511019030045
002141219071716019010087
001141219071829016010098
001141219071833016010119
001141219072048016010045
001141219072057016010130
001141219072106016010056
001141219072111016010095
001141219072116016010105
001141219072224016010080
002141219072309019030022
001141219072422016010106
008141219072439016010129
001141219072508016010050
001141219072511016010125
001141219072544019010125
001141219072612016010090
002141219072633019060003
001141219072708016010071
001141219072721016010073
002141219072743019030048
001141219072808016010100
001141219072810016010100
001141219072853016010081
001141219072901016010082
001141219072904016010048
001141219072907016010110
001141219072910016010079
001141219072913016010032
001141219072918016010084
002141219072935019110027
001141219073003016010131
002141219073008019020402
002141219073011015030444
001141219073025016010122
002141219073035019060103
002141219073036014030055
001141219073044016010077
002141219073045019060123
002141219073106019030001
002141219073113012160275
009141219073116012070187
001141219073152016010124
008141219073206013020255
003141219073207012030402
003141219073211013010768
003141219073214014010606
008141219073222015020671
001141219073227016010121
002141219073243019030049
002141219073250014030374
002141219073303019020083
003141219073402012030335
002141219073404019050094
003141219073407012030349
001141219073417016000152
002141219073430019020401
001141219073512016010120
003141219073520013010771
006141219073525011000675
004141219073528013030625
002141219073539019100046
008141219073547014020451
003141219073548012040466
006141219073600013020543
004141219073605013030624
004141219073609012160136
009141219073614015020687
001141219073627016010024
002141219073628014030400
008141219073639013020849
002141219073654015030476
002141219073656019060001
001141219073733014010584
009141219073746013020532
006141219073804012010019
001141219073805016010127
006141219073809013010001
006141219073814011000359
003141219073827012040293
002141219073827019020230
003141219073831012060396
002141219073850019060119
009141219073918015020620
001141219073942016000073
004141219073942012170279
002141219073942019020399
008141219073946012070344
009141219073950014020588
004141219073956013030546
002141219074007013030592
002141219074029019020260
004141219074030014030334
001141219074036012010410
002141219074042019020231
006141219074042012160021
002141219074045019050188
002141219074046012180305
003141219074056012060007
006141219074056011000078
008141219074104012100429
002141219074105014030239
003141219074123013010672
002141219074133019020180
002141219074142019040001
008141219074145012070429
004141219074147013030443
006141219074149011000692
002141219074151019040001
006141219074157013020067
006141219074204011000573
002141219074209012130165
003141219074212013010365
006141219074212011000491
008141219074214014020525
001141219074215014010565
002141219074218019100039
004141219074225012180046
008141219074227012070010
004141219074231012140458
002141219074244019060113
002141219074247019020313
002141219074250019060114
002141219074254012180252
004141219074254012130312
006141219074259011000683
002141219074304019060107
001141219074312015010758
001141219074314015010797
002141219074315012150135
004141219074346014030342
001141219074346012050224
002141219074346013030466
009141219074346015020640
002141219074347019020374
004141219074350012150310
001141219074350013010479
002141219074353019020186
008141219074354014020501
002141219074355019020103
009141219074357012120489
004141219074402012170218
002141219074404013030509
004141219074408013030509
001141219074411012030333
008141219074411012070006
008141219074421013020387
002141219074423019030047
003141219074430013010677
002141219074432019110033
002141219074432013030518
003141219074433012030276
004141219074435012160282
002141219074437019020061
004141219074439012150190
004141219074441012140457
004141219074445013030565
002141219074449019050216
006141219074458013010009
001141219074459012020333
009141219074501012110482
006141219074503011000445
002141219074507019050239
006141219074509011000165
002141219074511012130343
002141219074512012140474
004141219074516013030646
009141219074520012080467
006141219074522011000086
004141219074525012160085
008141219074528012100411
002141219074534014030489
002141219074540019050235
002141219074540012130250
002141219074545019050230
008141219074546012110437
009141219074550015010696
001141219074553012040461
001141219074554012040462
004141219074557012160280
003141219074558012060384
008141219074559012080189
002141219074601019020383
004141219074601012140466
008141219074602012070414
009141219074602013020855
003141219074603013010800
001141219074603012060372
004141219074604013030629
008141219074605013020873
003141219074605012040429
008141219074607015020668
008141219074613013020851
002141219074617019050183
008141219074617013020723
004141219074619012180251
008141219074625013020824
003141219074628012050363
008141219074629013020409
002141219074630019100032
008141219074640012070387
004141219074641015030368
003141219074645012030387
009141219074646013020703
003141219074647012050307
009141219074648013020864
004141219074648012180299
002141219074649013030627
001141219074651012060397
009141219074655012100450
003141219074656012040192
002141219074657014030421
001141219074659012010419
004141219074703012150196
004141219074706012150312
002141219074707012140445
001141219074707013010700
004141219074709012140167
001141219074710012010011
008141219074710012100006
001141219074711012010361
008141219074712012090302
008141219074715015020029
002141219074715019020286
004141219074716015030443
008141219074717015020635
002141219074718019020368
004141219074719019050128
002141219074722012150283
003141219074723015010687
008141219074724012110400
002141219074725015030343
008141219074727013020844
004141219074729012160075
002141219074737019050220
009141219074737012070407
006141219074737014030174
001141219074738012050331
008141219074739012080375
009141219074740013020818
004141219074741012170178
006141219074741011000699
006141219074743015090608
008141219074744013020606
006141219074746015090608
003141219074746013010651
009141219074746012120484
004141219074746012170257
008141219074747013020821
004141219074750014030478
006141219074752011000564
004141219074754013030386
002141219074755019010116
004141219074756013030550
008141219074758012110427
009141219074758014020635
002141219074759014030478
002141219074801019070014
008141219074803012110353
003141219074803012040469
004141219074804012180284
003141219074807012010329
004141219074810012180171
002141219074811019100018
006141219074814011000717
003141219074816012050315
004141219074816015030465
001141219074817012040444
004141219074820012170292
006141219074822011000737
008141219074823013020755
002141219074825019060086
008141219074826014020632
003141219074827012030036
002141219074828014030159
008141219074829015020679
006141219074829019100066
002141219074830012130297
009141219074831013020831
002141219074832015030434
009141219074833013020599
008141219074833012070435
003141219074833012050368
006141219074835013030003
009141219074836012110424
009141219074839014020092
008141219074840012070244
009141219074842019050244
002141219074844019020095
004141219074848013030622
006141219074849011000686
009141219074849015020676
003141219074851012030403
001141219074855012040438
001141219074858015010788
002141219074859012160291
009141219074859015020667
001141219074902012040433
006141219074902013030188
009141219074903013020188
002141219074904014030424
006141219074906012110223
003141219074906013010695
002141219074907019050164
008141219074908013020683
003141219074908012050254
002141219074910012140379
002141219074912019050026
001141219074913014010526
002141219074915019050026
008141219074915013020858
003141219074916013010794
004141219074916013030545
002141219074916019050245
006141219074916011000713
003141219074918013010776
002141219074919019020318
009141219074919012080343
006141219074920011000713
008141219074921013020438
002141219074922019020394
009141219074923012120487
003141219074923012060426
001141219074924015010001
008141219074925013020745
001141219074926015010669
009141219074926012120494
009141219074927012120494
008141219074928014020404
003141219074929013010601
008141219074929014020404
002141219074930019010136
003141219074931012060374
008141219074931012100322
006141219074934012020340
002141219074935019020326
008141219074935013020644
001141219074936019020282
001141219074937012050217
003141219074938012060427
002141219074939015030436
006141219074939011000120
008141219074940012100134
004141219074940012150318
003141219074940013010577
009141219074942015020535
008141219074943015020646
006141219074944011000498
009141219074945012090375
004141219074946013030571
008141219074946013020411
001141219074947014010573
002141219074948019050225
009141219074948014020554
002141219074948012160259
003141219074949012020300
008141219074950013020651
001141219074951015010737
009141219074952012070437
002141219074953015030466
008141219074953013020793
002141219074954019020127
001141219074954012030350
004141219074954012160271
006141219074955013020428
009141219074955013020884
004141219074957013030339
003141219074957013010785
003141219075000013010541
008141219075001012100284
006141219075002011000258
009141219075002012100434
003141219075003012010309
004141219075003012150274
008141219075004012110297
009141219075004012100432
009141219075006012090379
004141219075006012180158
003141219075006013010772
008141219075007013020850
001141219075007015020500
006141219075008011000730
001141219075008012020324
003141219075008012050364
004141219075009012140434
009141219075009013020692
008141219075010014020589
009141219075011012120479
008141219075012012110151
006141219075014015090620
001141219075014012060005
004141219075015012150320
008141219075015015020658
002141219075016019050217
001141219075016012020383
004141219075017012140470
006141219075018011000729
002141219075018015030469
008141219075019012100312
004141219075020012160224
006141219075020012020037
003141219075022013010199
002141219075022019100070
001141219075023013010712
008141219075023012080457
004141219075025012150091
003141219075025013010662
008141219075025013020780
008141219075027012100423
009141219075027013020832
003141219075028012010364
001141219075028013010549
004141219075028012170193
006141219075028011000408
001141219075029013030157
009141219075029012110373
008141219075029012110466
001141219075030013010755
002141219075030019060095
002141219075030012160300
004141219075031012130319
001141219075031013010688
003141219075032012010387
006141219075033011000408
002141219075033012170309
001141219075033014010614
008141219075033012080466
009141219075034012110412
002141219075035012160302
009141219075035012110412
009141219075038012110377
001141219075039015010632
006141219075040015090621
001141219075041015010781
008141219075042012090404
004141219075043013030246
006141219075043015090580
008141219075044013020878
004141219075046012150203
008141219075047015020677
009141219075047015020639
008141219075050012080459
003141219075050013010426
004141219075050012160088
001141219075051012040403
001141219075051013020180
006141219075052011000710
008141219075053012070384
003141219075053013010624
009141219075054012070448
001141219075055016000154
008141219075055012110446
006141219075056015090579
002141219075056015030459
008141219075057013020766
001141219075057012040425
001141219075057016000154
003141219075059012030399
008141219075100014020486
009141219075101012100441
001141219075101014010569
006141219075101011000670
004141219075102013030398
008141219075102013020748
001141219075102015030112
002141219075102012140475
001141219075103012020352
008141219075103015020545
009141219075104012070441
006141219075104015090618
003141219075105013010505
008141219075105012080220
004141219075105014030325
001141219075106014010316
008141219075108013020823
003141219075108013010693
001141219075108012060405
006141219075108011000651
004141219075108012140435
009141219075109015020681
008141219075110012070440
003141219075110015010751
001141219075111012020285
008141219075112012100218
001141219075112018010054
003141219075113012040414
001141219075113012020385
008141219075114012110484
006141219075115011000694
008141219075116012110404
003141219075116013010007
006141219075117011000473
001141219075118014010460
008141219075119012090383
004141219075119013030590
009141219075119015020604
002141219075119019050242
001141219075120014010570
003141219075121012020344
006141219075122011000736
003141219075124013010759
004141219075124012010341
009141219075125012080383
008141219075125013020542
002141219075126019050084
004141219075127015030371
003141219075127013010781
006141219075127011000525
008141219075128012080452
009141219075128012080267
001141219075128012060369
004141219075129012160256
008141219075131012080456
001141219075131015010692
006141219075132011000700
008141219075133012070428
001141219075134015010800
004141219075135013030412
009141219075135012110454
006141219075138013020068
004141219075138013030084
003141219075138012020008
009141219075139012100416
001141219075139016010123
008141219075139015020502
009141219075140012100416
003141219075141012040473
004141219075141013030506
003141219075143015010668
001141219075143012030404
009141219075143012090348
002141219075144014030289
004141219075144013030379
006141219075144011000718
002141219075146015030424
003141219075146012040465
006141219075147011000727
004141219075147012130341
009141219075147015020652
002141219075147019100061
003141219075148012050350
001141219075149012010340
008141219075150012100403
004141219075150012170144
003141219075150012030366
002141219075151019050246
003141219075152012040423
008141219075152013020879
006141219075153013010270
004141219075153013030562
008141219075154014020625
003141219075154012030372
002141219075155019020382
001141219075155015010753
002141219075155015030244
003141219075156015010704
004141219075156012180276
002141219075157019020327
009141219075158013020778
003141219075158012030355
004141219075159012160134
003141219075201012040447
009141219075201012090372
006141219075202011000343
001141219075202012050308
004141219075202013030448
003141219075203013010787
008141219075203015020680
009141219075204013020763
004141219075204013030498
003141219075205012040337
008141219075206012120412
004141219075206013030482
006141219075207013010392
003141219075208013010529
006141219075209011000276
004141219075209013030636
008141219075209014020606
003141219075210013010550
009141219075210014020524
004141219075211012180259
002141219075211019020397
003141219075213012040376
008141219075213012100405
006141219075213011000574
002141219075214012130327
003141219075215013010770
009141219075215013020868
002141219075216012170305
008141219075216012090339
001141219075216015010787
009141219075217013020868
003141219075217013010631
006141219075217012040209
008141219075218012110491
001141219075219012050213
003141219075219014010605
004141219075219012150198
006141219075219012130120
009141219075220015020688
008141219075221012100323
002141219075221019100008
006141219075221012130049
003141219075221012040452
004141219075222012170195
001141219075222012010377
009141219075223012070427
008141219075224012100431
003141219075224012040382
004141219075225015030389
001141219075225012050344
006141219075226011000740
003141219075226012040353
008141219075226014020523
004141219075228014030440
008141219075228012110461
003141219075229015010678
001141219075229012020228
006141219075230012020162
001141219075230019030050
002141219075230013030638
002141219075231019050193
008141219075231012120368
009141219075231012110481
001141219075231012010409
003141219075232012050204
002141219075232014030250
006141219075232011000595
001141219075233012040426
008141219075234013020838
002141219075234014030458
006141219075235011000041
009141219075235012070148
003141219075235012060421
001141219075236012020345
008141219075236012070432
004141219075236013030641
002141219075236019040024
002141219075237012150203
003141219075237012060364
006141219075238011000262
001141219075238014010157
009141219075238012090267
006141219075239014010053
009141219075239012090267
003141219075240013010515
002141219075240012180157
001141219075240014010563
004141219075241012130059
006141219075242013030176
001141219075242015010693
002141219075242012130333
003141219075242012040470
008141219075243013020874
002141219075244012170295
004141219075245014030425
003141219075245012040454
006141219075245011000643
001141219075246012040468
006141219075247011000687
001141219075248015010129
002141219075248015030402
003141219075248012030342
002141219075249019100002
006141219075250011000722
002141219075250012170019
004141219075251014030305
009141219075251012120476
001141219075252014010432
003141219075253014010575
006141219075255011000534
009141219075255013020841
001141219075255015020469
009141219075256013020837
004141219075258013030346
008141219075258013020795
009141219075259014020006
006141219075301011000732
004141219075301013030606
001141219075302015010793
009141219075302012100257
003141219075302012020400
006141219075303011000715
001141219075304012060253
004141219075304013030240
002141219075305015030410
003141219075306013010580
001141219075306012030356
004141219075306012150299
003141219075307012010247
002141219075308019100028
006141219075308011000051
002141219075309015030337
004141219075309012160163
001141219075309012040458
002141219075310014030418
001141219075310012060095
003141219075310012010162
004141219075312012140462
001141219075312012050358
006141219075312011000715
002141219075312014030448
004141219075313014030077
003141219075313013010575
009141219075313013020808
002141219075314015030337
008141219075315012110474
009141219075316014020088
006141219075316011000051
004141219075316012160310
008141219075319015020655
006141219075319011000715
009141219075319013020017
002141219075320014030482
008141219075321013020761
009141219075322013020882
002141219075322019050091
003141219075322012030400
006141219075323012040300
008141219075324012120434
009141219075325012110377
002141219075326019030046
004141219075326014030423
003141219075326013010788
008141219075327012090417
004141219075329012140465
008141219075330013020562
006141219075330011000598
003141219075331012050195
004141219075331014030426
006141219075333012020137
008141219075333013020882
004141219075334013030644
003141219075334015010716
002141219075335019110046
009141219075335015020659
004141219075337015030356
006141219075337011000639
001141219075337013020881
008141219075338012070264
009141219075338012100224
006141219075339012010292
004141219075339015030445
001141219075340013020881
008141219075340013020758
009141219075340012090423
002141219075340012170264
009141219075342012080448
002141219075342019040028
004141219075342014030459
006141219075343011000741
003141219075343012020392
004141219075344012130345
008141219075344012110455
003141219075344013010777
001141219075345014010535
009141219075345012110483
004141219075346013030507
002141219075346019040036
001141219075347012030242
006141219075347014020288
002141219075347014030267
009141219075347012110476
008141219075348012070286
004141219075349012130075
003141219075349012010173
009141219075350014020351
009141219075351014020351
006141219075351014030056
001141219075351012010376
002141219075351014030393
004141219075352012180296
003141219075352013010520
006141219075353011000678
002141219075353019050112
003141219075354019110043
009141219075354016000147
004141219075355012180271
003141219075356013010682
008141219075356014020036
009141219075356012080431
006141219075356011000203
002141219075357019020389
009141219075358013020866
001141219075359018010067
008141219075359012110416
003141219075400013010606
006141219075401019100008
008141219075401012110416
009141219075401014020538
001141219075402012010355
006141219075403011000681
004141219075403012140461
003141219075403012060360
009141219075403012110488
001141219075404012050357
008141219075404012110443
002141219075405012140389
009141219075406014020435
006141219075406012160114
002141219075407019050148
001141219075407014010600
009141219075408014020620
001141219075408016000062
002141219075408012130339
003141219075409013010767
006141219075409011000231
008141219075410013020812
001141219075411014010068
009141219075411012080462
002141219075411019020007
003141219075411012040459
002141219075411012160215
004141219075412012170073
001141219075412016000101
003141219075413012050028
008141219075413012110340
001141219075413014010592
002141219075414019110005
009141219075414014020631
008141219075415012110467
006141219075415011000627
001141219075415016000101
003141219075416012030386
009141219075416012100400
004141219075417012180307
006141219075417012110164
003141219075419012050310
001141219075419015010473
008141219075419012100223
004141219075419012130290
006141219075420015090568
009141219075420013020833
004141219075421012180272
003141219075422013010799
006141219075422012110087
001141219075423014010377
004141219075423012180266
002141219075423013030263
003141219075424012020121
008141219075424014020618
004141219075426012140446
008141219075426014020626
002141219075426014030366
006141219075426012130091
002141219075428014030404
009141219075428012070331
006141219075429019100067
003141219075429012020396
008141219075429013020536
001141219075429014010411
004141219075431012160243
002141219075432019100063
001141219075432014010502
003141219075432012030390
008141219075432012120493
006141219075433019100067
001141219075434012040346
004141219075434015030246
006141219075434011000635
008141219075434012090345
004141219075435014030398
003141219075435013010791
001141219075437018010072
008141219075437013020767
006141219075438015090611
004141219075438012060309
003141219075438013010758
004141219075439012170146
001141219075440015010752
003141219075440012040437
008141219075440014020623
001141219075440018010072
002141219075440019110037
004141219075441012160285
002141219075441012150226
003141219075442015010615
006141219075442011000640
001141219075442012060407
008141219075443013020825
003141219075444012050366
001141219075444015010785
008141219075444013020685
004141219075445012160287
009141219075446015020675
003141219075446012040477
008141219075446014020180
006141219075446011000706
001141219075447013010021
004141219075447012170194
003141219075448012060434
006141219075448015090628
008141219075449015020657
009141219075449014020634
001141219075449014010011
004141219075449012180278
002141219075450019050214
003141219075450012020086
004141219075451013030382
001141219075451014010571
009141219075451015020685
006141219075452011000663
002141219075452012150305
008141219075452015020686
003141219075453015010610
002141219075454019100072
001141219075454014010241
008141219075454012080425
009141219075454012100419
001141219075455013010011
006141219075455014030109
003141219075455012050345
004141219075455014030438
006141219075456011000724
004141219075457013030608
001141219075457013010059
009141219075457012080078
003141219075458012020390
001141219075459012020322
006141219075459013020412
002141219075500019100068
009141219075500012080123
008141219075501012110421
004141219075501015030467
009141219075501012080123
003141219075501012020348
001141219075501012060349
003141219075502013010567
006141219075502015090617
001141219075502012020322
008141219075503012090256
009141219075503012110143
003141219075504012030256
006141219075504016010086
004141219075504012180185
002141219075505019050241
001141219075505012060416
002141219075505013030563
008141219075505012120433
009141219075505014020567
003141219075506013010807
006141219075506011000723
004141219075507012150303
008141219075507012120433
001141219075507012010348
009141219075508012070417
002141219075508015030262
003141219075508015010794
008141219075508015020591
004141219075509012150294
006141219075509013020241
001141219075509012050309
002141219075509019070038
001141219075509015100557
008141219075510014020504
003141219075510012030266
002141219075510013030618
001141219075511016000168
004141219075511012180249
001141219075512012040354
001141219075512016000168
004141219075512012140421
006141219075512011000677
009141219075512012120354
003141219075512014010452
008141219075513013020574
006141219075514011000440
004141219075515012130091
003141219075515013010653
001141219075515013010762
008141219075516012090400
003141219075516012060229
002141219075517019010134
001141219075517012060383
001141219075518013020226
008141219075518012100327
003141219075519012060414
006141219075519012180106
004141219075519012170258
001141219075519015010766
004141219075520012150307
008141219075521012090333
004141219075522012130210
003141219075522012060432
001141219075522013010798
006141219075522012170077
009141219075522012080430
001141219075523013010804
006141219075524012050085
004141219075524013030619
008141219075524014020581
009141219075525012090341
003141219075525012030401
001141219075525014010599
004141219075526013030576
001141219075526014010424
008141219075526012080419
009141219075527015020623
003141219075527013010739
006141219075528011000735
001141219075528012040405
004141219075528012180258
003141219075528013010727
008141219075529012080135
003141219075530012050123
009141219075530012100252
006141219075530011000739
008141219075531013020877
003141219075532012050183
004141219075532012170056
006141219075533015090632
009141219075533012100424
008141219075533012110354
001141219075534015010796
008141219075535012080394
004141219075535013030516
003141219075535012020288
001141219075535014010617
002141219075536019060124
006141219075536013020274
009141219075537014020603
003141219075537012050303
003141219075538012010420
006141219075538011000725
002141219075538014030488
004141219075538012130214
008141219075538012080454
009141219075539012120395
002141219075540019010108
004141219075540012150287
001141219075540016000164
003141219075540012050356
002141219075540014030375
001141219075540014010613
008141219075541014020598
006141219075541011000601
002141219075542012140148
009141219075542013020504
002141219075543019100013
003141219075543014010492
006141219075543015090616
001141219075543019020340
001141219075543016000164
004141219075543013030469
003141219075544014010208
006141219075544012110004
002141219075544012170303
008141219075544012080284
004141219075545013030551
009141219075545014020592
008141219075546012120461
003141219075546012040373
002141219075546015030426
002141219075547019010119
006141219075547011000731
009141219075547012110443
001141219075547016000088
001141219075547015010683
002141219075547015030478
003141219075548013010460
008141219075548012080424
009141219075548012110485
002141219075549019060102
004141219075549012180220
003141219075550012040222
009141219075550014020633
006141219075550011000517
002141219075550015030388
002141219075551019050238
008141219075551012110487
004141219075551014030490
001141219075551012050285
001141219075552018010047
006141219075552011000719
008141219075553012070193
003141219075553012010426
009141219075553012090041
004141219075553012150073
003141219075555013010347
006141219075555012150102
009141219075555014020532
004141219075555015030438
001141219075555014010457
008141219075555014020417
002141219075555019020212
002141219075556014030100
009141219075556012080453
004141219075557013030496
001141219075557016000157
001141219075557014010510
003141219075558012040406
002141219075558019040035
006141219075558013030199
008141219075558013020753
002141219075558012150309
009141219075559013020810
003141219075600012020389
004141219075600012150286
002141219075601014030365
009141219075601014020231
006141219075601013020240
001141219075601013010747
008141219075601014020611
002141219075602012160253
003141219075602014010539
004141219075602012160301
008141219075603014020562
002141219075603019110006
009141219075603012070236
002141219075604012140235
006141219075604011000283
004141219075605012150098
003141219075605012050266
009141219075605012110397
001141219075605012030352
008141219075606012070421
002141219075606012170277
009141219075607013020820
001141219075607012010005
003141219075607015010717
002141219075608019020275
008141219075609012090393
003141219075609013010730
009141219075609013020819
002141219075609012170266
004141219075610012130316
002141219075610012170293
001141219075610014010538
001141219075610015100546
009141219075610013020819
008141219075611012090330
006141219075611012120199
004141219075612013030573
002141219075612016000144
002141219075614012180275
003141219075615012050311
008141219075615015020568
006141219075616011000490
009141219075616012090351
004141219075616012180277
001141219075617015010682
008141219075617012080350
009141219075618015020674
003141219075618012010400
006141219075618011000726
004141219075619012140456
001141219075619013010797
003141219075620013010806
006141219075620015020199
008141219075620015020478
001141219075621014010201
002141219075622012160306
008141219075622012110367
004141219075623013030366
006141219075623011000568
003141219075624012050225
008141219075624013020769
006141219075625012080114
008141219075625013020876
004141219075626012150241
003141219075626014010603
001141219075626015100556
002141219075626014030444
009141219075627012070382
008141219075628014020511
004141219075628012170290
002141219075628013030349
003141219075629012010277
001141219075629012020111
002141219075629012130263
006141219075630011000632
009141219075630012070357
003141219075631012010393
004141219075631012130344
001141219075631015010784
008141219075631012070410
002141219075632012130338
009141219075632014020563
002141219075633019050224
004141219075633013030508
009141219075634015020654
006141219075634011000728
008141219075634014020627
003141219075634012030328
006141219075635012010254
002141219075635019060084
008141219075636013020781
002141219075637019020379
009141219075637012120414
003141219075637012030405
004141219075637014030430
009141219075638015020630
004141219075638013030441
008141219075638012100364
002141219075639013030631
003141219075639014010003
009141219075639015020630
009141219075640012080017
001141219075640012040464
002141219075640019010132
008141219075641012110494
004141219075641012150255
003141219075642012010425
004141219075643012140088
001141219075643012040446
009141219075643014020416
002141219075643013030484
008141219075644012100047
001141219075644014010564
002141219075645013030548
009141219075645012120350
003141219075645012040397
004141219075645013030458
008141219075646012070443
009141219075646012100347
002141219075647012150278
004141219075647013030325
009141219075648012120488
001141219075648013030071
006141219075648012020274
008141219075648012100334
003141219075650013010654
002141219075650012160292
004141219075650012180206
008141219075650012080413
009141219075651013020198
006141219075652011000001
003141219075652012060356
008141219075653012090350
006141219075654011000555
003141219075654012020368
004141219075654012130336
009141219075654013020859
009141219075655013020857
003141219075655012010413
002141219075655012150250
008141219075656012120377
004141219075656012140363
009141219075657012110406
003141219075657013010560
006141219075658011000666
004141219075659013030348
009141219075659014020608
001141219075700014010536
008141219075700013020843
003141219075701013010795
009141219075701015020660
004141219075701012140388
006141219075702013020154
008141219075702015020410
002141219075702015030455
003141219075703013010413
001141219075703014010537
004141219075704012140464
002141219075705012150314
006141219075705014030087
008141219075705014020443
003141219075705013010625
001141219075706015010804
009141219075706014020493
004141219075706015030437
003141219075707015010761
006141219075707013010151
008141219075708012100436
004141219075709012160311
009141219075709014020593
003141219075709012040443
006141219075710015090627
008141219075710012100329
002141219075711014030356
006141219075711015090633
001141219075711014010580
009141219075711015020643
004141219075712013030535
003141219075712013010780
008141219075712013020826
001141219075713014010587
002141219075713015030461
004141219075714012150171
006141219075714011000594
003141219075714012030377
008141219075714013020835
002141219075714019060097
003141219075715012050238
002141219075716019050243
002141219075716012130288
006141219075716011000398
001141219075716015030454
001141219075716012010237
008141219075716013020836
002141219075717019050243
003141219075717015010721
008141219075717014020630
004141219075717012140443
001141219075718012070449
009141219075718012090406
006141219075719015090631
002141219075719012160230
008141219075719012120475
003141219075720012020269
009141219075720012100451
004141219075720013030066
002141219075722012180154
003141219075722014010607
008141219075722015020580
001141219075723015100559
001141219075723012010408
002141219075723014030480
006141219075723015020540
009141219075724014020636
002141219075724019070031
003141219075724013010646
004141219075724012130295
004141219075727012150260
003141219075727012040273
006141219075727013020581
009141219075727015020618
002141219075729019050126
008141219075729012120242
002141219075729015030279
009141219075729015020618
006141219075730013010015
001141219075730012060353
002141219075730012170308
004141219075730014030471
003141219075730012030230
009141219075731012120393
008141219075731012120482
006141219075732013020397
001141219075732018010048
004141219075732012150100
002141219075733012180253
002141219075733019020372
009141219075733012110486
008141219075734012120402
006141219075734011000410
003141219075734012060331
002141219075735012150263
004141219075735015030395
001141219075735014010524
009141219075736012120486
002141219075736015030187
003141219075736012040445
006141219075737011000720
004141219075737012130205
008141219075737012070445
008141219075738012070438
002141219075739019020307
001141219075739015010807
003141219075739013010710
003141219075740013010294
004141219075740014030160
006141219075740011000691
008141219075741012110378
002141219075741012140449
004141219075741012140426
003141219075743012060379
002141219075743012180308
004141219075743012140452
004141219075744012140444
002141219075744012170299
001141219075744012040410
006141219075744013020326
002141219075744019020079
003141219075745013010803
008141219075745014020565
002141219075746015030477
001141219075746014010593
006141219075746012080131
009141219075747015020638
008141219075747013020572
009141219075748014020545
004141219075748014030390
002141219075748019060076
002141219075748012170271
001141219075749013010805
003141219075749013010769
001141219075750013010743
008141219075750012090344
002141219075750019020149
006141219075750011000738
004141219075750013030264
004141219075752012130285
008141219075752013020610
003141219075752012050354
002141219075753019060122
009141219075753012110477
002141219075754013030647
004141219075754012130264
002141219075755019020273
006141219075755012130102
009141219075755013020880
003141219075755013010259
004141219075756013030372
003141219075757015010780
002141219075757014030031
006141219075757012120196
001141219075757012020382
004141219075758013030479
009141219075758014020512
008141219075759015020531
009141219075759014020512
001141219075800012040471
009141219075800014020571
006141219075800011000581
003141219075800012100442
004141219075801012140460
008141219075801012080396
001141219075802015010596
002141219075802013030642
006141219075803011000169
009141219075803014020413
004141219075803013030425
002141219075804015030376
001141219075804012010421
008141219075804015020057
001141219075805014010578
002141219075805019100065
006141219075805012060015
003141219075805015010769
008141219075806012100380
002141219075806015030470
004141219075806013030523
009141219075806012090416
003141219075806013010740
006141219075807011000586
001141219075807012030397
001141219075808013010331
009141219075808012110409
004141219075809013030530
003141219075809012020391
006141219075809011000674
002141219075809014030331
008141219075810012100318
001141219075810012050360
002141219075810019110050
004141219075811013030119
003141219075811012030344
006141219075812011000648
001141219075812012030381
008141219075813012110414
003141219075813012030300
004141219075814012150270
009141219075814012090377
002141219075815019060120
003141219075815012020286
006141219075815011000277
008141219075816012100307
004141219075817012140469
006141219075817012050129
009141219075818012120491
003141219075818013010733
008141219075818012100430
002141219075820019080001
006141219075820011000422
008141219075821012090396
009141219075821015020641
004141219075821013030075
003141219075822012010424
002141219075822019110040
004141219075823013030024
006141219075823015090629
003141219075824013010542
009141219075824014020542
001141219075824013010006
008141219075824012090272
002141219075825019030042
004141219075825012130298
009141219075826014020570
006141219075826011000668
008141219075826012080380
003141219075827014010604
004141219075827012180313
009141219075828014020619
001141219075828014010596
008141219075828012070422
002141219075829019050196
001141219075829016000064
002141219075829015030459
006141219075829012130223
001141219075830015100560
009141219075831012080297
004141219075831012160272
003141219075831013010522
008141219075831013020706
001141219075831015010802
006141219075832012140043
002141219075832015030423
004141219075832012140429
004141219075833014030021
002141219075833019020353
009141219075834014020551
008141219075834013020702
002141219075834012180287
006141219075835011000654
004141219075835013030558
009141219075835012100381
002141219075836015030362
008141219075836013020674
002141219075837013030541
006141219075837012080163
009141219075837015020647
003141219075837012060221
002141219075838019020363
004141219075838014030470
001141219075839012060431
002141219075839014030399
008141219075839012080468
009141219075839014020546
001141219075840016000003
002141219075840012160279
006141219075841011000704
004141219075841012170219
009141219075842014020424
002141219075842019020353
003141219075842012060166
008141219075842012100350
002141219075842013030630
004141219075843012150304
006141219075843011000662
001141219075843016000003
001141219075844012040450
009141219075844012080470
008141219075845012090335
006141219075846011000690
009141219075846012080470
004141219075846012130322
003141219075846012040420
009141219075847012120143
006141219075848019100071
008141219075848012100394
009141219075849012100169
002141219075849012130337
001141219075849012030376
004141219075849014030368
008141219075850015020598
009141219075850013020643
003141219075851012010010
002141219075851019020263
001141219075852013010446
006141219075852011000733
008141219075852015020386
002141219075852014030475
004141219075852013030538
009141219075853015020013
006141219075853012050222
004141219075853012160149
001141219075855012040131
009141219075855013020860
004141219075855012170265
008141219075855012120431
001141219075855012060415
002141219075856013030649
006141219075856013010215
008141219075856012110458
004141219075856012130284
002141219075857019020335
003141219075857012080007
009141219075857015020664
001141219075857014010615
004141219075858012170297
008141219075858013020811
002141219075859015030468
002141219075859019050170
009141219075859015020451
009141219075900012090368
004141219075901013030440
002141219075901014030456
006141219075901011000682
002141219075901019050170
008141219075901012070360
009141219075902012080447
001141219075902013010734
002141219075903012170298
003141219075903013010650
006141219075903011000026
004141219075904012180262
008141219075904012120470
009141219075904015020577
008141219075905012070431
001141219075905012060259
004141219075906012150128
003141219075906013010774
006141219075906011000263
009141219075906013020862
002141219075907012170307
003141219075908012060410
002141219075908012160307
004141219075908012150249
002141219075908019040030
001141219075909014010608
006141219075909014020550
009141219075909015020663
001141219075910019110051
008141219075910012100446
002141219075911012170307
006141219075911013010296
009141219075911012090343
003141219075911013010737
002141219075912012180310
008141219075912014020331
009141219075913014020574
006141219075913012170053
004141219075913013030616
003141219075914015010690
008141219075915012100358
002141219075915012130279
006141219075916011000065
001141219075916014010033
009141219075916012110479
004141219075916015030101
002141219075917012130116
002141219075917019040034
004141219075917012130280
008141219075918012090220
003141219075918012020399
001141219075918012010403
004141219075919012170127
006141219075919012070090
009141219075919013020883
002141219075919012140431
002141219075920019020393
001141219075921014010597
008141219075921012100201
009141219075921012120498
004141219075921012160289
006141219075922012090150
002141219075922012130276
002141219075922019040009
008141219075923013020738
004141219075923013030104
006141219075924011000388
009141219075924014020586
002141219075925019110013
003141219075925013010454
008141219075925012090408
002141219075926012170280
001141219075926015010763
004141219075926012150069
009141219075926012090414
006141219075927011000656
004141219075927015030441
009141219075928012070321
008141219075928012070390
006141219075928011000388
002141219075928019050240
004141219075929012150268
003141219075929015010783
002141219075929014030381
009141219075930012120421
001141219075930012050367
004141219075931013030354
008141219075931012120474
002141219075931012160228
002141219075931019100052
008141219075932012120124
006141219075932015020563
009141219075932014020426
001141219075933012030305
008141219075934012120399
006141219075934012130286
002141219075934012150201
002141219075934019020323
004141219075934012140337
009141219075934014020426
009141219075936012070341
004141219075936012140086
006141219075937011000388
002141219075937019020221
002141219075937012140468
004141219075937012160296
009141219075937014020530
001141219075937015100551
003141219075938013010763
008141219075938012120256
001141219075938012010423
009141219075939012120497
002141219075939014030485
004141219075939013030603
008141219075940012070366
006141219075940011000656
002141219075940019040033
004141219075941012130314
002141219075941014030466
006141219075941011000388
009141219075941014020578
003141219075942013010714
001141219075942015100543
008141219075943012080373
002141219075943019040006
009141219075944012120463
002141219075944012140428
006141219075944011000388
004141219075944012160298
001141219075944016000025
001141219075945016000025
008141219075945012100418
009141219075946014020411
003141219075946012030304
004141219075946012160236
008141219075946013020515
006141219075947011000439
002141219075947016000123
004141219075947012150319
009141219075947014020411
001141219075948015010017
002141219075948019040032
002141219075948014030467
008141219075949012100445
003141219075949012010327
009141219075949012080464
002141219075950013030308
009141219075950019020387
003141219075951013010726
001141219075951012050234
008141219075951013020726
002141219075952014030484
004141219075952012170231
009141219075952012120448
001141219075953014010250
008141219075953012120483
003141219075954012020403
002141219075954014030486
009141219075954012090291
004141219075955012180212
008141219075955012080414
002141219075956019050212
001141219075956014010103
003141219075957012040476
008141219075957014020628
004141219075957013030609
009141219075957014020615
001141219075958013010751
004141219075959012140374
008141219080001014020582
001141219080002016000169
002141219080002014030226
004141219080002012130271
003141219080002013010735
009141219080002015020022
004141219080003015030306
003141219080003013010598
008141219080003012090279
001141219080004019020373
008141219080005012080225
009141219080005014020043
004141219080005012140154
002141219080006015030458
006141219080006015030168
001141219080006014010609
003141219080006015010550
004141219080006012170054
003141219080007012050351
008141219080007012080346
006141219080008012080127
004141219080008013030607
002141219080008014030279
001141219080008014010610
003141219080009012050334
008141219080009012110382
002141219080009014030072
004141219080011012130335
002141219080011015030431
001141219080011012030196
003141219080011012040467
004141219080012012180144
008141219080012013020747
001141219080013018010059
003141219080013013010244
009141219080013012100443
002141219080013015030383
006141219080013015020461
008141219080014012080428
001141219080014012020311
003141219080015012050194
009141219080015012090309
004141219080015012140473
001141219080016018010018
002141219080016019050152
002141219080016012130254
001141219080017012040417
009141219080017012080418
008141219080017013020660
003141219080017012050365
002141219080017012140453
004141219080018012170217
008141219080018012100398
003141219080019012020381
004141219080019012150301
009141219080019012090419
006141219080019012020002
002141219080020013030485
001141219080020012150311
009141219080021013020848
004141219080021012160190
001141219080021012150311
002141219080021019110048
001141219080022014010309
002141219080022012160313
003141219080022013010765
001141219080022012150311
009141219080023012100443
004141219080023012140471
008141219080023014020536
008141219080024012120465
001141219080024018010066
006141219080024012160104
009141219080024014020529
004141219080025013030399
003141219080025012030396
002141219080026015030441
001141219080027018010070
004141219080027014030454
002141219080027019010135
003141219080028013010666
009141219080028014020025
008141219080028013020721
001141219080029013010604
004141219080029012180312
002141219080029019020346
009141219080029014020025
001141219080030018010071
002141219080030012180261
008141219080030013020749
003141219080031015010786
001141219080031014010555
004141219080031012160233
004141219080032015030457
002141219080032014030022
009141219080032013020822
009141219080033013020867
001141219080033012010014
008141219080033013020852
003141219080033012010372
001141219080034012050179
003141219080035012060359
002141219080035012130267
001141219080035018010069
008141219080035013020790
004141219080036014030437
001141219080036015010789
003141219080036012050210
009141219080036012120481
002141219080037012130270
002141219080037019010131
001141219080037012050279
004141219080038013030634
001141219080038018010059
008141219080038012110480
009141219080038012110160
002141219080039014030088
001141219080039014010612
009141219080040012070308
002141219080040019010133
004141219080040012130334
002141219080041012130330
001141219080041012010338
008141219080041012080361
004141219080042012130242
003141219080042012030317
009141219080042012070447
002141219080042019050228
001141219080042014010267
002141219080044019010008
008141219080044013020689
001141219080044012030010
002141219080044012130303
004141219080045012160315
003141219080045012010398
009141219080045012090407
008141219080046012090411
004141219080046013030591
009141219080047012080366
003141219080047012050353
002141219080048019010109
004141219080048015010791
001141219080048015010795
008141219080049012090300
009141219080049013020460
003141219080050012060420
004141219080050012160231
006141219080051012060389
002141219080051019030025
008141219080052013020554
004141219080053012130278
003141219080053014020020
001141219080053012040338
002141219080053014030447
004141219080054013030460
008141219080054014020540
002141219080054014030369
001141219080055014010066
002141219080056012130329
004141219080056012170286
002141219080057019040023
008141219080057012100367
004141219080058013030584
002141219080059014030416
008141219080059012080364
001141219080100012020325
006141219080101012090035
004141219080101014030150
002141219080102019020150
009141219080102012110478
002141219080102014030336
009141219080104015020541
004141219080104012180292
001141219080105014010200
004141219080105014030299
009141219080106012090410
004141219080106012150290
002141219080107019040012
008141219080107012120419
003141219080107014010436
008141219080108012120419
004141219080108013030633
002141219080108012140425
004141219080109012140408
009141219080109013020425
001141219080110014010133
008141219080110014020553
009141219080111013020863
002141219080111012140405
006141219080112012050057
004141219080112012140225
008141219080113012080429
009141219080114014020007
009141219080115013020773
002141219080115014030452
004141219080115012140127
001141219080115013010716
008141219080116014020470
006141219080116012160222
009141219080117013020803
003141219080117012010401
002141219080118014030481
001141219080118014010590
008141219080119012090394
009141219080120012090380
001141219080120014010493
004141219080120012160143
002141219080121014030158
006141219080121012010201
008141219080122012070358
002141219080122019020124
001141219080122016000058
009141219080124014020398
009141219080125014020398
008141219080125012080469
003141219080125012030303
004141219080125012180282
002141219080126014030465
003141219080126012030351
006141219080127012150195
008141219080128012090402
009141219080128012070442
008141219080129013020783
002141219080130012180297
009141219080130012070197
004141219080131012140420
006141219080131014020055
008141219080132014020616
002141219080132014030387
003141219080133012050359
009141219080133012080458
004141219080134012150297
001141219080134019030038
003141219080135012030095
002141219080135012140409
009141219080137012070450
006141219080137013030222
004141219080137013030162
002141219080138012150261
008141219080138012070368
002141219080139012150315
003141219080139012020398
004141219080140012170291
001141219080140013010023
008141219080141012120301
002141219080141013030648
004141219080142015030451
003141219080143012040367
001141219080143013010641
002141219080145015030247
006141219080145012030293
004141219080147012170209
002141219080148014030427
008141219080148012070426
004141219080148013030610
008141219080149012070376
009141219080149012120464
002141219080149019050234
004141219080149012170287
001141219080150016000163
006141219080151012020279
001141219080151012030361
009141219080152014020617
009141219080154015020678
001141219080154016000163
009141219080156012120401
002141219080156019090016
003141219080157012010337
009141219080157012120454
001141219080158012030363
004141219080200012140463
002141219080200012130317
009141219080200012120454
001141219080200012030368
001141219080200018010065
001141219080201012060403
008141219080201013020626
008141219080202012120444
001141219080203012050147
001141219080203019030043
004141219080203015030439
006141219080203013010358
002141219080205015030442
001141219080205014010522
003141219080206012010293
008141219080206013020701
006141219080206011000566
004141219080206012130014
004141219080208012170207
003141219080208014010525
002141219080208019020301
002141219080209015030351
006141219080210012060241
001141219080211014010594
003141219080211012050009
004141219080211015030475
002141219080212013030623
001141219080213014010558
003141219080214012030194
001141219080214012010382
004141219080214013030577
002141219080215013030596
003141219080215012020367
008141219080215012070404
001141219080215016000161
001141219080216012050348
004141219080217013030605
008141219080217013020813
002141219080218019030032
001141219080218014010508
003141219080220012010422
006141219080220013010117
004141219080220013030567
001141219080220013010213
004141219080221012170228
004141219080223012020358
008141219080223013020799
001141219080223015010731
004141219080224012150295
001141219080226012010415
002141219080227019070001
004141219080227013030614
006141219080227014030096
008141219080229012110464
002141219080230012180257
001141219080230012060368
002141219080232019050213
001141219080232015010808
001141219080234018010008
004141219080235012180263
006141219080237012010028
009141219080237014020534
001141219080239018010061
001141219080242012100385
001141219080243013010783
008141219080243012070392
001141219080245014010611
001141219080246012010385
009141219080247016000124
003141219080247012030406
006141219080247012010405
002141219080252013030465
008141219080253014020513
003141219080254014010338
001141219080254013010761
002141219080255015030386
009141219080255013020817
008141219080255013020870
008141219080257012100425
009141219080258016000149
006141219080259012020016
008141219080300012110442
008141219080301012100280
003141219080301015010805
004141219080301012180159
009141219080303012080266
008141219080304012120306
002141219080305014030176
003141219080307013010702
008141219080307012080360
009141219080308012070439
009141219080310012070415
008141219080310012090357
003141219080313012060398
009141219080313014020568
001141219080313012030385
006141219080314011000600
009141219080315012120477
002141219080317019100044
008141219080318012070411
003141219080319013010004
009141219080319013020282
001141219080320018010068
003141219080320013010284
006141219080322012010190
003141219080325013010190
001141219080325012050347
001141219080325018010055
004141219080331013030617
001141219080332014010581
008141219080334012090401
008141219080340014020502
002141219080340019050237
006141219080341012030316
004141219080342012170222
001141219080343015010774
006141219080344012060312
006141219080352014010295
006141219080359012030282
004141219080403012160087
002141219080409012140430
003141219080411014010444
002141219080413014030217
002141219080417012130326
002141219080421014030001
001141219080426012030329
001141219080431015010407
002141219080435019020378
009141219080435012080427
004141219080438013030510
006141219080440012160012
009141219080443012070433
009141219080446012100449
002141219080449019020065
009141219080449014020604
002141219080452019040021
009141219080501012110489
003141219080505012030353
001141219080506019010128
004141219080517012180301
002141219080522019010072
003141219080522012060378
003141219080527012020366
002141219080558019040020
008141219080603012070338
004141219080605013030331
003141219080607012050341
004141219080607012170284
003141219080617012020021
002141219080623012140447
002141219080624019020398
002141219080625012170275
008141219080650012080345
008141219080652014020489
008141219080653014020489
002141219080658014030373
001141219080718016000126
002141219080719019050195
001141219080720016000126
002141219080722019020392
002141219080731019020349
001141219080740012060422
002141219080748012180288
004141219080749012150273
001141219080801016000141
001141219080803016000141
001141219080804016000141
001141219080805016000141
004141219080839012170235
006141219080905012020013
008141219081026012090388
002141219081032019050209
008141219081041012080438
001141219081045016000008
008141219081050012090391
006141219081103012020010
009141219081106012090399
004141219081110012180260
009141219081225012120490
002141219081335019110014
001141219081410016000007
001141219081414016000007
001141219081417016000001
008141219081448012110351
002141219081456019010118
002141219081500019040015
004141219081526012160312
001141219081639016000012
003141219081745012060387
002141219081756019010074
002141219081856019020333
001141219082121016000052
004141219082128012140441
002141219082205019010111
002141219082212019010031
006141219082329011000636
002141219082402019110049
002141219083213019010127
004141219083440012160293
002141219084551019030033
002141219085729019090015
003141219091048013010321
006141219121453011000065
002141219125517019020260
001141219163351016010084
001141219163432016010100
001141219164209016010077
008141219164541012120470
001141219164641016000112
001141219164700016000157
002141219165321014030418
001141219165400012040461
004141219165609012160228
004141219165637012140464
004141219165807012150201
001141219170154013010805
009141219170212012110454
003141219170228012040420
004141219170723012160306
008141219170943012090401
001141219171032018010070
001141219171053018010066
001141219171058018010061
001141219171109018010067
008141219171215013020863
002141219171321019100061
002141219171902019020230
001141219172144012040458
003141219172159012040469
001141219174358016000003
001141219174402016000003
001141219174403016000003
002141219174928019050171
002141219174931019050171
002141219174935019050171
002141219180107019010127
002141219180219019090015
002141219180529019010131
002141219180533019010133
002141219180618019010072
004141219181142012160311
002141219182320019030045
003141219182719015010704
001141219183009016010071
001141219183027016010081
001141219183259016010127
001141219183309016010123
002141219183602019020065
002141219184404019090016
004141219184443012170231
001141219184509016000101
006141219184550016010086
001141219184751016000154
001141219184752016000154
001141219184927019010125
002141219185037019010118
002141219185046019010132
001141219185100019010128
001141219185108016000073
001141219185127012030363
004141219185149012010341
003141219185150012020366
001141219185226012040346
001141219185227019110051
003141219185236013010716
001141219185243012010409
001141219185246012010338
001141219185249012010408
001141219185252012010376
001141219185254012020345
001141219185258012010348
003141219185304012010420
001141219185314012010393
001141219185322012010028
003141219185330012010387
001141219185330012010337
001141219185332012010277
001141219185333012010254
003141219185333013010758
001141219185335012040468
001141219185338012010247
003141219185339012010329
003141219185341012010372
001141219185341012010201
003141219185343012010425
006141219185344012020340
003141219185345012010309
001141219185349012050310
003141219185352012010413
002141219185354019010111
001141219185356012010237
003141219185402012060015
001141219185402012050309
001141219185404012020121
001141219185409012010403
001141219185412013010549
003141219185414012020352
006141219185414012020037
003141219185415012010173
001141219185415015010785
003141219185418012030399
001141219185418012020286
003141219185420012050254
001141219185420012030196
003141219185422012030316
001141219185422015010550
008141219185422012070338
001141219185424012010014
003141219185424012030282
003141219185427013010215
001141219185430012010382
001141219185433012010389
003141219185434012050028
001141219185436012010398
003141219185439012030276
003141219185443012010355
006141219185444012060241
003141219185450012050303
002141219185451019040015
003141219185452012030401
003141219185455012040417
001141219185458012020322
002141219185459019030047
003141219185501012030349
008141219185502012090300
003141219185504012030386
001141219185509016000003
003141219185509013010780
001141219185511016000003
003141219185512012030010
001141219185513016000163
003141219185514012020358
001141219185515013010604
001141219185516016000163
003141219185517013010625
001141219185518016000168
001141219185519016000161
003141219185520012050194
001141219185522016000168
003141219185522012030342
001141219185523016000161
001141219185523012020285
008141219185523012070376
001141219185524012020016
003141219185524013010682
001141219185525016000164
009141219185526012080448
001141219185527016000141
003141219185527012020399
003141219185528013010774
001141219185529016000141
001141219185530012040462
001141219185530016000088
003141219185532012050179
003141219185534012050210
003141219185536012020137
001141219185538013010747
008141219185539013020644
003141219185540012040443
009141219185540012080458
009141219185541012080458
004141219185542012130286
008141219185542013020685
003141219185543012050225
009141219185544012110373
008141219185544013020411
001141219185545013010804
003141219185546013010733
008141219185546012110416
009141219185548013020818
008141219185549013020749
003141219185550013010651
001141219185550012070449
001141219185551013010783
003141219185551013010806
008141219185552013020651
003141219185554013010785
001141219185555012030353
008141219185555013020767
003141219185556013010577
003141219185558012050057
008141219185558013020542
001141219185559012030352
009141219185559012090341
003141219185601013010727
009141219185601012110482
008141219185601013020683
006141219185601013010015
001141219185602013010798
003141219185602012060229
004141219185603012140374
001141219185603013010797
008141219185603013020850
001141219185605012040450
009141219185605012120484
003141219185606013010460
001141219185606012050308
008141219185607012090383
009141219185607012070435
003141219185608013010737
001141219185608013010755
004141219185609012150260
003141219185610013010631
001141219185610012040354
001141219185610015010763
009141219185610013020855
008141219185610013020838
001141219185611013010761
003141219185611012030095
001141219185611019030038
008141219185612013020879
003141219185613012030344
001141219185613012010377
008141219185614013020536
003141219185615013010769
009141219185615013020778
008141219185616012100318
001141219185617013010023
002141219185617019010008
003141219185618013010770
001141219185618012010377
002141219185618019010008
001141219185619012050331
008141219185619013020844
003141219185620012030328
001141219185620012020333
009141219185620013020763
003141219185621013010392
001141219185621012050279
009141219185621013020763
008141219185621013020769
001141219185623013010011
009141219185623012090377
008141219185624013020397
003141219185625013010767
001141219185625012050213
009141219185625012080431
008141219185626013020843
009141219185626012110458
003141219185627013010739
001141219185627012050222
001141219185628015100551
003141219185629013010803
009141219185629013020810
008141219185629013020572
001141219185630015100546
008141219185631013020836
001141219185632015100546
001141219185632012020344
009141219185632013020017
003141219185633012020392
001141219185633013010712
008141219185633013020848
001141219185634013010688
009141219185635012110443
003141219185636013010259
001141219185636012020396
008141219185636013020068
009141219185637013020868
001141219185638013010751
003141219185639013010580
001141219185639015030454
008141219185639013020851
009141219185640012110340
001141219185642015100560
008141219185642012120465
002141219185642019050243
009141219185643013020864
002141219185643019050243
008141219185645013020812
001141219185646015100557
003141219185646013010151
009141219185646012070437
001141219185647013010641
006141219185647013020581
003141219185648013010413
008141219185648013020726
002141219185648019030001
001141219185649012010019
001141219185649018010018
009141219185649013020703
003141219185650012050341
008141219185650013020660
001141219185652015100556
001141219185652012060309
006141219185652013020543
009141219185652014020092
008141219185653012110487
001141219185654015010758
003141219185654012010426
009141219185654013020723
001141219185655013020180
004141219185655013030104
008141219185655012110467
006141219185655013020241
003141219185656015010721
009141219185657013020831
001141219185658012030356
004141219185658013030567
008141219185658013020755
003141219185659013010772
001141219185659015100543
006141219185659013020240
008141219185659012110404
009141219185700013020692
001141219185701012030385
003141219185701013010777
004141219185701012170054
004141219185702013030625
008141219185702013020255
009141219185702012110488
001141219185703012050360
009141219185703013020188
008141219185703013020878
001141219185705012050217
009141219185705012080464
003141219185706013010654
008141219185706012110491
001141219185707012030350
004141219185707013030629
008141219185708012120431
003141219185709012050351
001141219185710012040446
008141219185710012120301
002141219185711013030631
001141219185711015100559
009141219185711012080220
008141219185712012120425
003141219185713012030036
001141219185713012040446
004141219185713013030577
001141219185713013020226
009141219185713013020859
002141219185714013030263
002141219185715013030623
001141219185715012040426
003141219185715012060312
009141219185715013020860
008141219185715012120399
004141219185716012140456
003141219185717012030396
008141219185717012110442
009141219185717012090419
002141219185718013030649
001141219185718012050224
009141219185718012090348
003141219185719012050307
008141219185719013020823
009141219185720012100425
003141219185721013010520
004141219185721013030624
002141219185722013030648
008141219185722012080419
001141219185723016000008
002141219185724012160292
003141219185724012040273
004141219185725013030571
003141219185725013010284
002141219185725012170280
008141219185725012110353
001141219185726015010807
001141219185727012040338
004141219185727013030535
003141219185728013010542
002141219185728012170019
009141219185728012090309
004141219185729013030075
008141219185729012120419
002141219185730012170290
006141219185730011000725
004141219185731013030523
009141219185731013020808
008141219185731012120306
001141219185732013010734
004141219185733013030084
009141219185733012070422
008141219185733012120444
004141219185734013030199
002141219185734012180288
002141219185735015030459
002141219185736012130327
008141219185736012120242
009141219185736012070264
004141219185737013030516
003141219185738013010677
001141219185739012050285
002141219185739012130297
004141219185740013030634
003141219185742012030351
004141219185743013030576
006141219185743011000490
001141219185744018010069
004141219185746013030443
003141219185746013010794
008141219185746013020877
006141219185746011000169
001141219185747012040467
009141219185747012110412
003141219185748013010624
004141219185748012160298
001141219185749018010008
008141219185749013020825
009141219185749013020841
002141219185749019060102
004141219185750013030412
004141219185751013030507
003141219185751012040192
008141219185751013020874
009141219185752012070344
004141219185753012140434
001141219185753018010055
003141219185754013010710
008141219185754012120474
006141219185755011000598
004141219185756013030024
001141219185757018010048
008141219185757012110494
009141219185757012120497
004141219185758012180220
003141219185758013010800
006141219185758011000026
001141219185759012050147
008141219185759012100411
009141219185759012100381
002141219185800012130250
001141219185801018010065
003141219185801012060331
004141219185801013030354
009141219185801012120401
008141219185802013020766
004141219185803013030508
006141219185803011000741
001141219185804012050334
009141219185804012120479
004141219185805013030496
001141219185805018010054
008141219185805012070390
002141219185806012150128
009141219185806012120479
002141219185807012170308
006141219185807011000600
004141219185808013030506
008141219185808012080345
001141219185809015010731
004141219185810013030603
009141219185810013020817
006141219185810011000651
001141219185811013010213
001141219185811018010068
008141219185811013020790
004141219185812013030565
009141219185812012070433
006141219185812013030003
008141219185813012100134
001141219185814018010047
009141219185814012070236
004141219185815012150073
009141219185815012120498
008141219185815012100423
004141219185817012170209
001141219185818018010071
009141219185818012120491
008141219185818012100284
004141219185820012140461
009141219185820012090041
008141219185821013020795
004141219185822012140465
009141219185822012100311
001141219185823013010762
009141219185823012100311
008141219185823013020758
001141219185824018010072
009141219185824012070417
004141219185825012130214
002141219185825012130288
009141219185825012120464
001141219185826012060397
004141219185827012150195
001141219185827018010072
009141219185827012120476
008141219185827012100385
002141219185828012180261
009141219185828012100416
009141219185829012100416
008141219185829012070440
001141219185830013010700
004141219185830012170053
003141219185831012050356
002141219185831012140379
001141219185831018010059
008141219185831012080425
009141219185832013020833
004141219185834012180206
001141219185834018010059
003141219185834013010735
002141219185835012160300
009141219185835012110478
004141219185836012180258
009141219185836012120354
002141219185838012180253
004141219185839013030644
009141219185839012110160
009141219185840012110160
001141219185841013010479
003141219185841012050183
009141219185841012110397
008141219185841013020689
001141219185844012040410
009141219185844012080078
002141219185845012130267
008141219185845012120493
004141219185846013030264
003141219185846012020288
009141219185846012080418
001141219185847013010021
004141219185847013030440
002141219185848012150278
008141219185848012080284
001141219185849013010331
002141219185849019110027
009141219185849013020198
003141219185850013010244
004141219185850012140420
004141219185851013030641
009141219185851012070286
009141219185852012120454
008141219185852013020532
002141219185853013030222
001141219185855016000058
003141219185855012030317
004141219185855012150303
008141219185855012110143
009141219185855012070357
002141219185856012150305
001141219185856012010415
002141219185857012140235
004141219185858012150255
009141219185858012080427
002141219185859012130330
009141219185900015020620
001141219185901013010743
004141219185901013030119
009141219185901015020620
008141219185901015020679
002141219185902012130316
004141219185903012140388
001141219185904013010805
009141219185904012080430
004141219185905012130280
002141219185906012130338
009141219185906015020681
008141219185906012080343
004141219185907012130336
001141219185907012030305
002141219185907012180310
004141219185909013030609
009141219185909013020880
002141219185910012170309
006141219185910012130223
004141219185911012130264
002141219185912012150091
009141219185912012080467
003141219185913013010560
004141219185913012180046
002141219185913012150274
008141219185914012090357
003141219185915012040470
009141219185915012070384
002141219185915019030032
004141219185916012140167
002141219185916012160307
003141219185916012040397
008141219185917013020781
004141219185918013030399
009141219185918012100449
003141219185919012040353
004141219185920012150268
003141219185921012050009
009141219185921015020688
004141219185922012170056
008141219185922015020657
003141219185924012040376
004141219185925013030346
003141219185926013010646
008141219185926012110351
009141219185927012120448
006141219185927012130102
004141219185928012160315
002141219185928015030426
008141219185928013020748
001141219185929012050129
002141219185930012170194
009141219185930012070010
004141219185931012170218
001141219185933016000126
009141219185933013020866
004141219185934012140127
008141219185934013020780
002141219185935012170275
001141219185935016000126
002141219185936012170299
009141219185936012110486
004141219185937013030379
008141219185937013020876
001141219185938012050358
002141219185938012170277
004141219185938012170219
008141219185938012110466
009141219185938013020857
002141219185939012150309
001141219185939012050348
003141219185939012040477
001141219185939016000126
004141219185940012170127
002141219185941012160313
008141219185941012080394
009141219185941012120486
001141219185942012050234
004141219185942012170194
002141219185943012140475
003141219185943013010799
009141219185943012110424
002141219185943019050217
008141219185943012080459
002141219185945012130279
004141219185945012130295
009141219185945013020862
008141219185946012080468
003141219185947013010190
004141219185947012160231
009141219185947012100257
002141219185948013030642
004141219185949012180249
001141219185949012020008
008141219185949013020067
002141219185951012130290
004141219185951013030331
003141219185951013010795
006141219185952011000648
008141219185952012080457
004141219185953012130334
002141219185954012180308
003141219185954013010695
008141219185955012090394
004141219185957012180158
004141219185958012180144
002141219185958012140409
008141219185958012110378
009141219185958012110476
003141219190002013010598
004141219190002015030467
002141219190002019020061
008141219190002012110414
003141219190004013010567
002141219190004012140148
008141219190004012080135
004141219190005012130285
002141219190005012180297
003141219190006012040454
008141219190006013020826
009141219190007012080017
002141219190008012140474
004141219190008012170144
008141219190008012110164
003141219190009012040414
004141219190009012170073
002141219190009012140446
002141219190010012140363
002141219190010019010136
004141219190011013030622
008141219190011012070404
009141219190011012100405
009141219190013012070439
004141219190014012170258
008141219190014013020793
004141219190015012130341
009141219190015012070197
002141219190016012160243
008141219190017013020745
004141219190018012160285
009141219190018012100424
003141219190020012040373
004141219190020012170267
008141219190020013020610
001141219190021012020269
004141219190021012180262
008141219190023013020554
004141219190024012170279
003141219190024013010365
002141219190025012130049
008141219190026012080127
009141219190026012100224
004141219190027012160190
008141219190027012070193
003141219190029012050266
004141219190030012170193
009141219190031014020611
008141219190031012100367
006141219190032013020326
003141219190033013010702
002141219190036012140430
008141219190037013020873
002141219190039012160312
009141219190039013020803
004141219190041012140431
006141219190041012080163
009141219190041013020599
008141219190043013020858
008141219190046013020154
004141219190047012150307
002141219190048012150069
001141219190049013030157
008141219190049012110461
009141219190052012090414
008141219190055012100307
009141219190055013020819
009141219190056013020773
001141219190057015010786
003141219190058012040293
009141219190058015020678
009141219190101012120489
004141219190102012130322
009141219190104015020623
004141219190105012140408
008141219190106013020835
003141219190108012040445
004141219190110013030509
008141219190111012080007
004141219190114013030647
008141219190115012090344
003141219190119012030366
002141219190119013030509
004141219190123012140337
002141219190124015030431
004141219190125012170257
002141219190127012170303
002141219190127019030046
004141219190128012150301
003141219190129015010690
002141219190130019050212
004141219190134012160149
004141219190136013030458
002141219190136012130276
004141219190139012160136
002141219190140013030638
001141219190140012030300
004141219190141012140470
008141219190142013020811
004141219190145012140426
008141219190150012100400
002141219190151012140425
003141219190152012050353
008141219190153012070358
008141219190156012100169
002141219190158012140447
004141219190159012180282
009141219190201013020820
004141219190204013030607
004141219190206012140435
009141219190209012090267
002141219190210012180305
004141219190211012150171
004141219190217013030617
008141219190220013020428
008141219190221013020428
004141219190222012150100
004141219190223012150196
001141219190226016000025
004141219190227012150319
001141219190228016000025
008141219190228012080428
008141219190230012080360
004141219190231012140466
004141219190238012170217
008141219190242013020674
008141219190245013020849
004141219190248013030538
008141219190252012100280
004141219190255012130314
001141219190259012050367
004141219190300012130326
008141219190300013020747
004141219190307012170291
008141219190313013020425
004141219190314012160287
008141219190315013020884
009141219190317013020643
003141219190320012010405
004141219190323012170222
004141219190324013030510
009141219190328013020882
009141219190330013020882
008141219190332013020870
008141219190334012080414
008141219190337012070382
008141219190342012090345
004141219190347012130345
008141219190347012100323
009141219190350013020504
002141219190350019040001
004141219190353012140441
009141219190359012070392
008141219190410013020409
008141219190416012100436
004141219190421013030530
003141219190422012050350
004141219190424012160293
008141219190500012070366
004141219190506013030610
002141219190511012160012
002141219190512019050164
008141219190513012080454
008141219190515012080469
008141219190518012080454
002141219190518019030042
002141219190521019110040
002141219190525019110040
004141219190526019020149
009141219190527019020387
009141219190542015020022
008141219190544012080429
008141219190548012080364
008141219190553013020799
004141219190555013030246
009141219190556012080462
002141219190559019090016
002141219190605014030480
009141219190609012070414
002141219190621019030048
009141219190624012100443
002141219190627019080001
004141219190639015030445
006141219190648011000663
004141219190656012180275
004141219190702013030587
004141219190705012160021
002141219190725019050225
002141219190734019030025
002141219190739019020124
002141219190742019020083
002141219190749019050238
006141219190752011000663
006141219190759011000231
002141219190825019040035
002141219190843019020095
002141219190901019020007
008141219190924012110297
008141219190927012080366
009141219190930012080366
002141219190948012130263
002141219191051019010124
002141219191056019010119
002141219191102019010109
006141219191128012020013
002141219191203019010116
002141219191211019050195
001141219191239019050188
002141219191302019050196
004141219191319012180292
002141219191458019040009
002141219191501019070038
002141219191507019070014
002141219191513019040024
002141219191759019020392
002141219191819019060086
002141219191846019050193
002141219192158019050239
002141219192320019020383
002141219192337019020150
002141219192519019020127
002141219192523019020318
002141219192622019050230
002141219192629019050234
002141219192634019050246
002141219192652019050209
008141219192936019050094
009141219192946019050183
001141219193015016010080
001141219193019016010048
001141219193022016010032
001141219193026016010050
001141219193031016010056
001141219193036016010130
001141219193040016010106
001141219193045016010131
001141219193047019030043
001141219193050016010122
001141219193055016010121
001141219193058016010119
001141219193102016010073
001141219193106016010095
001141219193109016010079
001141219193113016010045
008141219193117016010129
001141219193245016010110
001141219193249016010105
001141219193303016010124
001141219193307016010125
002141219193506019050224
002141219193657012160310
002141219193739019060003
002141219193809019050237
002141219193813019050126
002141219193826019050148
002141219193858019050170
001141219193952019030050
002141219194220019060103
009141219194417019050244
002141219194434019060122
009141219194537015010696
002141219194608019050128
002141219194633019110005
002141219194807014030158
002141219194832019060084
003141219194843012020021
001141219194936015020500
009141219194953014020571
009141219195002014020588
009141219195006014020351
001141219195010014010592
009141219195010014020578
008141219195010014020088
009141219195011014020578
001141219195014014010587
009141219195016014020532
001141219195018014010609
009141219195018014020570
009141219195020014020532
009141219195022016000149
008141219195024014020530
009141219195024016000124
009141219195027014020586
009141219195030014020524
001141219195031014010200
009141219195033016000147
009141219195035014020424
003141219195036014010606
001141219195037014010570
002141219195037014030373
008141219195038014020617
009141219195038014020567
008141219195039014020416
009141219195040014020603
008141219195042014020632
001141219195043014010250
009141219195043014020231
008141219195045014020589
009141219195046014020554
008141219195046014020331
009141219195048014020619
002141219195049014030369
009141219195049015020604
008141219195050014020563
009141219195050015020674
002141219195051019050235
002141219195052014030447
008141219195052014020630
009141219195052015020643
008141219195054014020626
009141219195055014020631
009141219195057014020620
008141219195057014020606
008141219195058014020331
009141219195059015020647
001141219195101014010571
008141219195101014020582
009141219195101015020659
001141219195102014010444
001141219195103014010569
009141219195103014020628
008141219195104014020180
009141219195105015020663
008141219195105015020057
001141219195107013010446
009141219195107015020410
008141219195107015020057
009141219195108015020531
003141219195109014010606
008141219195109015020655
009141219195110015020663
001141219195111014010502
003141219195112014010492
008141219195112015020591
001141219195113014010432
009141219195113015020652
008141219195113013020515
003141219195114013010347
009141219195115015020667
001141219195116013010199
008141219195116014020616
009141219195116015020667
008141219195118014020565
003141219195119014010537
009141219195119015020685
001141219195120013010358
008141219195121015020461
009141219195121015020199
008141219195122015020540
003141219195123012030406
009141219195123015020598
001141219195124012010421
008141219195124013020783
009141219195125014020615
008141219195126014020443
008141219195129014020574
009141219195130015020641
003141219195135014010003
008141219195138014020623
009141219195139014020553
008141219195140014020625
009141219195143014020404
008141219195145014020562
008141219195146014020562
009141219195146014020417
008141219195149014020536
009141219195149014020523
008141219195151014020581
008141219195152014020288
009141219195153014020489
008141219195154013020626
009141219195156014020504
008141219195200015020658
009141219195203014020546
008141219195205014020020
009141219195206014020608
009141219195208014020633
008141219195208014020486
003141219195211012010011
009141219195211015020675
008141219195212014020525
008141219195216014020055
009141219195216015020640
009141219195218014020542
009141219195221014020435
009141219195222015020630
002141219195223019050026
008141219195224014020502
009141219195228014020511
004141219195229014030109
004141219195231014030021
009141219195233014020540
008141219195235012120483
009141219195236014020550
004141219195240014030368
002141219195241013030618
002141219195242014030452
002141219195243014030088
008141219195246012080266
009141219195246014020413
004141219195258014030430
006141219195315012020274
002141219195316014030072
002141219195318014030426
003141219195319012060426
006141219195319019100046
002141219195320014030159
004141219195322012130278
001141219195323015010737
004141219195323014030423
003141219195323012060221
002141219195324014030444
004141219195325014030490
002141219195327014030456
004141219195328014030160
002141219195329016000144
001141219195329012020228
003141219195329012020390
004141219195330014030267
004141219195331014030331
003141219195332012060359
002141219195332014030373
003141219195334015010783
004141219195334014030055
002141219195335014030475
004141219195336013030616
001141219195336013020881
003141219195337015010769
002141219195337013030349
001141219195339013020881
003141219195340012060396
002141219195340015030337
004141219195340014030150
003141219195341012040423
004141219195343014030475
001141219195343013020881
002141219195343014030289
003141219195343012040429
002141219195344019050241
002141219195345012130319
003141219195345012050359
003141219195347012050195
004141219195349012140462
002141219195349014030416
003141219195349012060364
003141219195351012060421
002141219195352019050241
001141219195353012030368
003141219195353013010672
002141219195353014030299
001141219195354012040438
001141219195356015010800
002141219195356014030096
003141219195356013010575
003141219195359013010726
002141219195359013030584
001141219195359012030335
009141219195359014020501
002141219195359019050112
001141219195400015010796
003141219195400012010401
003141219195401013010515
001141219195402012020311
002141219195402014030459
009141219195402013020460
001141219195403014010539
003141219195403012040337
004141219195404012130329
009141219195404014020634
002141219195404019020286
001141219195405012030335
003141219195405013010321
002141219195405014030478
009141219195406015020478
003141219195407013010693
002141219195407012160230
002141219195408014030387
002141219195410016000123
001141219195411012060005
004141219195411014030478
002141219195412014030458
004141219195413014030174
002141219195413014030374
003141219195414012010400
002141219195414012130312
001141219195415012060407
008141219195415013020761
004141219195416012130116
002141219195416014030374
003141219195418013010730
002141219195418012130329
001141219195418012020383
008141219195418014020618
004141219195419014030336
002141219195419014030484
004141219195420014030305
003141219195421012020002
001141219195422012060095
004141219195423012130059
002141219195424014030393
001141219195426012060349
004141219195427012180271
001141219195428012040465
001141219195431012060353
001141219195433012020383
004141219195434012130091
001141219195435015010766
004141219195438012140429
003141219195440012020403
003141219195441013010426
004141219195442012180272
002141219195443014030325
002141219195445014030381
002141219195447014030425
001141219195449012030376
002141219195449014030424
002141219195453014030390
001141219195454012010005
002141219195454014030454
003141219195455013010601
004141219195457013030485
001141219195457012030397
002141219195457012180257
003141219195458012020400
001141219195459012010292
004141219195500012130317
003141219195500012050311
009141219195500012080267
008141219195501013020867
001141219195502013010059
003141219195502012030403
004141219195502014030077
002141219195503012130014
001141219195504012020111
003141219195505015010805
004141219195505014030334
004141219195507012180159
003141219195507013010007
001141219195507012020324
009141219195507015020013
002141219195508012180106
001141219195509014010584
002141219195510012130284
009141219195510012070448
003141219195511013010807
001141219195512012010410
003141219195513012030405
009141219195514012110437
001141219195515012040473
003141219195515013010662
004141219195516012150297
003141219195517012040452
003141219195518013010505
001141219195518012060259
002141219195519019010135
002141219195520012130165
001141219195520012040403
002141219195520019010135
003141219195522013010787
009141219195522012070450
003141219195524012020389
001141219195525012060253
003141219195525012040355
009141219195525012070448
003141219195526013010653
001141219195527012030381
001141219195528012060416
008141219195528013020282
009141219195528012120393
003141219195529013010765
002141219195530014030250
001141219195531012040209
003141219195531012040476
009141219195533012080453
003141219195534012030194
009141219195534012080453
003141219195536012040406
001141219195536015010001
003141219195538012030377
001141219195539012020325
003141219195540012050366
002141219195541019110050
003141219195543012060420
001141219195545012040447
003141219195545013010666
004141219195546012150273
001141219195547013010650
003141219195548012040466
001141219195549014010157
002141219195550015030383
003141219195550012030303
001141219195551012060383
003141219195552012060389
002141219195552015030466
001141219195553012040222
003141219195554012040437
002141219195554015030101
004141219195554012140154
001141219195555012060403
003141219195556012050123
001141219195557012030361
002141219195558014030366
003141219195558013010791
001141219195559014010580
004141219195559012160134
001141219195600012060372
003141219195601012020279
002141219195601014030489
001141219195602012030361
003141219195602013010759
004141219195604012170293
002141219195604015030461
003141219195604013010771
004141219195605012180287
001141219195605012040464
002141219195605019050214
002141219195606015030187
003141219195607012020391
002141219195607015030442
001141219195607015010753
004141219195607013030550
002141219195608015030187
001141219195608012040405
003141219195609013010606
002141219195609014030087
002141219195610015030279
001141219195610012060368
004141219195610014030440
006141219195610013010117
003141219195611012040382
001141219195611012010385
002141219195612015030478
001141219195613012020086
003141219195613012050345
004141219195614012150311
001141219195615013010006
002141219195615014030438
003141219195615012030266
009141219195615012080470
003141219195616013010776
001141219195617012050238
002141219195617015030244
004141219195617014030087
009141219195617012080470
008141219195617014020470
008141219195618014020470
004141219195619015030371
001141219195619012060405
003141219195619015010687
002141219195619012150135
001141219195621012040131
002141219195621015030458
003141219195621015010751
008141219195621014020627
003141219195622013010740
004141219195622015030343
008141219195622014020627
009141219195622012110479
004141219195623015030246
002141219195624014030471
003141219195624012030355
004141219195624012180299
001141219195624013010454
002141219195625015030389
008141219195625012070445
002141219195626015030402
001141219195626014010607
003141219195626012060374
002141219195627015030389
001141219195628012020382
003141219195628012060379
008141219195628012120461
004141219195629012180307
002141219195629015030402
008141219195630012090391
001141219195631012040433
003141219195631012020300
002141219195632015030395
001141219195632012060007
004141219195632015030439
003141219195632012020381
008141219195632012120499
009141219195633012070429
002141219195634015030438
003141219195634012060166
004141219195634012130270
001141219195636014010103
004141219195636012130075
003141219195636013010550
009141219195636015020676
002141219195637012160272
002141219195638015030478
008141219195638012120124
009141219195638012090388
002141219195639015030451
003141219195639013010001
001141219195639012020348
004141219195641014030279
003141219195641013010529
002141219195641015030410
001141219195642012030404
002141219195642015030351
008141219195642015020545
009141219195642012090375
001141219195643015010802
003141219195643012060427
008141219195644012120402
001141219195645015010795
004141219195645015030451
002141219195646015030468
003141219195646012030400
003141219195647013010763
009141219195647015020687
004141219195648015030475
001141219195648012030256
002141219195649015030477
008141219195649012090393
009141219195649015020687
004141219195650015030443
003141219195650012030230
001141219195650014010578
001141219195651014010614
002141219195651012140405
002141219195651019010108
004141219195652015030410
003141219195652015010794
008141219195652012090404
001141219195653012020162
002141219195653013030563
004141219195654012140463
003141219195654012030387
002141219195656015030476
001141219195656012060431
001141219195657012060387
003141219195657013010009
004141219195657014030470
001141219195659012040471
004141219195659015030457
002141219195659014030031
003141219195659012060410
001141219195701012050344
003141219195701013010781
008141219195701012100312
004141219195702012150190
004141219195703012160272
003141219195703012010422
001141219195704015010780
008141219195704012090396
009141219195704012110485
002141219195705012150263
004141219195706012140043
001141219195706012010419
009141219195707012110489
008141219195707012110400
002141219195708012150226
004141219195709014030437
003141219195709012020367
009141219195709012120395
001141219195710012030329
004141219195710015030465
006141219195710012050085
003141219195711013010294
002141219195711012160280
008141219195711012120412
009141219195712015020618
004141219195713012150294
008141219195714012100364
002141219195715012180157
003141219195715012030390
004141219195715012150290
009141219195715015020541
008141219195715012100358
001141219195717012010340
004141219195717012180278
002141219195717019020349
009141219195717015020618
008141219195718012110446
003141219195719012060414
004141219195720012180185
009141219195720015020535
003141219195721013010004
006141219195721012020279
002141219195721019050220
008141219195721012120196
003141219195723013010541
009141219195723012070187
004141219195724012150312
009141219195725015020664
003141219195726013010522
001141219195726012030304
002141219195726015030388
008141219195727013020702
009141219195727012090351
002141219195728012160275
004141219195728012150102
003141219195729012060434
001141219195729012020385
009141219195729012090291
002141219195729019050091
009141219195730012090406
001141219195731015010761
008141219195731013020852
003141219195732012060432
009141219195733012090399
003141219195734013010768
002141219195734014030448
008141219195734012090035
008141219195735012120475
002141219195737014030399
003141219195737013010296
008141219195737012110087
009141219195738012120463
003141219195739012040459
004141219195740012150286
008141219195740012110474
009141219195740012120143
006141219195741012020010
009141219195741012070442
008141219195744012100418
009141219195744012120494
006141219195745012040300
009141219195746012110477
008141219195747012080350
002141219195748012150304
009141219195748015020660
001141219195749012060415
006141219195749011000632
003141219195750012060398
004141219195750012140225
002141219195750012140086
008141219195753012110354
002141219195754012140458
003141219195755012050315
009141219195755015020386
004141219195757012140471
002141219195757012130120
008141219195757012110223
003141219195758012050204
009141219195759012110377
002141219195800012140457
002141219195800019010108
008141219195800012100430
003141219195801012050354
009141219195801012120477
004141219195803012170295
008141219195803012100334
008141219195804015020686
002141219195804019020307
009141219195804012070331
001141219195807012010162
004141219195807012140444
009141219195807013020883
008141219195807012110480
009141219195809012090343
008141219195809012110151
001141219195811012010424
009141219195811012070443
004141219195812012180296
003141219195812012020368
008141219195812012090400
009141219195812012110484
003141219195815012050368
004141219195815012160256
008141219195815012100201
009141219195815012100431
009141219195816012100431
002141219195817012140389
008141219195817015020635
009141219195817012070148
001141219195819015010787
003141219195820012030372
002141219195820012140452
008141219195820012100380
009141219195820012110406
009141219195821012100347
008141219195822012090279
004141219195823012180263
002141219195823012140468
009141219195824012100006
008141219195825012100322
008141219195826012070090
004141219195827012150310
001141219195827012030242
008141219195828012120199
004141219195831012180171
008141219195831012100350
008141219195832012100403
004141219195833012150283
008141219195835014020598
004141219195836012180212
008141219195838012110382
009141219195838012080373
009141219195839012070421
001141219195840015010789
004141219195840012150295
008141219195841012110421
009141219195841012070308
009141219195843012120487
008141219195844013020574
006141219195844011000517
001141219195845012040444
009141219195845012090368
002141219195846014030365
003141219195846012060384
001141219195846015010808
004141219195847012180313
008141219195848012100446
003141219195849012040469
008141219195850012110367
003141219195851015010717
001141219195851015010784
009141219195852012120490
008141219195853013020738
002141219195854012150314
009141219195854013020832
004141219195855012160236
003141219195855012060369
009141219195856012100451
008141219195856012120434
002141219195857015030434
001141219195857015010752
008141219195857012100329
004141219195859014030056
003141219195859013010788
008141219195900012090330
009141219195900012070006
003141219195901012060356
009141219195901012070006
009141219195902012070321
008141219195902012090256
003141219195904013010270
004141219195904012160271
008141219195905012080456
008141219195906012080424
009141219195906012070407
001141219195907012040458
003141219195908012050365
004141219195908012160104
009141219195910012090407
008141219195910012090350
001141219195913012010361
009141219195913012070407
008141219195913012090272
002141219195915012130343
003141219195916015010791
008141219195916012120377
006141219195916011000636
008141219195917012090302
009141219195919015020624
009141219195920012090407
001141219195921012020398
002141219195921019020397
008141219195921012090417
009141219195921015020624
006141219195922011000086
003141219195923013010714
001141219195923012060378
008141219195923015020568
004141219195924013030614
008141219195924012090408
002141219195925019050152
009141219195925012090410
001141219195926012010327
002141219195926012150250
008141219195926012100398
006141219195926011000440
004141219195927012140422
001141219195928015010774
009141219195928012100441
008141219195929012120368
006141219195929011000691
004141219195930012170292
009141219195930015020577
003141219195931012050347
008141219195931012080375
006141219195931011000643
009141219195932012100434
004141219195933012170178
008141219195933012070431
009141219195933015020639
009141219195934015020577
006141219195934011000704
004141219195935012150198
009141219195935015020639
006141219195936011000720
008141219195936012100429
006141219195936011000690
001141219195937012060422
009141219195937012100434
008141219195938012100445
008141219195939012070410
006141219195939011000690
004141219195940015030368
009141219195940012100434
008141219195941012120433
004141219195942015030306
006141219195942011000662
009141219195943012100432
001141219195944014010053
004141219195944015030368
008141219195944012100394
006141219195945011000343
001141219195946014010241
009141219195946012100432
008141219195946012070438
004141219195947015030437
006141219195948011000283
008141219195949013020438
004141219195950012170020
009141219195951012070447
001141219195952014010613
006141219195952011000686
008141219195952012090339
004141219195953012170228
008141219195954012100327
002141219195955012140442
002141219195956015030455
004141219195956012130210
009141219195957015020451
008141219195958013020753
002141219195959012180252
004141219195959012130205
006141219195959011000568
004141219200001012130335
002141219200002012180252
006141219200002011000491
009141219200002012110483
002141219200003012140442
004141219200004013030562
008141219200004012080225
004141219200005013030636
002141219200006012150299
009141219200006012110481
002141219200007012160291
008141219200007012080438
004141219200008012150320
001141219200009015010804
004141219200009013030071
009141219200009012120488
002141219200010013030596
003141219200010014010524
008141219200010013020706
001141219200012014010604
004141219200012012140473
008141219200012013020721
009141219200012012120488
002141219200013015030262
004141219200013012160143
003141219200013014010436
001141219200014014010525
009141219200014012090220
001141219200016014010604
003141219200016012100442
002141219200016012180266
009141219200016012090220
006141219200016011000581
004141219200017012160163
009141219200018012090150
001141219200019014010563
002141219200019012140469
008141219200019012080361
006141219200021011000439
009141219200022012070441
008141219200022012080114
002141219200023012160222
002141219200023019110014
004141219200024012170286
008141219200025012110455
006141219200025011000343
004141219200027012140469
008141219200027012110464
009141219200028012100252
002141219200029014030356
006141219200029011000719
002141219200029019020326
001141219200030012030402
004141219200030012170298
008141219200030012080346
001141219200032015030112
008141219200032012080380
004141219200033012180284
004141219200035012180312
008141219200035012070426
002141219200036019020353
004141219200037012180276
001141219200038015010615
008141219200038012070244
004141219200039013030498
001141219200040014010208
003141219200040015010610
002141219200040019050242
009141219200040012090380
008141219200041013020387
003141219200043012060360
002141219200043012150315
004141219200043012170195
008141219200044012110427
002141219200046012130337
008141219200047012100047
009141219200047012090372
004141219200048012160114
008141219200049012080466
004141219200051012160233
004141219200052012160087
003141219200052012030402
008141219200052012080452
008141219200054012080413
009141219200054015020580
001141219200055014010267
009141219200056015020671
002141219200057012160296
004141219200058012140445
009141219200059015020029
006141219200100014010053
001141219200101012010190
004141219200101013030590
002141219200101019050216
009141219200101015020677
002141219200102013030518
004141219200103012150270
001141219200104012010364
009141219200104012090416
002141219200105012140445
001141219200107012010010
008141219200107015020668
009141219200107012080123
009141219200108012080297
004141219200109012170284
001141219200110012040367
009141219200110012080447
004141219200112012150098
001141219200113012010423
009141219200113012100419
008141219200114015020654
006141219200115011000740
009141219200116012090379
008141219200117015020646
004141219200118012140088
009141219200118012100450
009141219200120012080383
008141219200122012090333
009141219200122015020502
004141219200125012150287
001141219200125014010608
002141219200125019050228
008141219200126013020606
009141219200127013020822
004141219200129012160075
008141219200129013020562
008141219200131012070360
004141219200136012180251
001141219200137012030333
004141219200141012140443
002141219200142015030362
002141219200148012160224
006141219200148011000735
002141219200151015030386
008141219200151012090402
002141219200152012170305
004141219200154012160224
001141219200154014010581
002141219200155015030441
008141219200157012100218
001141219200159014010424
002141219200201012170287
002141219200201019020079
008141219200201012100223
004141219200203012150241
002141219200204012170077
002141219200207012170271
006141219200207011000683
004141219200208012140421
004141219200210012180277
002141219200211012170235
009141219200211012120414
001141219200212014010295
004141219200213012140460
008141219200216012090423
004141219200218012170297
004141219200222012170207
008141219200229012120482
009141219200229015020638
008141219200240012080396
002141219200243019020301
008141219200244012070427
008141219200245013020813
008141219200253012120256
008141219200254012120256
008141219200301015020680
002141219200305015030444
001141219200305014010603
004141219200307012180259
004141219200316015030168
004141219200318015030356
002141219200318012130254
006141219200318011000737
002141219200321015030469
002141219200321019110049
002141219200323015030470
002141219200328019110033
004141219200330012180301
004141219200333012160282
004141219200338012160088
006141219200340011000595
004141219200341012160282
009141219200341012070428
009141219200342012070432
004141219200344012170146
006141219200346012080131
004141219200347012170265
002141219200348012150203
002141219200349019110048
004141219200350012160085
004141219200353012150203
004141219200400012150295
002141219200409019030033
009141219200410014020592
009141219200411014020592
008141219200420012090411
008141219200422012070387
002141219200424019020273
008141219200425012070411
002141219200426015030436
008141219200429012080189
002141219200431015030247
008141219200431012110004
008141219200434012120421
006141219200434011000398
006141219200438011000687
002141219200439019060123
009141219200439012120421
009141219200440012120350
006141219200441011000203
002141219200443019060119
002141219200447019060107
002141219200452019110046
001141219200454014010526
006141219200459011000165
006141219200502011000668
002141219200506019020333
002141219200507015030423
004141219200509012160301
006141219200513011000120
002141219200520019020263
002141219200524019020394
008141219200527012090335
002141219200528019050240
003141219200545012050364
002141219200548019020103
006141219200549011000738
006141219200555011000675
004141219200558012170266
004141219200626012180260
004141219200638012150249
006141219200700011000388
001141219200741019020373
001141219200748019020402
004141219200751019020180
003141219200814012050357
002141219200816019110013
003141219200817012050363
001141219200823019020340
006141219200828011000078
002141219200840019020212
003141219200842019020282
002141219200842019020327
002141219200846019020382
001141219200916014010617
001141219200918014010615
002141219200918019030033
002141219200933019060001
006141219200938011000277
002141219200938019060097
001141219200945015010632
001141219200947015010693
002141219200949019060124
002141219200955019020186
001141219200957015010797
002141219200959019020323
003141219201001015010798
001141219201002014010565
002141219201003019020393
002141219201005019020379
001141219201006015010129
001141219201012015010790
002141219201013019020363
002141219201020019020389
002141219201025019020346
002141219201032019020378
002141219201038019050245
002141219201041019020398
006141219201049011000731
006141219201052011000656
002141219201055019020399
006141219201056011000656
006141219201058011000410
002141219201104019020313
002141219201110019020231
001141219201120015010682
001141219201121015020563
001141219201125015020469
001141219201128015010716
001141219201131015010793
001141219201133015010788
001141219201135015010669
002141219201136019110006
001141219201137015010473
002141219201139019020372
001141219201140015010683
002141219201142019020221
001141219201144015010678
002141219201145019020335
001141219201146015010668
002141219201147019020275
003141219201148015010596
001141219201149015010781
002141219201153019060114
001141219201201015010692
001141219201211014010452
006141219201218011000666
006141219201254011000681
001141219201320019060076
002141219201343019050213
002141219201456019020374
006141219201503019100065
002141219201507019110037
002141219201508019110037
002141219201708019060120
002141219201711019060113
002141219201742019020368
002141219201755019050084
002141219202216019020401
002141219202218019020401
002141219202235019100044
002141219202429019060095
002141219202706019070031
006141219203035011000736
001141219203107016010082
001141219203113016010098
001141219203117016010090
002141219203152019070001
002141219203200016000090
006141219203303019100063
002141219203449019100039
001141219203502016010024
001141219203506016010120
002141219203506019100028
002141219203724019100013
002141219203729019100052
002141219204332019030049
006141219205219019100066
006141219205305019100008
001141219205306014010066
006141219205308019100008
001141219205309015010407
001141219205314014010573
001141219205318014010338
001141219205324014010605
001141219205327014010457
003141219205330014010575
001141219205330014010510
001141219205408014010440
001141219205412014010068
001141219205416016000064
002141219205435019040020
002141219205436019040020
006141219205449019100068
006141219205454019100002
006141219205507011000715
006141219205510011000715
002141219205528019040030
002141219205530019040030
006141219205533011000682
006141219205535011000534
006141219205537011000682
001141219205539014010555
002141219205545019040023
001141219205548014010460
001141219205552016000169
002141219205554019100071
001141219205555014010612
003141219205557019110043
001141219205557014010536
002141219205558019040028
003141219205559014010011
006141219205605019100067
001141219205607014010411
006141219205608019100067
001141219205611014010535
001141219205612015010017
006141219205615011000566
006141219205621011000678
001141219205625014010493
006141219205704011000713
006141219205707011000670
006141219205709011000713
006141219205712011000262
006141219205717011000635
002141219205722019040033
002141219205724019040021
006141219205725011000001
002141219205729019040034
002141219205733019040012
006141219205735011000498
002141219205735019040006
002141219205738019040036
006141219205746011000730
006141219205753011000724
006141219205757015090632
006141219205801015090632
002141219205804019100072
006141219205804011000726
006141219205806015090633
006141219205807015090632
006141219205810011000710
006141219205813011000739
006141219205815015090628
006141219205817015090608
006141219205821015090608
006141219205825015090618
006141219205826015090608
006141219205828015090616
006141219205831011000677
002141219205832019100018
006141219205836015090629
006141219205839015090620
006141219205841015090611
006141219205844015090580
006141219205847015090627
006141219205849011000263
006141219205851011000706
006141219205854011000594
006141219205855011000263
006141219205858015090631
002141219205858019040032
006141219205902015090617
006141219205904011000586
006141219205907011000692
006141219205911015090568
006141219205914011000573
006141219205919011000574
006141219205925011000051
006141219205928011000041
006141219205932015090621
006141219205935011000408
006141219205940011000408
006141219205959011000654
006141219210001011000654
006141219210004011000640
006141219210006011000601
006141219210010011000640
006141219210013011000718
006141219210016015090579
006141219210021011000627
006141219210024011000422
006141219210027011000422
006141219210030011000627
002141219210228019030022
002141219210722019010087
001151219071702016010045
001151219071711016010130
001151219071715016010119
001151219071719016010098
001151219071728016010056
001151219071842016010095
001151219071846016010105
001151219072134016010081
001151219072236016010106
001151219072326016010050
001151219072401016010073
009151219072402016010129
001151219072409016010048
001151219072432016010080
001151219072436016010032
001151219072508016010120
001151219072514016010071
001151219072539016010110
001151219072626016010131
001151219072627016010131
001151219072628016010131
001151219072733016010090
001151219072749016010122
001151219072756016010125
002151219072822019060084
002151219072831019010119
001151219072855016010079
002151219072906019030046
001151219072932016010082
001151219072943016010100
002151219073003019060101
001151219073009016010024
002151219073026019060123
001151219073045016010077
002151219073045019060003
002151219073048019020083
002151219073057019110027
001151219073122019010125
002151219073208015030444
002151219073211015030444
006151219073215011000051
002151219073227014030055
002151219073234012160275
001151219073300016010124
001151219073306016010121
002151219073310019050094
001151219073315016010127
009151219073315013020255
009151219073326012070187
009151219073349015020671
006151219073351013020543
002151219073423014030374
002151219073424019100046
006151219073539011000359
001151219073616016010084
006151219073645019100067
006151219073649019100067
002151219073651019030048
002151219073658019020374
002151219073712019060122
009151219073723013020438
002151219073727019030001
009151219073729013020723
006151219073738012010019
002151219073755014030421
009151219073758015020687
009151219073806013020849
009151219073822014020451
006151219073823012160021
002151219073841019020402
006151219073843011000491
002151219073847019020401
002151219073858012170279
006151219073901011000675
001151219073905016010123
002151219073907012180305
002151219073912016000090
002151219073919013030624
002151219073933012130312
009151219073933012070414
009151219073935012070414
002151219073936015030473
006151219073936013010001
002151219073937015030476
009151219073942014020588
002151219073955019010087
009151219073957013020703
002151219074003019030047
002151219074011019060113
002151219074043019050188
002151219074114019050195
002151219074128019020231
002151219074129013030466
002151219074136012150249
008151219074138012070006
009151219074141013020532
006151219074149011000165
006151219074152011000165
002151219074156019050216
002151219074202013030386
002151219074204013030625
003151219074207012030349
003151219074210014010606
002151219074211019060119
001151219074213013010479
003151219074214012030402
003151219074217012030335
009151219074223012100311
009151219074224012100311
006151219074225013010270
002151219074226019100039
003151219074230013010771
002151219074232019060107
003151219074239012030276
001151219074243012010410
002151219074250019020313
009151219074251012120489
003151219074258012060426
001151219074301012060372
002151219074302019050245
002151219074306012180299
002151219074306019020180
002151219074313019110006
002151219074314012160136
006151219074314013020067
001151219074316012050331
006151219074326011000692
001151219074333012030333
002151219074343012170305
002151219074346013030592
002151219074348012180046
002151219074350012180252
001151219074359015010737
008151219074359012070445
009151219074404012070407
009151219074406013020692
008151219074410013020683
002151219074411012150190
002151219074414012160282
002151219074418015030368
006151219074419011000730
001151219074423013030157
008151219074426012090417
001151219074428019020282
008151219074429015020668
002151219074430019050084
008151219074432013020851
001151219074434012060369
008151219074435012080380
002151219074436019060086
009151219074436015020620
009151219074437015020620
002151219074440019100032
003151219074442013010677
001151219074442018010054
002151219074444019020061
008151219074445013020387
002151219074448012150073
008151219074448013020873
001151219074451014010584
008151219074451012070429
002151219074452019010136
002151219074453012130343
009151219074454013020864
002151219074458012140474
002151219074459019050128
002151219074500013030443
006151219074503013010321
002151219074505019050164
003151219074506012040293
006151219074508015090568
002151219074509019020353
003151219074511012060396
001151219074517016000073
009151219074519012110482
001151219074520016000152
008151219074521012070437
002151219074522012180251
002151219074522019110014
002151219074525015030465
009151219074525012080467
008151219074527014020501
002151219074530012150135
008151219074530012120473
002151219074533019020399
002151219074535013030565
002151219074539019050242
006151219074539013010009
003151219074541015010687
002151219074546019040001
008151219074547013020606
002151219074548014030239
008151219074550013020562
002151219074552013030646
002151219074552019070014
008151219074554012090393
002151219074559019050239
006151219074600014030174
001151219074601014010565
002151219074603012150270
001151219074605012020333
002151219074606013030509
002151219074618012180308
008151219074621012090256
002151219074622012150274
002151219074625012140167
009151219074626015020675
001151219074631014010570
002151219074632012160256
002151219074633019020286
006151219074634011000573
003151219074639012060384
008151219074640012080189
003151219074641012040442
002151219074641019020127
002151219074642012150091
008151219074649012110437
001151219074651018010072
001151219074654018010072
009151219074656012120484
002151219074658019020186
003151219074700012040192
008151219074700013020821
003151219074704013010550
001151219074705012010419
003151219074707012060374
004151219074709012180284
003151219074710012050225
006151219074711019100066
004151219074712012160075
004151219074715012150318
009151219074716015010696
008151219074718014020525
009151219074719015020652
009151219074722013020763
008151219074722012070387
009151219074723013020763
003151219074724013010505
009151219074724013020599
006151219074727011000445
009151219074727012080343
002151219074727019020383
003151219074730013010007
008151219074730012100411
003151219074734012050363
008151219074734012110367
009151219074734012100006
002151219074735019070038
004151219074738012150196
006151219074738011000343
001151219074739012040433
003151219074740012050313
001151219074742015010797
008151219074745012110297
002151219074745019030045
009151219074745013020855
003151219074747013010199
004151219074749013030629
003151219074749013010759
006151219074751011000683
004151219074752013030545
003151219074755012040470
008151219074755012110400
004151219074756013030246
002151219074756012130250
006151219074756011000715
002151219074756019060114
002151219074758014030226
003151219074758013010601
008151219074758013020824
004151219074759012170292
002151219074800019020007
006151219074800011000715
002151219074801012150283
003151219074801012030387
009151219074802013020884
001151219074803012060095
008151219074803013020858
003151219074804012030036
006151219074804012040209
002151219074805012130297
009151219074805012090375
001151219074806012030404
004151219074806012160224
008151219074808012090302
006151219074808013020068
003151219074809012050368
004151219074810012180171
009151219074811013020859
004151219074813015030343
003151219074815012050254
006151219074817011000725
006151219074821011000473
003151219074823012040447
008151219074824013020745
006151219074825011000498
008151219074826015020029
006151219074827011000737
001151219074828012020324
008151219074828012070435
001151219074829016000157
008151219074830015020635
009151219074830015020640
001151219074832016000112
004151219074833013030590
009151219074833012070010
002151219074834015030434
001151219074834015010692
004151219074835012170218
008151219074835013020755
002151219074836012170277
009151219074836014020635
004151219074838012130319
001151219074838012020348
008151219074838015020679
004151219074841015030443
009151219074841012090372
004151219074843013030379
003151219074843012010364
008151219074843012100312
009151219074845014020633
004151219074846013030571
003151219074846013010772
008151219074846012100284
006151219074847011000594
002151219074848012160291
004151219074849014030342
008151219074849014020523
003151219074850013010347
008151219074851012100429
004151219074852012170193
008151219074854012100322
002151219074855015030436
006151219074856011000699
002151219074900019020377
009151219074901012080431
001151219074903012010340
009151219074903012100434
009151219074904012100257
008151219074904012090404
001151219074905014010033
001151219074907012040438
009151219074907013020818
008151219074907012090267
003151219074909013010541
009151219074910012100416
008151219074910012100434
006151219074911015090580
002151219074911019100070
008151219074912013020674
003151219074915012010387
004151219074915013030516
008151219074916012100134
001151219074917012040444
003151219074919013010426
008151219074919013020738
003151219074920013010776
006151219074920015090618
001151219074921014010614
001151219074921018010067
004151219074921012170144
008151219074922013020758
004151219074923012130341
001151219074923015010669
006151219074924011000651
001151219074926016000062
001151219074926015010788
003151219074927013010795
004151219074927012140466
003151219074930013010662
002151219074930019020349
008151219074930012070428
001151219074931013020180
001151219074932012020385
008151219074932014020504
001151219074933015100546
003151219074933012060414
001151219074934015010632
004151219074934012140445
008151219074934012110151
001151219074935012060007
002151219074935019050026
001151219074937012010361
006151219074937013030003
008151219074937012110427
006151219074938013030176
001151219074939014010201
003151219074939012030355
008151219074940012080466
001151219074942012060405
008151219074943013020878
003151219074944013010799
006151219074946011000717
009151219074946015020658
008151219074946013020879
006151219074948011000727
003151219074949012010426
002151219074949019020149
006151219074950011000718
001151219074951019110051
001151219074952016000126
008151219074952013020850
003151219074953013010651
002151219074953019010108
006151219074953011000639
001151219074954016000126
002151219074954019010108
008151219074955012080284
001151219074956016000126
009151219074956013020831
006151219074956011000564
001151219074957016000126
002151219074957019020103
006151219074958011000713
008151219074959012090333
003151219075000013010672
001151219075001014010460
006151219075002011000729
003151219075003012030372
003151219075005012050315
008151219075005013020651
006151219075005013020240
003151219075007015010798
001151219075007013010549
003151219075008012060364
009151219075009015020535
002151219075009019100008
006151219075009011000713
001151219075010013010035
006151219075012011000710
009151219075013015020676
001151219075014014010068
003151219075015013010768
006151219075015015090621
004151219075016014030334
008151219075017015020655
006151219075018015090620
003151219075019013010800
004151219075021015030246
003151219075022012010414
003151219075024019110043
006151219075024011000736
008151219075025015020646
002151219075025019020150
002151219075027014030424
004151219075028012170195
009151219075030012100400
008151219075031013020844
002151219075032019050112
009151219075034013020188
003151219075035013010758
004151219075035012170257
002151219075035019010116
009151219075035015020604
002151219075036014030159
003151219075038013010788
006151219075039012020037
003151219075040013010770
001151219075041012050224
004151219075042012130264
003151219075044012050364
008151219075045012120498
003151219075046013010577
009151219075046015020667
002151219075046019040035
004151219075049012180158
003151219075049012050307
008151219075049012070421
004151219075052012160163
003151219075052012030400
009151219075052012110438
008151219075052012120434
003151219075054012020121
008151219075054013020823
004151219075055014030426
001151219075055012050308
009151219075055012100347
003151219075057013010606
009151219075057012070286
004151219075059012140462
008151219075100012100403
009151219075100014020092
003151219075101012040466
004151219075101012130120
008151219075102012090383
003151219075103013010787
006151219075103011000740
008151219075105012100431
003151219075106012040469
004151219075106014030325
002151219075106019110033
006151219075108015090617
008151219075108014020606
003151219075109012040452
004151219075110012010341
008151219075110012110404
006151219075110014010053
001151219075111014010411
003151219075112015010751
001151219075112014010424
008151219075113015020657
003151219075114013010781
001151219075114015010787
006151219075114014010241
001151219075116012060349
008151219075116012110353
001151219075117012040403
006151219075118015090579
002151219075118019020389
008151219075118013020542
009151219075119012090348
003151219075120012060434
004151219075121013030339
002151219075121019020318
009151219075121012090341
008151219075121012100218
001151219075122012050344
002151219075122015030469
008151219075123013020766
001151219075124013010797
004151219075124013030366
006151219075124011000388
008151219075124014020632
009151219075124012070448
001151219075126016000101
006151219075126011000258
002151219075126019050225
001151219075127015010753
008151219075127012110484
001151219075128016000101
001151219075128012020352
008151219075129012090344
006151219075129011000388
001151219075130015010758
004151219075130012140434
008151219075131012070193
009151219075131012100424
004151219075132013030458
006151219075132011000687
002151219075133013030638
001151219075133012060383
008151219075134012080375
004151219075135013030498
001151219075135015020500
004151219075136012180276
006151219075136011000041
008151219075136012080463
002151219075138012140379
001151219075138014010357
006151219075138013010392
008151219075138013020761
001151219075139013010755
004151219075141013030622
001151219075141015010752
008151219075141015020686
009151219075141013020017
002151219075142012160306
008151219075143015020545
004151219075144012170231
006151219075144019100008
009151219075144013020808
001151219075144013010700
003151219075145012010162
002151219075145014030404
008151219075146013020644
001151219075146012050358
009151219075147014020542
001151219075148015010001
006151219075148011000724
008151219075149013020411
003151219075151012040476
006151219075151011000388
008151219075152012080452
001151219075152013010021
001151219075153012040461
009151219075154013020820
001151219075154012040462
003151219075155012010329
008151219075156012120412
009151219075156012110143
001151219075156012050217
002151219075158019040024
001151219075200012010011
004151219075201013030240
002151219075201019020307
003151219075202012020390
009151219075202012110377
006151219075203012110223
004151219075204012140456
003151219075204013010695
001151219075204012060397
003151219075206013010624
002151219075206012130165
006151219075206011000283
004151219075207012140435
003151219075208013010806
002151219075208012150250
001151219075208012010409
006151219075209011000574
004151219075210012140444
001151219075211015010763
003151219075211012060229
002151219075211014030366
001151219075211012040458
008151219075211013020793
003151219075212012040423
006151219075212011000120
002151219075213015030466
004151219075213013030506
009151219075213012110481
008151219075214013020795
009151219075215012110373
002151219075215019030042
001151219075215012030352
003151219075216012030342
004151219075216013030546
002151219075216012170266
006151219075216011000722
009151219075217014020088
002151219075218013030518
004151219075218013030507
008151219075218012080135
001151219075218014010563
009151219075219013020868
003151219075220012040414
001151219075220012040468
006151219075220011000732
002151219075221012140235
004151219075221012170258
009151219075222013020868
001151219075222012050309
008151219075222012110446
004151219075224013030508
002151219075224012130327
003151219075224015010668
008151219075224012070244
009151219075225012070331
001151219075226012040354
008151219075227014020486
001151219075227015010807
009151219075229012120487
008151219075229014020630
002151219075231012170271
009151219075231012120476
008151219075231013020685
004151219075232012180249
004151219075234014030490
009151219075235012120490
004151219075236013030482
003151219075236012030304
001151219075236014010502
006151219075236013030188
008151219075237015020502
004151219075238012180278
002151219075238014030393
001151219075238012020285
003151219075239012050357
002151219075239019050246
004151219075240013030448
006151219075241011000694
003151219075242012050356
008151219075242015020469
006151219075243011000643
003151219075244012050345
004151219075244012160271
001151219075244013010712
001151219075245015030454
008151219075245012100423
006151219075246011000601
003151219075247012030266
008151219075247012100318
009151219075248012100432
001151219075248014010316
006151219075249012110164
008151219075249012110466
001151219075250013020881
009151219075250012120479
004151219075251012150241
003151219075251012060166
009151219075251012120479
008151219075252014020562
003151219075253014010603
006151219075253011000517
001151219075254012070449
006151219075254012020340
009151219075255013020832
008151219075255012080457
003151219075256015010791
001151219075256013020881
009151219075257012080383
002151219075257019060095
001151219075258019060076
002151219075258019060095
006151219075258011000525
008151219075258012110461
001151219075259015100557
004151219075300012170146
008151219075301014020625
009151219075301012120481
006151219075301012110087
001151219075301015010800
003151219075302012010309
004151219075303012160285
008151219075303012080419
001151219075303014010011
009151219075303013020198
006151219075304016010086
004151219075305012140457
003151219075305014010003
001151219075306015010785
009151219075306013020504
008151219075306014020581
006151219075306013020412
004151219075307013030084
003151219075308013010654
001151219075308012050360
006151219075308011000678
002151219075309012160300
008151219075309012110455
004151219075310014030478
003151219075310012050350
009151219075310014020426
004151219075312015030371
002151219075312019050238
008151219075313012090335
009151219075313019050244
006151219075313011000078
001151219075315019020340
003151219075315012100442
002151219075315014030289
009151219075315012070148
004151219075316013030641
002151219075316019100028
008151219075316013020769
006151219075316012040300
003151219075318014010208
004151219075318013030382
002151219075318012160230
001151219075318015030112
006151219075318011000568
008151219075318015020680
001151219075319012060360
009151219075319012080448
008151219075320012100323
003151219075321012040473
004151219075321012150320
006151219075321015090632
008151219075322014020574
004151219075323014030440
001151219075323016000163
001151219075324015010683
006151219075324011000598
008151219075324012100405
002151219075325015030455
001151219075325015010473
002151219075325019020326
001151219075326016000163
006151219075326011000741
003151219075327013010560
002151219075327015030410
001151219075328014010592
008151219075328012080017
009151219075328014020411
002151219075329012130263
004151219075329012150287
006151219075329011000681
009151219075330012100449
008151219075330012070264
004151219075331012140470
003151219075332013010625
009151219075332012110412
002151219075332019020397
006151219075332011000700
008151219075333013020780
006151219075334011000739
004151219075335015030445
003151219075335012040477
006151219075336011000731
009151219075336012080430
008151219075336012110414
002151219075337019050183
004151219075338012180271
003151219075338012060432
002151219075339015030279
008151219075339012090400
006151219075339011000408
009151219075339012120354
003151219075340012020288
004151219075341012130075
009151219075341014020524
006151219075341015090627
002151219075342014030489
004151219075342012180258
001151219075342012020228
008151219075342012080396
003151219075343012050366
001151219075344015010781
002151219075344012160259
009151219075344012120454
006151219075344011000670
003151219075345013010791
004151219075345013030075
001151219075346012040405
002151219075347015030337
006151219075347011000408
009151219075347012120454
002151219075348012150278
004151219075348012170194
001151219075348013010331
001151219075349012010355
003151219075349012030403
002151219075350012130339
006151219075350011000203
009151219075350012110488
003151219075352012060421
001151219075352015010790
004151219075352012140421
008151219075352013020610
006151219075352011000086
002151219075353012140389
004151219075353012180272
003151219075354012010422
001151219075354012060005
009151219075354019020387
002151219075355013030618
008151219075355014020443
002151219075355019110050
001151219075356014010573
004151219075356014030305
003151219075356012050028
006151219075356011000065
002151219075357014030375
003151219075358012030386
001151219075358014010600
008151219075358012070426
004151219075359012180266
002151219075359013030627
006151219075359011000686
003151219075401012040376
008151219075401012120377
001151219075401012030356
004151219075402012130290
009151219075402014020493
003151219075403012040337
008151219075403012110474
002151219075403019020379
001151219075403015010793
006151219075403012020137
001151219075404014010440
009151219075405012090351
003151219075406013010710
006151219075406015090608
002151219075407014030399
001151219075407015010693
008151219075407012070384
003151219075408013010580
009151219075408015020623
008151219075408012070440
002151219075408019100002
001151219075409013010804
009151219075409015020623
009151219075410012070427
006151219075410015090608
003151219075411013010735
002151219075411019110037
003151219075412012030399
001151219075412012010389
009151219075413013020841
003151219075414012030401
006151219075414011000388
001151219075414014010526
008151219075414013020574
009151219075415014020351
003151219075416013010682
001151219075416014010605
009151219075416013020837
002151219075416019050148
008151219075416012080459
004151219075417012130059
002151219075417013030587
008151219075417012100418
006151219075417011000276
003151219075418012020086
001151219075418014010157
002151219075419013030541
008151219075419012070441
009151219075420014020528
006151219075420011000388
003151219075421012060331
002151219075422013030630
004151219075422012130214
008151219075422013020767
009151219075422012090379
003151219075423015010704
004151219075423014030077
003151219075425012050123
008151219075425012100364
006151219075425011000640
004151219075426012180185
002151219075426019020363
003151219075427013010575
004151219075428013030460
001151219075428012030242
008151219075428014020598
006151219075428011000640
003151219075429012040454
001151219075430013030071
004151219075430012130336
009151219075430013020833
008151219075430012100445
003151219075431012060379
004151219075431012150198
008151219075431013020836
002151219075431019100063
006151219075432013020428
003151219075433012020286
004151219075434012160243
002151219075435019020230
008151219075435013020749
003151219075436012020402
006151219075436013020154
009151219075436012100450
002151219075437012130333
004151219075437013030550
008151219075437014020180
002151219075439019060124
006151219075439013010151
009151219075439012110476
004151219075440013030644
008151219075440014020611
001151219075440012020322
003151219075441012050266
009151219075441014020546
004151219075442013030551
002151219075442019100061
003151219075443013010529
008151219075443015020591
006151219075443012180106
009151219075444012090406
001151219075444014010617
004151219075445012130345
002151219075445019050217
003151219075446015010716
006151219075446012130091
004151219075448012150203
003151219075448013010714
009151219075448012080462
001151219075448013010762
008151219075448012080413
003151219075450014010575
004151219075450012170290
003151219075451013010777
009151219075451012080123
006151219075451011000632
008151219075451012110442
001151219075452015100543
004151219075453015030437
002151219075453012170293
008151219075453012120461
009151219075453013020778
006151219075454011000677
004151219075455013030398
003151219075455015010678
002151219075456013030563
001151219075456015100560
009151219075456014020592
001151219075456013010716
006151219075457012080163
003151219075458012020396
001151219075458012030350
008151219075458012070382
003151219075459012030256
004151219075459013030573
002151219075459012150203
006151219075459011000440
009151219075459013020882
008151219075501015020386
006151219075501013020241
003151219075502013010794
009151219075502015020639
001151219075502012010376
009151219075503013020862
006151219075503013010015
001151219075504014010609
003151219075505013010520
008151219075505013020882
002151219075505019100052
001151219075506018010059
006151219075506012020013
009151219075506014020231
004151219075507012140086
002151219075507013030484
003151219075508015010794
008151219075508013020838
009151219075508012100451
001151219075509018010059
006151219075509011000534
001151219075509014010613
002151219075509019020124
003151219075510014010607
009151219075510015020647
008151219075511012110421
002151219075512014030418
003151219075512012050310
002151219075512019100072
009151219075513015020688
003151219075514013010727
006151219075514011000735
001151219075515012050234
002151219075515019020394
008151219075515012100047
009151219075515015020674
002151219075516012150226
003151219075516012040373
008151219075517012110354
002151219075518015030244
003151219075518013010730
009151219075518015020630
001151219075519014010599
009151219075520012090407
002151219075521014030444
004151219075521013030441
003151219075521013010666
001151219075521012060416
009151219075522012070236
006151219075522011000410
008151219075522012110351
004151219075523013030619
003151219075523012050195
009151219075523012090041
008151219075524012120368
001151219075524015010766
004151219075526013030606
001151219075526013010059
006151219075526012010201
003151219075527012030366
008151219075527012070432
009151219075527014020593
004151219075528013030479
009151219075528014020593
002151219075529012130316
008151219075529012080350
004151219075530012170127
006151219075530015090611
001151219075530014010538
009151219075531012100252
002151219075532019110046
008151219075532012100398
002151219075533014030482
004151219075533012130205
006151219075533011000586
001151219075533014010571
004151219075534013030496
008151219075534013020781
002151219075534019040036
001151219075534015010784
002151219075536015030458
003151219075536012040397
006151219075536012170077
004151219075537012150307
002151219075537019040028
002151219075538015030461
008151219075538013020843
004151219075539013030576
006151219075539011000704
008151219075540013020876
002151219075540019050220
002151219075541014030250
001151219075541016000003
009151219075541012070443
006151219075542011000627
001151219075543016000003
008151219075543012110491
003151219075544013010413
002151219075544019010134
004151219075545012140452
006151219075545011000231
003151219075546013010724
008151219075546012120493
009151219075546014020570
006151219075547014030109
004151219075548012160088
003151219075548012040382
001151219075549018010066
002151219075549019020212
009151219075549012110424
008151219075549013020536
003151219075550015010615
002151219075550012160253
004151219075551012130242
008151219075551014020417
009151219075551015020577
001151219075552016000167
003151219075552012040353
006151219075553011000026
004151219075554012140443
009151219075554014020529
008151219075554012110467
004151219075555012140363
002151219075555012130338
003151219075555012030390
006151219075555011000595
001151219075556013010446
002151219075556019020372
009151219075557012120488
003151219075558012030353
002151219075558012170019
006151219075558011000262
008151219075558012090339
001151219075559013010798
008151219075559013020515
002151219075600019020221
003151219075601013010650
004151219075601012150310
002151219075601012150305
001151219075601015010682
006151219075601011000627
001151219075602012020383
002151219075602019010134
006151219075603011000720
009151219075603013020866
004151219075604013030066
002151219075604015030388
003151219075604012060309
001151219075604014010608
008151219075604012110487
009151219075606014020413
008151219075606012080424
006151219075606011000723
003151219075607012040445
004151219075607013030530
003151219075608012040222
006151219075608015090616
009151219075609012080078
001151219075609012030397
003151219075610014010539
004151219075610012170178
008151219075610012120402
006151219075610012060241
002151219075611014030475
004151219075611015030356
009151219075611015020643
001151219075612012030376
003151219075613012010010
004151219075613012160134
002151219075613012130116
008151219075613012100329
008151219075614013020874
009151219075614012080297
006151219075614012130223
003151219075615012020344
002151219075615013030642
001151219075616015100559
004151219075617014030438
003151219075617013010693
002151219075617019010132
008151219075617012090350
006151219075617013020274
002151219075618012180157
009151219075618014020532
003151219075619012060356
004151219075619014030021
002151219075619019060097
004151219075620012140388
003151219075620013010803
008151219075620015020568
006151219075620011000728
002151219075621015030262
006151219075621011000733
009151219075621012110477
004151219075622012170219
008151219075622012100334
002151219075622019010124
003151219075623012020008
001151219075623012050179
002151219075624012140458
001151219075624016000166
001151219075624012050279
009151219075624014020567
004151219075625014030390
003151219075625012020368
006151219075625011000663
002151219075625019050212
008151219075626012100394
003151219075627013010737
004151219075627013030558
002151219075627012130288
009151219075627012090416
001151219075627013010747
001151219075628018010048
003151219075628012040465
002151219075628019040015
008151219075628013020748
004151219075629012180312
002151219075629012180253
009151219075629012080267
001151219075629015010802
006151219075630012150102
008151219075630012100436
002151219075630019050126
003151219075631013010646
001151219075632012040131
002151219075632012150309
009151219075632014020435
002151219075632019040032
004151219075633012160287
001151219075633014010536
008151219075633012100446
002151219075634019020079
004151219075635012150294
009151219075635012120395
003151219075636014010436
002151219075636019030032
008151219075636015020478
001151219075637018010071
006151219075637011000490
009151219075637012080453
002151219075638015030459
001151219075638019020373
004151219075639012150098
002151219075639012150263
008151219075639013020835
002151219075639019060102
006151219075639013030199
003151219075640013010763
009151219075640015020681
003151219075641014010432
004151219075641012140460
003151219075642012010237
008151219075642012080456
002151219075642019020335
006151219075642011000388
002151219075643012130276
001151219075643012010277
004151219075644012180307
003151219075645012020269
002151219075645016000144
004151219075645012130314
006151219075645011000388
008151219075645013020812
002151219075645019050237
003151219075647012010393
002151219075647014030458
001151219075647014010580
009151219075647014020636
008151219075647012110494
004151219075648012150312
003151219075649015010717
002151219075649014030480
004151219075649014030423
001151219075650016000058
003151219075650012060410
001151219075650014010510
008151219075650012090330
004151219075651013030633
001151219075651012030300
002151219075651019030022
008151219075652014020589
001151219075653016000058
003151219075653015010690
002151219075653013030308
006151219075653012110004
004151219075654012160296
002151219075654014030369
003151219075654013010653
001151219075654014010569
009151219075654014020538
008151219075655012100380
002151219075656015030426
009151219075656013020810
004151219075657012130295
003151219075657015010721
006151219075657012050057
008151219075657012070338
001151219075657014010250
003151219075658012060427
008151219075658012120474
004151219075659012150303
001151219075659015010786
009151219075700012110485
004151219075701012170286
003151219075701012010247
001151219075701013010734
006151219075701013010358
008151219075701012070422
002151219075702015030478
003151219075702012050183
004151219075703012160149
009151219075703014020608
001151219075703015010129
002151219075704014030100
008151219075704015020580
006151219075704011000738
009151219075704014020545
003151219075705012050204
004151219075705015030438
002151219075706013030649
003151219075706012010413
001151219075706013010023
008151219075707013020753
002151219075707019020398
006151219075707019100068
002151219075708012140453
004151219075708012170265
003151219075709012050009
004151219075709013030425
009151219075709014020007
001151219075709012040417
008151219075709013020706
002151219075710013030631
001151219075710012010377
006151219075710015020540
003151219075711012050194
009151219075711012100443
004151219075712012140464
002151219075712014030031
002151219075712019020275
001151219075712012020345
006151219075712012170053
008151219075712012080220
001151219075713019030038
003151219075713012010420
006151219075713012020162
002151219075714012160228
009151219075714012120143
001151219075714015010796
004151219075715012160298
008151219075715012120475
003151219075716012020392
006151219075716013020397
008151219075716013020409
002151219075716019020382
004151219075717012170056
001151219075717012050285
009151219075717013020819
003151219075718012030405
002151219075718014030279
006151219075718012010254
004151219075719014030459
003151219075719012040459
002151219075719015030402
008151219075719015020531
001151219075720012060431
009151219075720012090423
003151219075721012040467
009151219075721012120491
006151219075721012120124
008151219075721014020565
004151219075722013030440
002151219075722019010135
002151219075723012170308
003151219075723012080007
009151219075723014020619
008151219075723014020626
004151219075724013030607
006151219075724019100018
003151219075725012040437
008151219075725015020685
004151219075726013030346
009151219075726015020451
002151219075726019050228
003151219075728012020400
006151219075728011000691
001151219075728014010377
008151219075728014020511
009151219075728015020013
004151219075729013030372
002151219075729012160302
004151219075730012160301
006151219075730012080131
009151219075730015020669
003151219075731012010293
008151219075731012120433
001151219075731012040410
002151219075731019010008
004151219075732013030523
001151219075732012010005
009151219075732015020618
008151219075733013020826
003151219075734013010785
002151219075734019020346
006151219075734011000654
001151219075735016000025
004151219075735014030430
009151219075735012070442
001151219075735012030385
004151219075736012150128
003151219075736013010807
001151219075736016000025
009151219075736012080464
006151219075736011000706
008151219075736012110340
004151219075738012140154
006151219075738011000668
008151219075738013020877
002151219075738019110040
009151219075738012070415
003151219075739012020300
003151219075740013010567
006151219075740012060015
004151219075741013030469
009151219075741014020534
002151219075742012170280
003151219075742013010515
001151219075742016000008
009151219075742014020554
008151219075742012090300
003151219075743012010173
004151219075743012150171
008151219075743012090272
006151219075743011000398
002151219075744012130329
009151219075744012080470
002151219075746015030470
003151219075746015010761
004151219075746012170073
006151219075746011000666
008151219075747012090220
001151219075747012010423
004151219075748012140469
009151219075748014020043
006151219075749011000263
004151219075750012150268
006151219075750011000719
009151219075750014020512
008151219075750013020702
001151219075751012040464
003151219075752012040273
004151219075752012130280
006151219075752013020581
008151219075752012080425
009151219075752012110483
002151219075753013030647
001151219075753012060253
003151219075754012050354
004151219075754013030119
008151219075754012070368
002151219075754019020065
001151219075754012020111
006151219075754011000555
009151219075755012100224
002151219075756012160279
003151219075756012020403
004151219075756012140446
001151219075756012060407
008151219075757015020410
004151219075758012180220
003151219075758015010780
009151219075758012080418
001151219075758014010537
006151219075758014030096
002151219075759013030263
008151219075759012100307
002151219075800012160292
002151219075800019110049
001151219075800014010596
002151219075801014030336
003151219075801012030377
004151219075801014030425
009151219075801012100441
001151219075801012030368
004151219075803015030389
003151219075803012050303
002151219075803012160215
006151219075803012020010
002151219075803019050240
008151219075803012100223
003151219075804012050351
009151219075804014020603
001151219075804012060353
008151219075805012100430
006151219075805012160085
002151219075805019040009
004151219075806013030562
003151219075806012040429
001151219075806012040446
002151219075807014030447
009151219075807015020638
008151219075807012120444
004151219075808012160280
001151219075808013010805
002151219075808019050224
001151219075809014010615
006151219075809011000690
004151219075810012140422
003151219075810012050341
006151219075810011000662
009151219075810015020654
001151219075811013010006
008151219075811012110480
002151219075811019050243
006151219075811014020288
009151219075812014020553
002151219075812019050243
003151219075813012030230
002151219075813013030648
004151219075813015030475
001151219075813015010789
006151219075814012130049
009151219075814016000147
001151219075814012040355
004151219075815012130210
001151219075815015100551
003151219075815012040406
002151219075815015030477
008151219075815012120256
001151219075816014010492
009151219075816014020618
004151219075817013030608
003151219075817012060221
002151219075817019110048
008151219075817012120399
006151219075817011000656
009151219075817012110397
004151219075819013030354
003151219075819013010294
001151219075819014010133
009151219075819012120414
008151219075819014020404
001151219075820018010047
001151219075820014010578
006151219075820011000726
002151219075821015030423
003151219075822012050238
001151219075822012030381
008151219075822013020626
002151219075822019100044
009151219075822015020663
004151219075823012180212
002151219075823014030088
006151219075823011000001
004151219075824012180144
008151219075824012100327
009151219075824012120494
001151219075825013020226
003151219075825012010398
004151219075825012170297
002151219075825019050152
001151219075825014010103
006151219075825012120196
002151219075826012180310
008151219075826014020331
004151219075827015030441
003151219075827012020391
009151219075827013020460
001151219075827015010774
002151219075828012140442
006151219075828019100071
008151219075828012120482
004151219075829012130322
002151219075829019040006
001151219075829012010421
003151219075830013010598
009151219075830012070447
002151219075831012150314
004151219075831012150304
006151219075831012020002
008151219075831014020623
001151219075832012010408
003151219075833013010780
001151219075833013010688
009151219075833013020883
008151219075833012120499
003151219075834012020381
004151219075834013030348
006151219075834012010292
006151219075835011000169
001151219075835013010743
009151219075835015020624
002151219075835019050241
008151219075836012080468
004151219075837014030267
003151219075837012030344
002151219075837012140148
008151219075837012080468
009151219075837014020620
008151219075838012120242
001151219075838015010804
006151219075838014030087
004151219075839012130344
006151219075839011000581
001151219075839012010403
009151219075839012090414
004151219075840013030616
003151219075840015010769
002151219075840012140449
008151219075840012090279
001151219075840012010415
002151219075841012170303
002151219075841019050213
003151219075842013010774
009151219075842015020664
001151219075842014010267
002151219075843012180275
004151219075843013030605
008151219075843012090408
006151219075843011000439
004151219075844013030024
009151219075844015020057
002151219075845019040021
009151219075845013020880
002151219075846014030365
008151219075846012090394
006151219075846015090631
004151219075847013030264
002151219075847015030431
009151219075847012120350
004151219075848012150319
003151219075848014010444
001151219075848014010604
002151219075849014030072
009151219075849012110160
008151219075849013020825
002151219075849019040021
006151219075849011000422
003151219075851015010596
004151219075851012160315
009151219075851012120486
001151219075851014010066
004151219075852012160233
006151219075852012090150
008151219075852012080454
009151219075853012110486
002151219075853019040023
004151219075854014030150
003151219075854012030303
001151219075854016000064
009151219075855015020678
008151219075855013020852
001151219075855014010309
006151219075855013020326
002151219075856016000123
003151219075856015010550
004151219075857012150260
008151219075857012120431
001151219075857016000169
003151219075858013010740
004151219075858012150297
001151219075858014010593
009151219075858014020586
002151219075858019040016
006151219075858012090035
004151219075900012140465
009151219075900012110478
008151219075900012080429
001151219075900012040450
003151219075901013010739
003151219075902012030351
004151219075902013030412
002151219075902019040034
009151219075902014020551
008151219075902012080394
002151219075903012150299
004151219075903013030603
003151219075904015010783
002151219075904012140425
008151219075904012110416
001151219075904012020325
004151219075905014030470
002151219075905019020273
009151219075905012100169
008151219075905012110416
003151219075906013010284
006151219075906012120199
002151219075907012140468
008151219075907012120419
001151219075907012040471
004151219075908012160190
002151219075908019040030
009151219075908012080447
003151219075909012020399
004151219075910014030437
008151219075910012070344
006151219075910014020055
003151219075911012010400
004151219075912013030609
001151219075912016000164
002151219075912012170264
003151219075912012020389
008151219075912013020811
002151219075912019070031
001151219075912014010597
001151219075913012050367
009151219075913012090377
003151219075914014010338
001151219075914016000164
002151219075914014030485
006151219075914011000277
009151219075914015020022
001151219075915016000164
004151219075915013030162
008151219075915013020848
006151219075915012130102
001151219075916016000168
009151219075916015020022
003151219075917013010733
004151219075917012140461
009151219075917012110406
001151219075918016000168
002151219075918014030486
009151219075918012110406
006151219075918011000636
002151219075918019040033
001151219075918013010011
003151219075919012050311
004151219075919015030395
008151219075919012070390
003151219075921013010631
002151219075921012180277
009151219075921014020617
008151219075921012070411
001151219075921012060259
002151219075921019050214
004151219075922014030160
003151219075923012010337
002151219075923013030349
008151219075923012100201
006151219075923012050085
001151219075924018010065
004151219075924013030535
009151219075924012120421
003151219075925014010525
008151219075925012070410
004151219075926012150100
002151219075926012130270
009151219075927013020282
001151219075927012040338
002151219075928015030362
004151219075928013030325
006151219075928013010296
008151219075928012100358
009151219075929012100381
004151219075930012130298
006151219075930015090629
009151219075931014020634
008151219075931012080373
002151219075932012150286
004151219075933012130317
008151219075933014020502
001151219075933013010751
002151219075934015030451
009151219075934014020615
003151219075935012040420
001151219075935013010641
006151219075935015020199
008151219075935012100280
002151219075936014030356
004151219075936014030471
004151219075937013030104
002151219075937012180154
008151219075937012080225
001151219075937012040346
002151219075938014030448
001151219075938018010018
001151219075938012060415
009151219075939014020631
008151219075939012070438
002151219075939019100065
006151219075939012050129
003151219075940013010460
004151219075940012170217
001151219075941018010018
002151219075941012140409
008151219075941013020747
003151219075942012030396
009151219075942012120393
006151219075942015030168
002151219075943012140431
004151219075943012180206
003151219075944013010726
008151219075944013020572
002151219075945014030022
004151219075945012180296
009151219075945012120497
004151219075946012140408
003151219075946012020398
008151219075946012090345
002151219075947012170309
002151219075947019020301
009151219075947012070321
003151219075948012060378
004151219075949012130285
008151219075949012100350
009151219075949013020867
002151219075950012150315
001151219075950018010061
001151219075950012040426
009151219075950012120401
006151219075950012140043
004151219075951015030457
003151219075951012010327
002151219075951014030484
002151219075951019080001
009151219075952012110489
008151219075952014020540
001151219075952013010604
003151219075953012010372
004151219075953012170291
002151219075954013030548
008151219075954012100425
006151219075954013030222
001151219075955013010213
009151219075955012120448
004151219075956012180260
002151219075957012180261
004151219075957013030399
002151219075957019010127
006151219075957012060389
008151219075957012120470
001151219075957012020366
009151219075958014020424
001151219075958012020311
004151219075959012140471
002151219075959015030187
008151219075959012080428
002151219080000019020323
004151219080001012140426
006151219080001011000635
002151219080002012130303
001151219080002012020322
004151219080004013030634
002151219080004014030456
002151219080005012130271
004151219080005012160272
001151219080005018010070
006151219080005012080114
001151219080005012030363
008151219080005012110378
002151219080006019040012
001151219080007018010070
008151219080007012110458
006151219080007012020274
003151219080008012050334
002151219080008012140405
004151219080008012150069
008151219080008013020660
004151219080009015030306
002151219080010015030442
002151219080010019100013
001151219080010014010612
001151219080011018010008
008151219080011012070404
006151219080011012080127
004151219080012012140127
003151219080012013010454
009151219080012013020857
002151219080013014030466
008151219080013014020120
001151219080013014010457
004151219080014012170298
003151219080014012060359
009151219080014015020461
006151219080014012050222
004151219080015014030398
002151219080016012130254
009151219080016013020425
008151219080016012070366
002151219080016019050230
003151219080017012050365
004151219080018012140088
003151219080018012050359
008151219080018014020536
001151219080019018010069
004151219080019012140463
008151219080019014020628
002151219080020019030025
003151219080021012030194
009151219080021015020598
004151219080022012140420
001151219080022013010761
006151219080022011000674
008151219080022014020582
009151219080023012090291
004151219080024015030467
002151219080024014030381
009151219080024014020571
008151219080024012080346
003151219080025013010259
004151219080025012130334
001151219080026019030043
009151219080026016000149
002151219080027012140428
003151219080027012010401
006151219080027011000682
008151219080027014020036
004151219080028012140473
009151219080028012120464
002151219080029012130326
004151219080030012140337
009151219080030014020578
003151219080031012050353
002151219080031013030485
006151219080031015020563
001151219080031015010017
004151219080032012180262
009151219080032015020659
008151219080032012080364
004151219080033012140374
002151219080034014030381
006151219080034012060312
002151219080035012180287
004151219080035015030101
002151219080035019110013
008151219080035013020721
009151219080035012070197
003151219080037012030095
002151219080037012130330
001151219080038016000088
004151219080038012140429
008151219080038014020563
002151219080039012140475
001151219080039014010594
004151219080040012160231
002151219080040012170295
001151219080040015100556
002151219080040019050234
004151219080041012170209
008151219080041012110382
001151219080041014010581
006151219080041012160114
003151219080042012060398
004151219080043012160289
002151219080043014030488
008151219080043012090396
001151219080044016000161
001151219080045016000161
003151219080045012040367
004151219080045012130014
008151219080045012120483
001151219080045012020382
002151219080046012160307
003151219080047013010244
002151219080047012130279
004151219080047012130284
008151219080047012070360
004151219080048012180259
001151219080048012010385
009151219080048013020860
002151219080049014030158
003151219080049012030406
002151219080050014030416
004151219080050013030584
009151219080050012090419
001151219080050014010610
008151219080050012080345
004151219080052014030368
002151219080052012150201
001151219080052014010535
009151219080052013020773
003151219080053013010004
008151219080053012110464
004151219080054013030591
002151219080054015030247
009151219080054015020660
001151219080054012060368
008151219080055012080360
002151219080056014030387
003151219080056012060420
004151219080056012180313
009151219080056012100419
001151219080056012010348
003151219080057013010765
009151219080057013020803
002151219080058012180263
008151219080058012070392
001151219080058014010564
002151219080059013030623
004151219080059012170054
009151219080059012090343
002151219080059019050171
003151219080100012050210
002151219080101012170299
009151219080101012070439
008151219080101014020627
002151219080101019050171
004151219080102013030567
009151219080103012080458
006151219080103012150195
008151219080103012120425
002151219080104012170275
004151219080104012150301
002151219080104019020327
003151219080105012030317
009151219080105014020398
002151219080106015030383
008151219080106012090402
001151219080107018010068
004151219080107012170020
002151219080107019050196
003151219080108015010805
002151219080108014030373
001151219080108015010795
009151219080108012070450
009151219080109012120463
002151219080109019050193
001151219080109015010407
001151219080111019030050
002151219080111013030596
008151219080112013020726
009151219080112016000124
001151219080112014010522
004151219080113012140225
002151219080113019020378
009151219080113014020006
002151219080114015030351
008151219080114013020813
001151219080116014010200
009151219080116012080366
001151219080117019010128
008151219080117012120301
004151219080118014030299
003151219080118012030328
006151219080118014010295
009151219080119012090368
009151219080121015020641
008151219080122012080361
006151219080122015090633
009151219080122013020643
003151219080123013010522
004151219080124015030439
002151219080124013030465
008151219080125012070358
001151219080125012050348
004151219080126012170287
001151219080126016000141
002151219080126014030465
003151219080127013010769
001151219080127016000141
001151219080128016000141
003151219080129014020025
004151219080129012170284
009151219080129012070417
008151219080131012110443
008151219080132012110443
009151219080132012070357
001151219080133012150311
004151219080133012160311
001151219080134012150311
002151219080134019060001
008151219080135014020513
002151219080137012130337
004151219080138012170267
003151219080139014020020
002151219080139019060001
009151219080140012070341
008151219080140012070431
001151219080140012010014
001151219080141012030010
004151219080142012150255
009151219080142012090410
004151219080143014030452
001151219080143012030361
008151219080143012090357
002151219080144015030468
006151219080144011000566
004151219080145013030510
001151219080146012060403
008151219080146012090309
004151219080147013030538
002151219080147014030467
002151219080148014030481
006151219080148011000648
008151219080149012090309
004151219080150012180159
002151219080151019020393
008151219080152012080469
006151219080152014020550
004151219080155013030614
006151219080155014030056
008151219080156014020470
002151219080156019050170
004151219080157012180282
001151219080157014010590
003151219080159012010425
004151219080200014030454
008151219080200013020689
003151219080201013010190
002151219080203014030427
008151219080203013020870
003151219080204013010767
002151219080205015030386
001151219080205015010808
004151219080206013030577
008151219080206012080414
009151219080206012080266
004151219080208014030331
006151219080208012130286
006151219080211012070090
001151219080213014010587
008151219080215013020783
009151219080215012070308
004151219080218012150290
002151219080218019010118
008151219080218014020489
001151219080219012010382
009151219080220013020817
004151219080221012160143
001151219080221018010055
001151219080221012020367
006151219080224012030282
006151219080228012010028
003151219080232013010542
004151219080232012170235
008151219080232012080438
001151219080233012060387
001151219080234012020021
008151219080235012120306
009151219080235013020863
003151219080236012030261
004151219080236012150273
002151219080237014030001
001151219080237012030196
004151219080240012160087
003151219080243015010610
004151219080245012160293
002151219080245012150261
009151219080248013020822
002151219080250019010072
002151219080251012140430
004151219080252012160236
009151219080253012070433
002151219080254014030176
006151219080254011000600
001151219080259015010731
004151219080300012170222
009151219080300014020604
004151219080302013030617
008151219080302012070376
004151219080306012130278
006151219080306012020016
003151219080307014010524
004151219080309012160312
009151219080309012110479
001151219080311014010558
006151219080312012160104
004151219080317012170228
009151219080320014020568
006151219080322012030293
004151219080323012130335
002151219080323019010074
008151219080324012100385
004151219080326012020358
003151219080326012010424
001151219080327014010508
002151219080331019110005
008151219080334012100367
006151219080336012010190
002151219080337019050209
008151219080338012120465
006151219080339012160012
001151219080340012050347
004151219080341012160313
008151219080344013020790
009151219080345012080427
002151219080346019020263
006151219080346012160222
002151219080352012180297
002151219080355019010109
008151219080359013020799
002151219080400019020368
001151219080407014010611
002151219080414019020333
001151219080414012050147
004151219080415012180301
009151219080415012090399
009151219080418015020541
001151219080419012060422
003151219080435013010702
006151219080437012030316
009151219080448014020530
001151219080449013010783
008151219080452012090388
002151219080457012140447
002151219080503014030217
002151219080507019060120
006151219080507012020279
009151219080513012120477
009151219080514012120477
006151219080540013010117
008151219080541012090391
002151219080552019090016
004151219080611012180292
006151219080620013010215
002151219080657019020392
004151219080726013030331
004151219080745012130267
006151219080817012010405
002151219080828019010131
002151219080829019010131
002151219080854019010133
004151219081017012140441
002151219081141019030049
001151219081225016000012
008151219081259013020554
001151219081608016000007
001151219081611016000001
002151219081858019040020
002151219082604019050235
002151219082918019010031
002151219082927019010111
001151219082938016000052
003151219083930012050213
