002141119071834019010108
001141119071834016010045
001141119071837016010095
001141119071840016010120
001141119071842016010125
001141119071845016010128
001141119071848016010090
001141119071851016010079
002141119071851016000090
001141119071855016010098
001141119071901016010081
002141119071914019060101
002141119071916019060101
001141119071924016010032
001141119071957016010130
001141119072032016010056
001141119072039016010119
001141119072044016010106
001141119072232016010105
002141119072243019020083
001141119072300016010077
001141119072322016010084
006141119072418011000359
002141119072430014030055
006141119072430015090630
001141119072433016010124
001141119072533016010110
001141119072540016010121
003141119072541012030402
003141119072546012040466
001141119072547013010802
002141119072548019110027
003141119072553014010606
001141119072636016010082
002141119072707015030444
001141119072707016010122
002141119072710015030444
001141119072732016010071
001141119072751016010080
001141119072754016010048
006141119072808019100067
006141119072811019100067
001141119072817016010100
003141119072848013010768
001141119072848016010050
002141119072850019110006
002141119072855019110006
002141119072901019020401
002141119072954014030374
003141119073017013010771
002141119073022019010124
002141119073027019060003
001141119073051016010073
001141119073123015010737
002141119073129019100046
001141119073136016000152
006141119073140013020543
002141119073223019030001
006141119073236011000491
006141119073241011000051
002141119073249019060113
002141119073303019020399
001141119073314015010001
001141119073330019010125
002141119073408019010116
001141119073416016010024
002141119073427019110043
002141119073430019060086
002141119073440019020231
002141119073523015030473
002141119073531019020394
006141119073548013020067
002141119073601013030466
002141119073623019050239
003141119073625013010426
003141119073637012040293
003141119073653012060396
002141119073658019050188
002141119073659019050188
001141119073715014010201
001141119073720012050213
001141119073729016010127
002141119073735019010087
002141119073736014030421
006141119073739011000692
001141119073803019050188
003141119073817012040437
004141119073825012180284
002141119073835012150203
006141119073837013010009
004141119073841012150203
001141119073843016000073
002141119073848019060115
004141119073920012180299
003141119073930012010403
001141119073932013010479
003141119073937013010365
002141119073956019020103
001141119073959014010584
002141119074005015030476
002141119074011019020400
003141119074020013010007
004141119074023013030624
006141119074037012070006
001141119074040014010558
002141119074041012180046
006141119074043011000677
002141119074046013030509
006141119074047011000675
006141119074056013010270
001141119074056012060429
002141119074059019060107
002141119074101013030592
002141119074104019020313
006141119074108011000730
002141119074119019040024
003141119074120012060433
003141119074124012010400
003141119074131012060007
002141119074135015030463
002141119074137012180252
002141119074138019050216
003141119074140012030276
003141119074145012040414
002141119074146019020103
001141119074146012020324
002141119074151019100032
002141119074152012160136
001141119074154012060369
002141119074155013030625
001141119074200014010565
001141119074201019020282
003141119074208019050149
003141119074215012070193
006141119074216012120199
003141119074218019050149
002141119074220019020230
003141119074221019050149
002141119074221012180253
002141119074224012170292
001141119074227015010632
003141119074229019050149
002141119074230013030638
006141119074233013010014
003141119074234012070193
002141119074236012130165
003141119074237019050149
006141119074237013010001
003141119074241013010672
004141119074243012160282
003141119074244013010677
001141119074246019050149
001141119074249019050149
003141119074253013010800
002141119074254013030618
006141119074256012010019
003141119074258015010801
002141119074300014030458
003141119074301012020348
004141119074302013030443
003141119074304012030335
003141119074306014010598
002141119074312019020180
002141119074316019100039
006141119074318011000498
002141119074324015030428
003141119074326012030349
002141119074333019050237
006141119074338011000078
001141119074338014010569
003141119074339012050009
002141119074339019070014
006141119074344011000573
002141119074344019010132
003141119074345012050350
004141119074349012130312
002141119074349014030239
002141119074349019030042
003141119074354012050351
001141119074357012010403
004141119074358013030565
003141119074359012040473
002141119074402019020390
001141119074406012050331
001141119074408012060095
001141119074410015010797
001141119074412012030333
006141119074417011000722
002141119074424019030047
002141119074425014030226
001141119074428014010600
002141119074430019020383
001141119074431014010440
003141119074432012040192
003141119074435013010505
002141119074436019050235
001141119074438012010419
003141119074438012030398
004141119074440015030465
003141119074444012100134
003141119074447012100134
006141119074451011000343
001141119074500013010347
006141119074500019100066
003141119074500013010808
002141119074502019050244
002141119074502012130297
002141119074505019030045
006141119074506011000445
002141119074508019050222
002141119074508012140449
002141119074511019050094
004141119074511012170178
001141119074511012060372
002141119074515019010134
006141119074515015090621
004141119074517012140457
003141119074517012060426
001141119074517012010011
006141119074518015090621
003141119074520012030355
002141119074523012140445
004141119074524012150203
002141119074528012150249
004141119074528012140467
002141119074533019040001
003141119074534013010529
001141119074535016000101
001141119074536012020333
001141119074537016000101
002141119074540012140431
001141119074541012060430
006141119074541015090611
004141119074545012140167
002141119074545012140389
001141119074546019110051
003141119074547012010364
006141119074549012110223
001141119074549012010348
001141119074552012040417
001141119074559013010700
003141119074601013010365
004141119074601012140466
002141119074603012130343
002141119074603019020286
004141119074604015030445
002141119074605012140474
002141119074606019020392
004141119074608012160256
002141119074608019020061
002141119074608012180273
002141119074609015030434
002141119074610019060103
002141119074613019020393
001141119074615012010355
002141119074615019050217
004141119074618013030084
002141119074618019020377
001141119074621015010696
001141119074622018010067
003141119074625012040442
002141119074629012130333
002141119074629019050242
006141119074631013010321
004141119074638013030339
004141119074640015030443
003141119074641012010389
006141119074644013020068
002141119074645019110033
004141119074646012160271
002141119074647019110033
006141119074649012020010
004141119074652012140456
002141119074653019100070
002141119074658019020340
006141119074659011000651
001141119074702018010059
004141119074703012180251
001141119074704018010059
003141119074708013010781
003141119074720013010550
004141119074724012150283
003141119074725013010770
006141119074726011000683
004141119074729013030382
006141119074730011000086
004141119074732012130345
006141119074733015090608
004141119074735013030507
006141119074737015090603
003141119074738012080189
004141119074738012140453
003141119074740012030036
004141119074741012150135
001141119074741012050285
001141119074744012020228
002141119074746013030627
004141119074747015030343
006141119074748014030174
001141119074748012030404
004141119074749012150274
003141119074749012010247
003141119074752012040447
004141119074753012150091
003141119074754012030261
004141119074756012170219
006141119074757015090568
003141119074757012060384
003141119074800012030403
001141119074801013010712
004141119074801012170144
003141119074802012030387
004141119074805012150310
001141119074807012050343
001141119074808012050313
003141119074809012050254
004141119074811013030246
004141119074813012130341
002141119074818012180287
004141119074818012130242
006141119074819012160021
004141119074821012170253
001141119074821015010787
003141119074822012060434
006141119074823011000041
004141119074823013030504
001141119074824013030157
001141119074824012050344
004141119074826012170257
003141119074829012020402
002141119074830019050228
003141119074831012030405
004141119074831013030551
002141119074832013030349
002141119074832019100028
006141119074832011000656
003141119074833012040478
003141119074834012030266
006141119074835011000656
002141119074836014030424
001141119074836014010157
003141119074837012040478
001141119074838013010549
001141119074838018010047
006141119074840011000078
004141119074840012170193
001141119074841012010385
004141119074843014030334
002141119074846012170264
006141119074847011000704
002141119074847019020212
003141119074848014010003
006141119074850011000666
002141119074852013030563
004141119074852013030545
001141119074852013010446
003141119074854015010678
006141119074854015090579
001141119074856013010176
004141119074856012150318
002141119074857019020349
006141119074857015090618
003141119074857013010651
004141119074858015030246
004141119074901015030368
001141119074901015100546
006141119074903015090580
001141119074903014010033
004141119074905012150312
001141119074906015010793
006141119074907013020581
002141119074909019020318
006141119074912011000717
003141119074914013010788
002141119074914019050112
004141119074916014030426
006141119074916011000715
001141119074917012020285
006141119074918011000710
003141119074919015010687
006141119074921015090620
002141119074922012130250
003141119074923013010601
001141119074923014010460
002141119074925014030489
003141119074925013010714
003141119074927012060428
003141119074929013010726
003141119074931013010772
002141119074933019060102
003141119074934012060359
003141119074935012060414
002141119074936012130305
001141119074936014010548
003141119074938013010541
002141119074938019050026
001141119074939015010791
002141119074940015030466
003141119074940015010704
006141119074941011000694
003141119074942012160030
002141119074943019110037
002141119074944012130276
006141119074946011000663
002141119074946012150309
004141119074947014030342
006141119074950011000714
003141119074950012160030
002141119074952019100008
003141119074953015010798
006141119074953011000707
003141119074955013010730
004141119074955012170258
002141119074956012130339
004141119074958013030646
002141119075000019100018
003141119075000012030342
004141119075001012140462
003141119075003012160030
001141119075004012040438
001141119075006015010752
002141119075006019100013
006141119075006013020240
002141119075007012160306
001141119075008014010570
003141119075009012040337
001141119075010013010734
002141119075010014030482
003141119075011012040376
006141119075011011000713
002141119075012019050170
001141119075013013010021
003141119075013012030399
002141119075014019010109
001141119075015016010123
001141119075015013010798
004141119075015013030240
002141119075016014030404
001141119075017013010755
004141119075019013030516
002141119075019019050164
006141119075019011000473
001141119075020012060005
001141119075020015100557
004141119075020012170146
006141119075022012020013
001141119075022012060259
004141119075023012160285
002141119075025019050241
006141119075026016010086
001141119075026013010751
003141119075026012040476
001141119075026018010054
004141119075028012150196
002141119075029019040034
006141119075029011000564
006141119075031011000699
002141119075033019070031
006141119075034011000713
006141119075036015090616
003141119075036012010375
002141119075038019050091
003141119075039013010580
006141119075039011000713
004141119075039012180171
006141119075042011000165
003141119075043013010560
004141119075043012160075
002141119075043019110002
006141119075045011000525
003141119075046013010793
001141119075047012010409
002141119075048015030469
004141119075048012160088
006141119075048011000700
001141119075049013010688
003141119075049014010537
002141119075049019050084
001141119075049016000126
004141119075051013030356
001141119075051015010129
001141119075051016000126
006141119075052011000729
001141119075053016000126
002141119075053019050225
003141119075053012050368
004141119075054012150170
004141119075057013030644
002141119075058019020127
001141119075058015010682
001141119075059015010763
002141119075059012130340
003141119075059012020396
004141119075100012160163
006141119075101012110164
001141119075101012030350
003141119075102012040452
004141119075103013030546
002141119075103012180305
002141119075103019020398
006141119075104011000388
002141119075106019050128
001141119075107014010592
006141119075107011000388
003141119075108013010199
002141119075108019020378
001141119075110015010785
006141119075110011000388
004141119075111013030075
003141119075111013010693
001141119075112015010693
003141119075112012050345
001141119075114015010758
004141119075114013030372
003141119075115013010787
001141119075116014010608
003141119075117013010791
004141119075117013030606
002141119075118019020389
001141119075118015010692
006141119075119012160114
004141119075119013030636
003141119075120013010522
002141119075121019050230
001141119075121012050309
001141119075122015030454
006141119075122011000408
004141119075122013030506
003141119075123012020344
003141119075124012020086
001141119075124015020500
006141119075125011000283
003141119075126012020400
002141119075126019050227
001141119075127012040444
003141119075128013010624
006141119075128011000727
003141119075130013010577
006141119075131011000706
002141119075131019010074
001141119075131012060397
004141119075131012130214
003141119075132013010575
001141119075133012040462
006141119075134011000408
001141119075135012040461
003141119075135015010610
002141119075135019020260
006141119075137015090628
003141119075137012040382
001141119075138012040410
002141119075139019060119
003141119075139015010751
001141119075140012040433
004141119075140013030508
004141119075141012170279
002141119075142019060084
003141119075142013010735
001141119075143012040354
006141119075143019100008
003141119075143014010605
004141119075144012170218
002141119075145019050205
003141119075145012040465
006141119075146011000203
001141119075147015010669
003141119075147015010792
006141119075148011000681
004141119075149012180278
002141119075149014030290
003141119075149012030389
001141119075150015010753
002141119075151012150263
004141119075151013030458
006141119075151013020397
003141119075152012030304
001141119075153012050308
002141119075153019050214
006141119075155012020137
004141119075155012140472
002141119075156120300845
002141119075156019110005
001141119075156016000139
001141119075157012020008
003141119075157013010732
006141119075158011000258
003141119075159012050363
001141119075159016000157
006141119075201011000670
003141119075202012040469
004141119075202013030187
002141119075202012170277
001141119075203012020306
003141119075204012050364
004141119075204015020635
001141119075205014010614
002141119075205019020186
002141119075205012160259
006141119075206014010053
003141119075206012040470
004141119075206012180276
002141119075207012130242
004141119075208012140435
006141119075209011000686
002141119075209019050195
004141119075210013030498
003141119075210012060427
006141119075211011000678
003141119075212013010520
001141119075212014010555
004141119075214012170268
002141119075214019020263
001141119075214014010502
001141119075215016000112
006141119075215011000643
003141119075216012050310
004141119075216014030459
001141119075217014010103
002141119075218019020079
004141119075219012140149
001141119075219012020383
002141119075221019020397
001141119075222015010788
003141119075223014010492
001141119075224014010599
002141119075224019110048
004141119075226013030441
001141119075226014010535
003141119075226012020288
006141119075227015090617
001141119075228018010072
001141119075228012060407
003141119075229012060364
001141119075230014010526
006141119075230011000718
003141119075231012060400
003141119075231012010393
001141119075232013020180
003141119075234013010710
004141119075234012160224
001141119075235012030397
006141119075236015090632
004141119075236013030641
003141119075236012050307
002141119075238013030639
004141119075238012150073
003141119075238012030372
001141119075238014010068
003141119075239012060374
006141119075240011000732
001141119075240014010424
003141119075241013010413
006141119075242011000731
004141119075242015030371
003141119075244013010625
001141119075245014010452
006141119075245011000724
004141119075245014030390
004141119075246012140464
003141119075246013010567
003141119075248012040353
001141119075248012010277
002141119075248019100068
002141119075248015030436
004141119075249013030379
001141119075250015010796
006141119075250012080163
004141119075251012170194
003141119075251012050266
002141119075252019100063
003141119075252014010208
002141119075252014030399
002141119075253013030647
001141119075253013010006
004141119075253012180259
003141119075255013010759
006141119075255011000388
001141119075255014010563
002141119075256014030366
003141119075256012040367
001141119075257012020385
004141119075257014030430
004141119075259012140470
002141119075259019020372
006141119075259011000388
003141119075259013010785
002141119075300016000123
001141119075300012010340
003141119075301012050028
006141119075302012130091
002141119075302014030159
001141119075303012010341
002141119075304019100044
003141119075304015010761
006141119075305012010292
003141119075306012030386
004141119075306015030389
006141119075307011000574
002141119075308012130329
002141119075308019050029
004141119075308013030629
003141119075308012020390
006141119075310011000662
002141119075310012160300
004141119075311014030425
003141119075312013010758
001141119075313013010762
006141119075313011000595
002141119075314012160310
001141119075315019050245
003141119075315012050123
006141119075317012020037
002141119075317012150250
001141119075317015020469
003141119075317012050315
002141119075319012140458
003141119075319012030377
001141119075319013010213
003141119075320014010604
006141119075320013030188
004141119075320013030386
001141119075321014010615
001141119075322012010170
002141119075322019020374
004141119075323015020655
003141119075323012060410
001141119075324015010774
006141119075325011000598
001141119075325012030368
003141119075325012040454
001141119075325016000008
002141119075325015030431
004141119075326014030077
006141119075327012130223
001141119075327012010408
003141119075327012020332
003141119075329012050195
002141119075329012140475
001141119075329012040403
006141119075330011000687
003141119075331013010803
002141119075331012170271
006141119075332011000601
002141119075334013030648
003141119075334012030230
006141119075335012180106
004141119075335014030454
004141119075336013030617
003141119075337014010241
001141119075337015030112
002141119075338019020368
006141119075338011000555
003141119075340012060381
006141119075341011000262
002141119075341012160291
003141119075341013010776
004141119075342012130316
006141119075343011000120
002141119075343015030410
004141119075344012140086
003141119075345012030390
001141119075345012020322
002141119075346013030510
006141119075346011000586
003141119075347013010763
004141119075348012150118
001141119075348013010747
006141119075348012020340
002141119075349016000144
004141119075350012130280
001141119075350012020352
002141119075350019100072
006141119075351012080131
004141119075351012150299
002141119075352014030400
001141119075352012060383
004141119075353015030356
001141119075353012020366
001141119075355015010784
003141119075355013010654
001141119075355016000025
006141119075355011000231
002141119075355019040016
004141119075356012170195
001141119075356016000025
001141119075357014010596
002141119075358012130116
003141119075358012050225
001141119075358016000025
006141119075358019100071
001141119075359013010011
002141119075359019100002
006141119075401011000440
001141119075401012040425
002141119075401012180157
003141119075401012060166
001141119075403012030381
003141119075404012050311
006141119075404015090627
002141119075404019110050
004141119075405012150294
006141119075406011000388
001141119075406012060415
002141119075406015030337
003141119075406012050356
001141119075407016000058
006141119075409011000388
004141119075409012130075
003141119075409013010646
001141119075409016000058
002141119075409012160313
001141119075410012020111
003141119075411012040373
004141119075411013030622
002141119075412013030518
001141119075412014010332
003141119075413012050366
001141119075413015100543
006141119075414011000065
004141119075414013030608
001141119075414014010578
002141119075415019020065
003141119075416012040397
003141119075417012060378
006141119075417011000517
001141119075417012050347
003141119075419012060421
004141119075419012170231
001141119075420012040464
003141119075421013010737
002141119075421019050240
001141119075422014010357
006141119075422012020274
004141119075422012130336
003141119075424015010716
001141119075424014010316
004141119075424014030393
002141119075425012140419
002141119075425019100061
003141119075425012040423
004141119075426012170127
001141119075426015010615
006141119075427015090629
003141119075427013010724
002141119075428012180249
004141119075429012150293
001141119075429012030352
006141119075429011000726
003141119075429012010162
002141119075431015030279
003141119075431012060356
004141119075432012180212
003141119075432012030256
001141119075433012010338
006141119075434012040300
004141119075434012150303
003141119075435013010682
003141119075436013010777
001141119075436012030365
006141119075436013030176
001141119075437018010069
004141119075437014030325
004141119075438012130290
006141119075438013030003
002141119075438019020007
002141119075439012150278
003141119075439015010794
002141119075440019050126
003141119075441013010740
001141119075441014010011
004141119075441012160287
006141119075442011000566
001141119075443013010059
004141119075443012130319
002141119075443015030477
003141119075443012060420
004141119075445012180185
001141119075445014010432
003141119075445013010727
006141119075446011000594
001141119075446012060405
002141119075447019050148
002141119075447012180271
003141119075447012010422
001141119075448014010603
004141119075448014030440
006141119075448014030056
002141119075449014030487
003141119075450012030327
002141119075450019110040
002141119075451012160314
004141119075451013030264
001141119075451013010023
004141119075452012130210
006141119075452012140043
003141119075453012060360
002141119075453019050064
001141119075453016000168
001141119075453012060416
004141119075454012150270
001141119075455012020380
002141119075455012160230
006141119075455011000276
001141119075455016000168
004141119075455012140421
002141119075456015030376
003141119075456013010695
001141119075457012050358
004141119075458012160280
006141119075458012130286
003141119075458014010607
004141119075459013030609
002141119075459019040035
001141119075500014010573
006141119075501012020162
003141119075501012040467
004141119075501012140434
002141119075502013030541
004141119075503013030535
002141119075503013030630
003141119075503012060363
004141119075504014030423
006141119075505011000490
003141119075505014010338
001141119075505015010781
002141119075506015030388
004141119075506012140429
001141119075507013010804
002141119075508012170231
004141119075509012130205
006141119075509014030160
002141119075510019020301
004141119075510012170265
001141119075510012010361
004141119075511014030021
002141119075511014030365
001141119075511016000163
006141119075512011000231
003141119075513015010717
004141119075513013030120
002141119075514015030458
001141119075514016000163
001141119075515012030242
006141119075515011000690
003141119075515012050303
002141119075515019050209
004141119075516013030558
001141119075517012040458
002141119075517014030250
003141119075517012040429
006141119075517012050222
001141119075518016000163
001141119075519014010309
004141119075519012180292
003141119075520012040222
002141119075520019050220
004141119075520012150307
006141119075520011000568
001141119075521014010594
003141119075522012020398
001141119075523016000163
006141119075523011000639
004141119075523012130059
001141119075524012030353
002141119075524019020391
003141119075524012020389
004141119075525012140363
004141119075526012140388
006141119075526012160012
001141119075527013010035
003141119075527013010807
002141119075528013030649
002141119075528019060095
006141119075528012160222
001141119075529014010510
002141119075530015030423
004141119075530013030576
006141119075531011000534
002141119075531019100052
004141119075532012180258
003141119075532012030401
001141119075532015010731
002141119075533013030587
002141119075534012140148
006141119075534011000410
001141119075535012060353
004141119075535012150241
003141119075535015010803
004141119075536012140469
003141119075537012040453
006141119075537012160085
001141119075537014010267
002141119075538012140405
003141119075539013010606
006141119075540013010015
004141119075540012140088
001141119075541012060349
002141119075541012170293
003141119075542012060432
004141119075542012170073
001141119075543012040450
006141119075544011000723
003141119075544012040477
004141119075545015030467
001141119075545012040405
002141119075545012130263
004141119075547013030469
003141119075547012060365
002141119075548015030187
002141119075550015030262
006141119075550012110087
001141119075551014010264
002141119075551012130327
004141119075551012160243
002141119075552019020221
006141119075553011000385
001141119075553015010683
002141119075554019020382
003141119075554012020121
004141119075554012160231
002141119075554012180275
001141119075555015100561
001141119075556014010538
004141119075556013030616
001141119075557015010473
004141119075557013030628
002141119075559012130338
003141119075559012060331
001141119075600012040475
006141119075600013020241
004141119075600014030438
002141119075600019020373
004141119075602012180266
002141119075603019020275
001141119075603014010617
006141119075603013010296
001141119075603018010066
002141119075604015030244
001141119075604012010415
004141119075605014030471
006141119075606012050085
004141119075606012170286
003141119075606012040273
002141119075607014030031
001141119075607014010580
002141119075608019010131
006141119075608015020540
003141119075609012020392
001141119075609012050367
004141119075609013030479
001141119075611012050217
002141119075612019010133
003141119075612013010542
004141119075612012140422
001141119075613012010014
002141119075613014030480
004141119075614012150271
003141119075615013010733
004141119075616015030438
002141119075616014030375
002141119075617019050212
003141119075617012030344
001141119075617015010450
006141119075617011000725
004141119075619015030395
003141119075619015010721
002141119075621015030424
004141119075621012140446
003141119075621012050334
006141119075621011000668
001141119075621012050179
002141119075622019100065
004141119075624012140471
002141119075625019020124
002141119075626012160292
004141119075626012150100
006141119075626012090035
004141119075628012180158
003141119075628012010372
002141119075629019020379
006141119075629011000728
004141119075631013030530
003141119075631012010327
006141119075632015090631
001141119075633012030356
002141119075633019040028
004141119075633014030490
003141119075634012060229
002141119075634013030548
004141119075634012150268
006141119075635013020412
004141119075636012170056
003141119075637012040459
002141119075637012180308
001141119075637018010070
003141119075638012010413
006141119075638011000277
001141119075638014010457
004141119075639015030460
001141119075640014010457
002141119075640014030444
001141119075640014010571
006141119075641014030087
003141119075641012040406
001141119075641014010571
002141119075641019050234
004141119075641013030066
001141119075642018010071
002141119075642013030642
003141119075643012020286
001141119075643014010539
006141119075643012130049
004141119075643013030398
001141119075644012010382
002141119075645019050223
004141119075646013030482
001141119075646015100551
002141119075646014030488
001141119075646014010575
003141119075646012010414
006141119075647015020199
004141119075648013030448
003141119075648013010806
001141119075649018010018
006141119075649013010392
002141119075649019010119
004141119075650012060309
003141119075651012020403
004141119075652015030437
006141119075653011000581
003141119075654013010799
002141119075654012150190
001141119075654018010061
002141119075654019040023
004141119075655013030348
006141119075656013020274
002141119075656012130254
003141119075657012020300
001141119075657015010795
004141119075657012180206
002141119075658012170305
002141119075658019040032
003141119075659012020393
006141119075659011000026
004141119075659014030299
006141119075700012020002
001141119075700013010805
002141119075701012170019
001141119075701013010604
004141119075701012140460
003141119075702012010387
001141119075702015030106
006141119075703013010151
001141119075703013010797
002141119075703019020150
004141119075703013030603
002141119075704014030475
001141119075705013030071
004141119075705013030607
001141119075706014010612
003141119075706013010454
002141119075706019030022
002141119075706012130322
006141119075706011000719
003141119075707013010746
002141119075708014030450
006141119075708011000720
004141119075708012170290
002141119075709019020273
001141119075709014010536
003141119075710013010795
006141119075711011000627
002141119075711012160253
004141119075711013030425
002141119075712014030476
001141119075713015010017
003141119075713012010329
004141119075713014030267
004141119075715014030470
001141119075715012040131
003141119075715012010309
006141119075715012130102
001141119075715012040355
002141119075715013030596
003141119075717013020468
001141119075717012040426
004141119075718012170020
002141119075718012150304
002141119075718019040009
006141119075719013020428
003141119075719012080007
004141119075720012160315
002141119075721019050183
003141119075722012030400
001141119075722013010743
006141119075722012120196
006141119075723012170053
004141119075723013030577
002141119075723012150226
002141119075724019020335
004141119075724012140461
003141119075724013010666
001141119075724014010611
004141119075726013030496
002141119075726015030461
006141119075726011000712
002141119075726019020346
003141119075726015010780
001141119075726016000169
004141119075727013030456
002141119075727015030351
002141119075728019010124
001141119075728012050238
003141119075728012030366
002141119075729012140442
001141119075729012010005
006141119075729012120124
004141119075729013030550
004141119075731012180307
003141119075731012030328
006141119075731011000398
002141119075732012150108
002141119075732019020095
004141119075732012160149
001141119075732014010493
003141119075733013010598
004141119075734012130298
006141119075735014030096
001141119075735014010200
004141119075735013030366
003141119075736013010739
002141119075736019020149
006141119075736014030109
001141119075736013020226
002141119075737012140426
004141119075737012160190
003141119075738013010473
001141119075738015010802
004141119075739012180144
003141119075740013010294
002141119075740019060076
001141119075740016000166
006141119075740013010358
001141119075741014010613
004141119075742013030571
002141119075742012130326
003141119075743012030338
004141119075743012140465
006141119075743011000001
002141119075744019050196
001141119075745016000166
001141119075745013010460
003141119075745012010420
004141119075746014030305
003141119075746015010690
006141119075746011000691
001141119075747014010616
004141119075747012160134
006141119075748012170077
002141119075749012170295
001141119075749019030038
004141119075749013030460
003141119075749012050194
002141119075750019050238
004141119075751013030590
001141119075752014010564
002141119075752019060033
003141119075752012050204
002141119075752013030631
003141119075754012020399
004141119075754012130295
002141119075755014030418
006141119075755011000422
001141119075755012040446
001141119075756015010738
003141119075756012050341
004141119075756013030573
004141119075757012180272
006141119075757011000682
002141119075757019020307
003141119075758015010668
002141119075759015030474
002141119075800015030470
002141119075800019020363
004141119075800013030104
003141119075801012060221
002141119075802019110029
004141119075802012130320
004141119075803013030633
003141119075804014010436
002141119075804015030470
001141119075804012050321
006141119075804011000640
001141119075805012040468
001141119075806013010761
004141119075806013030634
002141119075807012150102
001141119075808012050360
004141119075808012150290
003141119075808015020410
004141119075809012160296
002141119075809012130331
006141119075810012010028
002141119075810012130279
001141119075811012050234
004141119075811012180304
003141119075811013010653
002141119075812013030484
002141119075812019060120
004141119075813012180277
001141119075813015010789
003141119075813012010337
002141119075814015020598
004141119075814012160298
006141119075815011000595
003141119075815012040443
004141119075816012150287
003141119075817012020269
002141119075817012130326
001141119075817012050183
006141119075818011000654
002141119075818014030456
003141119075819013010244
004141119075819012150098
001141119075821012050348
002141119075821019020326
002141119075821015030471
004141119075821012180220
003141119075822012060388
002141119075823014030448
004141119075823014030088
003141119075824013010780
006141119075825012010190
004141119075825012140424
002141119075826014030336
004141119075826012150198
002141119075827014030279
006141119075827012130120
004141119075829013030562
002141119075830014030331
004141119075830012140444
003141119075830012030396
002141119075831015030247
006141119075831012020279
001141119075832013010641
004141119075832012180262
003141119075833012060423
002141119075833012130288
004141119075834013030354
002141119075835012170280
006141119075835013020409
004141119075836012150297
002141119075836019010127
003141119075836015010550
002141119075837015030459
006141119075839012090150
003141119075839013010259
002141119075839019040033
004141119075839013030119
002141119075840012180310
004141119075842013030523
006141119075843013020154
002141119075843012130330
004141119075843013030619
002141119075844019030048
006141119075845011000263
001141119075846014010411
001141119075846018010048
002141119075846015030386
003141119075846014010525
004141119075846012130344
004141119075847012140443
006141119075848012060015
002141119075849019110046
001141119075849012030305
004141119075849012130264
004141119075850012130271
002141119075850014030388
001141119075851012040471
001141119075852016000154
004141119075852012170209
002141119075852014030381
002141119075853019050213
003141119075853012020404
004141119075854014030368
001141119075854016000154
006141119075855012050129
004141119075855012140154
002141119075855014030289
002141119075856019010072
001141119075857018010065
001141119075858012020325
003141119075858014010401
004141119075858012150260
001141119075859018010065
001141119075859012010377
006141119075859011000648
002141119075859019040006
004141119075901012150171
001141119075901012020311
002141119075902019030025
001141119075903014010377
006141119075903012010201
006141119075904011000263
004141119075904012130342
001141119075905012010410
002141119075905014030465
002141119075906019070038
002141119075906012140441
004141119075906012150128
001141119075907015100559
003141119075907015010783
001141119075907014010250
004141119075908012140408
006141119075909012060389
002141119075909019060114
001141119075909014010593
003141119075910013010765
006141119075911012050057
004141119075911013030645
001141119075911014010587
003141119075913012020367
004141119075913012150319
001141119075914012030010
006141119075914011000309
001141119075915015100560
002141119075915012140409
003141119075915012020381
001141119075916012030363
004141119075916012170217
006141119075917011000439
004141119075917012130282
002141119075917012160307
003141119075917012030300
001141119075918012020345
006141119075919012010254
004141119075919013030584
002141119075919012140374
001141119075920012040338
004141119075921012180296
001141119075921013010331
002141119075922012150305
006141119075922012040209
001141119075923013010783
004141119075924015030441
001141119075926012050147
004141119075927013030325
004141119075928012160087
006141119075929011000636
004141119075930012140225
003141119075932012020391
002141119075932019040030
002141119075933019040030
004141119075933012160301
002141119075934015030455
004141119075934015030457
003141119075935013010662
001141119075936016000167
002141119075936015030426
002141119075936019050171
003141119075937013010515
001141119075937012040346
004141119075938014030437
003141119075939013010631
001141119075939015100556
002141119075939019060108
001141119075940015100556
001141119075940014010444
004141119075940012130270
001141119075941012050224
002141119075941015030402
003141119075941012020368
003141119075942012010173
002141119075943014030356
006141119075943012160104
004141119075943012150255
001141119075943012030376
002141119075944014030466
001141119075945012060253
003141119075946012020368
004141119075946012140473
002141119075947014030485
001141119075947014010609
001141119075948012020021
002141119075949012140235
004141119075949012140127
006141119075949014020055
001141119075950012010421
004141119075950012140452
003141119075950012050359
002141119075951014030387
003141119075952013010774
001141119075952014010066
002141119075952012160228
004141119075952013030412
002141119075954012170266
004141119075954012180311
001141119075955018010008
004141119075956012130267
002141119075956019050152
002141119075956012140425
001141119075957016000064
004141119075958012180290
002141119075958012130337
003141119075958012050357
001141119075959015010766
004141119080001012170304
003141119080001012050320
002141119080001014030449
001141119080003012050279
002141119080003014030453
004141119080003015030475
006141119080003014020288
004141119080004015030306
006141119080004012030282
003141119080005012060398
004141119080006012160289
001141119080007012040472
002141119080007012180297
003141119080007012050210
002141119080008012130302
004141119080009012130278
003141119080010013010767
002141119080010012170298
004141119080010012170054
002141119080012012170303
004141119080013012160236
002141119080014015030442
002141119080015012160302
003141119080015012010401
006141119080015013010117
004141119080016012130285
002141119080017019030046
002141119080018013030589
004141119080018012170222
002141119080019014030484
004141119080019012160233
002141119080020019020323
003141119080021012030194
002141119080021012150261
001141119080021015010596
004141119080021012160272
004141119080022012160143
002141119080023012150300
006141119080024015020461
002141119080025014030072
004141119080026013030605
001141119080026012020382
003141119080026013010284
006141119080027015020563
002141119080028019070001
004141119080028012170297
006141119080029011000600
001141119080029015010764
002141119080029012130303
003141119080029012020376
006141119080030015030168
004141119080030013030346
001141119080031014010477
003141119080031014010553
002141119080031014030369
002141119080032014030158
001141119080032019030043
004141119080033012130335
003141119080034012030303
001141119080034012040411
004141119080034012130334
002141119080035012180261
002141119080036019040015
002141119080036012140379
002141119080037014030373
001141119080037019030050
004141119080037013030162
004141119080039012130314
002141119080039019010118
003141119080040012050365
002141119080040013030308
002141119080041012160308
004141119080041012180159
002141119080043012180257
003141119080043015010786
001141119080043012060403
004141119080044012150286
002141119080045014030217
002141119080047012150315
004141119080047013030614
001141119080048015010790
002141119080049012160279
002141119080049019030032
004141119080049012170228
001141119080050012010237
001141119080051019010128
002141119080052012140468
004141119080052013030538
002141119080053015030478
002141119080054019010008
002141119080055019010008
004141119080055014030478
003141119080055012030317
001141119080056012010376
002141119080057019060097
006141119080057012080127
001141119080058012030385
003141119080058012030351
004141119080058014030150
002141119080059019050243
006141119080100012110004
003141119080101015010769
001141119080101013010716
004141119080101014030398
002141119080102012180263
003141119080103012020401
001141119080104012060431
006141119080104012010405
004141119080104013030637
001141119080105016000164
001141119080105014010494
004141119080105012130310
003141119080106013010702
004141119080107012170287
001141119080108016000164
002141119080109015030383
004141119080109012160293
001141119080111016000062
002141119080112012170250
003141119080112013010794
004141119080112012180282
001141119080113014010590
004141119080114012170301
004141119080115013030222
004141119080116012140463
001141119080116014010522
002141119080117019020211
002141119080118012140428
003141119080119012040420
002141119080120019050224
002141119080121015030468
002141119080123019020327
004141119080125012150301
001141119080126012030196
002141119080127014030447
006141119080128011000674
001141119080129014010610
002141119080130012170306
002141119080131012170299
006141119080132012150195
002141119080133015030362
003141119080133013010674
002141119080135019080001
003141119080136012010398
004141119080136013030024
002141119080136014030022
006141119080136012030293
003141119080137013010769
006141119080138012060312
003141119080140012010293
002141119080140012130340
002141119080141019050184
004141119080142012180279
002141119080143014030486
003141119080143012030095
004141119080145012170284
001141119080146012030361
006141119080146013020326
002141119080147014030427
004141119080148012130317
001141119080148016000161
003141119080148012050353
002141119080149019090016
002141119080150014030416
002141119080151012140430
004141119080151012140437
003141119080152012050354
004141119080153013030440
006141119080154014020550
004141119080155012170235
001141119080156014010133
003141119080158012010010
004141119080158012160311
002141119080159019110013
004141119080201013030591
003141119080201015010805
001141119080203012020016
004141119080204013030567
002141119080205014030467
004141119080205012180301
002141119080207014030001
001141119080208016000003
004141119080208012130284
004141119080211015030439
001141119080211016000003
002141119080213019060001
004141119080216012150201
002141119080218019050193
002141119080220012180154
002141119080220019040021
004141119080223012130014
006141119080225012060241
004141119080226012170291
004141119080228012140420
001141119080230014010524
006141119080230014010295
001141119080230016000088
001141119080233015010407
004141119080233012150069
001141119080235016000141
004141119080235014030452
003141119080235014020020
001141119080237016000141
004141119080245012180260
003141119080245013010689
002141119080245012140439
001141119080246012060422
001141119080248012060368
002141119080248014030481
006141119080249011000169
001141119080251014010581
006141119080254013010215
001141119080254012070090
001141119080305012150311
006141119080305011000597
001141119080306012150311
002141119080307014030100
004141119080309015030408
002141119080310014030176
002141119080312012130292
004141119080314015030451
001141119080316012030329
004141119080319012020358
004141119080322015030101
004141119080324013030610
006141119080325012030316
004141119080327013030485
002141119080327012170273
002141119080332013030623
004141119080335013030263
002141119080335012180255
004141119080338012160312
004141119080341012180255
002141119080341013030465
001141119080343018010055
002141119080353019010094
002141119080400012170307
004141119080404013030399
003141119080404013010004
002141119080408019040020
001141119080415014010597
006141119080425011000733
004141119080441012170267
001141119080510016000012
001141119080511016000012
004141119080525013030331
002141119080615019020333
004141119080629012140337
001141119080658012060387
002141119080736012180288
002141119080802012170275
001141119081035014010508
002141119081110019110049
002141119081111019110049
002141119081324012140447
003141119081334012010392
001141119081348016000052
001141119081725016000007
001141119081728016000001
002141119082013019030033
002141119082347019010031
002141119084549019090015
002141119084617019010111
001141119091520019050246
001141119091523019050246
003141119093457013010801
002141119094418019010131
002141119094421019010133
002141119094422019010133
003141119123917013010808
002141119142430019030042
003141119165624013010807
004141119165725012130344
004141119165734012160315
004141119165737012130345
003141119165748013010806
003141119170059012040478
003141119170336012030405
003141119170528012010422
001141119170901014010617
004141119171009014030490
003141119173857012040477
003141119175015012040476
002141119181438019010072
001141119190110018010072
001141119190132016000154
001141119190134016000154
001141119190318018010072
001141119190330018010072
002141119191656019020383
002141119191731019060107
001141119192302016000112
002141119192353019050128
001141119192431014010066
001141119192453014010068
001141119192608015100561
001141119192611015100557
001141119192615015100556
001141119192626015100543
004141119192642012140470
001141119192744014010011
004141119192803012150250
004141119192808012160298
004141119192821012140471
004141119192824012150226
004141119192827012140467
002141119192830019020382
002141119192852012160279
001141119192853014010208
001141119192855014010103
001141119192858014010053
001141119192929014010250
004141119193039012140469
004141119193104012140472
001141119193115014010003
001141119193119014010200
001141119193149013010011
002141119193234012140458
001141119193259016000157
001141119193308014010267
001141119193313016000064
001141119193314016000169
002141119193319019020230
001141119193326015100551
002141119193331012180308
001141119193335015100560
003141119193422013010550
006141119193427013020240
004141119193433012140452
004141119193439012160259
004141119193445012140456
004141119193510012150311
004141119193515012140466
001141119193532015100559
001141119193545014010295
001141119193547016000003
001141119193549014010316
001141119193550016000163
001141119193552016000163
004141119193552012140449
001141119193611016000163
002141119193621019110029
002141119193623019110029
001141119193649014010444
001141119193651014010452
001141119193653014010377
001141119193705013010199
002141119193713014030001
004141119193713012140457
002141119193716012170273
003141119193717013010776
001141119193736016000168
001141119193738016000168
004141119193738012140463
004141119193741012140462
001141119193750013010746
001141119193805014010401
001141119193808016000088
003141119193813014010436
002141119193815019060095
001141119193818014010338
001141119193829014010492
001141119193832013010347
004141119193856012170264
003141119193930013010712
004141119193939012140445
004141119194001012140465
006141119194002013020397
004141119194005012170258
001141119194007014010432
002141119194007012160308
002141119194010012170303
004141119194016012150294
004141119194026012140444
006141119194041012110004
002141119194043019030045
002141119194116012150312
001141119194126014010157
001141119194128014010457
001141119194131014010510
003141119194131013010460
001141119194133014010525
003141119194134013010454
001141119194134014010524
002141119194142014030482
004141119194149012160231
002141119194152014030056
002141119194201012150069
002141119194214012170301
004141119194223012170253
004141119194229012160310
004141119194235012150271
002141119194248019020307
003141119194250013010529
004141119194255012150290
003141119194259013010781
001141119194315016010128
004141119194319012160312
001141119194322014010526
004141119194323012140434
001141119194324016010124
004141119194327012160311
001141119194329016010122
003141119194338013010284
006141119194339014010241
004141119194340012150303
004141119194353012150263
001141119194353014010502
001141119194355016010106
004141119194415012160313
002141119194421012160300
002141119194424012160306
003141119194434013010777
004141119194434012170295
003141119194438014010539
001141119194446014010563
004141119194449012180144
003141119194449014020020
004141119194500012140441
001141119194503014010569
003141119194513012080189
006141119194516012110160
004141119194518012180106
004141119194531012160307
004141119194535012150297
004141119194555012170306
001141119194557014010537
004141119194603012150310
001141119194606014010571
001141119194608014010570
004141119194608012180046
002141119194611014030077
001141119194614014010565
004141119194622013030510
003141119194630015020410
004141119194638012170073
002141119194639012140439
004141119194643012150270
004141119194650012160289
004141119194651012160149
004141119194653012170218
004141119194656014030470
004141119194658012170304
004141119194701013030508
004141119194703012170222
006141119194708012110223
004141119194710014030021
006141119194711012110087
004141119194713014030109
002141119194718014030031
001141119194720014010332
004141119194722012170279
001141119194722014010578
002141119194731014030484
004141119194733012180154
004141119194735012180158
003141119194747014010201
002141119194747014030150
003141119194751013010426
003141119194802012050123
002141119194802012170307
006141119194802012080131
006141119194809013030248
006141119194817013030248
006141119194829013030248
004141119194833012150286
004141119194840013030024
004141119194849013030516
004141119194858013030003
001141119194908014010592
004141119194912015030279
004141119194921012140424
001141119194924013010549
004141119194926012170284
001141119194926013010479
003141119194946013010770
004141119194948012170279
006141119194949012090150
004141119194953013030084
002141119194957012150203
003141119194957013010560
004141119195005012150203
001141119195007014010587
004141119195008012150255
003141119195011012060349
003141119195013012040346
004141119195020012160228
001141119195022014010573
003141119195024012040468
004141119195024012150171
001141119195030012010014
002141119195031014030480
004141119195041012140425
003141119195047013010601
002141119195048019060097
002141119195049012140425
003141119195050013010650
003141119195052013010771
001141119195101013010021
001141119195105016000126
004141119195106012170054
001141119195107016000126
004141119195108012160292
001141119195109016000126
001141119195112012040426
002141119195116015030343
004141119195117012140437
004141119195119013030538
002141119195119015030101
002141119195122015030244
004141119195122012180220
002141119195124012170277
001141119195128016000161
004141119195132012170271
002141119195132012140409
001141119195134016010095
004141119195135012140426
001141119195137012010028
002141119195137013030518
004141119195139012140408
001141119195141012010237
001141119195144014010575
001141119195146014010553
004141119195149012170257
004141119195153013030176
001141119195157012010010
002141119195157015030351
004141119195159012170266
002141119195203014030475
004141119195207014030475
004141119195212012160163
003141119195214012040192
001141119195214012050367
004141119195214012140461
004141119195217013030545
004141119195219012170219
002141119195221019100039
001141119195230012010019
006141119195230015020199
006141119195241014020288
006141119195251014020055
004141119195254013030548
004141119195301012150198
001141119195304012020306
001141119195306012020383
004141119195307013030546
004141119195314012140422
002141119195316012170019
004141119195318012140420
001141119195320014010522
004141119195323012140430
002141119195325014030217
001141119195326012040209
004141119195326012150190
001141119195328014010598
002141119195329014030072
004141119195342013030162
003141119195342012050368
001141119195348012040131
003141119195357012010162
001141119195404015020469
004141119195408012140388
001141119195410015020563
001141119195411014010604
004141119195412012170299
001141119195414014010603
001141119195416014010548
001141119195416019030043
001141119195417014010605
001141119195418019030038
001141119195423014010584
004141119195423012160021
004141119195426012150304
001141119195431019030050
003141119195431015010408
004141119195433012180171
001141119195434019030050
003141119195435015010408
002141119195439015030466
003141119195447013020154
001141119195448014010581
003141119195451013020154
004141119195454012130250
004141119195457012140405
003141119195457012050369
004141119195504013030222
001141119195505012010254
004141119195506012180206
002141119195509016000123
004141119195509012140419
003141119195509013010646
002141119195510012150315
001141119195511012010201
004141119195516012130333
002141119195517014030478
004141119195534012170178
002141119195537016000144
004141119195547013030066
003141119195553012050359
004141119195558013030119
003141119195559013010758
003141119195600012050366
001141119195602013010358
003141119195606012040222
004141119195607012140379
006141119195609013020543
003141119195610012040293
002141119195614012140379
003141119195614013010598
004141119195616013030562
003141119195617014010607
004141119195621012170056
003141119195621013010296
004141119195625013030551
003141119195628013010759
004141119195629014030096
004141119195632012180259
001141119195633016010071
003141119195633013010215
004141119195636013030558
001141119195638014010609
004141119195638012140429
004141119195645013030187
004141119195649015030395
006141119195650013030188
004141119195653015030395
002141119195654012170250
004141119195657013030120
004141119195705012140443
004141119195708013030246
003141119195709012050363
003141119195713012030400
003141119195714013010653
004141119195716012150170
003141119195716012070193
003141119195722012050365
003141119195726013010785
002141119195727012160088
003141119195729013010624
004141119195730012140374
001141119195731014010615
001141119195733014010264
003141119195736012010389
004141119195736012140473
003141119195739012020400
001141119195740012010341
001141119195742012020021
003141119195746012040337
001141119195754014010614
002141119195754014030456
001141119195756014010616
004141119195756015030371
001141119195759014010613
004141119195800012160075
001141119195802015010017
004141119195803012180251
004141119195806012180262
001141119195806012060005
001141119195809012020111
002141119195809014030458
003141119195811013010651
004141119195823013030348
002141119195825014030459
004141119195836012170268
006141119195836012020037
002141119195840015030402
004141119195840012140225
002141119195842015030410
001141119195844016010073
002141119195847014030174
002141119195848014030055
004141119195849013030565
002141119195850015030337
004141119195852012180159
002141119195854012180271
004141119195858013030530
004141119195904013030264
004141119195906012170267
004141119195909012180272
001141119195912014010606
004141119195920012150249
004141119195924012170209
004141119195929012170280
001141119195935016010110
002141119195935012160012
006141119195937012080127
001141119195940015010473
002141119195941013030563
001141119195945015010129
002141119195945014030465
002141119195946014030467
002141119195948014030466
002141119195951012160230
002141119195953012140363
003141119195954012080007
001141119195959016010045
001141119200002013030157
002141119200002015030438
006141119200002015090630
002141119200004014030100
003141119200004013010541
002141119200007014030487
001141119200010012010338
002141119200012014030481
002141119200015014030452
001141119200018012010247
004141119200022012170217
002141119200029012140428
001141119200030012010327
001141119200032015010669
001141119200034015010407
003141119200037012040273
003141119200039012060015
004141119200039012150073
003141119200043013010580
004141119200046013030104
003141119200046012050356
002141119200047014030158
002141119200048015030442
004141119200049013030356
002141119200050015030388
002141119200053015030461
002141119200055015030383
001141119200105012010376
001141119200107012020002
001141119200109012020086
004141119200111012180263
001141119200111015010682
002141119200116019020065
003141119200118012020279
004141119200120013030567
003141119200122012030403
002141119200123019060120
003141119200128012020274
004141119200139012170144
004141119200143015030408
002141119200144012180255
004141119200145012180253
003141119200145012040376
003141119200148012040382
004141119200148012150318
002141119200151012180249
003141119200151012040353
004141119200151012150268
004141119200156015020635
004141119200158015020655
004141119200207013030507
003141119200207012040405
004141119200212013030577
003141119200212012020016
004141119200214013030571
003141119200219012010385
003141119200220012040397
006141119200220012070006
001141119200226012040403
001141119200227013010751
002141119200229015030362
002141119200231012180249
001141119200232015010668
003141119200233013010726
002141119200233012180273
004141119200234012170292
001141119200234015010683
001141119200234016000141
002141119200236012150309
001141119200236016000141
001141119200237012010277
003141119200243012050354
006141119200247011000733
003141119200248012030389
001141119200251016010082
003141119200251012060166
004141119200252012150274
001141119200255012010387
003141119200255012010173
001141119200255016010098
004141119200257012170146
003141119200258012010309
002141119200258012150091
004141119200300012160233
002141119200301012180257
004141119200303012150307
003141119200304012030401
004141119200305012180185
004141119200307012160104
003141119200307012040406
001141119200307016000166
002141119200308015030463
003141119200310012050350
002141119200316013030573
004141119200317012180276
003141119200318012010393
002141119200319012180261
001141119200319012010364
002141119200322012170194
003141119200323012030397
006141119200327012080163
004141119200328012160085
003141119200329013010769
002141119200331012160222
001141119200332016000101
001141119200335016000101
004141119200337012150195
002141119200338014030290
001141119200339015010693
004141119200339012150135
002141119200340014030226
001141119200342015010696
002141119200343013030308
004141119200344012130343
001141119200346015010692
004141119200347012150301
001141119200349015010632
002141119200350012140474
003141119200350012040410
001141119200355015010781
001141119200400015010793
002141119200401012140389
003141119200402013010007
004141119200404013030354
002141119200404019060119
003141119200406013010505
003141119200412012060221
002141119200412012130242
003141119200414012060241
002141119200415012160280
004141119200416013030240
003141119200417012030386
004141119200419012160136
003141119200420012020228
004141119200426013030346
003141119200428012060007
003141119200429012030387
001141119200429016010119
004141119200429013030576
004141119200431012170290
004141119200434012170293
001141119200436012020121
004141119200436012130341
001141119200439013010805
004141119200440012130342
002141119200440014030267
001141119200440012050357
001141119200443012050358
001141119200445012020269
004141119200445013030592
003141119200451012010329
002141119200453014030087
004141119200454013030399
003141119200455012010398
001141119200455012010400
003141119200501012010293
003141119200502012010337
001141119200503019010128
004141119200503012140154
003141119200503012030399
003141119200505013010724
002141119200506012130340
004141119200506012170020
004141119200509013030590
003141119200510012010337
002141119200511012130340
003141119200511012020013
004141119200513012170275
001141119200516012020285
004141119200516012180278
001141119200519015010716
004141119200520012150128
003141119200522013010735
004141119200526012180279
002141119200530014030159
004141119200540012180284
004141119200543012170127
001141119200543016010121
001141119200544012010340
004141119200545012180258
004141119200549014030421
003141119200550012050028
002141119200552012180287
004141119200556012140167
004141119200559013030398
003141119200600012030402
003141119200604012040373
004141119200610012160287
003141119200611012020396
004141119200613012160114
004141119200618012180290
004141119200622012140088
004141119200625012160285
002141119200626015030478
001141119200632015010788
002141119200634012140431
002141119200638014030289
001141119200640012010170
003141119200643012020300
002141119200644014030476
002141119200646014030450
004141119200647012170127
002141119200648014030088
004141119200651013030440
002141119200651014030299
003141119200653013010800
001141119200653015010678
001141119200656015010596
003141119200657012050345
004141119200657012150201
004141119200701012140127
004141119200705013030412
001141119200708012010408
004141119200709012150098
003141119200712012020286
001141119200713012040433
001141119200719015010766
004141119200719015030471
003141119200721013010575
001141119200724013010755
003141119200725012010005
002141119200729015030470
001141119200729013010734
002141119200730015030428
002141119200733015030423
003141119200734012040414
004141119200737012150196
003141119200737012030366
004141119200740012150100
004141119200746013030339
004141119200750013030075
002141119200750019100061
003141119200755012060331
004141119200800012180277
001141119200800012030376
004141119200804013030366
004141119200809012130336
002141119200812012180288
004141119200817013030550
004141119200821013030456
001141119200822012040438
002141119200822012140043
004141119200824012130339
002141119200825012140086
002141119200827014030160
003141119200829013010732
002141119200830015030477
003141119200832013010606
002141119200832015030475
002141119200835014030447
004141119200837012180268
004141119200843013030386
004141119200847013030443
004141119200850013030379
004141119200852012180299
006141119200852012120196
001141119200854013010743
003141119200855013010716
006141119200856012120124
001141119200857012030385
003141119200858012050351
004141119200901012140442
003141119200901012030396
006141119200901012010405
001141119200902015010780
003141119200902012060312
003141119200905012050341
003141119200908012050353
004141119200912013030331
001141119200914013010023
002141119200916012140235
002141119200919012140235
002141119200922012180275
002141119200929012130338
006141119200933011000732
003141119200936012040444
003141119200938012010372
002141119200939012140435
002141119200944014030454
003141119200950012010355
002141119200952014030331
004141119200957012160134
004141119201004012160236
003141119201005013010772
001141119201008015010800
004141119201009012180301
001141119201013016010105
002141119201014012140475
003141119201016015010794
004141119201017012130335
002141119201021012130327
004141119201023013030587
002141119201023012160224
006141119201025015090608
006141119201028015090608
004141119201029013030607
004141119201031012160224
006141119201032015090580
006141119201034015090616
004141119201036013030606
006141119201037015090620
003141119201038012020288
004141119201038012180282
003141119201040012060229
006141119201040015090617
001141119201042012030363
003141119201042012040423
004141119201043014030471
006141119201044015090631
004141119201046013030584
006141119201047015090568
006141119201048011000385
006141119201051015090629
002141119201052012150278
006141119201054015090618
003141119201103012040437
003141119201104012010401
001141119201105012060360
004141119201106012180296
003141119201108012020162
003141119201109012020010
004141119201116013030609
002141119201118012150283
003141119201119012010414
003141119201123012020366
003141119201125012010413
003141119201128012060363
003141119201130012100134
001141119201134012020332
001141119201136012010409
004141119201144013030610
001141119201144012010421
004141119201147013030458
004141119201151012170291
004141119201154012160256
003141119201154012020352
004141119201156013030605
004141119201157012180304
001141119201159019110051
003141119201159012040417
004141119201201013030425
001141119201201014010608
003141119201202012040429
004141119201203012130331
001141119201204012010392
003141119201205012040420
004141119201207012170195
001141119201207012020345
003141119201208012040442
002141119201209012130330
004141119201210012170265
004141119201213012180292
003141119201213012040443
002141119201214012130329
004141119201217012170228
002141119201219019070014
001141119201223012060368
003141119201223012060364
002141119201225012150108
003141119201228012010292
001141119201229012010419
001141119201233012030361
004141119201234014030334
001141119201236012050347
002141119201238019050084
004141119201239012150241
002141119201246019100013
001141119201247014010460
004141119201249013030465
001141119201251014010411
001141119201252014010440
002141119201255012130338
006141119201258015090627
003141119201258012020340
002141119201258013030465
004141119201305012180260
004141119201307013030382
004141119201313012130319
002141119201317012160302
003141119201319013010727
004141119201321012130334
004141119201325013030634
004141119201329012130317
003141119201331012060309
004141119201332012180307
004141119201335012160271
004141119201338012140421
004141119201339012140446
004141119201343013030608
004141119201346013030325
003141119201349012060259
001141119201353012010410
006141119201354015090579
002141119201354012150261
002141119201355012130316
004141119201400012140464
002141119201401012130314
003141119201403012010420
004141119201403014030430
004141119201405012160272
004141119201412012170298
003141119201414012040454
004141119201416014030440
002141119201418012180305
004141119201418012160087
004141119201420012160293
002141119201421012180305
006141119201421015090603
004141119201422012160296
004141119201423012170286
006141119201425015090611
004141119201428012170286
002141119201428012130337
006141119201428015090621
004141119201430012150287
001141119201430012050315
002141119201430019100052
006141119201431015090621
004141119201435012180266
002141119201436019010116
002141119201439019010127
003141119201441013010730
001141119201444012040458
002141119201454012130312
006141119201458015090632
004141119201459013030479
003141119201504012030404
003141119201507013010522
002141119201513012170193
002141119201516012160243
001141119201516012010348
004141119201520013030469
003141119201525013010794
003141119201534012040459
002141119201535014030427
001141119201536012020348
003141119201538012060374
003141119201540012060379
003141119201546012040452
003141119201551013010710
001141119201551014010555
006141119201551011000594
001141119201559014010536
001141119201601014010493
003141119201602012030381
004141119201603013030448
001141119201604014010535
006141119201606011000727
004141119201607012150295
001141119201607014010357
006141119201608011000728
001141119201609013010641
004141119201609013030482
001141119201611018010018
001141119201611012030353
003141119201611012060359
006141119201612011000729
001141119201613018010018
002141119201613013030466
001141119201614012030352
003141119201614012050320
001141119201615018010048
002141119201617012130305
001141119201618012060383
001141119201620012010382
006141119201623011000725
004141119201624012140460
001141119201624013010802
003141119201625012050360
006141119201627011000726
006141119201628011000710
001141119201628013010688
001141119201630012020385
003141119201631012040338
002141119201631013030618
001141119201633012040446
001141119201636012040446
003141119201637012030344
003141119201639013010625
001141119201640012060353
001141119201643012050310
004141119201651013030523
001141119201651013010783
003141119201652012060365
001141119201653013010798
004141119201654013030496
003141119201655012040300
004141119201655013030071
003141119201703012030355
003141119201717012010415
001141119201719012020388
001141119201722013010747
002141119201731014030366
001141119201732013010604
004141119201733012170297
002141119201734014030489
001141119201753018010059
003141119201753012010361
006141119201754011000730
001141119201756018010059
003141119201757012050309
003141119201758012020367
001141119201758012060095
004141119201759012170297
003141119201802012030342
006141119201804011000722
003141119201806012050313
001141119201809012020325
004141119201811012130303
002141119201815012130302
004141119201816014030437
004141119201819012160301
004141119201825012160282
006141119201826011000713
001141119201828012030350
001141119201830013010797
004141119201833013030622
006141119201833011000713
002141119201834012170287
003141119201836012040453
004141119201836012150305
002141119201836014030373
001141119201837012020380
002141119201837019050091
002141119201840019050224
003141119201841012010011
004141119201843012140337
004141119201850013030617
002141119201851013030596
004141119201852013030441
004141119201854013030619
003141119201856012040462
003141119201857012040411
004141119201857013030614
004141119201901012170235
002141119201904019060115
001141119201908012020376
003141119201909012010011
003141119201910012020391
002141119201910012160291
001141119201911012060372
003141119201914012050303
006141119201916015090628
003141119201918012020381
003141119201922013010700
006141119201923011000706
004141119201933015020598
002141119201934014030365
002141119201934019070031
002141119201938014030279
003141119201943012060384
003141119201944012060356
003141119201946012040461
001141119201947012030333
006141119201949011000677
004141119201952013030498
001141119201953013010762
006141119202001015020461
006141119202003015020540
006141119202006011000715
006141119202009011000715
001141119202010018010008
003141119202010012020392
003141119202020012040447
001141119202024013010035
003141119202030012030377
003141119202031012030351
003141119202037012020393
004141119202038012160314
001141119202039015010797
003141119202040012020399
001141119202043012040450
001141119202045013010716
001141119202047015010753
001141119202057013010213
001141119202101012010190
001141119202105013010804
001141119202108013010761
004141119202112013030624
001141119202113012060397
002141119202119013030485
003141119202129013010791
002141119202129019110006
002141119202130013030349
002141119202130019110006
002141119202135013030623
002141119202137019060033
006141119202138019100071
003141119202140012050266
002141119202142012130297
004141119202144012150319
003141119202144012040445
006141119202145011000699
004141119202147013030625
003141119202147012020401
006141119202148011000683
001141119202149014010612
004141119202150012130298
003141119202150012040465
002141119202151019020323
002141119202152014030444
002141119202154014030418
002141119202204012180157
002141119202205012180252
003141119202209012050308
004141119202210012160190
004141119202213012160143
004141119202229012150102
004141119202233012150260
003141119202243012060388
003141119202246012030327
001141119202248016010100
003141119202254012030335
003141119202256012030349
003141119202259012060396
001141119202301012050331
001141119202304012040464
001141119202305012050279
003141119202307012060400
003141119202310013010739
004141119202312012130279
002141119202317014030388
003141119202318013010793
002141119202320014030375
002141119202323014030176
003141119202325012020403
002141119202326012180310
001141119202328016010125
004141119202333013030627
003141119202339012020333
003141119202342012020389
002141119202349012180297
003141119202350012020137
003141119202356012040469
003141119202357012040466
004141119202358013030616
004141119202359014030398
002141119202405014030239
003141119202407012020402
002141119202408014030400
002141119202411014030342
006141119202415012120199
006141119202417011000719
001141119202418013020180
002141119202422014030356
006141119202422011000694
002141119202424014030381
002141119202425019020079
002141119202426014030325
004141119202427012130282
002141119202427019050214
002141119202431019050205
006141119202434011000686
006141119202437011000678
001141119202440018010061
002141119202440019020400
006141119202441011000668
004141119202443012130295
006141119202444019100066
001141119202444018010061
002141119202445019060084
006141119202446012170053
001141119202447012020398
001141119202449018010067
002141119202451019050235
001141119202453018010054
003141119202454012050254
002141119202454014030390
001141119202456012040471
003141119202500013010672
003141119202503012040470
006141119202503013020428
003141119202508012030316
003141119202514012060398
003141119202533013020468
002141119202538013030631
003141119202539012040355
004141119202540014030393
004141119202543012130278
002141119202602013030484
006141119202609011000670
004141119202614013030541
001141119202615013020226
004141119202616013030630
006141119202618011000675
006141119202621019100068
001141119202621018010047
003141119202628012020311
002141119202635014030453
001141119202636016010090
001141119202641016010081
001141119202643016010081
002141119202646012130292
001141119202647018010070
002141119202653019050243
002141119202654014030423
001141119202655018010071
002141119202655019050243
002141119202658019030022
003141119202705013010765
002141119202707019050193
004141119202714013030504
002141119202714012130276
003141119202716013010413
002141119202718014030416
003141119202730012020390
003141119202735013010768
004141119202751012150299
004141119202754012150299
003141119202754012060378
001141119202754013010059
003141119202757012030303
002141119202758019100072
002141119202803019020273
004141119202807013030636
001141119202808016010056
006141119202812011000643
006141119202812011000720
001141119202814016010130
006141119202815011000720
001141119202817018010069
003141119202822012030317
004141119202824013030535
002141119202824014030424
001141119202825018010071
002141119202827014030438
002141119202828019050223
003141119202829013010117
002141119202833015030444
001141119202835018010065
004141119202839013030633
003141119202839012060410
002141119202840015030376
002141119202841012130263
002141119202843015030356
002141119202845012130310
003141119202847013010693
002141119202848015030368
004141119202849012130270
004141119202851015030439
002141119202851012130310
002141119202854015030368
002141119202857015030451
002141119202858019060003
002141119202900015030451
003141119202900012030282
004141119202902014030305
002141119202903014030368
004141119202905014030336
004141119202908012160253
006141119202912019100018
002141119202912019030042
003141119202915012030256
006141119202919011000666
003141119202924012030266
003141119202925012050238
001141119202931012040475
006141119202941013020326
001141119202942015010784
002141119202948019050064
001141119202959012050234
003141119203001013010515
001141119203001012020344
002141119203002019020263
001141119203003012060415
001141119203005012030300
002141119203007014030486
003141119203008012010377
003141119203010012030338
002141119203010014030485
001141119203016013010176
003141119203017013010015
003141119203021013010001
001141119203021015010785
002141119203022015030112
001141119203022012010403
001141119203026015010785
004141119203026012130214
003141119203028013010567
002141119203028014030425
004141119203029013030637
003141119203033012050307
004141119203033015030460
001141119203035012050224
002141119203036015030389
003141119203039013010014
002141119203041013030638
001141119203044012060416
006141119203046012090035
003141119203049013010654
003141119203058013010151
003141119203103012060369
002141119203109019050164
002141119203124015030187
002141119203135013030639
004141119203142012170305
003141119203144012060381
003141119203145012030261
004141119203152012130326
004141119203157012140149
002141119203159015030473
004141119203202015030106
003141119203203012050225
006141119203204011000663
003141119203205013010803
001141119203207012050222
003141119203209013010774
002141119203211014030426
003141119203212012030304
003141119203213012020404
006141119203216011000651
004141119203224012130223
002141119203226015030437
002141119203228015030168
003141119203229013010763
006141119203235019100046
004141119203237012140148
002141119203237012130205
004141119203240013030641
006141119203243019100008
006141119203246019100008
004141119203249015030246
003141119203250012060421
002141119203251019050239
006141119203252019100067
004141119203252012130210
006141119203255011000692
001141119203255016010080
003141119203256013010662
006141119203258019100067
003141119203300012060253
002141119203301015030262
001141119203302012050285
003141119203306012050204
002141119203306019100070
001141119203307012050344
002141119203307015030247
001141119203310012050213
002141119203318019040009
006141119203321011000600
003141119203322012040472
002141119203322019040016
002141119203324012130271
006141119203325013020067
006141119203329011000712
002141119203330019040001
002141119203331019040001
002141119203332014030374
004141119203332012130205
002141119203334014030399
004141119203336012130116
002141119203336019040035
004141119203342012130280
006141119203345011000601
002141119203346019050230
003141119203350012030230
004141119203351012130102
006141119203356011000682
002141119203400019050234
006141119203400011000724
001141119203401012060422
002141119203406019050026
002141119203409019060086
002141119203413019060103
006141119203415011000654
002141119203416019050228
002141119203417012130286
003141119203425013010577
001141119203439012030242
001141119203441012030356
001141119203443012020368
001141119203444012020008
003141119203447012050195
006141119203447011000681
004141119203449012130091
006141119203449011000662
003141119203450012050194
004141119203453013030644
002141119203503019050240
006141119203505011000692
003141119203511012060423
001141119203514012050217
002141119203514019110050
003141119203515012060414
002141119203516019110050
001141119203517019050245
003141119203518013010190
003141119203521012060420
001141119203530013010006
006141119203536012130091
002141119203538019050152
003141119203551012110201
001141119203556015010721
001141119203558015010550
003141119203558013010520
006141119203604011000636
006141119203610011000640
006141119203613011000640
004141119203647012130264
004141119203650013030645
003141119203654013010542
004141119203654012130014
003141119203655013010392
006141119203655011000731
002141119203657019110027
006141119203657011000656
004141119203700012130284
006141119203700011000656
004141119203702014030387
006141119203703011000598
003141119203712012060426
003141119203713012030293
003141119203722012060428
006141119203723011000586
001141119203724012050179
006141119203726011000581
003141119203740013010631
001141119203740012060403
001141119203741012060430
003141119203743013010321
001141119203746012060429
002141119203746015030356
001141119203748012030368
001141119203751016000139
006141119203753011000627
003141119203755013010733
004141119203757012130322
006141119203757011000627
004141119203800013030642
002141119203803012170231
004141119203803013030646
002141119203806012140468
004141119203807013030647
002141119203810012140447
003141119203812012050210
001141119203816012060405
002141119203817015030386
004141119203817012130285
001141119203820013010446
004141119203821013030460
006141119203825013020581
006141119203831019100065
004141119203835013030506
006141119203835011000534
002141119203839015030431
003141119203847013010473
001141119203847015010001
003141119203850013010737
001141119203851015010752
003141119203852012030194
001141119203854015010450
006141119203859011000595
003141119203900012030372
004141119203900013030649
002141119203904013030648
006141119203911012130120
002141119203920015030459
002141119203922015030455
002141119203922019110043
003141119203929012030036
003141119203939012030276
003141119203943012050311
003141119203945013010740
003141119203948013010780
002141119203949015030434
002141119203951019050244
002141119203953019050244
006141119203955011000568
002141119203959019050216
001141119204000015010737
002141119204004012130165
003141119204006013010788
001141119204010012020382
002141119204015019110002
003141119204017012060389
003141119204019012020358
002141119204039019020124
001141119204047012050183
002141119204048014030448
002141119204051019020061
001141119204053012050129
003141119204053012030329
003141119204101012030328
004141119204101012130059
003141119204104012030095
003141119204106013010787
003141119204111013010666
003141119204115013010294
003141119204117013010695
003141119204119012040467
006141119204121011000445
003141119204125013010682
003141119204127012030010
003141119204129012060433
001141119204130012050348
003141119204141012060427
002141119204153015030306
006141119204203011000440
003141119204207012060431
006141119204211011000574
004141119204213012180212
006141119204215011000573
004141119204216013030509
001141119204218018010055
002141119204236019020260
003141119204243012050057
002141119204249019030001
006141119204249011000490
003141119204250012030390
003141119204308013010244
004141119204313012130075
004141119204319015030443
003141119204322013010259
004141119204322013030591
004141119204327012170231
001141119204331015010795
002141119204333015030426
004141119204334012130049
002141119204335019020363
003141119204341015010687
001141119204414012030365
002141119204417019110033
002141119204419019110033
001141119204433015010774
006141119204435011000498
006141119204443011000491
006141119204446011000517
001141119204448015010615
004141119204454012130320
001141119204516015010791
001141119204528012040425
004141119204535013030589
004141119204546012130290
006141119204546011000491
004141119204552012170077
003141119204553013010674
004141119204556012130288
004141119204600012130290
002141119204601012130254
002141119204606012170077
002141119204608015030451
006141119204612011000566
006141119204616011000648
003141119204622013010799
003141119204625013010795
006141119204629011000597
006141119204632011000408
006141119204635011000408
003141119204636013010677
006141119204641011000398
001141119204645015010717
003141119204652012040473
002141119204657015030441
001141119204712012030305
001141119204714012020324
001141119204717012030196
003141119204728013010009
002141119204728015030458
004141119204730019020180
006141119204731011000422
006141119204735011000422
003141119204747013010365
002141119204747015030424
002141119204750014030250
006141119204759013020409
002141119204801019020318
002141119204804019110049
003141119204811013010365
002141119204812019020401
003141119204821015010704
003141119204824015010690
006141119204828011000388
006141119204832011000388
002141119204843019110048
006141119204844011000388
006141119204848011000410
006141119204855011000309
002141119204900019050170
001141119204905012070090
002141119204912015030436
002141119204915015030467
003141119204935013010702
002141119204935019020390
002141119204937015030445
006141119204937011000277
002141119204957015030465
004141119204959015030457
001141119205001018010066
003141119205011013010004
001141119205025015030454
002141119205027019020399
001141119205045016000073
006141119205047011000283
003141119205057013010714
003141119205059013010270
003141119205109012050085
003141119205115013010689
002141119205128019020313
006141119205130013020068
001141119205131015010761
006141119205143011000343
002141119205153019020124
003141119205203012050364
003141119205209012060432
002141119205220019110037
002141119205228015030469
003141119205231012060434
006141119205236011000263
002141119205238019020373
006141119205239011000263
006141119205242011000439
006141119205245011000065
006141119205306019100063
001141119205337012050321
006141119205345011000690
006141119205348011000691
006141119205350011000704
006141119205353011000231
003141119205414012050009
002141119205431019070001
002141119205436019060001
002141119205507015030474
002141119205638015030468
006141119205646011000258
002141119205651015030476
006141119205721011000525
006141119205725011000564
006141119205729011000203
006141119205732011000262
002141119205810019040006
001141119205813015010764
002141119205815019040028
001141119205827015010763
002141119205850019020326
002141119205856019020353
002141119205905019040030
002141119205908019040030
006141119205910011000001
002141119205911019040021
006141119205913019100044
002141119205918019040006
002141119205925019040033
002141119205947019040034
002141119210002019050220
006141119210009011000687
002141119210010019050227
006141119210012011000639
002141119210019019040023
002141119210024019040032
006141119210043011000359
001141119210045015010758
003141119210048015010769
006141119210049011000041
001141119210056015010802
006141119210058011000086
001141119210119015010738
006141119210155011000700
006141119210204011000078
006141119210215011000674
002141119210231019040020
002141119210233019040015
006141119210233011000120
006141119210237011000026
002141119210247019040024
001141119210254015020500
006141119210311011000714
006141119210313011000707
002141119210315019020389
002141119210318019020349
002141119210321019020398
006141119210334011000723
006141119210352013020241
002141119210353019110005
006141119210354011000717
001141119210417015010787
001141119210420012050147
003141119210425015010610
006141119210429011000051
006141119210442016010086
006141119210453011000555
006141119210456011000718
001141119210504015010804
006141119210523013020274
001141119210539015010786
001141119210547016010127
001141119210551015010789
002141119210714019020374
006141119210739011000169
003141119210751015010792
002141119210752019020211
006141119210830011000276
002141119210909019050094
001141119210910015010796
003141119210911013010331
002141119210911019050183
002141119210915019020212
002141119210917019020368
002141119210919019020333
003141119210935015010798
002141119210944019020275
001141119210952015010790
002141119211006019050225
002141119211038019020150
002141119211042019020127
002141119211046019020149
002141119211054019020372
002141119211057019020397
002141119211115019020327
002141119211118019030032
002141119211120019030047
002141119211126019020282
002141119211143019020095
001141119211217015010801
002141119211245019020301
002141119211258019030046
002141119211305019050209
001141119211315016000025
001141119211345016010024
002141119211431019020391
003141119211457015010803
002141119211509019100028
002141119211616019030025
003141119211620015010805
002141119211708019020377
002141119211717019020340
001141119211738016010120
001141119211745016010123
002141119211759019050196
002141119211811019010119
002141119211814019020346
002141119211946019020103
002141119211956019020007
002141119212005019060102
002141119212140019060113
002141119212147019020378
002141119212211019020392
002141119212305019020379
002141119212337019020286
002141119212436019020394
006141119212448019100002
002141119212453019060114
002141119212501019010118
002141119212608019060076
002141119212616019050222
002141119212623019050222
006141119212954011000473
002141119212958019020335
001141119213015016000062
002141119213059019020083
002141119213412019030048
002141119213512019100032
002141119213534019020393
003141119214235015010751
003141119214238015010783
002141119214316019050237
002141119214321019050241
002141119214341019050238
002141119214344019050212
002141119214350019050112
002141119214354019050242
002141119214722019110013
002141119214912019090015
002141119214917019010094
002141119214923019010111
002141119214930019010111
002141119214953019010124
002141119215146019050184
002141119215149019050126
002141119215224019010109
002141119215610019050195
002141119215616019050217
002141119215625019050148
002141119215716019050213
002141119215719019050171
002141119215722019050171
002141119222814019060101
002141119223249016000090
002141119223257019060101
002141119223258019010008
006151119071045016010081
006151119071050016010090
006151119071508016010098
006151119071521016010098
006151119072606016010082
006151119073823019100046
006151119073831015090608
006151119073835015090608
006151119073844011000722
006151119073903015090608
006151119073906015090608
006151119074318011000677
006151119074325011000694
006151119074332015090621
006151119074335015090621
006151119074340019100032
006151119074343019100032
006151119074356011000086
006151119074401011000359
006151119074418011000675
006151119074431011000041
006151119074543011000343
006151119074614011000445
006151119074736011000051
006151119074742011000692
006151119074801011000525
006151119074804011000525
006151119074821011000491
006151119074904011000666
006151119074910019100018
006151119074919011000727
006151119074923011000640
006151119074927011000640
006151119074932011000725
006151119074939011000601
006151119075006011000713
006151119075023011000713
006151119075053011000670
006151119075056011000686
006151119075102011000643
006151119075136011000718
006151119075139011000678
006151119075142011000728
006151119075147011000710
006151119075152011000700
006151119075155016010086
006151119075158011000729
006151119075202011000165
006151119075206011000258
006151119075208011000120
006151119075211011000717
006151119075214011000706
006151119075217015090568
006151119075233019100008
006151119075237011000517
006151119075243011000262
006151119075248011000651
006151119075250011000598
006151119075303015090580
006151119075313011000699
006151119075316015090620
006151119075322011000564
006151119075328011000498
006151119075354011000203
006151119075357011000733
006151119075402019100066
006151119075411015090618
006151119075415011000388
006151119075420011000388
006151119075430011000724
006151119075435011000719
006151119075446011000555
006151119075450011000715
006151119075453011000715
006151119075458011000574
006151119075504011000687
006151119075512011000065
006151119075515011000568
006151119075520019100028
006151119075523019100039
006151119075527011000730
006151119075531011000595
006151119075536019100063
006151119075538015090616
006151119075541011000586
006151119075546011000388
006151119075551011000388
006151119075555011000440
006151119075601015090611
006151119075612015090632
006151119075622011000663
006151119075645019100068
006151119075650011000277
006151119075655011000263
006151119075658011000263
006151119075719015090629
006151119075725011000169
006151119075726015090628
006151119075729011000276
006151119075735015090627
006151119075742011000388
006151119075749019100044
006151119075753011000731
006151119075755011000732
006151119075801015090617
006151119075804011000231
006151119075809011000388
006151119075812011000668
006151119075815011000001
006151119075816011000639
006151119075819019100061
006151119075830011000422
006151119075833011000654
006151119075836011000654
006151119075839011000627
006151119075842011000720
006151119075845011000627
006151119075848011000627
006151119075851011000026
006151119075855011000720
006151119075900015090579
006151119075905011000534
006151119075910011000388
006151119075915011000283
006151119075926011000662
006151119080119011000648
006151119080122011000690
006151119080130011000566
006151119080138011000473
006151119080143011000410
006151119080202011000490
006151119080210019100013
006151119080214019100013
006151119080237011000078
006151119080240011000712
006151119080245011000691
006151119080256011000581
006151119080300011000636
006151119080348011000726
006151119080428019100071
006151119080457011000439
006151119080501011000656
006151119080506011000656
006151119080533019100002
006151119080653011000704
006151119080655011000600
002151119080657019040024
006151119080705015090631
006151119080954019100067
006151119080957019100067
006151119081228011000573
006151119082634011000408
006151119082638011000408
002151119090543019040015
002151119090712019010133
002151119095621019010124
002151119112110019010108
006151119125158011000598
006151119125216011000573
006151119125508011000440
006151119154850011000041
006151119161404011000662
006151119161625011000692
006151119163110016010082
006151119163118016010098
006151119163123016010081
006151119163129016010090
006151119164502019100068
006151119164707019100071
006151119164710019100071
006151119164713019100071
006151119164716019100071
006151119164847019100067
006151119164850019100067
006151119164903019100008
006151119164906019100008
006151119165023019100063
006151119165030019100066
006151119165057019100002
006151119165226019100028
006151119165321019100013
006151119165500011000445
006151119165503011000359
006151119165506011000498
006151119165509011000564
006151119165511011000203
006151119165514011000165
006151119165517011000262
006151119165520011000730
006151119165522011000388
006151119165526011000729
006151119165528011000732
006151119165531011000555
006151119165534011000675
006151119165537011000640
006151119165539011000687
006151119165541011000525
006151119165544011000687
006151119165546011000525
006151119165547011000715
006151119165551011000715
006151119165554011000169
006151119165558011000491
006151119165601011000277
006151119165604011000728
006151119165608011000491
006151119165611015090617
006151119165614015090618
006151119165616011000722
006151119165619015090628
006151119165620011000410
006151119165624011000656
006151119165627015090611
006151119165631015090580
006151119165634015090620
006151119165637011000731
006151119165640015090568
006151119165642011000706
006151119165644011000724
006151119165647015090629
006151119165650011000668
006151119165652011000574
006151119165655011000668
006151119165657015090616
006151119165700011000643
006151119165702015090616
006151119165704015090627
006151119165706011000699
006151119165708011000026
006151119165710019100046
006151119165713011000001
006151119165717011000727
006151119165718011000263
006151119165721015090632
006151119165722011000263
006151119165725011000710
006151119165728011000654
006151119165729011000726
006151119165731011000733
006151119165734011000408
006151119165737011000712
006151119165740011000700
006151119165742011000666
006151119165744011000694
006151119165747011000717
006151119165749011000586
006151119165750011000595
006151119165753011000718
006151119165756011000078
006151119165759011000601
006151119165801011000408
006151119165804011000677
006151119165806011000720
006151119165808011000713
006151119165810011000719
006151119165813011000713
006151119165816011000343
006151119165817011000690
006151119165820011000283
006151119165823011000690
006151119165824011000704
006151119165829011000678
006151119165832011000581
006151119165836011000490
006151119165839011000686
006151119165842011000568
006151119165845011000566
006151119165848011000648
006151119165851011000065
006151119165854011000636
006151119165856011000670
006151119165858011000600
006151119165901011000651
006151119165903011000534
006151119165906011000691
006151119165908011000517
006151119165909011000725
006151119165914011000231
006151119165919011000663
006151119165923011000439
006151119165926011000120
006151119165928011000398
006151119165929019100032
006151119165932011000051
006151119165933011000276
006151119165936011000639
006151119165939015090631
006151119165942011000086
006151119165945015090579
006151119165948019100065
006151119165954019100065
006151119165957011000473
006151119170002019100018
006151119170005011000422
006151119170007011000627
006151119170009011000422
006151119170012011000627
006151119170015015090621
006151119170017019100044
006151119170022015090608
006151119170025015090608
006151119170028011000627
006151119170031015090608
006151119170035011000258
001161119071054016010081
002161119071156016000090
001161119071452016010119
001161119071505016010120
001161119071621016010098
001161119071700016010125
001161119071739016010095
001161119071749016010032
001161119071808016010105
001161119072152016010045
001161119072240016010050
002161119072246019010094
001161119072248016010090
001161119072253016010110
001161119072255016010128
002161119072323019060084
002161119072327019060003
001161119072328016010084
001161119072349016010079
001161119072352016010024
001161119072357016010130
001161119072400016010048
001161119072405016010056
001161119072422016010106
002161119072426019020083
001161119072445016010122
001161119072503016010071
001161119072518016010121
006161119072523013020543
002161119072608014030055
002161119072646019030022
002161119072655019110027
003161119072707014010606
003161119072719012030402
001161119072726016010082
001161119072730016010080
002161119072800019060101
002161119072803019060086
006161119072818012010019
002161119072837019010124
001161119072920016010100
001161119072926016010077
003161119072937013010768
001161119072951016010073
001161119073006015010001
006161119073009011000359
002161119073011015030444
002161119073014015030444
002161119073031019020401
001161119073038016010127
001161119073041016010124
001161119073109016000152
002161119073126019030048
006161119073231011000491
004161119073251012180046
003161119073314012040466
002161119073332019100032
003161119073352012060433
002161119073436015030473
002161119073442012130165
006161119073450011000051
002161119073452015030476
001161119073525015010737
004161119073554012160136
001161119073632014010587
002161119073635019020399
006161119073639011000078
002161119073647019050188
002161119073703019040035
002161119073709019020398
003161119073719012040293
006161119073725013020067
001161119073738016000073
001161119073753012060429
006161119073756019100067
003161119073757013010771
002161119073759019020231
006161119073759019100067
003161119073801013010365
002161119073803019020286
002161119073827019020400
002161119073828015030428
002161119073843014030374
002161119073847019050239
004161119073856013030624
001161119073901012060372
003161119073904014010584
002161119073907019100046
001161119073909012060007
002161119073912019070038
002161119073919019050216
006161119073921011000675
002161119073933019010116
002161119073954019010111
004161119074009012180299
002161119074017019030045
003161119074029013010726
001161119074037019010125
002161119074041019030047
001161119074042015010797
002161119074043012180252
003161119074053013010677
002161119074100019020383
003161119074104013010794
002161119074113012130297
004161119074114015030463
001161119074130013010479
002161119074134019020061
006161119074138013010009
004161119074140013030625
001161119074140015010632
004161119074145012160163
002161119074147019010132
002161119074155019020340
004161119074201012140467
002161119074204012180288
006161119074217012080131
002161119074227019030049
002161119074229013030592
002161119074232019020394
004161119074234012140167
002161119074239019060001
001161119074240012030333
006161119074241011000343
003161119074242014010003
002161119074246012180253
004161119074253015020635
004161119074256013030382
002161119074304019060113
003161119074308013010800
004161119074310012180251
002161119074314019050227
003161119074316012060396
003161119074319012030349
003161119074321012030335
006161119074324012070006
003161119074333012020348
001161119074340013010755
003161119074343013010672
004161119074347012180284
003161119074355014010565
006161119074356011000445
004161119074401015030465
002161119074410013030509
002161119074412014030489
004161119074412013030509
004161119074415013030443
001161119074416019020282
003161119074424012020366
004161119074424012150098
001161119074430013010700
002161119074432019050128
004161119074433012180277
004161119074437012150274
002161119074438019010134
006161119074439015090621
002161119074441014030239
006161119074442015090621
004161119074445012150091
002161119074445012130250
006161119074447011000165
003161119074452012030276
004161119074453012150190
004161119074456013030565
004161119074502012140456
003161119074507013010777
004161119074508012150135
006161119074509014030174
001161119074510012020333
004161119074511015030426
003161119074511013010808
001161119074516012040438
002161119074521019020349
006161119074524013010014
006161119074529013010001
004161119074532013030386
006161119074532013010270
001161119074534012020324
004161119074534012130312
002161119074535019040028
004161119074536012130341
006161119074538011000687
004161119074541012170144
002161119074542014030421
004161119074543012140457
006161119074544015090579
006161119074550012020340
003161119074552015010801
003161119074558013010651
001161119074600012020228
003161119074602012050254
006161119074610011000574
002161119074611012140389
001161119074614015010696
003161119074619012010364
006161119074625011000573
003161119074631012100134
006161119074631011000710
003161119074635013010007
006161119074636011000722
001161119074639013010446
003161119074642012060434
001161119074645012030404
002161119074647019020275
001161119074648012010376
003161119074649012040447
001161119074652016010123
003161119074653015010798
006161119074653013020240
001161119074655014010600
001161119074658013010802
002161119074659013030466
003161119074700012040476
006161119074700011000699
002161119074701019050195
001161119074702013010006
006161119074703015090608
001161119074704014010440
006161119074707012130091
002161119074707019050084
002161119074711014030424
006161119074711015090628
001161119074712012060407
004161119074712012150283
002161119074713019020392
006161119074714011000706
002161119074716019020397
004161119074721013030246
004161119074731015030343
002161119074734019020318
004161119074735012160075
006161119074736012160021
004161119074737012140149
003161119074738012030400
006161119074741013020581
002161119074741019060107
003161119074743012060384
006161119074745013010321
006161119074750011000258
003161119074753012080189
002161119074753019020180
002161119074755015030434
003161119074756013010577
002161119074758019020391
001161119074759014010570
003161119074801013010788
004161119074801012180171
002161119074804019040034
006161119074805011000473
004161119074806012170292
001161119074808012010419
003161119074810012040192
001161119074811015010787
006161119074812019100066
001161119074814012060005
001161119074817012050344
001161119074818013010176
006161119074818011000651
004161119074820014030478
001161119074822015010692
003161119074822012030389
006161119074822015090611
004161119074824013030545
002161119074825019110006
003161119074826013010693
006161119074826011000041
001161119074828012020324
001161119074834013010734
006161119074834013030188
001161119074836015100561
002161119074839015030466
002161119074839019050091
006161119074839012120199
002161119074842012160306
002161119074845019050026
006161119074847015090568
001161119074848012040444
003161119074849015010668
002161119074850019050026
001161119074851014010592
001161119074852012010361
002161119074853015030469
003161119074853013010550
001161119074854012030381
003161119074856013010199
001161119074857015010793
002161119074858019070014
002161119074859014030226
004161119074900013030084
002161119074901019050217
001161119074903015020500
006161119074903011000683
002161119074904012150203
004161119074904014030426
002161119074904019050094
002161119074906014030456
003161119074907012060414
002161119074908019020230
004161119074909012150203
004161119074912014030077
003161119074914015010687
004161119074915015030368
006161119074916013030199
002161119074916019020065
004161119074917015030443
004161119074918013030482
004161119074921012150287
002161119074923019020007
004161119074924013030448
004161119074926013030504
003161119074926012030387
002161119074927019100008
004161119074930014030342
001161119074930012040433
002161119074931014030458
002161119074931019020186
003161119074933012020402
004161119074934012130295
006161119074934011000525
002161119074935019100068
003161119074936014010537
004161119074936012150196
003161119074939013010601
001161119074939013010712
002161119074939019020127
006161119074939012020137
001161119074940012060369
004161119074940013030546
003161119074941012050364
006161119074943011000564
002161119074943019110033
003161119074944013010795
002161119074944012130333
004161119074945013030507
003161119074946012030399
001161119074946016000166
002161119074947012140474
004161119074947015030437
006161119074947011000731
002161119074948019020374
003161119074949013010772
002161119074950012130343
004161119074950012170257
006161119074951015090632
003161119074952012040478
004161119074952013030516
001161119074952014010201
002161119074952019100013
002161119074953012130339
006161119074954011000694
002161119074957019020079
002161119075001019100061
002161119075002013030638
004161119075002012140462
003161119075003013010806
001161119075005019050246
002161119075006019020124
003161119075007015010678
001161119075008013010011
003161119075009012030405
002161119075009019050214
001161119075011014010316
004161119075011012170258
006161119075012012040209
004161119075013012180276
006161119075015011000723
004161119075016012150249
004161119075018013030498
003161119075019013010560
003161119075023012060426
003161119075024013010746
004161119075025012160285
001161119075027019010128
003161119075030014010605
004161119075032012140472
002161119075032019020389
003161119075033013010624
006161119075036011000729
004161119075037012170146
006161119075037011000707
002161119075037019050228
002161119075039014030290
006161119075041011000715
002161119075042019040001
006161119075043011000714
004161119075045012140435
001161119075046012060397
002161119075047019060115
003161119075049012040337
004161119075050013030530
002161119075050019100028
004161119075052013030641
006161119075052012160114
003161119075053012040376
004161119075055015030445
003161119075055013010541
002161119075056019020326
002161119075057014030390
006161119075057015090580
003161119075058015010792
001161119075101014010563
006161119075101013020068
003161119075103012010247
001161119075104015010693
002161119075104019050244
006161119075105011000498
003161119075106015010716
004161119075107014030160
003161119075108012030256
001161119075108012060405
004161119075110013030644
001161119075110013010023
003161119075111012040414
002161119075113012150314
001161119075113015010753
003161119075114012030036
006161119075114019100008
001161119075115012030397
002161119075115013030627
003161119075117015010794
002161119075117019020313
002161119075118012130279
006161119075118011000717
003161119075119013010770
001161119075119012050343
002161119075121015030436
003161119075122012040469
002161119075122019040024
001161119075123015010796
003161119075124012020390
002161119075124012140445
002161119075124019110040
003161119075125012010389
001161119075126012060095
004161119075126013030562
002161119075126019110040
001161119075126015100546
003161119075127013010505
002161119075129019110002
003161119075131013010426
001161119075131012040461
001161119075132013020180
001161119075133012040462
002161119075133015030402
004161119075133013030571
003161119075134013010791
001161119075135014010526
003161119075136013010347
004161119075137012160271
001161119075138012020345
002161119075138019050164
003161119075139013010662
004161119075141012170073
003161119075141012070193
001161119075142014010357
003161119075143013010793
002161119075143019100070
004161119075144013030629
003161119075145012060400
001161119075146012010410
004161119075147013030506
003161119075148013010785
004161119075151013030339
003161119075151012040373
006161119075151011000086
004161119075153012170290
001161119075153013010762
001161119075154015030112
001161119075154013010798
002161119075154013030563
004161119075156013030398
001161119075156013010751
001161119075156018010054
001161119075158014010011
004161119075159012150293
003161119075200012050308
001161119075201014010157
001161119075203014010548
003161119075204013010654
001161119075205015010788
002161119075205019050029
003161119075206012060359
002161119075207013030349
001161119075208015010804
003161119075208012050350
002161119075209014030480
003161119075210013010787
001161119075210012060416
002161119075211019050237
006161119075211012110164
003161119075212013010781
004161119075213013030508
002161119075213019070031
003161119075214012020404
006161119075215012080163
003161119075216012040452
004161119075216012170279
001161119075216012010340
002161119075217013030639
003161119075218012020393
001161119075219012040458
004161119075220013030606
002161119075220012170019
006161119075220015090618
003161119075221012010387
002161119075223012150309
006161119075223011000677
004161119075224013030606
002161119075226012130340
003161119075226012060427
004161119075227014030459
003161119075228012050368
006161119075228011000203
003161119075229012020121
004161119075229012130336
001161119075231014010598
003161119075231012060379
006161119075231011000262
004161119075232012130214
001161119075232014010457
004161119075233012180258
003161119075233012060229
006161119075233011000681
003161119075235012030266
004161119075235014030305
006161119075236011000724
006161119075238012020037
003161119075239012050315
002161119075239012140419
002161119075239019100002
001161119075240014010033
002161119075242012150108
006161119075242011000490
004161119075244012170178
004161119075246013030617
006161119075246011000686
004161119075247012160088
003161119075248013010580
006161119075248011000388
004161119075250012170193
001161119075250012050285
003161119075251012040453
006161119075251011000388
002161119075253012130305
004161119075253012150307
001161119075254013010549
006161119075254011000704
004161119075255013030573
002161119075255019110048
001161119075257013010021
003161119075257013010625
006161119075258011000388
003161119075259013010520
001161119075259012010011
002161119075259019110050
004161119075300012150073
002161119075301019110005
004161119075303014030423
003161119075303013010759
004161119075306012160282
003161119075306013010735
006161119075307012040300
003161119075308012030403
004161119075310014030430
003161119075311015010751
006161119075312011000728
003161119075313012040382
004161119075313015030389
001161119075314016000062
006161119075314011000713
003161119075315013010413
004161119075316012170195
001161119075317012040468
002161119075317019010087
004161119075319012170231
001161119075319012020111
006161119075319012140043
003161119075320012020396
004161119075321012140434
001161119075321012040405
002161119075321019050241
006161119075322011000231
001161119075323014010571
004161119075324012060309
001161119075325012010237
004161119075325014030425
002161119075326014030400
004161119075327013030551
006161119075327011000713
002161119075329014030366
003161119075329015010769
001161119075329012020352
002161119075329019030046
001161119075331013010805
004161119075331012150303
002161119075331019020103
003161119075332013010758
002161119075333015030247
001161119075334015010596
003161119075334012030366
004161119075335013030162
006161119075335013030176
001161119075336015010785
002161119075336019100072
003161119075337015010610
004161119075337012140443
001161119075337014010615
006161119075339011000120
003161119075340013010803
004161119075340013030607
001161119075340016000157
001161119075340015010758
001161119075342016000139
004161119075342012140443
006161119075343014020288
002161119075343019100063
003161119075344012010162
002161119075344015030442
001161119075345012060383
004161119075345012150271
006161119075345011000276
004161119075347012150312
003161119075347012020332
002161119075348015030410
003161119075348012050028
002161119075348019110037
001161119075349014010103
006161119075349015090620
003161119075350012050345
003161119075352012010309
001161119075352015010682
004161119075352015030246
006161119075352015090617
004161119075353015030356
001161119075353012020383
003161119075354014010603
006161119075355011000595
001161119075356014010377
001161119075357013030157
002161119075357015030337
006161119075357016010086
001161119075359015010683
003161119075359012030372
006161119075400011000718
003161119075401012040397
001161119075402014010573
004161119075402013030356
002161119075402019020095
006161119075403011000726
001161119075404015100557
004161119075405012140469
001161119075405012040464
006161119075405011000678
001161119075406014010580
002161119075406019020393
004161119075407012150319
001161119075407012020306
006161119075407014010053
004161119075409015020655
003161119075409012050307
001161119075409012030350
002161119075409019050170
002161119075411014030399
004161119075412012170194
001161119075412012030356
003161119075413013010650
001161119075413012060259
006161119075413014030096
004161119075414012150198
002161119075414012180271
002161119075414019010109
001161119075415012030305
002161119075416012130327
004161119075416013030576
001161119075417012010409
006161119075417012020162
001161119075418013010688
003161119075418012010375
004161119075419013030075
001161119075420015020469
003161119075420013010606
006161119075420011000700
001161119075422014010424
004161119075422013030024
003161119075423012010393
001161119075424012050217
004161119075424015030467
003161119075425013010740
006161119075425011000670
004161119075426014030440
003161119075427012050303
001161119075427012010277
004161119075428014030334
006161119075428011000639
001161119075429012050331
003161119075430012060364
001161119075430012030368
004161119075430012170218
004161119075432012150294
002161119075432015030410
003161119075432012050266
001161119075432015010800
006161119075433012010292
003161119075434012020400
002161119075434012130338
004161119075435013030622
002161119075435019020221
002161119075436015030262
006161119075436011000663
003161119075437012050310
003161119075438012060378
004161119075438015030337
002161119075439015030458
001161119075439012020385
002161119075439019050225
006161119075439011000534
003161119075440012040437
002161119075442012180249
004161119075442014030438
001161119075443018010066
003161119075443012030230
001161119075443014010068
001161119075444015010129
006161119075444011000566
003161119075445012060428
001161119075446012050179
004161119075446012160287
003161119075447012030304
002161119075447014030159
006161119075447015090629
001161119075448018010047
002161119075448019060095
003161119075449012040473
001161119075449012060353
004161119075449014030393
006161119075449015090627
001161119075450018010047
001161119075451015010738
003161119075452012050366
001161119075452018010071
004161119075452012150301
002161119075452015030388
006161119075452012020288
001161119075453012040354
004161119075453012180185
003161119075454012050334
001161119075456018010067
006161119075456011000517
003161119075457013010598
002161119075457019020353
001161119075458014010502
001161119075459016000126
003161119075459012050204
002161119075500012160259
006161119075500011000440
001161119075501016000126
003161119075501012020086
001161119075501012030242
004161119075502012180262
002161119075502019010119
003161119075503013010714
001161119075503016000168
001161119075503012050313
006161119075503012110223
004161119075505013020468
003161119075505012060421
001161119075505016000168
001161119075506012040346
006161119075506015090616
003161119075507012010413
001161119075507012010355
001161119075508018010059
004161119075508013030440
001161119075508012030344
002161119075508019100044
003161119075509013010727
006161119075509014030087
001161119075510018010059
004161119075510012130290
001161119075510014010569
001161119075511012050213
003161119075511013010682
002161119075511019030025
004161119075512013030603
006161119075512014030056
003161119075513012030327
001161119075513014010250
001161119075514012010341
004161119075514012140470
003161119075515012050351
006161119075515011000388
001161119075516012040355
006161119075516012080114
001161119075517014010492
002161119075517019110046
004161119075518012130075
003161119075518012060360
001161119075518012040355
006161119075518012110087
004161119075520012140460
001161119075520015010784
001161119075521012050309
006161119075521011000594
002161119075521019020382
003161119075522012050225
001161119075523012040426
006161119075523011000586
004161119075524012170253
003161119075524015010615
001161119075524014010460
002161119075524019020377
006161119075526011000719
004161119075527013030366
001161119075527016000025
003161119075527012030390
001161119075528012040403
004161119075528012160256
002161119075529012140449
003161119075529013010737
001161119075529012060349
001161119075529016000025
002161119075529019020363
006161119075530011000732
003161119075531012060420
004161119075531013030379
002161119075531012180157
001161119075532012050279
004161119075533012130059
001161119075533015010781
003161119075533012060410
006161119075533011000727
002161119075534012170271
002161119075535014030482
004161119075535013030240
003161119075535015010704
001161119075535014010608
006161119075536011000283
003161119075537012060356
002161119075537019060033
004161119075538012130345
002161119075538014030375
001161119075538014010612
006161119075538011000598
003161119075540012030377
001161119075540012010348
004161119075541014030454
002161119075541012160230
006161119075541013020274
001161119075542012050360
002161119075542019020335
002161119075543014030393
003161119075543012010329
004161119075543015030395
006161119075544011000730
003161119075545012030386
001161119075545012020380
004161119075545013030636
002161119075546016000144
001161119075546014010599
001161119075546013030071
006161119075546013010392
003161119075547012040454
002161119075547019050240
004161119075548014030471
001161119075548013010804
001161119075549012010408
006161119075549011000666
004161119075550012180206
003161119075550012030352
003161119075551012050123
002161119075551019060102
004161119075552013030609
001161119075552014010264
006161119075552011000388
002161119075554012160310
001161119075554014010510
004161119075554012170265
003161119075554012060363
006161119075554014030109
003161119075555012050356
002161119075556012150201
001161119075556014010616
003161119075557012020389
003161119075559013010776
001161119075559012010170
006161119075559011000656
004161119075600012170056
001161119075600014010617
003161119075601014010607
001161119075601014010578
004161119075602012160143
006161119075602011000690
001161119075603014010208
003161119075603014010338
004161119075604012180272
002161119075604019010133
002161119075605012170295
003161119075605012040477
001161119075605014010332
006161119075605013010151
004161119075606013030619
003161119075607012040465
002161119075607012140458
001161119075607013020226
001161119075607014010432
003161119075608012020344
004161119075608012140086
001161119075609012060253
006161119075609012010201
002161119075609019050112
003161119075610015010550
004161119075610012130319
002161119075611012130326
003161119075611012020368
002161119075611019060097
006161119075611011000674
003161119075612012060166
002161119075613015030471
004161119075613015030438
003161119075614013010653
004161119075615014030021
001161119075615014010614
002161119075615019020379
003161119075616012050354
004161119075617012140446
002161119075617014030448
006161119075617011000568
003161119075618015010780
002161119075618019020346
003161119075620012040470
004161119075621012160301
001161119075621013010747
006161119075621011000001
003161119075623013010529
002161119075624015030459
004161119075624013030496
006161119075624011000277
002161119075624019050126
003161119075625012040406
004161119075625014030490
004161119075626013030558
002161119075626019040033
002161119075627012150278
006161119075627011000597
003161119075628012010398
002161119075629019020373
006161119075629011000643
003161119075630013010646
004161119075630012150310
001161119075631013010797
002161119075631012130288
006161119075631011000388
003161119075632013010730
002161119075632015030187
004161119075633012140422
002161119075633019100018
006161119075633015030168
003161119075634013010733
001161119075635019030038
002161119075635014030365
003161119075636015010721
004161119075636012150268
006161119075636012180106
004161119075637012180266
003161119075637013010575
002161119075638012150305
006161119075638013020397
003161119075639012040459
002161119075640019050213
006161119075641011000388
004161119075642012150241
003161119075642012030342
001161119075644016000163
003161119075644012030401
004161119075644012150318
006161119075644011000601
001161119075645012040472
004161119075646012140421
003161119075646013010739
006161119075646012020002
001161119075647016000163
003161119075647012040222
004161119075648012140429
001161119075648014010133
006161119075648013020409
001161119075649018010072
003161119075650012040467
001161119075651014010593
004161119075651015030460
003161119075652013010695
002161119075652012170264
006161119075653012060241
001161119075654015010802
002161119075654015030431
002161119075654019060120
003161119075655012110201
004161119075655015030371
004161119075656012130284
001161119075657014010267
002161119075657012130263
003161119075657013010732
004161119075658013030479
001161119075659014010575
003161119075659012030261
001161119075700012020008
003161119075701012060221
004161119075701012130014
002161119075701012140475
006161119075701011000725
004161119075703013030425
002161119075703019020368
006161119075703012050222
001161119075704013010604
003161119075705012040367
002161119075705019020212
004161119075706012180158
001161119075707014010564
001161119075707018010048
002161119075707019030032
001161119075708018010048
003161119075708013010259
006161119075708012020010
004161119075709012170268
002161119075710012150226
001161119075710012010377
001161119075710018010048
002161119075710019050224
003161119075711012050369
006161119075711011000026
003161119075713012060432
002161119075713015030376
001161119075714014010594
006161119075714011000654
002161119075714019020390
003161119075715013010473
004161119075716013030119
001161119075716012010421
002161119075717012160308
006161119075717013020412
001161119075718012010415
003161119075718013010807
001161119075719014010411
002161119075719012180273
006161119075719013020241
004161119075720013030523
001161119075720015030454
003161119075721012020392
001161119075722014010596
002161119075722013030648
002161119075722019020260
003161119075723013010460
001161119075723014010494
004161119075723013030590
006161119075723012050129
001161119075724014010309
002161119075724012160291
004161119075725013030456
003161119075725012020398
002161119075725019020273
004161119075727013030550
006161119075727011000065
001161119075728015010763
002161119075728013030631
001161119075728012010005
002161119075728019060114
003161119075730012020016
004161119075730012130242
002161119075731014030488
003161119075731013010567
002161119075731019020301
004161119075733012170127
001161119075733018010069
002161119075735019100065
004161119075736012130210
001161119075736012040131
001161119075736014010597
002161119075736012140235
002161119075737012170277
003161119075737013010515
002161119075737019050193
006161119075737014010241
002161119075739013030484
004161119075739012170219
004161119075740013030458
003161119075740015010717
002161119075740012160215
003161119075741013010454
006161119075741015090631
002161119075742012170305
004161119075743012180278
002161119075743012140148
003161119075744015010690
004161119075745012170054
006161119075745011000581
003161119075746012030355
002161119075746019080001
002161119075747012160279
003161119075748015010783
004161119075748012130282
006161119075748011000712
004161119075749012140452
002161119075749019050222
001161119075751015010473
003161119075751015010791
003161119075752012040353
004161119075752012130205
001161119075753014010609
002161119075753019050184
004161119075754012140363
002161119075754013030548
006161119075754012090035
003161119075755012050363
002161119075756014030404
001161119075756015010789
003161119075757012050238
004161119075757014030470
001161119075759018010061
003161119075759014010539
006161119075759012120124
003161119075800012010173
001161119075800016000064
004161119075801012150128
006161119075801012050057
003161119075803013010769
004161119075803012140154
002161119075803019020263
001161119075804015100560
006161119075804012160012
002161119075805012140453
001161119075806012060387
004161119075806013030372
006161119075806011000682
004161119075807013030591
006161119075808012020274
001161119075809013010641
006161119075809012130116
002161119075810014030289
004161119075810012130342
003161119075810013010190
002161119075811019040006
001161119075812018010018
006161119075812013020154
004161119075813012150270
006161119075814012170053
001161119075816013010035
003161119075816012060423
004161119075816012150260
006161119075816013010015
001161119075817016000101
002161119075817013030647
002161119075817019100052
004161119075818013030348
001161119075818012040446
006161119075818012130120
001161119075819016000101
002161119075819013030263
003161119075819015020410
002161119075820019050223
004161119075821012160243
001161119075821015010731
006161119075821011000691
001161119075822012040450
002161119075822014030476
003161119075824012040442
001161119075824012050358
002161119075824014030450
004161119075824012150297
006161119075824011000640
001161119075826015010752
004161119075826012140465
002161119075826019110029
003161119075827012030317
004161119075827014030325
006161119075827015020199
001161119075828014010538
002161119075828012140425
001161119075829013010743
003161119075829012010400
006161119075829012130049
003161119075830012020286
004161119075830014030437
002161119075831012160307
001161119075831014010493
004161119075832013030634
006161119075832011000627
003161119075833012030095
004161119075833012140461
004161119075835013030187
006161119075835011000720
003161119075836012050365
006161119075836011000555
002161119075836019020327
004161119075837012140426
002161119075839012140442
003161119075839013010710
004161119075839013030412
003161119075839012050195
006161119075839011000169
002161119075840012150250
001161119075840012030300
004161119075841012130317
006161119075841011000668
002161119075841019020307
003161119075842012010010
002161119075843012130316
006161119075843011000648
004161119075844012180260
001161119075845014010452
004161119075845013030354
006161119075845013030003
003161119075846012050341
002161119075846015030351
002161119075847019070001
001161119075848014010613
003161119075848012020391
004161119075848012160280
006161119075848013010358
004161119075849012130320
002161119075849012180287
001161119075850012020403
004161119075850012130271
006161119075850011000398
003161119075851012040445
003161119075852013010774
004161119075852013030460
001161119075852012030376
006161119075852011000627
004161119075853012140088
002161119075853014030031
003161119075854012060388
001161119075854014010444
006161119075854012010254
004161119075855014030088
001161119075856013010213
004161119075857012140463
003161119075857013010522
001161119075857018010065
002161119075857014030475
006161119075857019100071
001161119075858012050357
002161119075859014030444
001161119075859013010331
003161119075900013010799
006161119075900011000422
001161119075901012010338
004161119075901014030336
002161119075901019050212
001161119075902018010070
002161119075902012150102
006161119075902012130102
003161119075903014010436
004161119075903013030264
001161119075904012050234
006161119075904012120196
002161119075905014030485
003161119075906014010604
004161119075906012180212
006161119075906015020540
003161119075907013010724
001161119075907012010403
002161119075908014030486
001161119075909012050183
004161119075909013030584
006161119075909013020428
003161119075910013010244
001161119075911014010525
003161119075912012020399
004161119075913012150171
001161119075913016000169
003161119075913012010372
001161119075914012060415
002161119075914012160292
002161119075914019040009
006161119075914012080127
004161119075915012180268
003161119075916013010542
002161119075916013030587
002161119075916019050243
001161119075917012040338
004161119075917012130298
002161119075917019050243
006161119075917012050085
003161119075918012010422
002161119075918019050243
004161119075919012170286
002161119075919013030596
001161119075919012040425
004161119075920013030633
006161119075920012170077
002161119075922015030470
003161119075922012020376
004161119075923012160190
004161119075924015030306
002161119075924013030642
006161119075924011000410
002161119075924019050152
004161119075926013030066
001161119075926012050347
002161119075927014030449
003161119075927012030338
003161119075930012050194
002161119075930012170307
004161119075930012150290
003161119075932012020300
004161119075933012150304
001161119075933016000163
002161119075933012140405
006161119075933012010028
004161119075934012170287
003161119075934012050311
002161119075934019050238
001161119075935014010536
004161119075936012130322
002161119075936015030386
001161119075936015010669
003161119075937012010337
006161119075937013010296
002161119075938014030388
003161119075939012050009
001161119075939015100543
002161119075939019050196
004161119075940015030451
002161119075940013030541
001161119075940012050367
002161119075941013030630
004161119075941012130280
006161119075941012010190
002161119075942019020372
001161119075943018010055
002161119075943012160253
003161119075944012030396
004161119075944012130344
006161119075944011000439
001161119075945015010795
002161119075945014030418
004161119075945015020598
001161119075947019110051
001161119075947012150311
002161119075947019050171
006161119075947012150195
004161119075948015030475
002161119075948016000123
001161119075950019030050
003161119075950012050359
004161119075950012170209
002161119075950019050171
004161119075951013030104
002161119075951012140428
006161119075951011000263
002161119075952015030244
001161119075953016000058
002161119075954014030467
003161119075954012010401
004161119075954012180220
006161119075954012090150
004161119075955012180144
001161119075955012020388
001161119075956016000003
003161119075956012040420
002161119075957014030373
004161119075957012160298
001161119075958012050147
004161119075959012160296
001161119075959016000003
004161119080001012140444
002161119080002014030279
004161119080003015030441
003161119080003012040443
001161119080003018010008
001161119080004015010017
006161119080004013020326
001161119080005012050224
002161119080005014030217
002161119080006015030477
004161119080006012170217
004161119080007012170298
002161119080008012140374
006161119080008012060389
003161119080009012010327
002161119080009019060119
004161119080010012170020
002161119080010012180275
004161119080011012160236
003161119080011012020269
002161119080011019020211
006161119080011012020013
002161119080012012150315
003161119080013012030194
004161119080014012140473
006161119080014011000636
002161119080015013030518
001161119080015012020325
004161119080016012130285
001161119080016013010783
001161119080017012030385
002161119080017015030424
002161119080017019010108
004161119080018012180296
002161119080018012180305
006161119080018014020055
004161119080020012140408
001161119080020014010066
006161119080020012030282
002161119080020019050234
004161119080021012170297
002161119080021012130254
003161119080022012060331
004161119080023013030535
001161119080024014010611
004161119080025012170304
002161119080025019050209
006161119080025012030293
004161119080026012160149
004161119080028012150170
002161119080028019050230
004161119080029012160087
003161119080030015010761
001161119080030015010764
001161119080030016000154
004161119080032012150069
001161119080033016000154
001161119080034014010522
004161119080035012150255
001161119080035016000161
002161119080035019040012
003161119080036014020020
001161119080036016000161
001161119080036012020311
006161119080036012110004
004161119080037012160315
006161119080037013030222
002161119080038019040016
003161119080039012040273
002161119080039014030381
001161119080039015010790
006161119080039011000408
003161119080040013010631
004161119080040012140337
004161119080041015030457
001161119080041012040475
002161119080042012130303
006161119080042011000408
003161119080043012030353
002161119080043019040020
001161119080044016000112
004161119080044012160311
002161119080045012130330
006161119080045011000733
003161119080046012080007
004161119080046012130264
001161119080047014010558
002161119080047012140409
002161119080048019020149
006161119080048012160104
001161119080049015100556
004161119080049012140127
001161119080049012010385
002161119080049015030362
002161119080051012130302
004161119080051012160231
001161119080052016000008
003161119080052013010702
002161119080052012140424
006161119080052013010215
002161119080052019110049
004161119080053012160289
001161119080054015100556
002161119080054012160233
006161119080054011000408
004161119080055014030368
003161119080055013010294
004161119080057012170267
001161119080057013010716
006161119080057011000408
006161119080058012020279
002161119080058019020323
001161119080059012010382
004161119080059012160293
003161119080059012060398
001161119080100012020367
004161119080101014030267
006161119080101011000600
002161119080102013030623
003161119080102014010524
001161119080102012050321
004161119080103013030325
006161119080104012010405
004161119080105012180282
003161119080106012050210
002161119080107014030072
004161119080108012150286
003161119080108012010414
001161119080109012060368
002161119080109014030453
003161119080109015010805
004161119080110013030605
001161119080111012040471
003161119080112012040429
004161119080112012130334
002161119080112012170275
001161119080113015030106
002161119080113014030250
001161119080114014010590
004161119080115013030441
003161119080115012030328
001161119080115014010477
002161119080116014030356
002161119080116019040030
004161119080118012160300
002161119080118012180261
001161119080118015010407
004161119080120012170291
002161119080120014030484
001161119080121013010059
002161119080122014030387
004161119080123013030538
002161119080123014030158
004161119080124012140225
002161119080124014030369
002161119080125012170266
002161119080125019110043
004161119080126014030331
002161119080127014030487
004161119080128014030150
002161119080130014030416
004161119080131012140437
001161119080131014010508
006161119080131012130223
002161119080132012130276
001161119080133012050348
002161119080135015030468
004161119080136012180301
001161119080136012030010
002161119080136012180297
002161119080136019030043
006161119080136012060015
002161119080138014030447
004161119080139012170222
001161119080139014010200
002161119080140014030466
004161119080141013030331
001161119080141012060403
004161119080144013030645
006161119080144015020461
002161119080144019020333
004161119080146012180304
003161119080146015010786
001161119080147013010761
001161119080147015100551
004161119080148014030398
003161119080148013010284
002161119080149019010131
004161119080150013030616
002161119080150012160302
006161119080151015020563
004161119080153013030577
002161119080154012130337
004161119080156013030567
001161119080156015010766
001161119080159019050245
004161119080159015030101
006161119080159012160085
002161119080200019020150
004161119080201012130267
003161119080202013010666
002161119080202019020378
004161119080204012020358
001161119080204014010535
004161119080208015030439
001161119080211012030196
002161119080213015030478
002161119080218014030001
003161119080218012030303
006161119080218013010117
002161119080219012170299
004161119080220012170228
001161119080221012060422
002161119080221012180257
003161119080221013010763
002161119080221019110013
004161119080222014030452
003161119080225013010674
002161119080226012140439
006161119080226012060312
001161119080230012030363
002161119080230019050148
004161119080231012180159
002161119080232015030383
001161119080233012060431
003161119080236012050353
004161119080236013030510
002161119080236019010072
001161119080239016000141
002161119080239019050220
001161119080241016000141
004161119080242014030299
002161119080244019050242
001161119080248015010774
002161119080252015030423
004161119080256012180290
004161119080258012150295
001161119080259012020021
002161119080259019090016
004161119080301012130278
002161119080301014030481
004161119080304012170235
002161119080304019050205
004161119080306012160272
006161119080307014020550
002161119080310019010074
003161119080312012100169
002161119080314014030176
003161119080318012050320
006161119080319014010295
006161119080321012130286
003161119080323012030351
002161119080323019060076
002161119080325012150261
002161119080325019060108
002161119080326013030465
002161119080327019050183
004161119080333012130335
003161119080333013010004
004161119080335015030408
003161119080338012010293
004161119080338012130270
004161119080341013030614
004161119080344012170284
002161119080345012140431
004161119080346014030022
002161119080347012130292
002161119080349015030474
001161119080354012030361
004161119080358012140420
006161119080400012160222
004161119080405013030637
002161119080407019010031
002161119080410019010008
002161119080413019040015
006161119080413012030316
002161119080418019010118
002161119080424019040032
001161119080433016000164
001161119080435016000164
002161119080436012130329
001161119080438016000088
001161119080446014010581
004161119080450013030346
004161119080503012140471
004161119080510013030399
002161119080515012140430
004161119080516012180292
001161119080518012030329
004161119080527012140441
001161119080541012010392
004161119080550013030610
002161119080612012170303
002161119080624019030042
002161119080625019030042
004161119080729012180263
003161119080736013010689
004161119080738012150273
002161119080738019040021
002161119080759014030427
002161119080802019040023
003161119080905012060365
001161119080915014010610
001161119081330016000007
001161119081333016000001
002161119081424019050235
004161119081610012160312
001161119081732016000012
001161119081736016000012
001161119081744016000052
001161119081748016000052
002161119081804019090015
