001161119071054016010081
002161119071156016000090
001161119071452016010119
001161119071505016010120
001161119071621016010098
001161119071700016010125
001161119071739016010095
001161119071749016010032
001161119071808016010105
001161119072152016010045
001161119072240016010050
002161119072246019010094
001161119072248016010090
001161119072253016010110
001161119072255016010128
002161119072323019060084
002161119072327019060003
001161119072328016010084
001161119072349016010079
001161119072352016010024
001161119072357016010130
001161119072400016010048
001161119072405016010056
001161119072422016010106
002161119072426019020083
001161119072445016010122
001161119072503016010071
001161119072518016010121
006161119072523013020543
002161119072608014030055
002161119072646019030022
002161119072655019110027
003161119072707014010606
003161119072719012030402
001161119072726016010082
001161119072730016010080
002161119072800019060101
002161119072803019060086
006161119072818012010019
002161119072837019010124
001161119072920016010100
001161119072926016010077
003161119072937013010768
001161119072951016010073
001161119073006015010001
006161119073009011000359
002161119073011015030444
002161119073014015030444
002161119073031019020401
001161119073038016010127
001161119073041016010124
001161119073109016000152
002161119073126019030048
006161119073231011000491
004161119073251012180046
003161119073314012040466
002161119073332019100032
003161119073352012060433
002161119073436015030473
002161119073442012130165
006161119073450011000051
002161119073452015030476
001161119073525015010737
004161119073554012160136
001161119073632014010587
002161119073635019020399
006161119073639011000078
002161119073647019050188
002161119073703019040035
002161119073709019020398
003161119073719012040293
006161119073725013020067
001161119073738016000073
001161119073753012060429
006161119073756019100067
003161119073757013010771
006161119073759019100067
002161119073759019020231
003161119073801013010365
002161119073803019020286
002161119073827019020400
002161119073828015030428
002161119073843014030374
002161119073847019050239
004161119073856013030624
001161119073901012060372
003161119073904014010584
002161119073907019100046
001161119073909012060007
002161119073912019070038
002161119073919019050216
006161119073921011000675
002161119073933019010116
002161119073954019010111
004161119074009012180299
002161119074017019030045
003161119074029013010726
001161119074037019010125
002161119074041019030047
001161119074042015010797
002161119074043012180252
003161119074053013010677
002161119074100019020383
003161119074104013010794
002161119074113012130297
004161119074114015030463
001161119074130013010479
002161119074134019020061
006161119074138013010009
001161119074140015010632
004161119074140013030625
004161119074145012160163
002161119074147019010132
002161119074155019020340
004161119074201012140467
002161119074204012180288
006161119074217012080131
002161119074227019030049
002161119074229013030592
002161119074232019020394
004161119074234012140167
002161119074239019060001
001161119074240012030333
006161119074241011000343
003161119074242014010003
002161119074246012180253
004161119074253015020635
004161119074256013030382
002161119074304019060113
003161119074308013010800
004161119074310012180251
002161119074314019050227
003161119074316012060396
003161119074319012030349
003161119074321012030335
006161119074324012070006
003161119074333012020348
001161119074340013010755
003161119074343013010672
004161119074347012180284
003161119074355014010565
006161119074356011000445
004161119074401015030465
002161119074410013030509
004161119074412013030509
002161119074412014030489
004161119074415013030443
001161119074416019020282
003161119074424012020366
004161119074424012150098
001161119074430013010700
002161119074432019050128
004161119074433012180277
004161119074437012150274
002161119074438019010134
006161119074439015090621
002161119074441014030239
006161119074442015090621
004161119074445012150091
002161119074445012130250
006161119074447011000165
003161119074452012030276
004161119074453012150190
004161119074456013030565
004161119074502012140456
003161119074507013010777
004161119074508012150135
006161119074509014030174
001161119074510012020333
004161119074511015030426
003161119074511013010808
001161119074516012040438
002161119074521019020349
006161119074524013010014
006161119074529013010001
004161119074532013030386
006161119074532013010270
001161119074534012020324
004161119074534012130312
002161119074535019040028
004161119074536012130341
006161119074538011000687
004161119074541012170144
002161119074542014030421
004161119074543012140457
006161119074544015090579
006161119074550012020340
003161119074552015010801
003161119074558013010651
001161119074600012020228
003161119074602012050254
006161119074610011000574
002161119074611012140389
001161119074614015010696
003161119074619012010364
006161119074625011000573
003161119074631012100134
006161119074631011000710
003161119074635013010007
006161119074636011000722
001161119074639013010446
003161119074642012060434
001161119074645012030404
002161119074647019020275
001161119074648012010376
003161119074649012040447
001161119074652016010123
006161119074653013020240
003161119074653015010798
001161119074655014010600
001161119074658013010802
002161119074659013030466
003161119074700012040476
006161119074700011000699
002161119074701019050195
001161119074702013010006
006161119074703015090608
001161119074704014010440
002161119074707019050084
006161119074707012130091
002161119074711014030424
006161119074711015090628
001161119074712012060407
004161119074712012150283
002161119074713019020392
006161119074714011000706
002161119074716019020397
004161119074721013030246
004161119074731015030343
002161119074734019020318
004161119074735012160075
006161119074736012160021
004161119074737012140149
003161119074738012030400
002161119074741019060107
006161119074741013020581
003161119074743012060384
006161119074745013010321
006161119074750011000258
003161119074753012080189
002161119074753019020180
002161119074755015030434
003161119074756013010577
002161119074758019020391
001161119074759014010570
003161119074801013010788
004161119074801012180171
002161119074804019040034
006161119074805011000473
004161119074806012170292
001161119074808012010419
003161119074810012040192
001161119074811015010787
006161119074812019100066
001161119074814012060005
001161119074817012050344
001161119074818013010176
006161119074818011000651
004161119074820014030478
001161119074822015010692
003161119074822012030389
006161119074822015090611
004161119074824013030545
002161119074825019110006
003161119074826013010693
006161119074826011000041
001161119074828012020324
001161119074834013010734
006161119074834013030188
001161119074836015100561
002161119074839015030466
006161119074839012120199
002161119074839019050091
002161119074842012160306
002161119074845019050026
006161119074847015090568
001161119074848012040444
003161119074849015010668
002161119074850019050026
001161119074851014010592
001161119074852012010361
003161119074853013010550
002161119074853015030469
001161119074854012030381
003161119074856013010199
001161119074857015010793
002161119074858019070014
002161119074859014030226
004161119074900013030084
002161119074901019050217
006161119074903011000683
001161119074903015020500
002161119074904019050094
004161119074904014030426
002161119074904012150203
002161119074906014030456
003161119074907012060414
002161119074908019020230
004161119074909012150203
004161119074912014030077
003161119074914015010687
004161119074915015030368
006161119074916013030199
002161119074916019020065
004161119074917015030443
004161119074918013030482
004161119074921012150287
002161119074923019020007
004161119074924013030448
004161119074926013030504
003161119074926012030387
002161119074927019100008
004161119074930014030342
001161119074930012040433
002161119074931019020186
002161119074931014030458
003161119074933012020402
004161119074934012130295
006161119074934011000525
002161119074935019100068
004161119074936012150196
003161119074936014010537
006161119074939012020137
003161119074939013010601
002161119074939019020127
001161119074939013010712
004161119074940013030546
001161119074940012060369
003161119074941012050364
006161119074943011000564
002161119074943019110033
002161119074944012130333
003161119074944013010795
004161119074945013030507
003161119074946012030399
001161119074946016000166
002161119074947012140474
006161119074947011000731
004161119074947015030437
002161119074948019020374
003161119074949013010772
004161119074950012170257
002161119074950012130343
006161119074951015090632
001161119074952014010201
004161119074952013030516
002161119074952019100013
003161119074952012040478
002161119074953012130339
006161119074954011000694
002161119074957019020079
006161119074959011000664
002161119075001019100061
004161119075002012140462
002161119075002013030638
003161119075003013010806
001161119075005019050246
002161119075006019020124
003161119075007015010678
001161119075008013010011
003161119075009012030405
002161119075009019050214
001161119075011014010316
004161119075011012170258
006161119075012012040209
004161119075013012180276
006161119075015011000723
004161119075016012150249
004161119075018013030498
003161119075019013010560
003161119075023012060426
003161119075024013010746
004161119075025012160285
001161119075027019010128
003161119075030014010605
004161119075032012140472
002161119075032019020389
003161119075033013010624
006161119075036011000729
004161119075037012170146
006161119075037011000707
002161119075037019050228
002161119075039014030290
006161119075041011000715
002161119075042019040001
006161119075043011000714
004161119075045012140435
001161119075046012060397
002161119075047019060115
003161119075049012040337
002161119075050019100028
004161119075050013030530
004161119075052013030641
006161119075052012160114
003161119075053012040376
004161119075055015030445
003161119075055013010541
002161119075056019020326
006161119075057015090580
002161119075057014030390
003161119075058015010792
001161119075101014010563
006161119075101013020068
003161119075103012010247
002161119075104019050244
001161119075104015010693
006161119075105011000498
003161119075106015010716
004161119075107014030160
003161119075108012030256
001161119075108012060405
001161119075110013010023
004161119075110013030644
003161119075111012040414
002161119075113012150314
001161119075113015010753
006161119075114019100008
003161119075114012030036
002161119075115013030627
001161119075115012030397
003161119075117015010794
002161119075117019020313
002161119075118012130279
006161119075118011000717
003161119075119013010770
001161119075119012050343
002161119075121015030436
002161119075122019040024
003161119075122012040469
001161119075123015010796
003161119075124012020390
002161119075124012140445
002161119075124019110040
003161119075125012010389
004161119075126013030562
002161119075126019110040
001161119075126015100546
001161119075126012060095
003161119075127013010505
002161119075129019110002
003161119075131013010426
001161119075131012040461
001161119075132013020180
004161119075133013030571
002161119075133015030402
001161119075133012040462
003161119075134013010791
001161119075135014010526
003161119075136013010347
004161119075137012160271
001161119075138012020345
002161119075138019050164
003161119075139013010662
003161119075141012070193
004161119075141012170073
001161119075142014010357
003161119075143013010793
002161119075143019100070
004161119075144013030629
003161119075145012060400
001161119075146012010410
004161119075147013030506
003161119075148013010785
003161119075151012040373
006161119075151011000086
004161119075151013030339
001161119075153013010762
004161119075153012170290
001161119075154013010798
001161119075154015030112
002161119075154013030563
004161119075156013030398
001161119075156013010751
001161119075156018010054
001161119075158014010011
004161119075159012150293
003161119075200012050308
001161119075201014010157
001161119075203014010548
003161119075204013010654
001161119075205015010788
002161119075205019050029
003161119075206012060359
002161119075207013030349
001161119075208015010804
003161119075208012050350
002161119075209014030480
003161119075210013010787
001161119075210012060416
002161119075211019050237
006161119075211012110164
003161119075212013010781
004161119075213013030508
002161119075213019070031
003161119075214012020404
006161119075215012080163
004161119075216012170279
003161119075216012040452
001161119075216012010340
002161119075217013030639
003161119075218012020393
001161119075219012040458
002161119075220012170019
004161119075220013030606
006161119075220015090618
003161119075221012010387
002161119075223012150309
006161119075223011000677
004161119075224013030606
002161119075226012130340
003161119075226012060427
004161119075227014030459
006161119075228011000203
003161119075228012050368
003161119075229012020121
004161119075229012130336
001161119075231014010598
003161119075231012060379
006161119075231011000262
004161119075232012130214
001161119075232014010457
004161119075233012180258
006161119075233011000681
003161119075233012060229
004161119075235014030305
003161119075235012030266
006161119075236011000724
006161119075238012020037
003161119075239012050315
002161119075239012140419
002161119075239019100002
001161119075240014010033
002161119075242012150108
006161119075242011000490
004161119075244012170178
004161119075246013030617
006161119075246011000686
004161119075247012160088
003161119075248013010580
006161119075248011000388
001161119075250012050285
004161119075250012170193
003161119075251012040453
006161119075251011000388
004161119075253012150307
002161119075253012130305
001161119075254013010549
006161119075254011000704
002161119075255019110048
004161119075255013030573
001161119075257013010021
003161119075257013010625
006161119075258011000388
001161119075259012010011
003161119075259013010520
002161119075259019110050
004161119075300012150073
002161119075301019110005
004161119075303014030423
003161119075303013010759
004161119075306012160282
003161119075306013010735
006161119075307012040300
003161119075308012030403
004161119075310014030430
003161119075311015010751
006161119075312011000728
004161119075313015030389
003161119075313012040382
001161119075314016000062
006161119075314011000713
003161119075315013010413
004161119075316012170195
002161119075317019010087
001161119075317012040468
006161119075319012140043
004161119075319012170231
001161119075319012020111
003161119075320012020396
004161119075321012140434
001161119075321012040405
002161119075321019050241
006161119075322011000231
001161119075323014010571
004161119075324012060309
001161119075325012010237
004161119075325014030425
002161119075326014030400
004161119075327013030551
006161119075327011000713
002161119075329014030366
001161119075329012020352
003161119075329015010769
002161119075329019030046
001161119075331013010805
002161119075331019020103
004161119075331012150303
003161119075332013010758
002161119075333015030247
001161119075334015010596
003161119075334012030366
006161119075335013030176
004161119075335013030162
002161119075336019100072
001161119075336015010785
003161119075337015010610
004161119075337012140443
001161119075337014010615
006161119075339011000120
004161119075340013030607
001161119075340015010758
001161119075340016000157
003161119075340013010803
001161119075342016000139
004161119075342012140443
002161119075343019100063
006161119075343014020288
002161119075344015030442
003161119075344012010162
006161119075345011000276
001161119075345012060383
004161119075345012150271
004161119075347012150312
003161119075347012020332
002161119075348019110037
002161119075348015030410
003161119075348012050028
001161119075349014010103
006161119075349015090620
003161119075350012050345
001161119075352015010682
004161119075352015030246
003161119075352012010309
006161119075352015090617
004161119075353015030356
001161119075353012020383
003161119075354014010603
006161119075355011000595
001161119075356014010377
006161119075357016010086
002161119075357015030337
001161119075357013030157
003161119075359012030372
001161119075359015010683
006161119075400011000718
003161119075401012040397
004161119075402013030356
001161119075402014010573
006161119075403011000726
001161119075404015100557
006161119075405011000678
001161119075405012040464
004161119075405012140469
002161119075406019020393
001161119075406014010580
004161119075407012150319
006161119075407014010053
001161119075407012020306
003161119075409012050307
004161119075409015020655
001161119075409012030350
002161119075409019050170
002161119075411014030399
001161119075412012030356
004161119075412012170194
003161119075413013010650
001161119075413012060259
006161119075413014030096
004161119075414012150198
002161119075414012180271
002161119075414019010109
001161119075415012030305
004161119075416013030576
002161119075416012130327
001161119075417012010409
006161119075417012020162
001161119075418013010688
003161119075418012010375
004161119075419013030075
006161119075420011000700
003161119075420013010606
001161119075420015020469
001161119075422014010424
004161119075422013030024
003161119075423012010393
001161119075424012050217
004161119075424015030467
006161119075425011000670
003161119075425013010740
004161119075426014030440
003161119075427012050303
001161119075427012010277
004161119075428014030334
006161119075428011000639
001161119075429012050331
004161119075430012170218
001161119075430012030368
003161119075430012060364
004161119075432012150294
003161119075432012050266
001161119075432015010800
002161119075432015030410
006161119075433012010292
002161119075434012130338
003161119075434012020400
004161119075435013030622
002161119075435019020221
002161119075436015030262
006161119075436011000663
003161119075437012050310
004161119075438015030337
003161119075438012060378
006161119075439011000534
001161119075439012020385
002161119075439015030458
002161119075439019050225
003161119075440012040437
004161119075442014030438
002161119075442012180249
001161119075443018010066
003161119075443012030230
001161119075443014010068
006161119075444011000566
001161119075444015010129
003161119075445012060428
001161119075446012050179
004161119075446012160287
003161119075447012030304
002161119075447014030159
006161119075447015090629
001161119075448018010047
002161119075448019060095
004161119075449014030393
006161119075449015090627
001161119075449012060353
003161119075449012040473
001161119075450018010047
001161119075451015010738
004161119075452012150301
006161119075452012020288
002161119075452015030388
003161119075452012050366
001161119075452018010071
001161119075453012040354
004161119075453012180185
003161119075454012050334
001161119075456018010067
006161119075456011000517
003161119075457013010598
002161119075457019020353
001161119075458014010502
003161119075459012050204
001161119075459016000126
006161119075500011000440
002161119075500012160259
001161119075501016000126
003161119075501012020086
001161119075501012030242
004161119075502012180262
002161119075502019010119
003161119075503013010714
006161119075503012110223
001161119075503012050313
001161119075503016000168
003161119075505012060421
004161119075505013020468
001161119075505016000168
006161119075506015090616
001161119075506012040346
001161119075507012010355
003161119075507012010413
002161119075508019100044
001161119075508012030344
001161119075508018010059
004161119075508013030440
003161119075509013010727
006161119075509014030087
001161119075510018010059
001161119075510014010569
004161119075510012130290
003161119075511013010682
002161119075511019030025
001161119075511012050213
006161119075512014030056
004161119075512013030603
003161119075513012030327
001161119075513014010250
001161119075514012010341
004161119075514012140470
003161119075515012050351
006161119075515011000388
001161119075516012040355
006161119075516012080114
001161119075517014010492
002161119075517019110046
006161119075518012110087
001161119075518012040355
003161119075518012060360
004161119075518012130075
001161119075520015010784
004161119075520012140460
006161119075521011000594
001161119075521012050309
002161119075521019020382
003161119075522012050225
006161119075523011000586
001161119075523012040426
004161119075524012170253
001161119075524014010460
002161119075524019020377
003161119075524015010615
006161119075526011000719
001161119075527016000025
003161119075527012030390
004161119075527013030366
004161119075528012160256
001161119075528012040403
002161119075529019020363
002161119075529012140449
003161119075529013010737
001161119075529012060349
001161119075529016000025
006161119075530011000732
004161119075531013030379
002161119075531012180157
003161119075531012060420
001161119075532012050279
006161119075533011000727
004161119075533012130059
003161119075533012060410
001161119075533015010781
002161119075534012170271
003161119075535015010704
002161119075535014030482
001161119075535014010608
004161119075535013030240
006161119075536011000283
002161119075537019060033
003161119075537012060356
001161119075538014010612
004161119075538012130345
002161119075538014030375
006161119075538011000598
001161119075540012010348
003161119075540012030377
006161119075541013020274
004161119075541014030454
002161119075541012160230
001161119075542012050360
002161119075542019020335
003161119075543012010329
002161119075543014030393
004161119075543015030395
006161119075544011000730
003161119075545012030386
004161119075545013030636
001161119075545012020380
002161119075546016000144
001161119075546013030071
001161119075546014010599
006161119075546013010392
002161119075547019050240
003161119075547012040454
001161119075548013010804
004161119075548014030471
001161119075549012010408
006161119075549011000666
004161119075550012180206
003161119075550012030352
003161119075551012050123
002161119075551019060102
001161119075552014010264
006161119075552011000388
004161119075552013030609
004161119075554012170265
002161119075554012160310
001161119075554014010510
003161119075554012060363
006161119075554014030109
003161119075555012050356
001161119075556014010616
002161119075556012150201
003161119075557012020389
001161119075559012010170
003161119075559013010776
006161119075559011000656
001161119075600014010617
004161119075600012170056
003161119075601014010607
001161119075601014010578
006161119075602011000690
004161119075602012160143
003161119075603014010338
001161119075603014010208
004161119075604012180272
002161119075604019010133
001161119075605014010332
006161119075605013010151
003161119075605012040477
002161119075605012170295
004161119075606013030619
003161119075607012040465
001161119075607014010432
001161119075607013020226
002161119075607012140458
003161119075608012020344
004161119075608012140086
002161119075609019050112
006161119075609012010201
001161119075609012060253
004161119075610012130319
003161119075610015010550
002161119075611012130326
002161119075611019060097
006161119075611011000674
003161119075611012020368
003161119075612012060166
002161119075613015030471
004161119075613015030438
003161119075614013010653
002161119075615019020379
004161119075615014030021
001161119075615014010614
003161119075616012050354
002161119075617014030448
004161119075617012140446
006161119075617011000568
002161119075618019020346
003161119075618015010780
003161119075620012040470
001161119075621013010747
004161119075621012160301
006161119075621011000001
003161119075623013010529
002161119075624015030459
006161119075624011000277
002161119075624019050126
004161119075624013030496
003161119075625012040406
004161119075625014030490
002161119075626019040033
004161119075626013030558
006161119075627011000597
002161119075627012150278
003161119075628012010398
006161119075629011000643
002161119075629019020373
003161119075630013010646
004161119075630012150310
002161119075631012130288
006161119075631011000388
001161119075631013010797
002161119075632015030187
003161119075632013010730
002161119075633019100018
004161119075633012140422
006161119075633015030168
003161119075634013010733
002161119075635014030365
001161119075635019030038
003161119075636015010721
006161119075636012180106
004161119075636012150268
004161119075637012180266
003161119075637013010575
002161119075638012150305
006161119075638013020397
003161119075639012040459
002161119075640019050213
006161119075641011000388
003161119075642012030342
004161119075642012150241
001161119075644016000163
004161119075644012150318
003161119075644012030401
006161119075644011000601
001161119075645012040472
004161119075646012140421
003161119075646013010739
006161119075646012020002
003161119075647012040222
001161119075647016000163
006161119075648013020409
001161119075648014010133
004161119075648012140429
001161119075649018010072
003161119075650012040467
001161119075651014010593
004161119075651015030460
003161119075652013010695
002161119075652012170264
006161119075653012060241
002161119075654019060120
001161119075654015010802
002161119075654015030431
004161119075655015030371
003161119075655012110201
004161119075656012130284
001161119075657014010267
002161119075657012130263
003161119075657013010732
004161119075658013030479
003161119075659012030261
001161119075659014010575
001161119075700012020008
002161119075701012140475
006161119075701011000725
003161119075701012060221
004161119075701012130014
006161119075703012050222
002161119075703019020368
004161119075703013030425
001161119075704013010604
002161119075705019020212
003161119075705012040367
004161119075706012180158
002161119075707019030032
001161119075707018010048
001161119075707014010564
006161119075708012020010
003161119075708013010259
001161119075708018010048
004161119075709012170268
002161119075710012150226
001161119075710018010048
002161119075710019050224
001161119075710012010377
003161119075711012050369
006161119075711011000026
002161119075713015030376
003161119075713012060432
001161119075714014010594
006161119075714011000654
002161119075714019020390
003161119075715013010473
004161119075716013030119
001161119075716012010421
001161119075716018010068
006161119075717013020412
002161119075717012160308
003161119075718013010807
001161119075718012010415
006161119075719013020241
001161119075719014010411
002161119075719012180273
004161119075720013030523
001161119075720015030454
003161119075721012020392
002161119075722013030648
002161119075722019020260
001161119075722014010596
003161119075723013010460
004161119075723013030590
001161119075723014010494
006161119075723012050129
002161119075724012160291
001161119075724014010309
002161119075725019020273
004161119075725013030456
003161119075725012020398
004161119075727013030550
006161119075727011000065
001161119075728012010005
001161119075728015010763
002161119075728019060114
002161119075728013030631
003161119075730012020016
004161119075730012130242
002161119075731014030488
003161119075731013010567
002161119075731019020301
001161119075733018010069
004161119075733012170127
002161119075735019100065
001161119075736012040131
001161119075736014010597
002161119075736012140235
004161119075736012130210
006161119075737014010241
002161119075737012170277
002161119075737019050193
003161119075737013010515
002161119075739013030484
004161119075739012170219
002161119075740012160215
003161119075740015010717
004161119075740013030458
003161119075741013010454
006161119075741015090631
002161119075742012170305
002161119075743012140148
004161119075743012180278
003161119075744015010690
006161119075745011000581
004161119075745012170054
002161119075746019080001
003161119075746012030355
002161119075747012160279
003161119075748015010783
004161119075748012130282
006161119075748011000712
004161119075749012140452
002161119075749019050222
001161119075751015010473
003161119075751015010791
004161119075752012130205
003161119075752012040353
002161119075753019050184
001161119075753014010609
006161119075754012090035
004161119075754012140363
002161119075754013030548
003161119075755012050363
002161119075756014030404
001161119075756015010789
003161119075757012050238
004161119075757014030470
006161119075759012120124
001161119075759018010061
003161119075759014010539
001161119075800016000064
003161119075800012010173
004161119075801012150128
006161119075801012050057
004161119075803012140154
002161119075803019020263
003161119075803013010769
006161119075804012160012
001161119075804015100560
002161119075805012140453
001161119075806012060387
004161119075806013030372
006161119075806011000682
004161119075807013030591
006161119075808012020274
001161119075809013010641
006161119075809012130116
004161119075810012130342
002161119075810014030289
003161119075810013010190
002161119075811019040006
006161119075812013020154
001161119075812018010018
004161119075813012150270
006161119075814012170053
001161119075816013010035
004161119075816012150260
006161119075816013010015
003161119075816012060423
002161119075817013030647
002161119075817019100052
001161119075817016000101
001161119075818012040446
006161119075818012130120
004161119075818013030348
002161119075819013030263
003161119075819015020410
001161119075819016000101
002161119075820019050223
006161119075821011000691
004161119075821012160243
001161119075821015010731
002161119075822014030476
001161119075822012040450
001161119075824012050358
002161119075824014030450
004161119075824012150297
003161119075824012040442
006161119075824011000640
001161119075826015010752
002161119075826019110029
004161119075826012140465
006161119075827015020199
004161119075827014030325
003161119075827012030317
001161119075828014010538
002161119075828012140425
001161119075829013010743
006161119075829012130049
003161119075829012010400
004161119075830014030437
003161119075830012020286
001161119075831014010493
002161119075831012160307
006161119075832011000627
004161119075832013030634
004161119075833012140461
003161119075833012030095
006161119075835011000720
004161119075835013030187
003161119075836012050365
006161119075836011000555
002161119075836019020327
004161119075837012140426
006161119075839011000169
004161119075839013030412
003161119075839012050195
002161119075839012140442
003161119075839013010710
002161119075840012150250
001161119075840012030300
004161119075841012130317
006161119075841011000668
002161119075841019020307
003161119075842012010010
002161119075843012130316
006161119075843011000648
004161119075844012180260
001161119075845014010452
004161119075845013030354
006161119075845013030003
002161119075846015030351
003161119075846012050341
002161119075847019070001
004161119075848012160280
001161119075848014010613
003161119075848012020391
006161119075848013010358
004161119075849012130320
002161119075849012180287
001161119075850012020403
004161119075850012130271
006161119075850011000398
003161119075851012040445
003161119075852013010774
004161119075852013030460
001161119075852012030376
006161119075852011000627
004161119075853012140088
002161119075853014030031
001161119075854014010444
003161119075854012060388
006161119075854012010254
004161119075855014030088
001161119075856013010213
003161119075857013010522
001161119075857018010065
004161119075857012140463
002161119075857014030475
006161119075857019100071
001161119075858012050357
002161119075859014030444
001161119075859013010331
006161119075900011000422
003161119075900013010799
001161119075901012010338
004161119075901014030336
002161119075901019050212
002161119075902012150102
006161119075902012130102
001161119075902018010070
003161119075903014010436
004161119075903013030264
001161119075904012050234
006161119075904012120196
002161119075905014030485
004161119075906012180212
003161119075906014010604
006161119075906015020540
003161119075907013010724
001161119075907012010403
002161119075908014030486
004161119075909013030584
006161119075909013020428
001161119075909012050183
003161119075910013010244
006161119075911011000635
001161119075911014010525
003161119075912012020399
001161119075913016000169
003161119075913012010372
004161119075913012150171
001161119075914012060415
002161119075914012160292
002161119075914019040009
006161119075914012080127
004161119075915012180268
002161119075916019050243
002161119075916013030587
003161119075916013010542
004161119075917012130298
006161119075917012050085
001161119075917012040338
002161119075917019050243
003161119075918012010422
002161119075918019050243
001161119075919012040425
002161119075919013030596
004161119075919012170286
006161119075920012170077
004161119075920013030633
002161119075922015030470
003161119075922012020376
004161119075923012160190
002161119075924019050152
004161119075924015030306
002161119075924013030642
006161119075924011000410
001161119075926012050347
004161119075926013030066
002161119075927014030449
003161119075927012030338
002161119075930012170307
004161119075930012150290
003161119075930012050194
003161119075932012020300
002161119075933012140405
001161119075933016000163
004161119075933012150304
006161119075933012010028
002161119075934019050238
003161119075934012050311
004161119075934012170287
001161119075935014010536
004161119075936012130322
001161119075936015010669
002161119075936015030386
003161119075937012010337
006161119075937013010296
002161119075938014030388
001161119075939015100543
002161119075939019050196
003161119075939012050009
004161119075940015030451
002161119075940013030541
001161119075940012050367
006161119075941012010190
002161119075941013030630
004161119075941012130280
002161119075942019020372
002161119075943012160253
001161119075943018010055
003161119075944012030396
006161119075944011000439
004161119075944012130344
001161119075945015010795
004161119075945015020598
002161119075945014030418
006161119075947012150195
001161119075947019110051
002161119075947019050171
001161119075947012150311
004161119075948015030475
002161119075948016000123
001161119075950019030050
003161119075950012050359
002161119075950019050171
004161119075950012170209
004161119075951013030104
006161119075951011000263
002161119075951012140428
002161119075952015030244
001161119075953016000058
004161119075954012180220
003161119075954012010401
006161119075954012090150
002161119075954014030467
004161119075955012180144
001161119075955012020388
001161119075956016000003
003161119075956012040420
004161119075957012160298
002161119075957014030373
001161119075958012050147
001161119075959016000003
004161119075959012160296
004161119080001012140444
002161119080002014030279
004161119080003015030441
003161119080003012040443
001161119080003018010008
006161119080004013020326
001161119080004015010017
002161119080005014030217
001161119080005012050224
004161119080006012170217
002161119080006015030477
004161119080007012170298
002161119080008012140374
006161119080008012060389
002161119080009019060119
003161119080009012010327
004161119080010012170020
002161119080010012180275
006161119080011012020013
002161119080011019020211
003161119080011012020269
004161119080011012160236
002161119080012012150315
003161119080013012030194
006161119080014011000636
004161119080014012140473
001161119080015012020325
002161119080015013030518
001161119080016013010783
004161119080016012130285
001161119080017012030385
002161119080017015030424
002161119080017019010108
004161119080018012180296
002161119080018012180305
006161119080018014020055
001161119080020014010066
002161119080020019050234
006161119080020012030282
004161119080020012140408
004161119080021012170297
002161119080021012130254
003161119080022012060331
004161119080023013030535
001161119080024014010611
006161119080025012030293
002161119080025019050209
004161119080025012170304
004161119080026012160149
004161119080028012150170
002161119080028019050230
004161119080029012160087
001161119080030015010764
001161119080030016000154
003161119080030015010761
004161119080032012150069
001161119080033016000154
001161119080034014010522
004161119080035012150255
002161119080035019040012
001161119080035016000161
003161119080036014020020
001161119080036016000161
006161119080036012110004
001161119080036012020311
006161119080037013030222
004161119080037012160315
002161119080038019040016
002161119080039014030381
003161119080039012040273
006161119080039011000408
001161119080039015010790
003161119080040013010631
004161119080040012140337
004161119080041015030457
001161119080041012040475
006161119080042011000408
002161119080042012130303
002161119080043019040020
003161119080043012030353
004161119080044012160311
001161119080044016000112
006161119080045011000733
002161119080045012130330
003161119080046012080007
004161119080046012130264
001161119080047014010558
002161119080047012140409
006161119080048012160104
002161119080048019020149
002161119080049015030362
001161119080049015100556
001161119080049012010385
004161119080049012140127
004161119080051012160231
002161119080051012130302
003161119080052013010702
002161119080052012140424
002161119080052019110049
006161119080052013010215
001161119080052016000008
004161119080053012160289
001161119080054015100556
002161119080054012160233
006161119080054011000408
003161119080055013010294
004161119080055014030368
001161119080057013010716
006161119080057011000408
004161119080057012170267
006161119080058012020279
002161119080058019020323
003161119080059012060398
001161119080059012010382
004161119080059012160293
001161119080100012020367
006161119080101011000600
004161119080101014030267
001161119080102012050321
002161119080102013030623
003161119080102014010524
004161119080103013030325
006161119080104012010405
004161119080105012180282
003161119080106012050210
002161119080107014030072
004161119080108012150286
003161119080108012010414
003161119080109015010805
001161119080109012060368
002161119080109014030453
004161119080110013030605
001161119080111012040471
003161119080112012040429
002161119080112012170275
004161119080112012130334
001161119080113015030106
002161119080113014030250
001161119080114014010590
001161119080115014010477
003161119080115012030328
004161119080115013030441
002161119080116014030356
002161119080116019040030
004161119080118012160300
002161119080118012180261
001161119080118015010407
002161119080120014030484
004161119080120012170291
001161119080121013010059
002161119080122014030387
002161119080123014030158
004161119080123013030538
002161119080124014030369
004161119080124012140225
002161119080125019110043
002161119080125012170266
004161119080126014030331
002161119080127014030487
004161119080128014030150
002161119080130014030416
001161119080131014010508
006161119080131012130223
004161119080131012140437
002161119080132012130276
001161119080133012050348
002161119080135015030468
002161119080136019030043
004161119080136012180301
006161119080136012060015
002161119080136012180297
001161119080136012030010
002161119080138014030447
001161119080139014010200
004161119080139012170222
002161119080140014030466
001161119080141012060403
004161119080141013030331
004161119080144013030645
002161119080144019020333
006161119080144015020461
004161119080146012180304
003161119080146015010786
001161119080147013010761
001161119080147015100551
003161119080148013010284
004161119080148014030398
002161119080149019010131
004161119080150013030616
002161119080150012160302
006161119080151015020563
004161119080153013030577
002161119080154012130337
004161119080156013030567
001161119080156015010766
004161119080159015030101
001161119080159019050245
006161119080159012160085
002161119080200019020150
004161119080201012130267
002161119080202019020378
003161119080202013010666
004161119080204012020358
001161119080204014010535
004161119080208015030439
001161119080211012030196
002161119080213015030478
002161119080218014030001
006161119080218013010117
003161119080218012030303
002161119080219012170299
004161119080220012170228
003161119080221013010763
001161119080221012060422
002161119080221012180257
002161119080221019110013
004161119080222014030452
003161119080225013010674
006161119080226012060312
002161119080226012140439
001161119080230012030363
002161119080230019050148
004161119080231012180159
002161119080232015030383
001161119080233012060431
003161119080236012050353
002161119080236019010072
004161119080236013030510
001161119080239016000141
002161119080239019050220
001161119080241016000141
004161119080242014030299
002161119080244019050242
001161119080248015010774
002161119080252015030423
004161119080256012180290
004161119080258012150295
002161119080259019090016
001161119080259012020021
004161119080301012130278
002161119080301014030481
004161119080304012170235
002161119080304019050205
004161119080306012160272
006161119080307014020550
002161119080310019010074
003161119080312012100169
002161119080314014030176
003161119080318012050320
006161119080319014010295
006161119080321012130286
002161119080323019060076
003161119080323012030351
002161119080325019060108
002161119080325012150261
002161119080326013030465
002161119080327019050183
003161119080333013010004
004161119080333012130335
004161119080335015030408
004161119080338012130270
003161119080338012010293
004161119080341013030614
004161119080344012170284
002161119080345012140431
004161119080346014030022
002161119080347012130292
002161119080349015030474
001161119080354012030361
004161119080358012140420
006161119080400012160222
004161119080405013030637
002161119080407019010031
002161119080410019010008
006161119080413012030316
002161119080413019040015
002161119080418019010118
002161119080424019040032
001161119080433016000164
001161119080435016000164
002161119080436012130329
001161119080438016000088
001161119080446014010581
004161119080450013030346
004161119080503012140471
004161119080510013030399
002161119080515012140430
004161119080516012180292
001161119080518012030329
004161119080527012140441
001161119080541012010392
004161119080550013030610
002161119080612012170303
002161119080624019030042
002161119080625019030042
004161119080729012180263
003161119080736013010689
002161119080738019040021
004161119080738012150273
002161119080759014030427
002161119080802019040023
003161119080905012060365
001161119080915014010610
001161119081330016000007
001161119081333016000001
002161119081424019050235
004161119081610012160312
001161119081732016000012
001161119081736016000012
001161119081744016000052
001161119081748016000052
002161119081804019090015
002161119083029019030033
002161119083031019030033
001161119130023016010122
002161119131158019050235
004161119140017012150297
001161119164114016000161
004161119165307012180263
002161119165555014030400
001161119165602012050285
001161119165720016000112
008161119165731012090309
008161119165733012090418
008161119165735012090410
008161119165737012090410
003161119165738012020376
008161119165739012090341
008161119165740012090407
001161119165743016000139
008161119165743012090380
008161119165744012090272
001161119165745016000139
001161119165747016000157
008161119165747012090351
008161119165756012090393
008161119165759013020543
008161119165803012090235
001161119165806012010237
008161119165806012090396
008161119165839012090300
008161119165841012090375
004161119165842012130278
008161119165842012090375
008161119165853012090256
004161119165858013030386
004161119165914012130292
004161119165935013030634
006161119170003013020581
006161119170013012090035
004161119170019014030160
008161119170020012090408
001161119170028015030454
003161119170114013010803
003161119170130012010392
006161119170241011000668
002161119170243014030418
003161119170257012030196
001161119170410012010408
003161119170416013010758
009161119170420013020599
002161119170452019100061
002161119170544019020286
009161119170629015020671
009161119170637015020029
009161119170803012100323
006161119171149019100068
003161119171959012040459
003161119172001012040469
002161119172257019050193
003161119172323012020404
004161119173432012180292
002161119175130019020065
001161119175455016000141
001161119175456016000141
009161119175950012120479
001161119180048014010200
001161119180055014010592
001161119180059014010609
001161119180104014010587
001161119180116014010250
002161119180126019090016
001161119180133014010571
001161119180140014010569
001161119180142014010570
001161119180220014010502
001161119180223014010599
002161119180302014030421
002161119180317019010072
001161119180321014010444
001161119180400014010432
001161119180422014010580
001161119180427014010616
002161119180438014030356
002161119180510014030325
002161119180512014030381
002161119180515014030453
002161119180520014030393
002161119180523014030217
004161119180539014030487
002161119180548014030424
004161119180553014030425
001161119180554014010157
001161119180555014010578
001161119180557014010614
001161119180600014010548
001161119180602014010525
001161119180624014010208
001161119180626014010604
001161119180633014010267
001161119180641014010053
002161119180645019060113
004161119180704014030454
004161119180707014030390
001161119180752014010424
001161119180842014010581
002161119180852014030305
002161119180921014030416
004161119181125014030334
006161119181127014020288
002161119181404013030618
001161119181415014010565
004161119181457015030246
002161119181458015020598
004161119181459015030439
002161119181553015020655
002161119181554015030395
004161119181612015030389
001161119181743015010678
001161119181753015010596
001161119181755015010692
001161119181937015010766
001161119181941015010790
001161119182020016000025
001161119182022016000025
001161119182049016000062
001161119182116015010788
001161119183102016010048
001161119183107016010056
001161119183111016010130
001161119183116016010050
001161119183120016010032
001161119183126016010084
001161119183145016010095
001161119183159016010073
001161119183200016010073
001161119183315016010045
001161119183422016010077
001161119183447016010100
001161119183706016010123
001161119183734016010127
002161119184124019050209
006161119184425015020563
002161119184646019030045
002161119184710019050212
002161119184723019010111
006161119184811016010086
001161119184842016010123
001161119184906019050246
002161119184948019110027
004161119185129012170231
002161119185132019050243
002161119185134019050243
001161119185136019010128
001161119185139016000073
001161119185147013010716
001161119185203012020388
004161119185235012150273
001161119185240012010409
003161119185241012020366
001161119185241012040426
008161119185255012100418
001161119185300012020345
001161119185309012010421
001161119185315012030363
001161119185318012040354
002161119185320014030448
006161119185321012020037
001161119185321012010387
004161119185322012160215
004161119185325012140453
001161119185328016000163
001161119185329012010375
001161119185330016000163
003161119185332012030399
001161119185333012010348
003161119185334012060388
002161119185335014030447
003161119185335012060221
006161119185336012020340
003161119185338012060241
001161119185339016000163
001161119185343016000163
009161119185345012110454
001161119185345012030385
009161119185347012110373
003161119185348012040453
001161119185349012010201
009161119185349012090348
003161119185352012030316
001161119185353012050310
009161119185353012090372
003161119185354012060015
001161119185356013010746
003161119185358012030261
001161119185359013010747
001161119185401013010549
003161119185402013010426
008161119185402013020789
008161119185404013020644
003161119185405012060423
003161119185407013010215
008161119185407013020685
003161119185409012020400
001161119185410013010347
008161119185410013020749
003161119185411013010575
001161119185412014010539
008161119185412013020824
003161119185414012010389
008161119185414013020850
003161119185415012060364
001161119185416014010606
004161119185416012140430
008161119185416012070422
001161119185417012050321
002161119185417019010132
003161119185418013010785
001161119185419014010607
003161119185419012020367
001161119185420014010492
008161119185420012090401
003161119185421013010682
001161119185422012010393
003161119185423013010776
008161119185423012100364
001161119185424012050179
009161119185424012080467
003161119185424013010321
008161119185426012100318
001161119185427012060387
009161119185427012080448
001161119185428013010751
003161119185428014010003
009161119185428012070448
001161119185429013010688
008161119185429013020411
009161119185431013020832
001161119185432013010446
008161119185432012100284
009161119185433012090406
001161119185434012010028
003161119185434012030349
009161119185435013020822
003161119185435012030282
008161119185435013020843
001161119185438014010575
003161119185438013010117
008161119185438012090344
002161119185439019030047
003161119185440012010414
004161119185440015030458
008161119185440013020767
009161119185441012090377
001161119185441012060397
003161119185443012060359
008161119185443013020844
001161119185444013010358
009161119185444012070187
003161119185445012050195
002161119185445015030458
009161119185446013020840
008161119185446013020835
002161119185447019010118
001161119185447015010800
003161119185447013010674
009161119185449012110482
003161119185449013010808
008161119185449012100423
001161119185450012010254
009161119185451012090343
008161119185451012090383
003161119185452013010740
009161119185453012120481
003161119185455015020410
008161119185455013020795
009161119185455012070437
008161119185456012090302
009161119185456012070437
001161119185457012030335
003161119185457012050225
002161119185457012140431
009161119185458012070197
008161119185459013020542
009161119185500013020882
003161119185501013010730
008161119185501013020878
009161119185502015020660
008161119185502013020878
008161119185503012070426
003161119185504013010807
009161119185504012120393
001161119185504012030381
008161119185505012100429
009161119185506012120392
003161119185506013010806
003161119185508012010401
008161119185508012100350
001161119185509013020180
009161119185510013020818
003161119185511013010653
001161119185512012040450
002161119185512014030096
008161119185512012090404
003161119185513012050345
001161119185513012060407
009161119185513012120440
008161119185514012100134
001161119185515013010631
003161119185515012040443
009161119185515012080431
002161119185516014030158
008161119185517013020852
006161119185517013020241
001161119185518014010584
009161119185518013020586
003161119185518013010763
006161119185519013020412
008161119185519013020852
001161119185520013010798
002161119185520013030631
008161119185520012100367
009161119185520012070444
003161119185521013010190
001161119185522013010199
006161119185522013020326
008161119185522012080350
003161119185523012050307
009161119185523012090017
001161119185525012020325
006161119185525013020240
008161119185525012100420
003161119185526013010795
009161119185526012120484
008161119185526013020766
001161119185527013010755
002161119185528019050196
003161119185528013010712
001161119185528012050279
009161119185529012080418
009161119185531012120414
001161119185531015010796
003161119185531013010700
008161119185531012090394
001161119185532013010783
001161119185533012030350
009161119185533012080383
003161119185533012030256
002161119185533019050026
001161119185535013010762
003161119185535012030342
001161119185535013020226
002161119185535014030289
009161119185535012090421
001161119185537013010011
009161119185537013020778
008161119185537012100201
003161119185538012030400
008161119185538012070441
001161119185539012030368
001161119185540013010700
009161119185540013020831
008161119185540013020726
003161119185541012050194
001161119185542012060403
009161119185542012100006
001161119185543012030397
003161119185543012060398
008161119185543013020848
001161119185544012040411
009161119185544012090041
008161119185545012090412
003161119185546012060309
001161119185546012010410
009161119185546012090423
003161119185548012060421
008161119185548013020755
001161119185549013010641
009161119185549012100419
004161119185551014030373
001161119185551014010598
009161119185551012110412
008161119185551013020812
003161119185552013010625
009161119185553012100400
001161119185554012060259
008161119185554012120399
003161119185555012040397
001161119185556012060372
009161119185556012100311
008161119185556012090150
003161119185557012050360
003161119185557012040355
009161119185557012100311
008161119185558013020879
001161119185559013010213
003161119185559013010727
009161119185559012100169
003161119185600012060389
001161119185600012040338
009161119185601013020188
002161119185601019050128
008161119185601012090220
009161119185603012090291
003161119185603012050359
008161119185603013020821
001161119185604012060253
002161119185605012170299
003161119185606014020020
009161119185606013020817
008161119185606013020851
001161119185607012060405
003161119185608012050238
002161119185609014030369
006161119185609015020199
009161119185609012100288
002161119185610014030399
001161119185610013010804
009161119185610013020810
008161119185610012080466
003161119185611013010505
009161119185612012110485
002161119185612014030250
001161119185612012050213
008161119185612012110404
001161119185615012060005
009161119185615013020868
003161119185615013010007
008161119185615013020683
001161119185617012040461
008161119185617012120433
009161119185618013020763
001161119185619015010721
008161119185620012100430
009161119185621012100424
003161119185623013010791
008161119185623013020865
009161119185624013020841
001161119185624015020469
008161119185624012120306
003161119185625013010787
001161119185626012020333
009161119185626012120494
008161119185626012120306
008161119185627012100403
002161119185628019050170
001161119185628012060369
009161119185628012110476
002161119185629012130116
008161119185629012070414
002161119185630012130271
001161119185630012030390
009161119185630012070357
003161119185630013010550
004161119185630012130280
008161119185630012110466
009161119185631012120401
003161119185633012050369
001161119185633012030327
008161119185633012100411
009161119185634012120489
001161119185635012040462
008161119185635012120444
003161119185636013010666
009161119185637012110178
003161119185638012060229
001161119185638012040475
009161119185638012100416
008161119185638013020536
009161119185639012100416
001161119185640013010743
008161119185640012080284
009161119185641012120487
003161119185641013010772
001161119185642015010550
006161119185642013020068
004161119185642012180106
003161119185642012060400
009161119185642012120487
001161119185643015010781
002161119185643014030072
009161119185643013020864
008161119185643013020877
001161119185644015010793
003161119185644012020344
002161119185645012130120
004161119185645012150128
009161119185645012070236
008161119185645013020769
006161119185646013010014
001161119185647014010537
004161119185647012130319
008161119185647013020876
009161119185648012080242
002161119185648012130342
008161119185649012110416
002161119185650012130297
003161119185650013010799
001161119185650012040425
009161119185651012100224
004161119185652012140154
002161119185652012130263
001161119185652013010479
008161119185652013020790
003161119185653012030230
008161119185653012110416
001161119185654015010802
009161119185654012080078
003161119185655013010672
002161119185655012130316
008161119185655013020274
009161119185657013020808
006161119185657015020540
001161119185657014010066
003161119185658013010580
008161119185658013020438
002161119185659014030458
002161119185659019050029
001161119185659012030305
009161119185659013020643
002161119185700014030387
008161119185700012100405
003161119185701012050341
009161119185701012100449
002161119185702012130329
001161119185702012030376
008161119185702013020825
003161119185703013010577
009161119185703012080464
001161119185704013010023
008161119185704013020836
009161119185705013020863
001161119185706015010795
003161119185706013010662
008161119185706013020701
006161119185707012020010
009161119185707012110437
003161119185708012060426
008161119185708012110458
001161119185709012060353
004161119185709013030571
002161119185709012170019
009161119185709013020833
006161119185710015020461
001161119185711015010795
003161119185711012050334
009161119185711013020857
008161119185711012100358
008161119185712012100358
009161119185713013020532
001161119185713015010693
003161119185713015010798
008161119185713012120496
001161119185715015010797
008161119185715012120496
003161119185716015010794
009161119185716012100381
008161119185716012120496
009161119185717012090419
002161119185717014030331
008161119185717012120496
001161119185718015010682
008161119185718012110442
002161119185719015030383
003161119185719013010650
001161119185720012040446
009161119185720013020504
004161119185721015030451
003161119185721012010309
008161119185721013020702
002161119185722015030442
009161119185723013020703
003161119185723013010737
001161119185723013010006
008161119185724012070440
001161119185725012040446
003161119185725013010520
009161119185725015020640
002161119185726014030159
008161119185726012100312
001161119185727012030353
006161119185728012120196
003161119185728013010771
004161119185728012170290
009161119185728015020681
004161119185729014030490
002161119185729012150314
004161119185730012170291
001161119185730013010734
002161119185731012130102
003161119185731013010732
009161119185731012100432
008161119185732012110480
003161119185733012010247
001161119185733012060360
006161119185733013020067
009161119185734013020282
003161119185734012010372
002161119185734015030424
008161119185734012110487
003161119185735012020137
001161119185735012060095
006161119185735012130286
008161119185735012110487
009161119185736012070338
002161119185736016000144
001161119185736013010604
003161119185737013010793
004161119185737012160287
001161119185737012050348
002161119185737013030325
008161119185737012120402
009161119185738012070415
006161119185739011000731
001161119185739013010802
003161119185739012040192
002161119185739016000123
008161119185739013020838
001161119185739019030038
009161119185740012120490
004161119185740012130270
003161119185741013010693
002161119185741013030349
001161119185742012040464
004161119185742013030646
008161119185742013020572
002161119185743014030279
003161119185743013010541
004161119185745014030021
003161119185745013010284
002161119185745012130165
009161119185745012070428
008161119185745012100218
009161119185747012110479
003161119185747013010542
008161119185747012110164
001161119185748013010035
002161119185748014030031
004161119185748012180159
004161119185749012140429
003161119185750012030386
008161119185750013020811
002161119185751012130312
004161119185752014030430
003161119185752012030389
001161119185753012040131
003161119185753012050303
008161119185753012080459
009161119185753012100223
002161119185754012130049
004161119185754014030109
003161119185755012050356
008161119185755012100307
001161119185756013010331
008161119185756012100280
003161119185757012060166
002161119185757015030337
004161119185757013030356
009161119185758012110354
003161119185759013010724
004161119185759012180272
008161119185759013020660
006161119185800011000026
002161119185800012130302
001161119185801012030010
009161119185801012110160
008161119185801012100334
004161119185802012180220
003161119185802012040452
002161119185802012130250
001161119185803014010615
008161119185803012100322
003161119185804013010606
001161119185804012040438
004161119185805012130223
009161119185806012080447
002161119185806012130303
002161119185806019050225
008161119185806012100380
004161119185807013030460
001161119185807015010129
003161119185807013010270
009161119185808013020640
001161119185808014010617
008161119185808012120492
002161119185809012130330
003161119185809013010714
001161119185809015010669
001161119185810013010059
004161119185810013030619
009161119185810012080469
003161119185811012030355
008161119185811012070403
009161119185813012080447
001161119185813015010001
008161119185813013020409
003161119185814013010567
004161119185814012150286
001161119185815013010021
008161119185815013020781
003161119185816013010601
004161119185817012140408
001161119185817012010419
002161119185818014030088
008161119185818013020397
009161119185818013020606
001161119185819014010264
004161119185820012140456
009161119185820013020803
006161119185820013020154
008161119185820013020574
004161119185821012160315
002161119185821015030428
003161119185821012040437
002161119185822012140409
003161119185822012060428
009161119185822012070438
008161119185822013020574
003161119185824013010015
004161119185824013030546
002161119185825012160259
001161119185825012040471
004161119185825013030066
008161119185825012100047
009161119185825012080408
003161119185827012030344
002161119185827014030475
009161119185827012110375
009161119185828012120463
004161119185828012130345
006161119185829012130091
002161119185829014030456
003161119185829012020288
008161119185829012110004
002161119185830012140425
004161119185830013030104
009161119185830013020869
002161119185832014030426
009161119185832013020773
003161119185832013010646
006161119185832012050222
008161119185832013020255
002161119185833013030465
009161119185834013020692
004161119185834013030548
002161119185834014030423
003161119185834012040429
008161119185834012100327
002161119185835014030452
003161119185835012040442
008161119185835012110474
009161119185836012120350
001161119185836012050347
004161119185837012150190
001161119185837015010683
002161119185837013030465
009161119185838013020819
004161119185838013030507
003161119185838013010735
008161119185838012120368
001161119185839015010716
003161119185839012010190
009161119185839013020819
003161119185840013010654
002161119185840014030449
009161119185841012110483
004161119185841014030475
002161119185841012160302
008161119185841013020753
002161119185842012180271
001161119185842012050367
003161119185842012050009
002161119185842019050213
009161119185842012100257
009161119185843012120143
008161119185843012080454
003161119185844013010392
001161119185844012020002
002161119185844012130339
006161119185844012120199
003161119185845013010769
009161119185845015020577
004161119185846013030523
009161119185846012120415
008161119185846012100223
002161119185847012130340
003161119185848013010651
009161119185848013020820
004161119185849012140462
008161119185849012100446
002161119185850014030365
009161119185850012120464
003161119185851012060384
004161119185852012160298
003161119185852012060356
008161119185852012070244
009161119185852012100447
002161119185853012140468
008161119185853012070404
003161119185854012060414
009161119185854012100379
002161119185855014030471
002161119185856012130334
003161119185856013010770
004161119185856012140235
008161119185856013020562
004161119185857012130264
009161119185857012110143
002161119185857015030466
001161119185858015010668
003161119185858013010259
008161119185858012110455
002161119185859012160253
004161119185859012140472
001161119185900012050210
004161119185901012130344
003161119185901012040376
002161119185901014030437
008161119185901013020745
009161119185901012080427
001161119185902014010510
003161119185903012020392
001161119185903012040273
004161119185903013030176
008161119185903013020468
004161119185904012150196
009161119185904012120447
002161119185904014030459
001161119185905014010457
003161119185905013010739
008161119185905012080364
002161119185906012170266
001161119185906014010605
004161119185907013030456
009161119185907012090368
001161119185907015010632
004161119185908013030516
003161119185908013010529
008161119185908012080114
002161119185909012140235
002161119185909019110050
003161119185910013010759
009161119185910012070442
004161119185910013030565
004161119185912012130334
006161119185912012150102
009161119185912012110409
003161119185913012040467
002161119185914012140475
008161119185914012120465
004161119185915013030354
002161119185915014030480
009161119185915012090414
003161119185916013010244
002161119185916013030639
009161119185918015020678
003161119185918012030293
002161119185918012140472
001161119185918012040473
004161119185918012140437
008161119185918013020428
002161119185919012140475
008161119185919013020428
004161119185920013030567
009161119185921012110406
003161119185921015010792
002161119185921013030648
004161119185921013030479
008161119185921012070264
001161119185922012050308
002161119185923013030639
004161119185923014030368
003161119185924013010733
009161119185924012110438
008161119185924012090400
002161119185925013030623
003161119185925013010695
004161119185926012130205
002161119185926013030263
008161119185926012090345
002161119185928013030630
004161119185928012150319
009161119185928015020541
003161119185928013010365
009161119185929015020678
002161119185930013030263
003161119185930012040353
002161119185931015030478
004161119185931014030368
008161119185931012120431
002161119185932012180253
009161119185932012100347
006161119185932013030075
001161119185933013010296
003161119185933012030405
004161119185933012130285
002161119185934013030642
006161119185934013020409
009161119185934015020541
003161119185934012030403
004161119185935012130284
001161119185936012040470
003161119185936012050123
002161119185936012140458
004161119185937013030606
009161119185937012120395
008161119185937012080457
002161119185938015030438
003161119185939012050085
008161119185939012110464
002161119185940012130340
009161119185940012120448
001161119185940015010407
004161119185942013030606
002161119185942012150226
001161119185942015010473
003161119185942012030338
009161119185942012080297
008161119185942012080346
003161119185943012060379
001161119185943012040131
009161119185943012080297
004161119185944015030467
002161119185944015030187
001161119185944012030402
008161119185944012120419
002161119185945012170277
008161119185945012120419
009161119185945012120497
002161119185946015030471
003161119185946012060374
004161119185946013030339
001161119185946014010452
008161119185947012100398
001161119185948015100557
002161119185948013030627
004161119185948012170218
009161119185948012100434
008161119185948012110461
004161119185949014030267
001161119185949012050347
003161119185949015010769
008161119185950012080360
001161119185950015100560
009161119185951012080123
002161119185951012140148
003161119185951012040414
004161119185951012170257
002161119185952015030410
004161119185952013030616
008161119185952012120482
001161119185953016000008
004161119185953012170073
009161119185954012110486
003161119185954013010800
004161119185954014030398
008161119185955012080361
003161119185956015010751
004161119185956015030343
001161119185956015100556
004161119185957013030573
006161119185957013030199
008161119185957012100428
009161119185957012120486
001161119185958012040447
001161119185958016000154
004161119185958014030087
009161119185958013020881
003161119185958013010294
008161119185959012120377
004161119190000013030551
001161119190000016000154
002161119190000019110040
003161119190001012060432
003161119190002012040445
004161119190002013030584
002161119190002012150226
009161119190002013020862
008161119190003013020858
003161119190004013010781
001161119190004015010791
002161119190005012150069
004161119190005013030576
009161119190005013020881
008161119190005013020826
003161119190006013010004
002161119190007012130326
004161119190007015030438
001161119190007014010573
009161119190007013020866
008161119190007012110484
003161119190008012030377
004161119190008012140463
001161119190009013010761
009161119190009013020880
004161119190010015030410
002161119190010012130333
003161119190010013010624
009161119190010012110489
008161119190010012120493
001161119190012012010382
002161119190012015030101
004161119190012012170279
008161119190012012120485
009161119190013012120476
003161119190013013010522
001161119190014012010173
002161119190014015030371
004161119190014013030458
009161119190015012120491
008161119190015012090330
002161119190016012160279
004161119190016013030440
001161119190016015100543
001161119190017012050234
003161119190017012030317
009161119190017012090267
003161119190018012050320
009161119190018012110488
002161119190018012150294
004161119190018012180282
008161119190018013020721
001161119190019014010338
002161119190020012160280
003161119190020013010726
004161119190021012150073
008161119190021012100329
009161119190021015020580
001161119190022012010005
006161119190022012150195
004161119190022013030644
003161119190022012040477
002161119190023014030450
001161119190023012040337
009161119190023015020668
009161119190024012110424
003161119190024012010413
004161119190024012170054
008161119190024012120434
002161119190025014030336
003161119190026012050350
004161119190026013030504
002161119190027012140419
004161119190027012140461
009161119190027012090388
002161119190028012140405
008161119190028012080163
003161119190029012060427
002161119190030012150309
003161119190030012030387
004161119190030012140167
009161119190030012090379
002161119190031013030563
004161119190031012170292
008161119190031012090417
009161119190032012100444
004161119190033013030629
002161119190034014030476
004161119190034019050164
008161119190034012080396
002161119190034019020394
002161119190035012150283
004161119190035013030508
009161119190035012080462
002161119190036014030055
008161119190037012100425
004161119190037012170056
009161119190037012090416
002161119190037019050234
004161119190039012170219
006161119190039012110087
009161119190039012120421
003161119190040013010710
001161119190040012060422
004161119190040012180262
004161119190041014030077
008161119190041012120461
002161119190041019050230
002161119190042012130317
002161119190043012150278
003161119190043013010151
002161119190044015030426
001161119190044015030112
004161119190044012180299
008161119190044013020721
004161119190045012150287
003161119190046013010677
002161119190046014030150
004161119190047012140471
008161119190047012120474
009161119190048012100252
004161119190048012150303
002161119190049012150290
008161119190050012120124
004161119190050013030609
002161119190051012130288
004161119190051012180268
008161119190051012120301
003161119190053012050028
002161119190053015030468
002161119190053012180305
004161119190053013030622
008161119190054012080452
002161119190055014030484
002161119190056012140422
003161119190056013010774
004161119190056014030438
008161119190056012120242
004161119190057012150301
002161119190058012150309
001161119190058012030300
006161119190059014030087
002161119190059012130338
002161119190059019050224
004161119190059012130317
004161119190100012170178
008161119190100012120242
001161119190100015100546
003161119190102012060363
002161119190102015030388
004161119190102012170304
008161119190102012090350
002161119190103012160230
004161119190103013030550
001161119190103015100561
009161119190103013020610
002161119190105015030279
004161119190105012140465
008161119190106012110427
004161119190106012140127
002161119190106019110048
002161119190107012180275
009161119190107012120425
004161119190108013030425
008161119190108012100436
002161119190109015030477
009161119190110013020554
004161119190110013030119
008161119190111013020387
001161119190112012060415
004161119190112013030558
009161119190112015020386
003161119190113013010794
002161119190113012140442
008161119190113012110467
009161119190114012080343
004161119190114012180278
004161119190115012160272
008161119190115013020870
002161119190116015030423
004161119190116012140149
004161119190117012150310
002161119190118012140442
004161119190118013030641
008161119190118013020681
009161119190118012110353
002161119190119012160307
002161119190120019050091
004161119190120013030448
002161119190120014030489
008161119190120013020849
009161119190120012110410
004161119190121012150307
003161119190121012040373
002161119190121012150304
009161119190121013020797
004161119190122014030470
006161119190123013030003
009161119190123012100443
002161119190124012180206
004161119190124012180185
002161119190125019030032
002161119190126014030366
009161119190126015020568
004161119190126013030590
008161119190126012110382
002161119190127012140452
002161119190129015030475
002161119190129019030025
004161119190129012150198
008161119190129012110421
009161119190129012120412
004161119190130013030482
009161119190130012120412
002161119190132012140428
008161119190132013020673
002161119190132019110002
004161119190133012170193
002161119190134012130336
004161119190134012180301
009161119190134012070439
004161119190135012140434
008161119190135013020873
002161119190136015030431
002161119190136019030042
009161119190136012100443
002161119190137019030042
008161119190138012110414
004161119190138012140444
002161119190139012160088
002161119190139019030046
009161119190139012100439
004161119190140012130335
008161119190140012110446
002161119190141012150274
002161119190141012160243
009161119190142012100439
004161119190143013030577
002161119190143012160306
002161119190143019040016
008161119190143012110400
003161119190144013010454
008161119190144013020813
004161119190144013030496
002161119190145012130327
002161119190146012170127
008161119190147012100394
004161119190147012150255
002161119190148012180249
004161119190149013030443
002161119190149019010116
002161119190150012140374
008161119190150013020793
004161119190151013030625
002161119190152012130327
006161119190153012140043
002161119190153014030374
004161119190153012170020
008161119190153013020619
009161119190153012070308
002161119190154019040035
002161119190154012180273
002161119190155014030374
004161119190155013030240
002161119190156012180249
008161119190156013020823
001161119190157014010332
009161119190157015020654
004161119190157012150268
002161119190158014030374
002161119190159012140445
004161119190159012130059
008161119190159012100431
002161119190200012150091
004161119190200012180304
003161119190200012060331
004161119190201012130059
008161119190201012100442
002161119190202012180273
002161119190203012180257
004161119190203012170127
004161119190204012150318
003161119190204012040476
002161119190205012180249
008161119190205013020738
002161119190206012180257
004161119190207012160136
004161119190208012150201
002161119190208012160289
008161119190208012100445
004161119190210012140467
003161119190211012060331
002161119190211013030596
004161119190211012160149
008161119190212015020679
004161119190213013030412
002161119190213012170307
006161119190213012170053
002161119190215012160296
001161119190216016000003
003161119190216013010702
008161119190216012090248
004161119190218012130320
002161119190218012130343
008161119190219015020657
004161119190220012180277
002161119190220012140474
002161119190221012170307
004161119190221013030535
004161119190222012160143
006161119190222012080127
003161119190223012030303
004161119190224013030264
009161119190224015020669
004161119190225012180296
009161119190226015020022
002161119190227012160224
009161119190227015020669
006161119190227012110223
004161119190228012150098
008161119190228012090335
002161119190229015030459
004161119190229012140420
006161119190230012080131
003161119190231013010768
002161119190231014030299
004161119190232013030187
008161119190233012110151
002161119190234014030478
004161119190235012150170
004161119190236013030348
002161119190236012180261
004161119190238012130214
001161119190238015100551
002161119190239012140469
004161119190240012180046
001161119190241013030071
002161119190242012140441
002161119190243012170194
004161119190243012170268
009161119190245012070447
004161119190246012160224
002161119190246012130210
002161119190248015030386
004161119190249013030162
003161119190249015010690
004161119190250012140469
001161119190252012020324
004161119190252013030398
003161119190253015010704
004161119190254012180258
001161119190255016010128
004161119190256012180158
004161119190257012170222
009161119190257012070321
001161119190259015010784
001161119190259016010124
004161119190259013030510
003161119190300013010176
002161119190300012140389
002161119190303012150250
006161119190303012160085
004161119190305013030636
002161119190305012160310
009161119190306012070321
002161119190308012170195
004161119190308013030024
004161119190309012160231
006161119190309013030188
002161119190310012170265
004161119190311013030346
003161119190312012030194
002161119190313013030509
002161119190315012140446
004161119190315013030506
002161119190315019020378
004161119190318013030084
002161119190319013030605
008161119190319012120472
002161119190319019050152
004161119190320013030382
002161119190321012140446
002161119190322012150305
004161119190322012170253
004161119190325012170284
002161119190326012160114
004161119190326013030591
002161119190327012140363
004161119190329012180212
002161119190329012160012
004161119190330012130341
008161119190330012110367
004161119190333012170258
002161119190333012140421
008161119190333013020747
002161119190335012140470
004161119190337012140088
004161119190341012170267
009161119190341012120256
002161119190341012180154
002161119190343013030638
004161119190344013030624
002161119190346012170275
004161119190347013030366
001161119190347013030157
009161119190347012110481
002161119190349012150249
004161119190349013030399
001161119190351019010125
004161119190353013030545
002161119190356015030469
004161119190356014030440
004161119190359013030538
004161119190401012160285
004161119190404013030607
001161119190405019110051
004161119190405012170217
002161119190406013030518
004161119190407013030498
002161119190408012140449
002161119190411014030174
004161119190411012140443
001161119190412019030050
004161119190412012170146
002161119190414014030056
004161119190415012160190
004161119190418012150295
004161119190425015030106
004161119190428012130014
001161119190431014010103
004161119190432012160075
001161119190433014010295
008161119190435013020799
001161119190437014010538
003161119190437014010241
009161119190437015020639
008161119190438019050094
001161119190439014010603
004161119190440013030633
004161119190442012160104
008161119190442012110297
008161119190451013020780
008161119190454013020689
002161119190457019060084
002161119190459012130267
001161119190459014010563
002161119190459019020363
004161119190500012160293
001161119190502014010613
002161119190503019050246
003161119190507014010436
004161119190507012160311
002161119190508012130276
002161119190508019020379
004161119190508012160087
002161119190509019020379
001161119190511014010526
004161119190512012180284
004161119190516012160233
002161119190516019050246
004161119190520015030376
002161119190522019050183
008161119190526012090333
002161119190531012160312
001161119190531014010068
004161119190531013030587
001161119190531015030106
002161119190532019050246
001161119190534014010612
001161119190534016000168
004161119190535013030637
001161119190535016000168
004161119190536012140426
001161119190536014010555
001161119190538014010440
001161119190541014010460
002161119190543019050246
004161119190545012170271
002161119190610012130305
001161119190612012010377
002161119190615012170287
004161119190626013030617
001161119190627015020500
002161119190627019020083
004161119190629013030441
004161119190638012180171
002161119190640013030647
001161119190641016000064
002161119190644013030647
004161119190647012170295
002161119190653015030362
001161119190654019020282
004161119190659015030473
002161119190704019110049
002161119190709015030473
004161119190710013030372
004161119190713013030379
003161119190717013010515
004161119190720013030222
009161119190723019020387
004161119190727015030306
002161119190729019020326
004161119190729015030437
004161119190733012150241
002161119190736019020353
004161119190737015030168
008161119190756130201885
001161119190758014010535
001161119190813015010753
001161119190824014010011
001161119190828016000169
004161119190829012140337
002161119190834019030048
002161119190836013030466
004161119190838013030530
001161119190839014010411
002161119190841019030048
004161119190846015030445
004161119190851012130337
002161119190858019050227
001161119190901014010536
002161119190903019050195
009161119190907015020618
009161119190910015020535
002161119190911019020393
009161119190911015020535
002161119190914019020391
009161119190915015020664
002161119190915019020391
006161119190934011000594
002161119190934019050239
001161119190934016000058
001161119190938016000101
002161119190938019050246
001161119190941016000101
001161119191024014010493
004161119191031015030465
002161119191035019020392
001161119191036015010017
002161119191041019020061
004161119191050013030246
002161119191052019020383
001161119191054016000164
001161119191057016000164
002161119191057019020124
001161119191102019050188
001161119191106016000088
002161119191107019020007
001161119191109016000088
004161119191116012170305
004161119191127012180260
002161119191135012180157
002161119191136019020397
002161119191139019020307
008161119191146015020672
002161119191237019110006
002161119191246019110006
003161119191314013010001
003161119191318013010560
002161119191350019050126
002161119191356019050241
002161119191404019050238
002161119191408019050242
002161119191421019050242
001161119191435016000141
001161119191447016000126
001161119191449016000126
001161119191450016000126
002161119191523019010008
002161119191539019020127
001161119191542019020149
002161119191543019020318
002161119191632019020373
002161119191704019020150
002161119191817019050237
002161119191820019050244
001161119191821014010357
002161119191822019050244
002161119191958019060103
002161119192015019110043
002161119192023019110033
002161119192027019110037
002161119192029019110037
002161119192038015030441
002161119192048019110046
002161119192135019110013
002161119192300019060003
002161119192345019020382
001161119192607019030043
002161119192704019050217
002161119192717019110005
002161119192826019020349
002161119192921019050171
002161119192925019050171
001161119193026016010071
001161119193032016010080
002161119193036019020273
001161119193043016010121
001161119193051016010119
002161119193055019050084
001161119193057016010106
002161119193248019020079
002161119193339019050184
001161119193638016010079
002161119193707019040032
002161119193730019050148
001161119193738016010105
001161119193747016010110
001161119193750016010125
008161119193756016010129
002161119194025019020374
002161119194031019060001
004161119194045019020180
002161119194503019040028
002161119194615019020301
002161119194633019040020
002161119194651019060102
002161119194657019060001
002161119194703019060115
001161119194715019050245
002161119194720019100028
002161119194852019050205
001161119195048012040458
009161119195115014020620
003161119195121012050313
003161119195131012040346
009161119195135015010696
002161119195148019050214
009161119195154015020644
002161119195156019060086
001161119195157012010011
003161119195157012020228
009161119195158015020667
008161119195204014020607
009161119195206014020618
009161119195209014020630
001161119195212012040472
009161119195212014020565
001161119195213012010338
008161119195217013020761
001161119195219012020306
008161119195220014020627
001161119195221013010797
001161119195225013010805
003161119195229012020016
003161119195231012020021
002161119195232019060033
002161119195233019060033
001161119195236012010341
001161119195242012010376
003161119195246012030404
001161119195251015010717
002161119195251019050222
002161119195305019040012
003161119195313012020389
001161119195317012010415
003161119195319012020391
001161119195322012010277
002161119195325019040034
001161119195327012060349
003161119195328013010777
001161119195331012050309
003161119195331012060410
001161119195333012030365
003161119195339012060396
003161119195345012050224
006161119195349012010405
002161119195352019060108
003161119195356012060433
001161119195357015010737
001161119195401012040468
001161119195404012020285
001161119195405012020383
003161119195405012010329
003161119195411012010355
001161119195415012010019
003161119195416012010422
003161119195418012010292
006161119195422012020274
003161119195424012050343
009161119195424015020675
003161119195426012010400
009161119195426012070006
001161119195426012060415
003161119195429012010364
008161119195429012070429
009161119195430015020683
003161119195431012050254
001161119195431015010786
001161119195432012030266
008161119195433015020635
003161119195434012030401
009161119195434014020625
001161119195435015010785
008161119195435012070006
009161119195436015020684
001161119195437012060007
008161119195437015020531
009161119195438014020622
003161119195439012010337
001161119195440015010774
008161119195440012070344
003161119195441012050354
009161119195441014020513
001161119195442015010789
008161119195442012070410
009161119195444012080461
003161119195444012050266
008161119195444014020550
009161119195447013020783
008161119195447015020658
009161119195449014020351
003161119195450012050364
009161119195450014020351
001161119195452012060383
009161119195453014020602
009161119195455014020628
003161119195457012040293
001161119195457012030242
009161119195458014020489
008161119195458014020626
001161119195500012030356
008161119195500014020331
009161119195503014020582
008161119195503014020623
001161119195505015010731
009161119195506014020305
008161119195506014020616
001161119195508012020380
003161119195508012010293
008161119195508014020606
009161119195509014020594
001161119195510012060416
002161119195511019050216
009161119195513012070417
001161119195514015010752
003161119195514012030276
001161119195515015010783
008161119195517012080425
001161119195518012050315
001161119195519012010403
003161119195520012030036
001161119195521015010787
008161119195521014020504
001161119195524012020111
008161119195524014020486
003161119195525012050311
009161119195525014020502
001161119195526012050217
001161119195528015010615
008161119195528013020515
003161119195530012060434
001161119195530012040465
009161119195532012120354
008161119195532012080419
008161119195536012080266
003161119195538012040478
009161119195540014020120
003161119195541012020402
003161119195544012050353
008161119195544012080373
001161119195547012020385
009161119195553014020180
003161119195555012030328
003161119195557012030095
009161119195557014020619
003161119195558012020358
009161119195600014020414
001161119195601012040209
008161119195601014020120
003161119195602013010009
001161119195603012040444
002161119195603012150261
009161119195604014020634
001161119195606012030352
003161119195606012020399
006161119195607012070006
009161119195608014020511
003161119195608012020393
003161119195611013010788
009161119195614014020501
001161119195614012010340
003161119195615012020352
008161119195615014020598
001161119195616012010162
003161119195618013010689
008161119195619014020055
003161119195620012020390
008161119195623014020501
001161119195625012030304
003161119195626012010385
001161119195628012010010
006161119195629019100066
001161119195631012040222
003161119195632012040466
008161119195633012080458
001161119195634012060368
003161119195634012030351
003161119195636012020279
001161119195636012030361
009161119195636012070148
001161119195639015010804
001161119195641012020086
001161119195644015010738
003161119195645012040420
001161119195645012040403
001161119195647012040405
001161119195648012030333
001161119195649012020121
003161119195651012040382
001161119195652012050368
001161119195655012010361
003161119195657012020286
001161119195657012050147
003161119195659012060420
003161119195700015010780
001161119195701018010018
001161119195702012030329
003161119195705013010460
009161119195708012080017
003161119195708013010473
006161119195710011000683
008161119195710012080375
003161119195711013010598
003161119195713013010413
003161119195715012020300
003161119195717012030372
009161119195717012110377
003161119195719012030396
003161119195721012060312
003161119195723012010327
003161119195726012010398
003161119195728012020403
002161119195728019050228
003161119195730012060378
002161119195731019010124
003161119195733012040406
001161119195734012050358
001161119195734015010763
003161119195736012050357
003161119195738012040454
001161119195738012020322
006161119195739011000203
003161119195742012060365
001161119195743018010048
006161119195743011000445
003161119195745012060431
003161119195746012050057
006161119195746011000723
003161119195749012050204
006161119195749011000723
003161119195751012040300
006161119195752011000715
009161119195752012080424
002161119195752019020275
003161119195753012050366
008161119195753012080463
006161119195756011000715
006161119195757011000120
001161119195757012050183
003161119195800012030366
009161119195802015020502
006161119195803011000682
003161119195804015010801
009161119195804012080424
003161119195806015010805
004161119195807012130075
009161119195807015020638
006161119195807011000277
008161119195808015020677
006161119195809011000724
006161119195811011000120
001161119195812015010758
003161119195812012020381
003161119195815015010610
001161119195815015010764
002161119195815019050223
006161119195817011000564
002161119195821019060097
009161119195821012080430
001161119195823014010608
006161119195825011000564
001161119195826012020396
001161119195827012020008
009161119195827014020592
001161119195829012020398
001161119195831012020368
006161119195832011000712
003161119195832015010687
008161119195832015020451
009161119195833012080453
009161119195836012080267
008161119195836012070366
006161119195837011000408
001161119195840015010761
006161119195840011000681
001161119195841012020311
001161119195841018010054
001161119195842012020332
009161119195842012070407
006161119195843011000408
001161119195845012050344
003161119195847012020162
006161119195847011000714
001161119195848018010069
002161119195848019100052
001161119195849012050129
003161119195850012050363
006161119195850011000707
003161119195853012050351
001161119195853018010047
006161119195854011000681
006161119195856015090631
002161119195857015030463
001161119195857018010070
002161119195900019100070
008161119195900012070193
001161119195901018010066
006161119195901015090617
006161119195904011000670
001161119195904018010067
006161119195906015090617
009161119195906012070432
001161119195908018010071
006161119195909011000732
006161119195912011000700
001161119195912018010071
006161119195915011000719
001161119195916012020269
001161119195916018010061
003161119195917012020013
001161119195919018010061
006161119195920011000165
006161119195923011000388
008161119195923012090413
006161119195926011000710
009161119195926012070427
008161119195926012070445
006161119195932011000710
009161119195935012070392
006161119195936011000086
008161119195936012080413
009161119195938012070377
006161119195939011000726
004161119195940015030436
008161119195943012070384
002161119195944015030436
006161119195945011000573
002161119195947015030470
006161119195948011000726
006161119195951011000573
002161119195952012160300
008161119195952012070090
001161119195954012040433
006161119195954011000687
002161119195955019020390
004161119195956015030460
008161119195957014020120
006161119195957015090620
006161119195959015090568
004161119195959015030368
002161119200000019020377
004161119200001012130290
006161119200002011000169
002161119200003015030474
002161119200003019020372
003161119200004012050365
004161119200004012150260
006161119200005011000601
004161119200007013030331
006161119200008011000656
004161119200009012140457
009161119200010012080366
002161119200011012140435
006161119200011011000440
004161119200012012130322
002161119200014012180288
006161119200014011000258
009161119200014015020646
004161119200015013030562
006161119200016011000717
009161119200018015020623
008161119200018012080366
004161119200020012130298
006161119200020011000359
008161119200020012070331
006161119200021011000525
001161119200022012020348
004161119200023012150311
006161119200023011000639
006161119200025015090618
002161119200027015030262
006161119200027011000525
004161119200027012130295
006161119200028011000694
006161119200031011000722
002161119200031015030356
004161119200032012180144
004161119200034015030443
006161119200034011000675
001161119200036018010059
006161119200037011000728
004161119200037015030457
001161119200038018010059
004161119200039012150312
001161119200040018010065
006161119200040011000677
006161119200044011000699
002161119200047012150203
004161119200050012150297
006161119200050015090629
006161119200051015090616
002161119200053012150135
001161119200053018010072
004161119200054012150271
006161119200056011000276
004161119200057012150203
006161119200102015090580
002161119200104012140439
006161119200106011000706
002161119200108019030033
004161119200108012150293
002161119200108012130282
006161119200109011000422
002161119200110012140086
004161119200111012160236
002161119200113019020323
006161119200113019100065
002161119200114012170228
002161119200116012170235
006161119200116011000422
009161119200116012080414
004161119200117012180276
006161119200118011000410
006161119200120011000627
004161119200120012170297
009161119200121012070382
006161119200124011000627
001161119200124018010055
002161119200125015030476
006161119200126011000674
008161119200127012080414
002161119200128015030434
004161119200128012160271
006161119200129011000643
006161119200132011000720
002161119200132019100072
004161119200133012160271
001161119200133018010008
006161119200134011000718
006161119200137019100046
006161119200141015090628
004161119200141012170209
006161119200144015090627
004161119200149012140460
006161119200152019100071
006161119200155011000597
006161119200158019100067
006161119200201019100067
009161119200203012070443
004161119200203012130242
008161119200204012080345
006161119200204015090608
008161119200207012080380
006161119200208015090608
006161119200214015090621
006161119200218015090579
006161119200225015090621
004161119200233013030614
006161119200236011000555
004161119200238015030408
002161119200239012180266
002161119200241012170298
002161119200242012170286
004161119200242012150171
002161119200244012160222
004161119200246012180266
002161119200247012160282
004161119200247012150270
006161119200247011000490
006161119200249011000678
002161119200250012180287
008161119200250012080394
004161119200252012160282
002161119200252012170303
008161119200252012080304
002161119200254012150315
006161119200256015090611
008161119200258012090402
006161119200300011000640
002161119200302012160291
006161119200303011000640
002161119200307012180252
002161119200309012130254
004161119200314013030610
002161119200315012180252
002161119200317019020335
002161119200320019020398
006161119200322011000654
002161119200325015030444
004161119200325012160163
006161119200325011000654
002161119200326019020389
004161119200330012160301
006161119200331011000263
004161119200333012180251
006161119200334011000263
001161119200337012040367
004161119200338012160021
004161119200343012160256
002161119200347012170077
002161119200348019050220
004161119200353012170077
002161119200359012180290
002161119200404019060076
003161119200407012040469
003161119200408012040459
002161119200413015030247
002161119200414019040006
004161119200415013030603
004161119200418012170144
002161119200423019060120
009161119200428013020723
002161119200431012180297
002161119200433012150108
002161119200434019020340
002161119200439019020400
002161119200444019020399
006161119200445015090632
002161119200448019040023
002161119200501019020211
002161119200506015030351
002161119200509019020212
002161119200513019080001
004161119200517012140225
002161119200529019020327
002161119200541012160308
002161119200604019020333
002161119200624019010108
006161119200627019100002
004161119200633012170264
002161119200639012170264
006161119200641011000473
002161119200650019060095
002161119200655019020231
002161119200658019020313
002161119200704019040030
002161119200708019040030
002161119200712019060119
002161119200735019020186
009161119200739012080007
009161119200742012080135
002161119200746019040033
002161119200843019030022
001161119200845012010170
002161119200910019040021
006161119200918019100008
006161119200922019100008
006161119200926019100044
002161119201147019050240
002161119201247019020263
002161119201450019060114
002161119201502019050112
002161119201543019020346
002161119201607019020368
002161119201612019020401
002161119201856019040009
002161119201901019070038
002161119202046019020221
002161119202157019070014
002161119202611019070001
001161119203051016010120
001161119203106016010024
002161119203208019020103
002161119203304019070031
006161119203326016010098
006161119203330016010082
006161119203336016010081
006161119203346016010090
002161119203627016000090
002161119204009019020260
009161119205630015020013
008161119205743012080358
008161119205745015020666
008161119205802012080220
008161119205806012070435
008161119205809015020545
008161119205812012120483
006161119205817011000498
006161119205819011000262
006161119205823011000595
008161119205824012080456
008161119205827015020680
006161119205827011000730
008161119205829012080225
006161119205829019100013
008161119205831012080225
008161119205836012080225
008161119205840012080189
008161119205844012070387
006161119205845011000001
008161119205851012070411
008161119205853012070421
008161119205858012070010
008161119205901012070449
006161119205906011000636
009161119205910012070376
006161119205915011000686
006161119205921011000600
009161119205922012070360
006161119205923011000568
006161119205927011000517
006161119205930011000586
006161119205935011000690
006161119205936011000691
006161119205938011000704
006161119205941011000691
006161119205942011000690
006161119205944011000398
006161119205948011000581
006161119205952011000651
006161119205957011000574
006161119205959011000343
006161119210002011000598
006161119210009011000725
006161119210012019100063
006161119210015011000729
006161119210018011000534
006161119210020011000727
006161119210026019100032
006161119210030011000733
006161119210034011000231
006161119210038019100018
006161119210043011000065
006161119210046011000713
006161119210049011000566
006161119210051011000283
006161119210054011000713
006161119210058011000439
006161119210107011000078
006161119210113011000041
006161119210120011000051
006161119210125011000648
006161119210127011000491
006161119210134011000663
006161119210145011000666
006161119210148011000666
002161119210606019040001
002161119210749019040024
002161119212637019010133
002161119212641019010131
002161119213556019030049
002161119213744019090015
002161119213752019010094
002161119213800019010119
002161119213803019010109
002171119015441019060107
001171119070718016010081
001171119070723016010090
001171119071346016010125
002171119071352016000090
001171119071517016010056
001171119071522016010130
002171119071545019030046
001171119071553016010048
001171119071622016010119
001171119071632016010128
001171119071755016010095
001171119071815016010098
001171119071939016010079
001171119072004016010105
002171119072040019060086
001171119072046016010032
002171119072212019010124
001171119072411016010077
001171119072419016010100
001171119072421016010100
001171119072434016010050
001171119072440016000073
001171119072446016010106
001171119072450016010073
001171119072457016010080
001171119072549016010024
009171119072554016010129
001171119072554016010084
001171119072601016010045
001171119072636016010110
001171119072716016010071
001171119072731016010120
002171119072734019060084
002171119072754016010106
001171119072757016010082
002171119072904019020083
002171119072910019050195
001171119072927016010124
001171119072941018010067
002171119073011019010087
002171119073025019060113
002171119073030019060003
002171119073035019020401
002171119073045019110027
002171119073046014030055
001171119073059016010121
006171119073059011000359
001171119073119019010128
009171119073122013020543
003171119073129012060433
003171119073135014010606
003171119073138012030402
009171119073150012120489
001171119073151016010127
003171119073157012040466
009171119073206013020255
002171119073224014030374
006171119073228013020067
002171119073230019060115
003171119073244013010771
003171119073247013010768
003171119073315012040293
002171119073321015030444
002171119073324015030444
006171119073520019100067
002171119073521019100032
006171119073523019100067
001171119073530015010737
002171119073552012130297
009171119073608013020849
006171119073610011000491
002171119073613019020399
002171119073621019010116
002171119073642015030476
002171119073643019020231
002171119073645015030473
004171119073701012180299
002171119073708019050188
006171119073712014030174
002171119073713019110006
002171119073721019030047
006171119073722019100067
006171119073725019100067
002171119073731012130165
006171119073732011000675
002171119073738013030466
001171119073750012060372
004171119073750012130312
003171119073756013010672
002171119073758019100046
003171119073800012030349
004171119073810013030625
009171119073811012090422
003171119073815012030335
002171119073821019020400
002171119073849019020263
004171119073850013030624
009171119073850012070437
009171119073853012070437
006171119073854012010019
002171119073904012150203
009171119073909013020844
002171119073910019050112
004171119073913012150203
006171119073928012120199
002171119073929012180252
006171119073933011000573
002171119073935015030428
002171119073937019030048
002171119074000019100039
001171119074005014010584
002171119074014019050216
001171119074015013010479
006171119074025015090621
003171119074027012060396
006171119074028015090621
002171119074041015030455
004171119074047012180046
004171119074056012140167
009171119074109012110437
002171119074112019020286
002171119074115019020061
003171119074117014010565
009171119074118013020692
001171119074127012040438
009171119074127015020683
003171119074129013010677
002171119074133019030045
001171119074136013010802
009171119074148012100311
009171119074151012100429
001171119074156016010123
004171119074205012170178
006171119074211011000343
001171119074213012030333
002171119074218019060103
002171119074228019050094
002171119074233019020230
003171119074233013010365
002171119074235013030592
002171119074236019050239
003171119074237013010270
009171119074242013020532
004171119074245015030465
009171119074247015020671
002171119074258019020340
009171119074301012110489
004171119074301012160136
002171119074302019050237
009171119074302012110489
002171119074307014030489
009171119074312012070187
002171119074320019050128
003171119074332012030276
002171119074338019020392
006171119074338012070006
002171119074340019050164
009171119074342012080467
002171119074345019050084
008171119074347013020780
002171119074351019040024
002171119074352013030509
001171119074352012060397
004171119074355012180284
002171119074356014030421
006171119074359011000445
004171119074402012150098
006171119074405011000165
004171119074408012180251
006171119074408011000165
009171119074412015020640
002171119074416014030239
006171119074416011000722
009171119074418015020638
002171119074420014030226
001171119074429015010632
003171119074432013010550
001171119074432015010797
001171119074436019020282
003171119074439012060426
009171119074440015020668
004171119074442012170279
002171119074443012130250
003171119074444013010651
009171119074445013020851
002171119074447019050246
003171119074449015010801
009171119074449013020864
006171119074452013010009
004171119074453012150190
009171119074453015020658
002171119074454019020374
008171119074458012120478
008171119074500014020404
006171119074501015090611
008171119074502013020861
008171119074505013020438
001171119074507015010758
008171119074508012100445
004171119074510014030334
008171119074510012070435
006171119074512011000473
008171119074513012090393
008171119074515012100403
003171119074517013010808
004171119074519012170292
008171119074522013020755
001171119074524012010011
002171119074525013030638
008171119074525012070010
001171119074526014010201
004171119074529013030382
004171119074533012140466
002171119074537015030455
002171119074538019020180
003171119074540012040476
008171119074540012080380
001171119074543013010755
003171119074548013010726
003171119074551012040442
006171119074551015090608
001171119074552013010751
003171119074554015010798
006171119074554015090608
001171119074555013010700
006171119074559011000717
008171119074606015020679
004171119074608015030463
008171119074609012090248
002171119074612019070014
004171119074612013030565
008171119074614013020821
008171119074616015020635
002171119074617019020394
003171119074617012050254
004171119074618012180171
008171119074620012080463
006171119074624011000699
009171119074627012070427
002171119074630019050244
008171119074632014020630
009171119074632019020387
002171119074633019020383
002171119074637019030049
002171119074640019060107
002171119074642013030627
008171119074642012070429
004171119074643014030342
006171119074643015090579
001171119074644013010446
008171119074645012110151
001171119074646016000012
001171119074650012020345
002171119074651019020065
001171119074652012030350
004171119074655012160163
006171119074655011000595
002171119074657019020318
006171119074658016010086
003171119074659012060414
003171119074701012060359
006171119074701015090627
006171119074704011000710
003171119074705013010426
002171119074706019020313
004171119074707012140462
003171119074708013010505
006171119074709011000078
004171119074710013030482
003171119074711013010007
004171119074712013030448
006171119074712011000388
009171119074712013020818
006171119074715011000388
003171119074716012060007
009171119074716012110482
003171119074719012020121
009171119074719013020881
009171119074722013020881
008171119074723012080375
003171119074724012010309
009171119074726012110377
001171119074727015020500
002171119074727015030434
003171119074727012050364
006171119074729011000595
009171119074730015020675
004171119074730014030478
001171119074731015010129
003171119074731012040192
002171119074731019040035
006171119074733011000388
009171119074734013020703
004171119074734013030507
002171119074734019100028
008171119074734013020850
001171119074735012010419
008171119074737013020606
006171119074737011000388
006171119074740011000388
004171119074740013030516
003171119074742012030036
004171119074742012150135
002171119074743019040028
009171119074744012120494
003171119074745013010794
004171119074746012150312
003171119074747012030387
004171119074748012150283
008171119074749012080189
003171119074750013010321
006171119074750011000498
009171119074751012070148
008171119074752013020812
004171119074752013030545
002171119074753019100002
009171119074753012080431
001171119074754015010001
003171119074755013010800
006171119074755013010014
008171119074757013020761
003171119074759012060384
006171119074759011000730
002171119074800019050242
006171119074803013010001
004171119074805013030246
002171119074807019100008
008171119074807013020562
001171119074808016000152
004171119074809012140457
003171119074811012050313
001171119074812012010361
008171119074813012100006
001171119074813016000062
003171119074814012040373
004171119074814013030443
001171119074817012060095
001171119074819012050213
003171119074820012010364
006171119074820012110223
001171119074823012030404
001171119074823013020180
002171119074824019100070
002171119074824015030469
008171119074824012110367
002171119074826012130339
008171119074827012120496
008171119074829015020029
004171119074830015030343
003171119074831012040447
006171119074831012080131
008171119074831015020502
001171119074832013010006
008171119074833013020873
009171119074835012100444
004171119074835012180276
001171119074836014010558
008171119074836012070384
004171119074837013030498
008171119074839013020766
003171119074840013010693
004171119074840012170144
002171119074841019060102
008171119074841014020501
003171119074843012030403
009171119074843012120488
008171119074844012110474
004171119074844014030426
003171119074846013010199
002171119074846012180157
004171119074847012170257
009171119074848012120484
008171119074848013020387
004171119074849013030629
002171119074850015030466
004171119074852012130341
008171119074852013020858
009171119074854012070193
008171119074855012070441
004171119074855012160282
008171119074858012100134
004171119074858012150310
002171119074900012140474
003171119074900012050363
008171119074900012100411
006171119074903011000687
002171119074904012130343
001171119074905012020228
001171119074907012020366
002171119074908019100072
008171119074910013020823
002171119074912019100063
004171119074912012160256
009171119074912013020778
003171119074915012020390
002171119074915012150315
004171119074915012170073
001171119074916014010563
002171119074917019050183
004171119074918012170253
008171119074918012110297
006171119074919012160021
001171119074920014010357
008171119074921013020685
004171119074921013030508
001171119074924013010712
004171119074925013030075
009171119074926012070407
008171119074927012090400
003171119074928014010003
004171119074928013030644
009171119074928012080430
003171119074930015010704
002171119074930019050217
004171119074930013030504
001171119074933013010035
009171119074934012080343
003171119074934015010678
002171119074934019020353
008171119074936012080304
003171119074937013010577
002171119074937019050228
006171119074938015090580
008171119074939013020824
004171119074939012160271
003171119074940012040376
003171119074942012040337
002171119074942012140389
004171119074942012150203
006171119074942011000694
008171119074942012090267
001171119074945012020324
006171119074945011000051
004171119074945012150273
002171119074947012150314
001171119074947012020269
009171119074947013020882
002171119074949012130333
002171119074949019050243
006171119074949019100008
004171119074950013030356
006171119074952011000258
002171119074954012130333
006171119074955011000729
003171119074955012040452
001171119074956014010570
002171119074956019020103
008171119074957012120412
003171119074958013010772
001171119074959015010692
006171119074959012040209
004171119074959013030386
003171119075001015010780
002171119075001012160306
001171119075004013010549
003171119075005012060434
001171119075007012010341
008171119075007013020574
006171119075007011000704
001171119075009012060005
001171119075011012010410
003171119075011012010375
008171119075011012110427
004171119075013012150274
009171119075013012070428
006171119075013011000041
008171119075014012070445
006171119075016011000713
001171119075017012050331
009171119075017012090235
004171119075018012170218
002171119075019014030366
009171119075020012090351
001171119075020015010763
003171119075021012020348
002171119075021019010132
001171119075021012040444
004171119075021012140422
008171119075021015020657
006171119075022011000713
009171119075022012080464
001171119075023012010340
003171119075024015010751
008171119075024015020545
006171119075025014010053
004171119075025012150249
008171119075028012090344
004171119075028013030339
002171119075030019050230
003171119075030013010601
004171119075030014030459
006171119075031014010241
001171119075031018010054
003171119075033013010347
004171119075034012150091
008171119075034013020723
003171119075035013010770
008171119075037015020646
003171119075037013010541
006171119075038011000262
004171119075038012140435
002171119075040019020186
006171119075041012170053
003171119075041012060374
001171119075042012010409
006171119075045012020002
004171119075045012170193
008171119075045012090404
006171119075046011000651
008171119075048014020594
003171119075049013010785
001171119075049015010693
004171119075049012140388
008171119075050014020622
003171119075051012060378
002171119075052014030482
001171119075052018010047
002171119075053019020221
003171119075053012060364
008171119075053012070414
006171119075053015090620
003171119075054012030266
008171119075056012080456
006171119075056011000388
003171119075057012040406
008171119075059012080350
004171119075059012160088
006171119075059011000388
009171119075100013020841
001171119075101014010548
004171119075102012150196
001171119075103015020469
006171119075103015090568
009171119075103015020535
004171119075103012140443
009171119075104015020535
008171119075104012100405
001171119075105013030157
002171119075106012180305
009171119075106012100257
008171119075107014020486
009171119075108012120487
004171119075108012150241
003171119075110012030405
006171119075110011000727
009171119075110012120490
002171119075111014030159
001171119075112018010072
004171119075112012130295
009171119075113012100424
003171119075113013010560
008171119075114012080452
002171119075115019020079
004171119075115012170195
002171119075116012180273
008171119075116012100257
009171119075116013020188
003171119075116012040453
001171119075118012050344
003171119075118013010733
006171119075118012020037
004171119075118012150271
001171119075119012050308
009171119075119012100379
002171119075121019020363
001171119075121012030397
003171119075121013010759
004171119075121012130214
008171119075122015020531
009171119075122012080267
002171119075123014030400
001171119075124012050343
004171119075124015030246
003171119075125013010799
008171119075125012110484
004171119075126015030356
002171119075126019040001
003171119075127014010616
001171119075128015010787
006171119075128011000670
004171119075128012170258
008171119075130012080345
002171119075130013030349
003171119075131013010522
004171119075131013030641
009171119075132012110373
001171119075132014010316
006171119075133012020288
004171119075133013030609
001171119075133014010526
001171119075134015100557
003171119075134012030399
009171119075134012120143
008171119075134012120461
004171119075135012160285
001171119075136015010753
009171119075136013020808
003171119075137012030303
008171119075137012110410
006171119075137012110164
004171119075138012170146
006171119075138011000388
009171119075139013020797
003171119075140013010624
001171119075141012040472
004171119075141013030398
009171119075142015020681
006171119075142011000231
008171119075142014020625
003171119075143013010788
009171119075144012110454
002171119075145019020127
003171119075145012010247
006171119075145011000388
008171119075145013020681
001171119075146014010033
003171119075147013010575
008171119075148012100436
006171119075148015090632
003171119075149013010413
002171119075149019110002
008171119075150012100334
003171119075151012060410
001171119075151015010788
006171119075151011000203
008171119075152012090256
002171119075152019050214
006171119075152011000731
002171119075153015030474
003171119075153012020344
009171119075153013020831
001171119075155013010734
003171119075155013010520
008171119075155012100423
002171119075156012130316
003171119075157013010740
009171119075157012110483
002171119075159014030458
009171119075159015020654
003171119075200012020404
006171119075201015090618
008171119075202012080225
009171119075202012090375
003171119075203013010598
001171119075204012050367
003171119075204012060427
004171119075204013030325
009171119075205012100449
006171119075205013030188
003171119075206012050311
009171119075206012080266
008171119075206012100425
002171119075207015030436
002171119075207019020390
001171119075208014010600
006171119075209011000086
003171119075210013010735
009171119075210014020592
008171119075210012100322
002171119075211012160291
003171119075212013010654
006171119075212013020240
002171119075212019020393
009171119075213012080448
008171119075213012110466
003171119075215012040469
006171119075215011000065
001171119075215018010066
004171119075215012140472
009171119075216012070344
008171119075216013020879
002171119075216019020124
003171119075217013010777
001171119075218014010157
004171119075218012170268
006171119075219011000706
001171119075219018010071
001171119075220014010598
003171119075220013010724
003171119075221012040453
004171119075221013030546
002171119075221019050241
002171119075222012170231
006171119075222011000724
001171119075225014010440
003171119075226012060360
001171119075226015030454
006171119075226019100066
008171119075226012120256
002171119075227012140419
002171119075227019100044
004171119075229012170194
002171119075230013030648
008171119075230012120474
009171119075230012090348
001171119075231012040458
003171119075231012010393
003171119075234013010580
008171119075234012110400
004171119075235013030506
006171119075235012020340
009171119075235012070264
001171119075236012050309
003171119075236013010662
009171119075237012080462
003171119075238013010781
001171119075239012010277
008171119075240012100318
009171119075240012120415
002171119075241012160259
002171119075241019010119
006171119075241015090617
004171119075242013030606
002171119075243012180249
006171119075244012010292
002171119075245019100061
001171119075245015100561
003171119075245012010389
008171119075246012110421
003171119075246013010776
006171119075246012130223
004171119075246012150304
002171119075248014030465
008171119075248013020515
009171119075249015020678
006171119075249013020397
004171119075249012160134
001171119075250012020285
002171119075250015030410
001171119075251014010477
004171119075251014030305
006171119075252011000678
008171119075252012100284
003171119075253012010162
002171119075253019050225
004171119075254014030393
002171119075254013030642
009171119075254012070331
003171119075255013010763
006171119075255012160114
008171119075255012080419
002171119075257012180275
002171119075257019010108
008171119075257012070438
004171119075257012180272
003171119075258012030400
009171119075258012090379
003171119075259012060400
002171119075259014030480
008171119075300012080466
003171119075301012030304
002171119075301019020368
004171119075301012130322
006171119075302011000601
004171119075302012180262
002171119075303012180253
006171119075303013030003
008171119075303013020542
001171119075304013010798
004171119075304014030077
003171119075304012020008
001171119075305015100546
008171119075306013020753
002171119075306015030337
003171119075306012050315
006171119075307011000686
004171119075307012180185
009171119075308012100400
002171119075309014030399
003171119075309014010605
001171119075309016000154
001171119075310012040461
001171119075310016000154
004171119075310012140434
006171119075310011000718
003171119075312013010732
001171119075312012040462
006171119075312011000276
001171119075312016000154
004171119075312014030454
008171119075312012110487
004171119075313013030573
003171119075314012040437
004171119075315013030084
008171119075316012080396
009171119075317012090017
004171119075317012140452
003171119075317012050366
006171119075318013020068
004171119075320012130242
003171119075320012020392
009171119075321012080123
006171119075322011000726
001171119075322015010796
004171119075322012140469
003171119075323012050356
008171119075323012080457
009171119075324012110143
003171119075325013010714
001171119075325012010376
004171119075325015030445
006171119075326011000723
009171119075326012100439
008171119075326012100323
001171119075328014010377
003171119075328012010329
004171119075328013030562
009171119075328015020644
008171119075329012110414
001171119075330012010355
003171119075330013010746
002171119075330019020377
001171119075331012040403
006171119075331012080163
002171119075332012170264
009171119075332012100432
003171119075332012050195
001171119075332018010059
002171119075333019010131
001171119075333015010785
008171119075333012070244
009171119075334012090341
001171119075334014010571
006171119075334011000574
001171119075335018010059
004171119075335014030440
003171119075336013010758
001171119075336014010573
009171119075336015020660
002171119075336019060108
008171119075336013020789
003171119075337013010787
001171119075338014010596
006171119075338011000700
008171119075338015020680
009171119075339014020598
001171119075340015010793
003171119075340012020396
006171119075341011000715
004171119075341012140154
008171119075341015020386
002171119075342012170305
004171119075342015020655
003171119075342015010610
002171119075343019060120
001171119075343012010377
003171119075344012050028
006171119075344011000715
008171119075344013020749
001171119075345012030242
002171119075346015030388
004171119075346012150128
002171119075346019020323
003171119075347012030386
002171119075347015030426
008171119075347012070443
003171119075348012040465
004171119075349015030368
008171119075349012090383
001171119075351014010612
003171119075351012010010
004171119075351013030622
006171119075351012050129
002171119075352019050091
008171119075353012110455
009171119075353012100416
004171119075353013030199
002171119075354016000123
003171119075354013010529
001171119075355012040354
008171119075355015020677
003171119075356012050345
004171119075356013030535
001171119075357012020385
001171119075357016000101
004171119075357012150293
006171119075358011000440
002171119075358012140445
008171119075358012110461
003171119075359012050368
004171119075400012130059
001171119075400016000101
009171119075400012120476
002171119075401012170019
001171119075401013010021
008171119075401012100312
003171119075402013010806
004171119075402012150100
001171119075402012050347
004171119075404012180278
001171119075405014010580
003171119075405012020403
002171119075405019050029
001171119075406014010614
003171119075406012030261
006171119075406013010392
001171119075407012020306
001171119075408014010502
004171119075408013030240
003171119075409012010413
004171119075409014030423
009171119075409012110375
002171119075410012130327
003171119075411012030366
001171119075411013010023
008171119075411012080135
004171119075412012150307
001171119075413012030352
003171119075413012030256
008171119075414013020767
002171119075414012170271
006171119075414011000639
001171119075415012020383
001171119075416012060405
002171119075416012160308
003171119075416015010716
009171119075416012120479
008171119075417012120493
004171119075417013030590
001171119075418012020111
009171119075418012120479
003171119075419012040473
004171119075419015030443
003171119075420012060421
001171119075421013010604
002171119075421012130305
004171119075422013030571
003171119075423012040382
006171119075423011000714
002171119075424019040009
001171119075425012010170
009171119075425012070449
003171119075426012020402
002171119075428012180271
003171119075428012040478
009171119075429013020880
006171119075429012110087
008171119075429012080459
001171119075431015010669
002171119075431012160300
003171119075431015010794
001171119075431016000168
008171119075431012100418
009171119075431013020868
006171119075432011000568
004171119075433012180277
003171119075433012030355
001171119075433016000168
009171119075434013020832
003171119075435013010795
001171119075435015010804
004171119075435014030490
006171119075435012080114
008171119075435012090394
009171119075436012070448
002171119075436019110050
004171119075437012140088
001171119075438012060369
003171119075438012040353
002171119075438014030453
008171119075438012080468
006171119075438011000564
004171119075439012140149
002171119075439019050184
001171119075440015010683
001171119075440018010048
009171119075440012100288
003171119075441013010515
009171119075441012070417
006171119075441011000677
008171119075441015020568
003171119075442015010687
001171119075442014010492
004171119075443012130075
001171119075444013010176
002171119075444019050170
006171119075444012130286
008171119075444012080220
009171119075444013020504
003171119075445012050266
004171119075445013030551
003171119075446012040222
001171119075446016000025
008171119075446013020836
001171119075447013010747
009171119075447013020862
006171119075447011000643
004171119075448015030371
009171119075448012120354
001171119075448016000025
008171119075448014020589
006171119075449011000517
002171119075449019050026
001171119075450012060353
009171119075450012070321
004171119075450012150198
008171119075450014020623
001171119075451012020352
008171119075452012090302
003171119075452012050123
006171119075453012040300
001171119075453012040405
003171119075454013010791
008171119075455014020606
003171119075456014010208
009171119075456015020684
006171119075456011000594
009171119075457012090406
003171119075459012050310
002171119075459012150226
002171119075459019060095
006171119075500014020288
009171119075500012080458
004171119075500014030430
002171119075501013030630
001171119075501014010424
001171119075501013030071
008171119075501013020701
003171119075502012060420
009171119075502012110178
001171119075503014010264
006171119075503012020137
004171119075503012130290
001171119075504014010599
009171119075504012090423
006171119075505011000586
008171119075505012100364
003171119075505012010387
002171119075505019020212
009171119075506012100434
004171119075506013030636
003171119075507013010567
001171119075507015010473
006171119075508012180106
008171119075508013020721
009171119075509012120477
001171119075509019050245
002171119075510012130288
003171119075510012050365
006171119075510011000120
002171119075510019050193
001171119075511015030112
009171119075511012110488
001171119075512014010432
003171119075512012030372
008171119075512012090417
006171119075512015090616
002171119075513012170266
001171119075513014010617
009171119075513012120414
003171119075514012030344
004171119075514013030576
008171119075514012070426
001171119075515012050179
002171119075515014030424
006171119075515011000732
009171119075515012100169
003171119075516014010575
001171119075517012010005
008171119075517013020877
002171119075517019020326
003171119075518013010793
002171119075518012140235
002171119075518019020326
006171119075518011000525
009171119075518012090377
001171119075519014010068
002171119075519012170277
006171119075520011000598
008171119075520013020877
009171119075520012110424
004171119075520015030475
002171119075521014030456
009171119075522012110409
001171119075522014010592
004171119075522012170127
006171119075522011000283
002171119075523012140475
009171119075523012110406
001171119075524012060407
008171119075524012100223
003171119075525012060363
006171119075525012130049
004171119075525014030425
002171119075526014030404
008171119075526012110446
003171119075527013010739
001171119075527012030356
004171119075527015030389
006171119075527012130091
001171119075529012020380
002171119075529012150309
004171119075529014030438
003171119075530013010682
008171119075531014020627
009171119075531012100347
001171119075531013010804
002171119075531012140458
002171119075532019060001
004171119075532013030458
001171119075533012060253
006171119075533011000566
002171119075533016000144
003171119075533012030342
001171119075533015100560
004171119075533013030603
001171119075534012060416
002171119075535012160215
003171119075536012050369
001171119075536012060349
006171119075536011000627
004171119075536012060309
003171119075537013010727
002171119075537012130263
002171119075537019110048
004171119075538012170287
006171119075538011000490
001171119075539012060383
009171119075539012070444
001171119075540014010011
008171119075540013020673
006171119075541011000728
002171119075541019060033
001171119075542018010070
003171119075542013010807
002171119075542015030376
004171119075542012170290
008171119075542013020673
001171119075543012020333
009171119075544015020667
006171119075544011000663
003171119075545013010646
001171119075545013010797
004171119075545012150287
002171119075546019020335
003171119075547013010244
009171119075547014020504
001171119075548012040464
002171119075548014030488
004171119075548012180158
008171119075548012070382
001171119075549014010615
003171119075549013010606
009171119075549015020672
006171119075549012060241
001171119075551012040425
006171119075551012170077
008171119075551012080413
004171119075551012170228
002171119075552015030431
003171119075552012040470
002171119075552019030042
009171119075553014020608
002171119075554015030458
002171119075554019030042
008171119075554012100329
004171119075554012140086
001171119075554015010738
006171119075554011000707
003171119075556014010603
002171119075556019050220
004171119075556013030617
002171119075557014030289
004171119075557012130210
008171119075557012090401
006171119075557015090631
001171119075558014010510
003171119075558012050303
003171119075559012050351
002171119075559019060114
004171119075559012150294
009171119075559015020577
008171119075559013020835
001171119075600012010415
001171119075600012020322
006171119075600011000681
008171119075601012100327
004171119075601012130336
002171119075602013030484
001171119075602012020325
009171119075602012090291
003171119075603012030390
004171119075603012140421
001171119075604015010615
008171119075604012090350
006171119075604011000725
002171119075604019050148
002171119075605015030244
003171119075605012040467
001171119075605015010682
004171119075606012160310
002171119075606019020211
008171119075606012070387
001171119075607015010784
004171119075607012150270
003171119075607015010761
006171119075608019100071
008171119075608012100398
009171119075609013020810
003171119075610013010625
001171119075610012030381
002171119075610019110037
004171119075610015030467
008171119075611012090333
003171119075612012020393
001171119075612012040410
009171119075612013020820
008171119075612012090333
001171119075613014010493
004171119075613013030379
002171119075614013030618
003171119075614012020398
008171119075614012080242
004171119075614012140444
001171119075615015010789
009171119075615012100447
002171119075615019100065
006171119075615014030056
002171119075616015030262
008171119075617012090413
001171119075617014010457
004171119075617013030496
002171119075618019070038
006171119075618011000719
002171119075618012150108
003171119075618014010436
009171119075618015020618
008171119075618012090413
003171119075619012020400
004171119075619012180307
002171119075620013030548
003171119075620012010420
008171119075620012120242
001171119075621014010452
002171119075622013030631
002171119075622019100018
004171119075622012160075
003171119075623012050009
001171119075623013010743
006171119075623012020013
008171119075623014020511
002171119075624012150102
003171119075625013010695
001171119075625013010213
006171119075625013020412
002171119075625019030025
004171119075625015030395
002171119075626012140449
004171119075626012160280
003171119075626012060229
008171119075626014020120
001171119075627015100543
001171119075627015010802
009171119075628012100419
002171119075628014030290
004171119075628014030267
002171119075629012150278
001171119075629015010781
003171119075629013010454
006171119075629011000410
002171119075630019050126
008171119075630012090335
004171119075630012150170
002171119075631012140148
003171119075631012060166
006171119075631012020162
009171119075631012070236
001171119075632014010538
004171119075632014030471
008171119075632014020626
003171119075633014010338
009171119075633012120395
002171119075633015030187
006171119075633011000720
001171119075633014010578
004171119075633013030264
002171119075634019100068
008171119075634012110354
009171119075635012070197
001171119075635014010332
006171119075636011000654
003171119075636013010737
002171119075636014030031
004171119075636012130342
008171119075637012120434
009171119075637013020819
003171119075638014010607
002171119075638014030471
001171119075638019030038
001171119075639012040433
004171119075639012180212
006171119075639012090150
008171119075639013020610
001171119075640013010059
009171119075640012100252
003171119075641012040397
002171119075642013030563
001171119075642014010460
009171119075642012120440
006171119075642013020428
004171119075642012160287
008171119075642013020468
002171119075643019110040
003171119075643013010542
004171119075643012170265
008171119075644012120368
004171119075645012180258
001171119075645014010411
002171119075645015030247
006171119075645012140043
009171119075645012120481
003171119075645012060356
003171119075646012040454
001171119075646012030368
008171119075647012070440
002171119075648019060119
003171119075648015010717
002171119075648012130338
006171119075648011000690
004171119075648013030372
003171119075649012020286
004171119075649012130282
008171119075650012100047
002171119075651019100052
006171119075651011000026
009171119075651012090418
004171119075651012150268
003171119075652013010653
008171119075653012090330
004171119075653013030440
009171119075654012080453
006171119075654011000001
003171119075654012060379
001171119075654012040346
004171119075655013030469
009171119075656012080383
001171119075656012040426
006171119075656012130120
001171119075658014010569
003171119075658015010792
002171119075659015030477
004171119075659012150073
008171119075659012100446
006171119075659011000422
001171119075701012030361
004171119075701015030438
006171119075701013020581
008171119075701013020769
003171119075702012040367
001171119075702016000008
001171119075703013010762
003171119075703012050350
009171119075703012080461
004171119075703012180296
006171119075704013010015
004171119075704012140363
002171119075705014030369
001171119075705015010800
003171119075705012050307
001171119075705016000164
002171119075706012170307
003171119075706015010668
009171119075706015020013
004171119075706012170207
002171119075707019020379
006171119075707012010190
008171119075707012070410
001171119075708016000164
003171119075708012040477
004171119075708012150319
006171119075709013020241
002171119075709015030459
002171119075709019020379
001171119075709016000164
008171119075709013020878
003171119075710012020391
004171119075710012130271
008171119075711013020572
002171119075711012140442
009171119075711015020639
006171119075711013010151
002171119075712019050240
003171119075713012030327
009171119075713012100381
004171119075713012130205
003171119075714015010550
002171119075714013030639
002171119075714019110043
008171119075714012100431
002171119075715012150201
001171119075715012050321
006171119075715011000398
006171119075716011000555
004171119075716012130345
009171119075716015010696
001171119075717014010535
003171119075717012040414
008171119075718012100430
002171119075718019110046
003171119075718015010721
004171119075718012170056
009171119075718012090368
001171119075719012010421
006171119075719013020154
003171119075720012020389
009171119075720013020599
001171119075720015010752
002171119075721019020382
006171119075721012130116
004171119075721012140456
001171119075722012040446
009171119075722013020763
003171119075723013010650
001171119075723014010593
002171119075724014030279
009171119075724013020586
006171119075724013030176
003171119075725013010730
001171119075725012040450
004171119075725012180220
001171119075726018010069
003171119075727012060432
002171119075727013030541
006171119075727013020409
009171119075727013020840
009171119075729012090416
003171119075729015020410
004171119075729013030550
001171119075729018010065
006171119075730011000712
004171119075731014030331
001171119075732012010403
002171119075732019020007
003171119075732012030377
006171119075732015020540
009171119075732012090380
003171119075733012040459
004171119075733013030456
003171119075735012010400
002171119075735014030388
006171119075735011000277
009171119075735012080078
001171119075736012050217
003171119075737012020381
009171119075737012080297
001171119075738014010609
002171119075738012160279
001171119075738016000166
009171119075739012080284
006171119075739011000534
003171119075740013010710
002171119075740019020372
004171119075741013030119
001171119075741015100559
002171119075742014030485
003171119075742012010422
004171119075742013030066
001171119075743014010564
003171119075744014010604
001171119075744016000163
003171119075746012030389
002171119075746019020260
001171119075746014010103
002171119075747012140453
004171119075747013030619
003171119075748012050225
002171119075749019110029
006171119075750012050222
001171119075750012030353
004171119075750013030523
002171119075751014030250
003171119075751015010769
001171119075751012050360
002171119075752019020301
009171119075752014020331
004171119075752013030348
002171119075753014030486
003171119075753012010414
001171119075753016000126
002171119075754019020373
001171119075754016000126
003171119075754012060428
001171119075754014010613
006171119075754012130102
009171119075754012110416
004171119075755014030368
004171119075757012150171
003171119075757012020332
002171119075758019020327
006171119075758012120196
009171119075759012120491
003171119075800012060423
004171119075800012180206
002171119075801014030325
006171119075801011000408
009171119075801013020848
001171119075802014010250
001171119075802019030043
004171119075802012130319
009171119075802013020738
003171119075803012030230
006171119075804011000169
009171119075804012120448
003171119075805012080007
001171119075805015010731
004171119075805012150255
001171119075805013020226
004171119075806012130264
009171119075807012110412
002171119075807019020275
001171119075807019110051
003171119075807012040443
009171119075808013020825
006171119075808013010215
004171119075808012140424
008171119075809012100358
001171119075810012060259
009171119075810013020866
001171119075810014010494
002171119075810013030647
002171119075811019050171
003171119075811012050204
004171119075811012160243
001171119075812012060415
008171119075812012110442
002171119075813012150305
003171119075813012020300
001171119075814012050358
004171119075814013030538
006171119075814011000668
002171119075815019010072
001171119075815012050224
003171119075815012030351
008171119075815012120485
009171119075815012080358
002171119075816014030476
008171119075817012100380
004171119075817014030390
003171119075818015010783
001171119075818015010774
002171119075818014030450
008171119075818012110404
001171119075819014010267
006171119075819013020274
004171119075819013030425
001171119075819016000157
002171119075820014030418
002171119075821019030022
003171119075821013010473
001171119075821015010017
009171119075821013020866
008171119075821014020607
004171119075821015030460
006171119075822011000408
001171119075823016000139
002171119075823012130279
003171119075823012030300
004171119075823012140426
008171119075823013020536
006171119075824014030109
002171119075825012160292
004171119075825012140446
003171119075825013010460
008171119075825012100442
001171119075826016000003
002171119075827012130254
003171119075827012030396
008171119075827012100442
001171119075828015010790
002171119075828019050196
004171119075828013030187
008171119075828012070404
002171119075829014030088
001171119075829016000003
008171119075829012070404
009171119075829013020866
004171119075830012130280
001171119075832013010805
002171119075832019040016
004171119075832013030346
008171119075833015020580
006171119075833011000640
003171119075833013010190
001171119075834014010597
002171119075834014030365
008171119075834012120377
002171119075835012140425
003171119075835012060388
004171119075835012170054
001171119075836014010587
008171119075836013020795
006171119075837014030087
009171119075837012080408
002171119075838014030336
004171119075838014030437
003171119075838012020086
008171119075839015020580
001171119075840012030010
006171119075840012090035
004171119075840012180144
008171119075840012090408
002171119075841012130340
008171119075841013020781
002171119075842019060076
004171119075842012130298
001171119075843014010066
008171119075843012080469
006171119075844015020563
009171119075844012110438
004171119075845012150260
004171119075846015030306
006171119075847011000691
008171119075847013020793
002171119075848015030362
006171119075848012060015
004171119075849013030441
003171119075849012050341
002171119075850014030484
004171119075850013030412
002171119075851014030487
001171119075852012050183
006171119075852011000581
002171119075852019050205
004171119075852012160143
004171119075853012140461
001171119075853012010408
006171119075855011000648
002171119075855015020598
001171119075855014010444
004171119075855012140460
009171119075855012090041
004171119075856013030607
003171119075856012060221
002171119075857019020150
001171119075857012040471
009171119075857012110438
001171119075857015100551
002171119075858015030461
004171119075858013030479
006171119075858012120124
009171119075858012110438
009171119075900012120421
003171119075900012050354
003171119075901012010372
004171119075901014030160
006171119075901015090628
009171119075901012120421
002171119075902015030279
006171119075903011000666
002171119075904019010134
003171119075904012010327
004171119075904012160296
001171119075906012050357
003171119075907012030328
004171119075907013030634
006171119075908014020055
004171119075908012140465
003171119075910012040445
002171119075911012160296
002171119075911019040023
004171119075911014030021
003171119075912015010690
006171119075912012010201
004171119075913015030451
002171119075914015030386
003171119075915014010539
006171119075915012060389
004171119075916012130344
009171119075916012110438
001171119075917015010786
006171119075918011000439
002171119075918012160307
004171119075918012140470
009171119075919012070442
002171119075920019050213
009171119075920012120447
006171119075920015020199
009171119075921012070415
003171119075922013010284
004171119075922012140471
006171119075922015030168
002171119075923019050212
009171119075923012120497
004171119075924012130278
002171119075925019040032
009171119075925012120497
006171119075925015090629
002171119075926012180308
004171119075926013030558
009171119075927012110481
003171119075927012050359
009171119075928012110481
006171119075928013010296
002171119075928012150290
004171119075928012180304
009171119075929012100443
002171119075929015030383
002171119075929019050234
004171119075929012170219
009171119075930012100443
003171119075930012020399
002171119075931012140374
002171119075931019030032
006171119075931012020279
004171119075931012160298
003171119075931012050238
004171119075932012170286
002171119075933012150250
003171119075933012050334
004171119075933012180266
009171119075933012120447
009171119075934012120447
002171119075935013030605
009171119075935012110481
004171119075936014030470
003171119075937013010259
002171119075938019040034
002171119075938013030596
003171119075938012030194
004171119075938012180260
006171119075939011000656
009171119075939012080017
002171119075940013030587
002171119075940019020149
001171119075940016000058
003171119075941012030317
004171119075941012140429
002171119075942019050223
002171119075943014030072
006171119075943012050085
004171119075943012180260
003171119075943012050210
001171119075944012010385
004171119075944013030633
002171119075945015030424
009171119075945012110160
002171119075946019050152
003171119075946012060365
004171119075946012150297
002171119075947012160253
003171119075948012040429
006171119075948012020010
002171119075949015030442
004171119075950012170304
002171119075950014030387
002171119075950019110033
009171119075951015020623
004171119075951012160149
006171119075951011000682
003171119075951013010774
002171119075952012170298
009171119075952015020623
006171119075952011000263
001171119075953013010331
002171119075953019050224
003171119075953012030401
002171119075954013030518
004171119075954012170020
009171119075954013020869
009171119075955012110481
001171119075956012060368
002171119075956012140405
003171119075956012020368
004171119075956013030024
004171119075957012180290
009171119075957012110476
001171119075958012050279
009171119075958013020833
006171119075958011000600
006171119075959011000263
002171119075959014030444
003171119075959012010237
004171119080000012160236
002171119080002012180297
003171119080002014010525
003171119080003012010401
004171119080003012170217
002171119080004012170303
006171119080004012010028
004171119080005012150069
002171119080006012130302
001171119080006013010688
002171119080007019050222
009171119080007012070308
006171119080007012010254
004171119080007015030441
009171119080009012070357
002171119080009015030471
004171119080009015030437
009171119080010012070357
001171119080010018010008
003171119080010013010702
006171119080010011000674
001171119080011013010011
004171119080011013030577
002171119080012014030466
002171119080013019080001
003171119080013014020020
009171119080014012110467
004171119080014012130320
001171119080014012040131
001171119080015012040420
009171119080015012090412
002171119080016019020273
009171119080016012100394
003171119080016015010791
001171119080017015010596
004171119080017012130285
002171119080018012180261
009171119080018012120402
004171119080019012180268
009171119080019012100394
003171119080019012040273
002171119080020012160228
009171119080021012110353
001171119080021014010536
002171119080022012130326
009171119080022012110467
004171119080023012140337
009171119080024012120402
002171119080025012130330
001171119080025012040475
009171119080025012090220
002171119080026019110049
009171119080026014020618
006171119080026012020274
004171119080026012160315
001171119080027012040338
002171119080028015030470
001171119080028013010783
004171119080028012130335
006171119080028012050057
001171119080029012020021
009171119080029012090220
004171119080030013030460
009171119080031012070357
001171119080031014010608
004171119080032012170291
009171119080032012070447
002171119080033012160230
009171119080034014020618
008171119080034014020628
001171119080035012150311
004171119080035012160190
001171119080036012050147
002171119080036013030465
004171119080036012140225
001171119080036012150311
009171119080036012110480
002171119080037014030467
008171119080037014020582
008171119080038014020582
009171119080038012070377
008171119080039013020554
009171119080039012110485
002171119080040014030381
001171119080040012150311
004171119080040012140127
001171119080041016000169
008171119080041012090402
001171119080042014010555
008171119080042012090402
006171119080043012150195
002171119080043012170275
009171119080043014020634
004171119080043013030584
008171119080043012070366
001171119080044019030050
004171119080044013030104
008171119080045013020702
002171119080046012130303
001171119080046014010594
008171119080046013020702
009171119080046015020541
002171119080047014030448
004171119080047012160224
008171119080048013020852
008171119080049013020783
001171119080050012030376
009171119080050015020669
004171119080050012150286
003171119080051012010398
008171119080051012120444
002171119080052014030449
008171119080052012100350
004171119080053012130270
009171119080053013020282
008171119080053012100350
002171119080054015030351
006171119080054011000733
008171119080054013020876
004171119080055013030354
001171119080055014010590
003171119080055013010666
001171119080056018010018
009171119080056012120392
008171119080056012100350
009171119080057012070432
008171119080057012100350
001171119080058018010018
008171119080058012070403
001171119080059016000141
003171119080059012050194
006171119080100012160012
008171119080100013020876
001171119080101016000141
008171119080102012080364
009171119080103012080447
006171119080104015020461
001171119080104016000161
008171119080105012080373
009171119080105015020669
004171119080106014030398
001171119080106018010061
001171119080106012060431
009171119080106012120392
003171119080107014010537
008171119080107012100367
004171119080108013030616
001171119080109015030106
003171119080109012010173
009171119080109012120350
001171119080109012030365
009171119080110013020863
004171119080110012170297
008171119080110012070411
002171119080112019100013
009171119080112012100224
003171119080112013010769
002171119080113014030158
001171119080113012010348
004171119080113013030567
004171119080114015030457
008171119080115012090309
009171119080115015020451
004171119080116012160272
009171119080116012070432
003171119080117013010674
006171119080117012160104
001171119080118015010795
003171119080118012050353
001171119080119016000088
004171119080119013030646
003171119080120013010294
006171119080120011000636
008171119080121014020563
004171119080121012180301
002171119080122012180287
008171119080123012070338
004171119080124014030150
002171119080124012170299
001171119080124012050234
002171119080124019040030
006171119080126012030282
002171119080126013030263
008171119080126012090300
004171119080127012140408
001171119080128015010407
002171119080128013030623
008171119080128012090345
009171119080128012090343
002171119080129019010127
002171119080130014030022
003171119080130012030338
002171119080130012180257
008171119080130012090419
009171119080130012120393
004171119080130012150301
006171119080131012160222
008171119080132012120482
009171119080132012080427
003171119080133012020016
002171119080133012140428
002171119080133019110005
001171119080133014010610
004171119080133015030101
009171119080134012120472
002171119080135012180154
004171119080135012130334
009171119080136012070439
004171119080136012170209
002171119080138014030447
008171119080138013020826
004171119080138013030591
009171119080138012110486
002171119080140014030356
008171119080140012080454
004171119080140012130317
002171119080141019060097
002171119080142012170250
009171119080142013020857
008171119080142012080394
003171119080143014010524
001171119080143014010133
008171119080143012080394
004171119080143012160289
002171119080144015030468
009171119080144013020640
003171119080145012010337
004171119080145012140437
004171119080147012160233
002171119080147014030416
008171119080147013020838
009171119080148013020822
009171119080149013020822
008171119080149013020811
001171119080150014010309
008171119080150013020811
004171119080150013030637
003171119080151013010716
009171119080151014020620
004171119080151012160087
009171119080152015020666
002171119080153012180263
009171119080153012120486
008171119080153013020411
004171119080153014030299
006171119080154012080127
001171119080156013010761
009171119080156015020664
004171119080156012020358
002171119080157019090016
003171119080157015010805
008171119080157013020870
009171119080158014020619
002171119080159012170295
008171119080159013020813
008171119080200013020813
001171119080201012030363
002171119080201019010008
001171119080201015100556
009171119080201012120464
002171119080202015030423
001171119080202013010641
008171119080202012070376
002171119080204012160302
009171119080204014020351
009171119080205014020351
008171119080205012100428
002171119080206019050209
009171119080206014020305
004171119080206015030439
002171119080208014030217
004171119080208012160293
008171119080208012070421
009171119080208012120401
009171119080209001211464
001171119080210015010764
002171119080210012140409
008171119080210012120465
002171119080211019010118
004171119080211012170267
006171119080212014030096
004171119080212013030331
002171119080213012140430
008171119080213013020660
009171119080213014020305
001171119080214012050348
002171119080214012130337
002171119080214019040015
004171119080215013030510
009171119080216013020643
001171119080216014010581
008171119080216012110382
001171119080218016000064
009171119080218012120463
002171119080219012150261
008171119080219012100201
001171119080220012020311
008171119080221012110458
003171119080222012060398
001171119080222012030305
004171119080222012180159
008171119080224013020726
001171119080225014010200
001171119080227012060403
008171119080227012120399
009171119080228013020425
001171119080229012010382
008171119080229013020747
001171119080230012020367
003171119080230012030095
009171119080231012070392
004171119080232012170222
009171119080233012090410
004171119080233012140463
008171119080235012090357
009171119080236012110479
004171119080236012170235
001171119080237014010522
009171119080237015020022
009171119080238015020022
008171119080238013020843
008171119080239013020644
001171119080240014010611
002171119080240014030001
009171119080240013020799
009171119080242012080366
008171119080242012120301
003171119080243013010004
002171119080243014030373
009171119080244012090414
001171119080244018010055
008171119080245012080361
009171119080247012080418
008171119080248014020414
009171119080249013020773
003171119080250012010293
009171119080251013020803
002171119080252014030427
008171119080252012120419
009171119080253013020817
004171119080253014030452
008171119080254012120306
006171119080254012110004
002171119080255014030176
004171119080256012130267
008171119080257012080346
008171119080259013020619
004171119080259012180282
006171119080301014020550
009171119080301012070368
008171119080301012100280
004171119080302012140441
009171119080302012070368
008171119080304012090396
008171119080305012080414
006171119080307012160085
008171119080308014020513
002171119080309019020333
002171119080310012130276
008171119080311012120425
002171119080313012140439
002171119080316012140431
002171119080318014030481
001171119080318012070090
001171119080319012060387
002171119080322012130292
002171119080323019070031
006171119080323012030316
001171119080324012060422
001171119080326012030385
003171119080326012020376
002171119080327019110014
008171119080327012120492
008171119080330012120431
002171119080332019020307
008171119080333012120483
001171119080335012030196
004171119080337012160311
004171119080339012130284
001171119080340012030329
004171119080341012130014
006171119080344013020326
004171119080344015030408
002171119080344015030478
008171119080344013020793
009171119080346012090272
004171119080347012150295
006171119080350013010358
004171119080351012160231
002171119080354019020391
006171119080354014010295
004171119080354013030610
002171119080357019050238
008171119080357012070360
006171119080400012030293
009171119080402014020180
002171119080405019110013
008171119080406012120402
002171119080409019040020
009171119080410014020616
004171119080412013030614
003171119080416012060331
009171119080416012090407
008171119080417014020602
003171119080418012040411
008171119080418013020865
004171119080422012180292
008171119080432012080360
002171119080437012130329
001171119080441016000112
009171119080443012070422
006171119080447012060312
008171119080457013020790
009171119080459014020634
008171119080503014020489
006171119080506013010117
001171119080508016000163
003171119080512012050320
002171119080520019020398
009171119080523012090421
008171119080527012090279
008171119080542012090388
004171119080632012170284
002171119080644019010111
002171119080650019020349
002171119080658019040006
009171119080729014020540
002171119080743019070001
002171119080750019040033
003171119080800012010392
002171119080808019020346
009171119080811012090372
008171119080845012080425
008171119080946012100218
001171119080959015010766
004171119081024013030162
002171119081034019010074
002171119081041019010074
002171119081128019040012
002171119081141019040012
004171119081236012160312
002171119081328019030033
002171119081504019010133
001171119081529014010508
009171119081555012070341
001171119081629016000007
001171119081631016000001
002171119081812019010031
002171119082036019020378
002171119082057019040021
001171119083028016000052
002171119083048019090015
