002191219071718019010124
002191219071723019030049
002191219071737016000090
001191219071905016010081
001191219071910016010098
001191219071915016010130
001191219071924016010056
001191219071930016010095
002191219071952019060122
001191219072228016010071
001191219072243016010106
001191219072247016010119
001191219072252016010105
001191219072324016010050
001191219072445016010090
009191219072451016010129
001191219072528016010045
001191219072535016010084
001191219072539016010084
001191219072543016010131
001191219072604016010073
001191219072658016010122
001191219072727016010079
001191219072732016010110
001191219072737019010125
001191219072746016010125
001191219072755016010120
001191219072812016010082
001191219072815016010100
002191219072842019060123
001191219072854016010048
001191219072924016010024
006191219072953013020543
002191219073055014030055
002191219073058015030444
002191219073106012130165
002191219073134019060003
002191219073139019110027
001191219073139016010121
003191219073143014010606
001191219073143016010124
002191219073158014030374
001191219073306016010077
002191219073313012160275
006191219073343019100067
001191219073345012060369
006191219073346019100067
009191219073430013020255
006191219073436011000051
002191219073436019050235
009191219073453013020849
002191219073505019020083
003191219073522012040466
004191219073528012160136
002191219073530019050094
002191219073535019100046
003191219073538012010019
001191219073538016010127
002191219073540019020061
001191219073557012010410
003191219073650012030402
002191219073709019030001
009191219073732012110482
006191219073747011000359
009191219073755012070414
009191219073801014020451
002191219073811012130297
003191219073822012040293
003191219073824013010768
002191219073852013030624
002191219073859019050188
006191219073934011000675
001191219073936015010001
002191219073937013030625
002191219073943019020402
006191219073945013020067
006191219073947012070006
003191219073952012010426
002191219073959019050084
002191219074014015030476
003191219074015013010365
003191219074018013010672
002191219074020015030473
002191219074028019050242
009191219074029012100423
009191219074035012110466
002191219074039012170279
001191219074039013010700
003191219074041013010800
009191219074044014020588
002191219074058019020231
009191219074102012110484
009191219074105015020687
006191219074112011000692
002191219074112019050216
002191219074117019020180
002191219074119012180252
009191219074132014020635
009191219074141012070244
002191219074141014030421
003191219074143012030335
009191219074147013020864
009191219074151015020668
002191219074151019030045
006191219074154012160021
009191219074154013020851
001191219074154012100385
003191219074154012030349
003191219074157012060426
009191219074158013020844
003191219074159012060396
002191219074159019020377
001191219074205014010584
002191219074208012140421
002191219074210019020318
009191219074222012120489
001191219074223012020333
002191219074224013030546
002191219074228019100070
002191219074258012130312
009191219074301012070429
001191219074302012050331
001191219074306012030333
003191219074314012030276
002191219074317012180299
002191219074318019020397
009191219074319012110437
006191219074328013010009
001191219074330015010737
006191219074331011000718
006191219074336019100066
001191219074358016010032
002191219074401012180046
001191219074412013010479
009191219074413013020532
009191219074417012080343
001191219074421012050344
001191219074424012050213
002191219074428014030239
006191219074433011000445
003191219074433012060384
002191219074433014030424
006191219074436014030174
002191219074436019060101
009191219074441012110367
002191219074445019010116
002191219074447012160291
009191219074447012070445
009191219074452012080189
009191219074453012080189
001191219074454012010361
002191219074455012140445
001191219074455016010123
006191219074457011000564
003191219074503013010677
006191219074503013010014
009191219074505012100429
002191219074506012160163
006191219074506013010001
009191219074507015020029
002191219074509013030386
001191219074510014010565
009191219074510015020635
006191219074512011000165
009191219074513012080467
002191219074514012150283
006191219074515011000165
002191219074521019100039
003191219074523012040414
009191219074525012070148
002191219074527013030638
001191219074531013030157
008191219074534012090302
009191219074536013020818
008191219074538012110297
003191219074540012030387
002191219074545019040001
008191219074549012070387
002191219074550012150274
006191219074559011000666
009191219074559013020855
002191219074600012140457
006191219074604011000729
002191219074604012150091
002191219074608013030466
001191219074609016000073
009191219074609012070444
008191219074612013020683
008191219074614013020821
006191219074614013010321
008191219074617013020745
001191219074618012060405
008191219074619012090248
002191219074621013030646
008191219074622015020679
002191219074625012180171
003191219074626013010714
002191219074631012160075
002191219074634012150190
006191219074643011000276
008191219074647012090405
006191219074647011000078
006191219074650011000639
008191219074651012090405
009191219074652015020620
006191219074653012040209
003191219074653012050350
009191219074655012090375
006191219074656011000263
006191219074701011000263
006191219074704013020274
008191219074704012070010
002191219074707013030629
008191219074707012110151
009191219074710012120481
002191219074710012180251
002191219074712019020383
002191219074713012170292
002191219074718012130343
003191219074722013010007
002191219074723019060107
006191219074724011000717
003191219074724013010803
003191219074726015010798
002191219074727019050217
008191219074728013020823
003191219074729013010505
003191219074731012010364
002191219074731012130280
002191219074733019050026
003191219074734015010668
008191219074735015020686
002191219074736019050026
001191219074737018010054
002191219074738012140474
001191219074738012010364
009191219074740014020636
008191219074741012070435
003191219074741013010601
002191219074742012140167
001191219074744012040433
006191219074745013020240
008191219074745012090417
002191219074746012180272
001191219074748019020340
008191219074748012100380
002191219074749013030565
003191219074749013010788
006191219074749013020581
001191219074750012020228
002191219074752012150270
002191219074754012180284
009191219074755012100347
008191219074756014020632
008191219074759013020824
009191219074759012110454
008191219074802013020438
001191219074804015010797
002191219074805013030545
006191219074805015090618
003191219074805012050364
008191219074805013020387
008191219074808012100134
003191219074809012060374
009191219074811013020723
008191219074812012110400
008191219074813013020515
003191219074813012050313
003191219074817012040192
008191219074817013020562
002191219074819019060119
008191219074819013020826
009191219074820013020692
008191219074822013020858
001191219074824012010419
009191219074824012100006
002191219074826012150249
009191219074828012080431
002191219074831019020401
009191219074831013020703
002191219074831012180287
008191219074834012080375
009191219074834013020884
001191219074835013010797
009191219074836012070187
008191219074836012100411
009191219074838012120484
008191219074839013020873
002191219074839019020313
002191219074839012180253
001191219074840013010734
008191219074841013020850
002191219074847012180278
009191219074848012070437
006191219074848013020412
008191219074849013020780
002191219074851012160271
009191219074852015020640
002191219074853015030343
002191219074855012170305
008191219074856012120412
001191219074856012040458
002191219074857015030434
009191219074858015020535
002191219074859013030443
001191219074901015100557
006191219074903011000573
008191219074904012120473
003191219074904012050368
002191219074905013030246
002191219074906019050225
008191219074906012080284
001191219074908016000157
003191219074909012030403
008191219074911012100284
002191219074911012170144
003191219074913013010199
008191219074914012110474
002191219074916012150098
003191219074916013010759
001191219074917015100546
002191219074919012130341
008191219074921014020525
002191219074921013030550
001191219074923015010787
006191219074924013030003
002191219074925019110005
002191219074925012140462
003191219074927013010654
009191219074928013020188
002191219074928014030342
003191219074929012040423
001191219074929012050343
002191219074929019070014
006191219074929011000408
009191219074930012110143
002191219074930012150135
003191219074932012060434
002191219074932012130250
001191219074933012040403
008191219074934014020501
006191219074935011000408
001191219074935012020385
009191219074936012100416
001191219074938012040462
009191219074938012100416
008191219074939012090335
001191219074940012020324
006191219074941013030188
001191219074943012040461
006191219074943013030084
008191219074944013020863
009191219074945014020092
002191219074946014030482
003191219074946012060427
006191219074948011000408
001191219074949015010632
003191219074950013010799
006191219074951011000408
006191219074953015090568
002191219074954019020399
009191219074954012090372
001191219074955012040438
008191219074957012080457
001191219074957013010712
003191219074957012060420
002191219074958019050112
006191219074958011000722
001191219074959012050308
002191219074959014030159
004191219075001012010341
008191219075001013020795
006191219075001012110223
002191219075002019020095
008191219075003012080135
009191219075004015020658
008191219075005013020644
004191219075005013030641
006191219075005015090580
002191219075005012160313
002191219075007019020368
001191219075007012060372
002191219075008012140389
008191219075008013020411
009191219075008012070407
001191219075008016000152
004191219075009014030088
006191219075009011000737
008191219075010015020545
001191219075011013010176
006191219075012011000713
008191219075013012080350
003191219075014013010772
009191219075015015020652
006191219075016011000651
008191219075016012080463
004191219075017012150100
001191219075018014010599
002191219075018019110014
008191219075019014020625
004191219075020012160282
006191219075020011000343
008191219075022012080220
002191219075023019050183
004191219075023012150318
001191219075024015010785
006191219075024011000120
003191219075025013010347
004191219075025013030571
006191219075027011000595
001191219075027015010669
004191219075028012130059
003191219075028013010624
001191219075028015010781
006191219075029012080163
002191219075029019050128
002191219075030012130339
001191219075030012040444
009191219075030013020763
003191219075030013010577
009191219075032013020797
001191219075032012030365
006191219075033011000710
003191219075033012050254
002191219075034019050230
003191219075035012030399
001191219075035014010103
009191219075035013020831
006191219075036015090620
001191219075037012010011
009191219075038012110488
008191219075038012090404
002191219075038013030592
003191219075039015010704
006191219075039011000736
001191219075039014010201
009191219075040013020841
006191219075042011000727
001191219075042014010157
009191219075042012100257
003191219075043013010758
006191219075043011000699
004191219075043012140435
009191219075044012110377
008191219075046015020646
004191219075046012140456
006191219075046015090616
009191219075047012070427
002191219075048019020186
001191219075049012060005
006191219075049014020550
004191219075049012160285
003191219075049012020086
008191219075050013020755
003191219075052012010173
004191219075052012170146
006191219075053012110164
009191219075053015020639
004191219075055015030356
006191219075055011000258
009191219075056015020647
004191219075057014030325
009191219075058015020667
006191219075058011000683
004191219075058012180276
008191219075059012100364
003191219075059012030405
004191219075101013030504
006191219075101014030056
008191219075102013020799
003191219075102012010387
002191219075103014030489
004191219075103013030498
006191219075104011000473
008191219075104012110378
009191219075104012120476
003191219075105013010541
002191219075105019100028
004191219075106012170257
009191219075106012120479
009191219075107012120479
004191219075107012170290
006191219075108011000740
003191219075108013010787
002191219075109012160259
008191219075109014020618
003191219075110013010426
001191219075111012050285
002191219075112014030404
002191219075112019050239
004191219075112013030603
008191219075113014020523
002191219075114012140379
001191219075114012010389
009191219075115012100441
004191219075115012150241
008191219075116012110421
002191219075117012170293
006191219075117013010392
009191219075117012080383
004191219075117014030077
008191219075119014020622
004191219075119013030516
004191219075121013030448
009191219075122015020688
006191219075123011000713
004191219075123013030482
001191219075124013020180
003191219075124015010678
006191219075125011000694
004191219075127012130336
004191219075128013030339
002191219075128019010108
003191219075129013010794
006191219075129011000041
009191219075129013020460
002191219075129013030349
004191219075130014030423
008191219075130014020594
006191219075131012020037
002191219075133013030484
008191219075133015020655
001191219075134015010683
004191219075134012170258
003191219075135013010580
006191219075135015090627
008191219075136013020748
004191219075136013030240
001191219075136012050224
003191219075137012030036
002191219075137012170309
009191219075138013020778
001191219075138012010409
002191219075138012140442
006191219075139011000738
001191219075139016000139
003191219075139012040477
008191219075139015020502
001191219075140014010563
003191219075141012050307
008191219075142012090383
006191219075142011000687
003191219075143012040452
009191219075144012100434
008191219075144012100312
004191219075144012140466
003191219075145012040469
009191219075146012100432
008191219075147013020879
004191219075147012170195
001191219075147012060397
003191219075147012050315
006191219075147011000203
008191219075149012110427
009191219075149015020604
002191219075149012130327
001191219075149012010005
006191219075149011000598
003191219075149012040373
004191219075149015030437
003191219075150019110043
008191219075151014020486
009191219075152014020511
004191219075152015030246
002191219075153019100061
006191219075154011000262
008191219075154012100322
003191219075154013010785
004191219075155012170178
002191219075156019020286
008191219075156012080396
003191219075156013010270
009191219075157014020088
006191219075157011000568
004191219075158012170253
009191219075200013020833
008191219075200012110446
001191219075201015010473
004191219075201012150286
002191219075201019100008
008191219075202013020766
008191219075204015020671
006191219075204011000682
002191219075205012160230
001191219075205015010692
009191219075206015020675
004191219075206012160224
008191219075207012110446
006191219075207011000670
001191219075208013010755
008191219075209014020598
003191219075209012050225
004191219075209012160256
001191219075210014010526
004191219075211012140470
008191219075212015020657
004191219075214012130075
008191219075215013020542
004191219075216012150312
008191219075217012110404
006191219075218016010086
002191219075218019020363
003191219075218012010201
008191219075219012100218
004191219075220012170193
003191219075220012010309
004191219075222012130319
008191219075223013020674
006191219075224011000640
003191219075224012030366
004191219075224012130210
009191219075225012100224
002191219075225019020394
004191219075226012180158
009191219075226012100400
003191219075227013010776
006191219075228012080131
002191219075229019020127
003191219075229013010695
001191219075229012060095
004191219075229015030445
008191219075230012080452
001191219075231012010340
004191219075231012160301
003191219075231013010777
002191219075232013030631
002191219075233019110002
001191219075233012010421
008191219075233012110491
004191219075234013030551
006191219075235012020137
008191219075235014020589
003191219075235015010751
002191219075237019100032
008191219075237013020758
002191219075237012140148
004191219075238012150198
003191219075238012060421
008191219075239012100334
003191219075239012030355
001191219075240014010011
002191219075240012130263
008191219075241012110487
004191219075241012150307
001191219075241016000008
006191219075242011000677
002191219075242012180157
001191219075243015010693
003191219075244013010550
009191219075244012090379
002191219075244015030455
008191219075245012100223
002191219075245019020007
001191219075246014010357
002191219075247019020103
002191219075247014030416
004191219075248013030176
008191219075248012110410
001191219075249014010033
002191219075250019030047
008191219075251012100323
001191219075251014010538
002191219075252019010118
004191219075252013030634
001191219075253014010573
004191219075254012180258
009191219075256012100450
006191219075257011000643
002191219075258019040024
004191219075258013030398
003191219075300012010247
001191219075300016000064
006191219075300011000601
002191219075302014030226
002191219075302019060097
003191219075302012060166
006191219075303011000388
004191219075303015030368
008191219075303012070421
009191219075304014020567
003191219075305012050366
002191219075306013030518
006191219075307011000283
009191219075307014020007
003191219075308013010735
006191219075310011000388
002191219075310014030366
001191219075310014010068
009191219075310012100424
008191219075311013020606
003191219075311012060414
006191219075313011000388
009191219075313014020633
001191219075313013010549
008191219075314014020565
001191219075314015010129
004191219075316013030508
009191219075316012100252
003191219075316012010162
006191219075317011000732
008191219075317012090393
002191219075319019010136
004191219075319012140434
003191219075320013010651
008191219075320013020761
004191219075321013030066
003191219075321015010687
008191219075322012070428
001191219075322012040354
009191219075322014020608
001191219075323014010460
006191219075323011000517
002191219075323019040035
009191219075324015020630
003191219075324012010422
003191219075325012030304
008191219075325012120482
006191219075326012170077
001191219075327012010348
004191219075327015030389
008191219075328012100418
003191219075328012030342
001191219075328015010793
004191219075329014030425
009191219075329019020387
006191219075330011000525
001191219075331012020366
002191219075331019110037
003191219075331012010329
008191219075332012090350
006191219075332014020288
009191219075334014020542
001191219075335014010502
008191219075335014020606
003191219075336012020121
009191219075337015010696
006191219075337019100008
004191219075337014030437
008191219075338012120434
003191219075338012040476
001191219075338013010762
001191219075340014010411
002191219075340019060102
006191219075340011000686
001191219075340015100560
004191219075340012130214
003191219075341014010003
004191219075341013030382
001191219075342014010440
001191219075342015100560
006191219075343011000741
001191219075343014010316
003191219075343013010770
002191219075344019020323
004191219075344012160088
008191219075344013020685
001191219075345014010580
003191219075346012040376
008191219075346013020769
006191219075346011000700
001191219075347014010600
002191219075347019050237
003191219075348012040467
006191219075348011000678
008191219075349015020057
001191219075349014010571
002191219075350012160088
001191219075351015010753
004191219075351012140444
006191219075351011000169
003191219075351012040337
002191219075351019060095
009191219075352012120498
001191219075353015010766
002191219075353019110033
008191219075353013020610
003191219075353012020344
009191219075354012120143
004191219075354012170194
006191219075355015090579
001191219075355015020500
002191219075356019050214
003191219075356012020400
001191219075357015010758
003191219075357012030266
006191219075358013020241
008191219075358012120368
002191219075359014030475
004191219075359012170056
003191219075359014010452
001191219075400015010796
009191219075400012080430
003191219075401012050345
004191219075401012140388
008191219075402012110442
006191219075402012110087
001191219075402012040425
009191219075403012070448
004191219075404014030440
009191219075404012070448
001191219075404012010376
006191219075404011000440
003191219075404013010781
004191219075405013030412
001191219075406014010570
009191219075407013020198
003191219075407012030372
004191219075407013030636
009191219075408013020808
006191219075408011000715
003191219075409014010603
004191219075409013030573
001191219075409013010021
009191219075410013020808
002191219075411019100018
006191219075411011000594
009191219075411012120488
004191219075412013030608
001191219075412013020881
003191219075412012030377
008191219075413012070264
002191219075413012180271
001191219075413012020388
009191219075414013020504
006191219075414012020340
003191219075414014010208
002191219075415013030639
002191219075415019100052
008191219075415012120461
009191219075416012090041
003191219075416013010793
001191219075416013010747
006191219075416011000724
001191219075417015010682
009191219075418013020832
003191219075419012030230
001191219075419012020383
008191219075419013020767
006191219075419012040300
002191219075419019020393
001191219075420012050309
008191219075421014020574
006191219075421012130120
003191219075421012030261
001191219075422012060383
004191219075422013030379
009191219075422014020603
003191219075423014010539
002191219075423019050238
008191219075423014020581
009191219075423013020868
001191219075424012020345
006191219075424011000723
004191219075425013030366
009191219075425013020868
003191219075425012020008
002191219075426015030436
001191219075426012040355
008191219075426012100428
004191219075426012160231
006191219075427011000715
003191219075427012050009
009191219075427012110483
001191219075428014010569
004191219075428013030458
008191219075428015020568
001191219075429014010612
002191219075429014030375
009191219075429012110373
003191219075430012030390
006191219075430013020397
002191219075430019100013
001191219075431014010617
008191219075431013020753
004191219075431014030305
003191219075432012010414
008191219075432014020331
009191219075432015020654
006191219075433011000574
001191219075433012040468
004191219075434012150203
008191219075434014020331
001191219075434012010408
009191219075434013020859
003191219075435015010716
009191219075436012100451
004191219075436012150320
002191219075436014030458
006191219075437011000231
002191219075437019020374
008191219075437012090333
002191219075437014030418
003191219075438012030401
009191219075438012080462
002191219075439019020211
004191219075439014030390
003191219075440012040442
006191219075440011000720
002191219075440012150203
008191219075440012080419
009191219075441015020013
001191219075441012060407
004191219075442012140452
009191219075443013020860
002191219075443015030337
008191219075443012070344
003191219075444013010732
006191219075444012180106
002191219075445019050091
009191219075445012110397
006191219075445011000586
002191219075446014030356
008191219075446015020591
004191219075446012170219
009191219075447014020351
003191219075447012050310
002191219075448016000144
006191219075448019100068
009191219075449014020620
003191219075449013010693
004191219075449015030467
008191219075449014020504
002191219075449019040028
008191219075450012110467
006191219075451011000728
002191219075451012130288
004191219075451012130290
003191219075451013010567
002191219075452012140235
009191219075452012090351
001191219075452018010065
002191219075453019040036
003191219075453013010520
009191219075453012090406
008191219075454015020580
002191219075454015030262
004191219075454014030438
006191219075454015090632
009191219075455012080408
006191219075456012140043
002191219075456012170277
003191219075456012060432
004191219075456012140088
002191219075457019110050
008191219075457012070382
009191219075457012120354
001191219075458015010807
004191219075458012180220
003191219075458015010721
006191219075458011000739
003191219075459012060379
002191219075459012140458
008191219075500015020677
009191219075500012080123
002191219075500012180308
003191219075501013010294
001191219075501012030404
006191219075501011000731
004191219075501012180185
009191219075503013020810
004191219075503012160236
006191219075503012050085
002191219075503015030388
002191219075503019050245
001191219075504012060349
008191219075504012100047
003191219075504014010607
002191219075504015030410
008191219075505013020836
006191219075506015090621
004191219075506012160287
001191219075506013010331
009191219075506014020231
001191219075507013030071
008191219075507013020874
003191219075507012040473
001191219075507012070449
002191219075508015030442
009191219075509012110481
001191219075509016000167
004191219075509014030160
006191219075509011000690
003191219075510012050266
008191219075510012110414
004191219075511012180307
009191219075512014020512
006191219075512011000627
003191219075512013010646
009191219075513012080017
001191219075513014010578
004191219075513012140461
008191219075514012110351
003191219075514015010610
006191219075514011000706
004191219075515013030507
002191219075515014030449
008191219075515012080225
004191219075516012160280
009191219075516012120487
002191219075516019060114
006191219075516015090628
003191219075516012050123
001191219075517012020111
009191219075518013020882
008191219075518014020180
004191219075518013030075
002191219075519015030461
002191219075519019070038
001191219075519014010424
003191219075520012030386
009191219075520013020882
004191219075520013030622
001191219075522012040346
003191219075522012050028
002191219075522013030618
009191219075522015020660
008191219075522012070410
004191219075522012150287
001191219075523012060416
003191219075524012040397
006191219075524013030199
002191219075524019050126
002191219075524015030187
009191219075525012120490
001191219075525012050217
008191219075525015020386
004191219075525012150196
003191219075525012050351
001191219075526012020352
004191219075526012140086
003191219075526012040397
001191219075527012030385
009191219075527012070331
006191219075527011000026
002191219075527019110040
003191219075527012040382
008191219075528012100329
006191219075529011000632
002191219075529013030563
004191219075529012140465
001191219075529015010800
009191219075530012080078
003191219075530012040353
001191219075531014010457
008191219075531012120377
004191219075531012140363
002191219075532019050246
009191219075532012110424
003191219075532013010769
001191219075533019020282
002191219075533012150263
001191219075533014010510
004191219075534013030348
003191219075534012050351
009191219075535013020820
004191219075535012180266
001191219075535015030106
001191219075536013010023
002191219075536012150226
006191219075536015090629
003191219075536012050354
003191219075537012040447
004191219075538013030644
009191219075538014020631
006191219075539011000277
001191219075539015010788
002191219075539012170266
003191219075539012030256
004191219075540014030334
001191219075540013010604
008191219075541012110494
003191219075541013010724
002191219075542019100063
001191219075542016000126
001191219075542012040405
001191219075543016000126
009191219075543014020554
004191219075543012170073
006191219075543011000388
001191219075544014010493
003191219075544015010794
004191219075545013030606
009191219075545014020493
006191219075545011000491
003191219075545012040465
001191219075545016000126
008191219075546012120433
009191219075546014020493
002191219075546012150278
001191219075547014010267
009191219075548014020493
003191219075548012010400
004191219075548012150303
006191219075548011000388
009191219075549015020022
004191219075549012150294
003191219075550012040437
002191219075550019100065
009191219075550015020022
008191219075550012110354
006191219075551012130091
003191219075552013010730
004191219075553014030150
009191219075553012090341
002191219075554019050213
009191219075554012110489
002191219075554012180154
003191219075555012060359
008191219075555014020502
006191219075555014010053
001191219075556015010763
004191219075556012160310
003191219075556012040454
001191219075557015010596
002191219075557014030456
008191219075557015020531
004191219075558012150293
003191219075558012040222
002191219075558019020149
006191219075558011000388
001191219075559012060229
008191219075559014020626
003191219075601015010690
009191219075601012090267
001191219075601014010581
002191219075602019100072
001191219075602015030454
004191219075602012180296
008191219075602014020611
006191219075602011000388
003191219075603012060388
004191219075604013030469
002191219075604014030031
002191219075604019100072
008191219075604012080380
001191219075604015010791
009191219075604012070450
001191219075605012030397
003191219075606015010769
009191219075606014020619
001191219075606018010072
006191219075606011000704
008191219075607013020812
001191219075607015010784
003191219075607013010806
009191219075608014020435
004191219075609013030530
003191219075609012060364
001191219075610013010798
008191219075610012110455
008191219075611013020701
009191219075611013020857
006191219075611012160114
003191219075611013010737
004191219075612012150255
001191219075612013010413
003191219075614012050365
006191219075614012130223
009191219075614016000147
008191219075614012120301
004191219075615015030395
003191219075615012050363
001191219075615012030300
008191219075616012080459
009191219075616012110409
004191219075616013030496
006191219075617013020154
003191219075617013010662
001191219075617016000062
009191219075618014020416
008191219075618012100445
001191219075618014010613
003191219075619012060410
001191219075619012010277
009191219075619015020685
004191219075619013030562
006191219075620015090617
001191219075621014010605
008191219075621012070440
003191219075621015010717
004191219075621014030459
001191219075621016000164
003191219075623012010393
006191219075623012160085
008191219075623012080466
009191219075623014020593
004191219075624014030471
003191219075624012050356
001191219075624013010035
001191219075624016000164
008191219075625012120242
004191219075626012140149
001191219075627015030112
003191219075627012040459
002191219075627014030488
008191219075628013020781
003191219075628012060356
009191219075628014020592
001191219075628014010377
006191219075628011000566
004191219075629013030425
001191219075629016000168
002191219075630012150305
001191219075630015010017
004191219075631013030441
006191219075631012020010
003191219075631012040367
008191219075632014020597
001191219075632016000168
009191219075632014020578
004191219075632013030619
001191219075632012050360
008191219075633014020597
003191219075633012040445
009191219075635014020546
001191219075635013010804
002191219075635014030250
003191219075635012010237
008191219075635014020563
006191219075636011000398
008191219075636012120431
002191219075636019040023
001191219075637013010743
004191219075637013030356
009191219075638014020551
003191219075638013010575
002191219075638012130338
008191219075639014020443
006191219075639015020540
009191219075640012120415
003191219075641013010763
008191219075641012080364
004191219075641012150260
001191219075642012040410
004191219075643012130116
008191219075643014020570
009191219075643015020638
003191219075643013010625
002191219075644019010119
003191219075645013010529
008191219075645012090330
004191219075646012060309
001191219075646015100543
006191219075646012050129
002191219075647014030290
008191219075647012080413
003191219075647013010774
001191219075647012050238
006191219075649015090608
004191219075649012130205
003191219075649013010727
001191219075649014010575
009191219075650014020538
004191219075650012170127
008191219075650014020627
009191219075651013020837
002191219075651013030647
006191219075652015090608
003191219075652013010650
009191219075652013020837
002191219075652019010127
001191219075652012060431
002191219075653012140468
008191219075653012120425
003191219075653012020403
004191219075653012130295
008191219075654012100405
002191219075654019020379
009191219075654014020528
001191219075654012030356
004191219075654013030576
009191219075655012110406
006191219075655012020279
008191219075656012100436
009191219075656012110406
003191219075656012030400
002191219075656015030458
001191219075656014010066
004191219075657012140443
008191219075658012110461
006191219075658012130049
009191219075658014020394
003191219075658013010606
001191219075658018010047
002191219075658019110046
009191219075659012120454
001191219075659012060353
002191219075659012170308
004191219075701012160243
008191219075701013020876
006191219075701015090580
003191219075701013010739
002191219075701012180261
001191219075702013010213
009191219075702012120421
003191219075703015010550
008191219075703012070432
002191219075703014030279
004191219075703012140463
009191219075704012070447
001191219075704014010492
002191219075705012170303
003191219075706012020269
008191219075706013020721
001191219075707013010006
004191219075707015030438
002191219075707014030444
003191219075708013010653
006191219075709011000422
004191219075709012180206
009191219075709014020634
002191219075709019050195
001191219075709012040464
008191219075709012090300
001191219075710012060360
003191219075710013010473
008191219075711012070443
006191219075712011000648
004191219075712013030523
001191219075713015010752
001191219075713019110051
009191219075713012110486
003191219075713012010337
004191219075714013030372
006191219075714012110004
003191219075715012030344
008191219075715012090400
004191219075716012170231
002191219075716015030362
008191219075716013020574
006191219075717011000691
002191219075717019040034
002191219075717012130333
001191219075718012010355
009191219075718012110477
003191219075718012010010
004191219075719012130345
002191219075719012160292
002191219075720019060113
001191219075720019020373
008191219075720013020749
006191219075720011000735
008191219075721012080394
002191219075721012150314
003191219075721012030338
004191219075722013030535
001191219075722012040426
009191219075722013020819
006191219075723013010015
003191219075723012020368
002191219075723012180275
009191219075723012120491
001191219075724012030363
004191219075724012150171
001191219075725016000112
001191219075725012030242
008191219075725014020417
002191219075725019050171
009191219075726012110485
004191219075726012140460
003191219075726013010259
001191219075727014010250
002191219075727013030630
006191219075727014030087
009191219075728012090380
008191219075728012100201
004191219075729012130270
006191219075729011000581
008191219075729012080425
003191219075729012010420
002191219075730015030423
001191219075730013020226
002191219075730019050152
009191219075731015020618
008191219075731014020553
003191219075731013010460
001191219075731013010716
004191219075732013030577
009191219075733015020669
008191219075733012090344
006191219075733012050057
003191219075733012050303
001191219075734012030376
003191219075735014010604
002191219075735012140449
001191219075735015100559
001191219075735012050179
004191219075735012180260
004191219075736012160298
009191219075736015020664
008191219075736013020838
006191219075737011000726
002191219075737013030649
001191219075737016000025
001191219075737012020382
009191219075738012120486
004191219075738012160149
008191219075739012100350
006191219075739011000656
001191219075739016000025
003191219075739015010761
002191219075739012160279
001191219075740014010609
004191219075740012160296
009191219075740012070321
002191219075740019020150
002191219075741014030450
003191219075742012050194
009191219075742013020862
004191219075743012160272
008191219075743012120493
006191219075743011000656
009191219075744012120350
002191219075744019050029
004191219075745014030476
001191219075745012020285
006191219075745011000725
008191219075746014020623
009191219075747014020424
001191219075748015010731
004191219075748013030119
006191219075748014030109
001191219075749018010059
008191219075749013020825
001191219075749014010597
009191219075749012080453
002191219075750015030466
004191219075750012170265
006191219075750012020162
002191219075750019020079
001191219075751013010059
008191219075751012070411
008191219075752015020680
001191219075752018010059
004191219075752013030479
009191219075752012120395
002191219075753015030279
006191219075753012060015
001191219075753015010802
004191219075754012140469
001191219075754012020322
008191219075756012070384
001191219075756013010641
002191219075756019020301
006191219075756019100071
002191219075756014030399
004191219075757012140446
001191219075757014010494
009191219075757012080267
003191219075758012020300
008191219075758012070368
004191219075758013030633
009191219075758012080267
002191219075758015030477
009191219075759013020867
006191219075759012020274
003191219075801014010444
008191219075801012080424
004191219075801013030538
002191219075801015030431
002191219075801019040016
008191219075802012100446
009191219075802013020599
001191219075803015010774
003191219075803014010338
002191219075803013030541
009191219075804014020566
008191219075804012100446
006191219075804011000635
002191219075804012160215
003191219075805013010740
001191219075805013010011
009191219075806012070236
008191219075806012090345
002191219075806013030648
006191219075806012130286
004191219075807012140426
001191219075807012030350
002191219075808015030470
003191219075808012010372
006191219075809012090150
008191219075809012070193
002191219075809015030478
001191219075809012010377
009191219075809012070417
003191219075810012020398
004191219075810012150271
006191219075811015030168
004191219075811012160087
001191219075811012060253
003191219075812012030352
002191219075813019010135
008191219075813012070426
001191219075813014010537
002191219075814014030072
001191219075814014010590
006191219075814015020563
004191219075814014030398
003191219075814015010615
001191219075815012030368
009191219075816015020674
008191219075816012100394
001191219075817013010688
003191219075817013010807
004191219075817013030460
001191219075817018010066
001191219075819014010536
008191219075819014020607
009191219075819012080470
003191219075819012030095
001191219075820014010614
006191219075820013020428
009191219075821012070441
001191219075821015010786
002191219075821019040012
004191219075821014030470
004191219075822015030443
003191219075822013010733
002191219075822014030465
001191219075822018010071
008191219075822013020747
009191219075823014020615
001191219075824014010200
002191219075824013030627
003191219075825013010795
004191219075825012170217
008191219075825012110353
006191219075826012010292
002191219075826014030485
001191219075826013010805
008191219075827012080456
009191219075827012110438
001191219075827016000154
002191219075827019030022
003191219075828013010791
004191219075828012170020
001191219075828012040446
001191219075828016000154
006191219075829015090633
008191219075830012090220
001191219075830015100551
001191219075830014010615
002191219075831013030263
004191219075831012160190
001191219075831012020325
003191219075831012010293
008191219075832012070438
006191219075832011000636
003191219075832012020399
002191219075833012150309
009191219075833015020681
001191219075833014010535
003191219075834013010515
008191219075835012120419
001191219075835012060403
001191219075836018010069
003191219075836012020390
008191219075837012110495
001191219075837014010309
004191219075837012130316
009191219075837015020641
001191219075838014010593
009191219075838012080448
009191219075839012080464
008191219075839012090396
002191219075839019040021
003191219075839013010682
001191219075841016000169
006191219075841013010151
008191219075841012090256
003191219075841013010808
009191219075842015020577
004191219075842012140154
002191219075842012170264
009191219075843012090416
008191219075844012110416
003191219075844012030317
006191219075845012080114
004191219075845012130285
002191219075845019020221
009191219075845014020571
009191219075846012090423
002191219075846012130330
004191219075847012130264
008191219075847012120399
001191219075847012040450
003191219075847012050204
002191219075848014030480
003191219075848012050195
009191219075848012100419
002191219075848019110048
008191219075849013020726
002191219075849014030373
004191219075849012180277
001191219075850012050334
009191219075850015020451
003191219075850012060221
004191219075851015030457
006191219075851012170053
008191219075851013020702
002191219075851015030383
008191219075852013020702
001191219075852012030381
003191219075853012020402
001191219075853018010067
009191219075853012100169
002191219075853012150299
004191219075854014030478
001191219075854015010789
006191219075854011000654
009191219075854012120393
002191219075855012140431
008191219075855012110382
003191219075855013010598
009191219075856014020545
003191219075857012020286
001191219075857012010338
008191219075857013020409
004191219075857013030187
006191219075857011000498
002191219075858012160253
003191219075858012100442
006191219075859011000668
008191219075859014020630
001191219075859012040471
009191219075859012090419
002191219075900019050196
008191219075901012090411
004191219075901013030485
009191219075901012110412
002191219075901015030247
003191219075902014010436
002191219075902012160302
006191219075902015020199
009191219075903014020411
006191219075903011000410
001191219075903012040131
004191219075904013030264
002191219075904014030387
003191219075904015010783
008191219075904014020036
004191219075905014030021
002191219075905019020335
002191219075905012160228
009191219075906013020282
003191219075907012020391
008191219075907012100398
001191219075907014010596
001191219075907016000058
002191219075908012150315
004191219075908013030607
006191219075908012130102
003191219075909015010792
002191219075909019050240
009191219075909015020624
009191219075910012070197
008191219075910013020835
009191219075911015020624
004191219075911014030022
002191219075911012130326
002191219075911019050170
001191219075911018010068
008191219075912012100327
006191219075913011000662
009191219075913012090407
006191219075914013020068
002191219075914012130303
001191219075914019060076
004191219075914012130014
008191219075915012090394
009191219075915015020410
006191219075916012120196
001191219075917016000058
006191219075919012120124
009191219075919014020586
004191219075919012130284
008191219075919013020852
002191219075919012140475
003191219075920012030396
009191219075921014020617
002191219075921012130337
001191219075921016000166
004191219075922012150128
008191219075922014020562
006191219075922011000730
009191219075923012090410
006191219075924011000733
003191219075924013010244
002191219075925014030100
001191219075925018010070
004191219075926015030441
009191219075926014020413
008191219075926012100307
006191219075927011000719
009191219075927012100381
009191219075928015020598
008191219075928012100430
001191219075928019030050
002191219075929019040020
004191219075929012180262
006191219075929012050222
003191219075929012050183
009191219075930012090368
006191219075930011000555
008191219075931013020572
001191219075931012070090
004191219075931013030609
006191219075931011000534
004191219075932012130298
008191219075932012090408
002191219075932019020273
001191219075932015010804
009191219075932015020678
002191219075933014030447
008191219075934013020878
006191219075934013010215
001191219075934015100556
004191219075934012150301
003191219075934012040406
002191219075934015030402
009191219075934013020866
002191219075935019050193
008191219075936012080346
009191219075936015020676
002191219075937019010132
003191219075937014010432
004191219075937014030336
001191219075937016000163
002191219075938014030467
008191219075938012080414
009191219075939012080366
006191219075939011000001
004191219075940014030267
002191219075940019040015
004191219075941013030558
002191219075941013030308
001191219075941016000163
003191219075941012050359
001191219075941012010423
008191219075941014020582
006191219075942013020326
001191219075942012010415
008191219075942014020628
009191219075942012110478
001191219075943016000163
001191219075944016000163
002191219075944019020389
004191219075944012150069
001191219075944012050358
009191219075944012090348
002191219075945012150250
008191219075946012070390
001191219075946012060387
004191219075947012130314
009191219075947012080297
002191219075948015030459
002191219075949019100044
008191219075949013020536
001191219075949012050367
001191219075951014010564
002191219075951019050224
008191219075952012090402
002191219075952014030369
008191219075953012120444
004191219075953012160143
003191219075954012010425
002191219075954019070031
001191219075955019010128
002191219075955014030001
008191219075956012120499
006191219075956015090631
004191219075956012170228
003191219075956012020389
002191219075956019040006
009191219075957015020659
008191219075958013020813
002191219075958013030596
004191219075959012160293
003191219075959012010424
002191219075959019050247
003191219080001012010413
002191219080001014030365
001191219080002019030038
002191219080002012130329
006191219080003012020002
003191219080003012040443
004191219080003012170280
003191219080004012020381
009191219080004014020532
001191219080004013010783
002191219080005012160307
004191219080005012170298
006191219080006011000681
002191219080006019020326
008191219080006013020554
001191219080007012060259
003191219080007013010780
009191219080007019050244
004191219080008012130271
008191219080008012110480
002191219080008014030466
001191219080009014010592
004191219080009013030024
006191219080010012160104
008191219080010013020660
001191219080010018010008
003191219080010012030351
004191219080011012170209
004191219080012012180313
003191219080012012050311
001191219080012015010795
008191219080013012120483
001191219080013013010761
006191219080014013010117
003191219080015012030194
009191219080015012090377
002191219080015013030642
004191219080016014030331
008191219080016012100358
003191219080017012030303
009191219080019012080447
002191219080020012140405
004191219080020012130242
003191219080021012030328
002191219080022015030244
004191219080022012130344
009191219080022016000124
002191219080023019040030
004191219080023012140374
006191219080024012010254
003191219080024014020020
004191219080025012140473
009191219080025013020822
003191219080025012040429
002191219080026019020346
002191219080027019010109
002191219080027013030623
009191219080028012090388
004191219080028013030354
006191219080028012080127
009191219080029013020643
004191219080029012160233
001191219080030012050357
002191219080030015030426
008191219080031013020706
004191219080033012140127
003191219080033013010542
008191219080034012080428
006191219080034014010295
009191219080035015020681
004191219080035014030299
008191219080036012120474
006191219080037012150195
004191219080037013030222
002191219080038019030032
008191219080038012120470
009191219080038012090291
002191219080039014030453
003191219080040012040273
008191219080040012110464
004191219080040015030451
001191219080042014010555
003191219080042012060378
002191219080042019050205
009191219080042012120448
008191219080043013020843
006191219080043012090035
004191219080043012170286
002191219080045013030587
004191219080045012130317
003191219080046012080007
008191219080046013020689
001191219080046015010407
001191219080047012040420
006191219080047012060312
008191219080048013020877
004191219080048015030306
003191219080049013010522
001191219080050012050279
008191219080050013020877
002191219080051019110006
004191219080051012150290
002191219080051015030386
001191219080052012010385
004191219080052012180249
008191219080052012070360
004191219080053012150297
004191219080055012130334
003191219080055015010780
001191219080055014010522
009191219080055012120440
008191219080055012080373
002191219080056019030025
006191219080056015020461
004191219080057013030617
001191219080058013010446
009191219080058012100311
003191219080058012010398
008191219080058014020414
004191219080058012180259
006191219080058012020013
009191219080059013020848
001191219080059016000088
008191219080101012070366
004191219080101012180292
009191219080102012090343
004191219080102012130322
002191219080103012180305
003191219080103013010702
009191219080103012070308
001191219080103015010790
002191219080103019040009
008191219080104012080429
004191219080105012150304
009191219080105012080458
009191219080106013020626
001191219080106014010610
006191219080106013010296
002191219080106019020398
008191219080107012100318
003191219080107013010004
004191219080107012160315
009191219080108013020425
003191219080108012010401
002191219080109019020382
009191219080109013020773
004191219080110012140337
001191219080110012010014
008191219080110012090279
002191219080111019020327
002191219080111013030584
009191219080111013020803
008191219080112014020536
001191219080112016000101
004191219080113015030101
002191219080114014030381
002191219080114019060103
004191219080115012160289
008191219080115012090339
001191219080115016000101
003191219080115015010805
002191219080116019020275
001191219080116012060368
004191219080117013030605
001191219080117012040417
008191219080117012070338
009191219080119014020604
001191219080119013010751
003191219080119012020392
004191219080119014030490
008191219080119019020403
006191219080120013010358
002191219080121019010072
008191219080121012090391
004191219080121012150268
003191219080121014010525
001191219080122012060415
009191219080122012070392
009191219080123012070439
008191219080124012070286
002191219080124015030351
004191219080124012140429
003191219080124013010767
001191219080124014010587
009191219080125012110458
002191219080125019030042
008191219080126012110340
006191219080126011000439
009191219080127014020043
004191219080127014030393
002191219080127014030481
008191219080128012070431
009191219080129012110160
004191219080129013030104
002191219080130015030468
009191219080130012110160
008191219080131012080360
004191219080131012170291
002191219080132013030465
009191219080132012100449
004191219080132012170297
006191219080133012030316
008191219080133013020738
004191219080134012140225
003191219080135012050341
008191219080135012080361
001191219080136014010594
002191219080136014030452
004191219080137012150295
009191219080137015020663
008191219080137012070404
003191219080138013010726
004191219080139012140437
003191219080140013010631
008191219080140012080454
004191219080141014030368
002191219080142019040033
003191219080142012030406
008191219080143014020540
004191219080143012140408
009191219080144013020817
001191219080144014010558
006191219080144012060389
002191219080144014030393
003191219080144013010560
004191219080145013030440
008191219080145012100425
001191219080145012020367
009191219080146012120464
004191219080147012170287
002191219080147012170275
001191219080147012010382
003191219080148012060398
009191219080148014020006
008191219080148014020470
004191219080149012170235
002191219080150019110013
009191219080151012070442
004191219080151012140471
003191219080151013010765
008191219080152012070358
004191219080152012150319
008191219080153013020783
009191219080153012070415
002191219080153014030427
002191219080154012140409
008191219080155012120475
004191219080155013030548
009191219080156014020025
002191219080157012130254
004191219080158013030614
002191219080159014030217
009191219080200012100443
006191219080200012010405
008191219080200012100367
002191219080201019060001
001191219080202018010055
002191219080202012140428
002191219080203012140453
003191219080204012010327
001191219080204012150311
008191219080204012090357
006191219080205012010190
002191219080205012140425
001191219080205012150311
004191219080206013030346
003191219080206012030353
002191219080206012160300
008191219080206012100280
002191219080207019060001
006191219080208014030096
002191219080208012180257
004191219080209012180159
008191219080209013020790
002191219080211012130279
001191219080211012040338
006191219080213012120199
002191219080215019020372
003191219080216013010710
004191219080217012150201
006191219080219012020016
002191219080219019020353
002191219080220014030484
004191219080220012140420
001191219080223012030196
008191219080224012080468
009191219080225012080418
001191219080226012050348
002191219080227019080001
009191219080228012120463
001191219080228012020311
002191219080230019020230
003191219080231014010524
004191219080231015030439
009191219080231012080427
004191219080234012130267
009191219080234015020541
004191219080236012130335
009191219080238012070357
008191219080238014020489
004191219080238012170267
002191219080238014030487
001191219080240015010808
008191219080241014020616
002191219080241012180297
004191219080241013030162
002191219080242012170299
004191219080243012170054
001191219080243012030361
008191219080244012120306
002191219080244019010134
004191219080245013030567
001191219080245012050147
008191219080246014020404
004191219080247013030510
004191219080248012170222
008191219080248014020120
004191219080251012160311
006191219080251014020055
008191219080252012090413
009191219080252013020586
004191219080253012180301
004191219080257014030430
002191219080258019010008
008191219080259014020513
001191219080300012020021
008191219080302012070376
004191219080302012170284
003191219080302012050353
006191219080304012160222
008191219080308012080266
004191219080308013030591
002191219080309019100002
002191219080309012170295
008191219080311012110443
004191219080312014030454
002191219080314012150261
003191219080316012050210
009191219080321014020568
002191219080324012140430
004191219080325012180263
006191219080330012060241
008191219080330012120465
002191219080330019020124
003191219080333012040453
002191219080334019050209
004191219080335013030399
009191219080336012110479
002191219080337019020307
001191219080341012030305
001191219080348012060422
006191219080348011000674
009191219080349014020529
006191219080355012010028
002191219080355019090016
008191219080402012120402
002191219080405014030176
004191219080409013030610
009191219080411012120401
009191219080416013020840
004191219080421012150273
001191219080421014010133
004191219080423012140472
001191219080424012030329
002191219080428019110049
002191219080432019010111
009191219080434013020640
004191219080435012140464
002191219080438019050148
008191219080440012080469
002191219080442019010031
002191219080446019050241
002191219080451019050241
006191219080453012030282
002191219080457019060124
002191219080502015030474
004191219080504012130278
009191219080508012070433
009191219080511013020883
009191219080512013020883
004191219080512013030331
004191219080515012020358
009191219080515015020623
008191219080517012070403
001191219080519012050234
006191219080524015090611
009191219080525012090399
006191219080539011000640
002191219080540019020349
002191219080547012140447
002191219080548019050228
008191219080550012090309
006191219080551012030293
002191219080552019020333
004191219080557012170304
001191219080610014010508
004191219080610012180312
008191219080611013020811
009191219080623012110476
006191219080624012160012
002191219080638019040032
009191219080647012120414
006191219080712014010241
008191219080713013020870
009191219080719014020534
004191219080723012140441
002191219080753019020378
002191219080801019050234
002191219080809019050220
002191219080825012130276
001191219080838018010061
002191219080905019020065
002191219080907016000123
009191219080909012110375
004191219080951015030469
009191219080955012120494
003191219081009013010190
002191219081038019010074
001191219081130012010403
002191219081217019020263
002191219081231019060120
002191219081233012170307
002191219081254019020392
001191219081317012050347
004191219081338012150310
001191219081350016000052
002191219081519019010094
002191219081548014030400
008191219081754012080438
001191219081955016000007
001191219081958016000001
001191219082037016000012
002191219083533019090015
002191219083701019030033
004191219083747012130302
003191219090459013010666
002191219110503019010067
002191219121947019110006
003191219125529013010460
002191219125819013030458
001191219125821012010415
001191219142131014010606
004191219152336012170231
002191219155237019040009
009191219155432012070415
004191219155926012130326
004191219155929012150278
004191219155930013030510
003191219155935012030386
004191219160054012140426
004191219160728012170258
002191219162123012170308
006191219163952011000277
004191219164344012170299
004191219164426012160300
004191219164439012180284
004191219164441012180312
002191219164501019030045
001191219164951016000157
009191219165144014020532
009191219165146014020633
004191219165237012160215
004191219165247012140453
001191219165256016000139
001191219165258016000139
001191219165302016000112
001191219165330015010802
001191219165416012010348
009191219165425014020567
003191219165430012040346
003191219165508012010420
001191219165509012010408
003191219165514012030399
004191219165534012150255
004191219165616013030440
004191219165627012160228
002191219165628012170307
001191219165633012040468
003191219165637012060309
004191219165638015030426
004191219165743012150195
009191219165744012110485
002191219165745019050026
001191219165752012050279
002191219165755019020230
003191219165800012010372
003191219165805012010355
008191219165856012110454
009191219165902012070442
003191219165943012040338
008191219165955013020876
008191219170028013020831
008191219170034013020831
002191219170038019100039
009191219170039013020188
009191219170046013020855
009191219170048013020860
009191219170050013020860
009191219170052013020859
009191219170055013020841
008191219170057013020692
008191219170102012100312
009191219170105013020866
008191219170106013020862
008191219170109013020819
009191219170110013020863
009191219170115013020763
009191219170122013020198
006191219170122011000595
008191219170155012120399
008191219170157012120475
009191219170201013020817
006191219170224015090629
002191219170233012130339
006191219170246015090629
004191219170301012150305
002191219170313019020318
006191219170334011000740
003191219170350012040414
002191219170448014030423
008191219170509013020803
002191219170531019100061
009191219170532012110482
008191219170921012080468
008191219170924012080225
008191219170926013020811
009191219170957012080418
008191219171001012080394
006191219171049011000723
008191219171212012080346
008191219171241013020773
006191219171401012080131
003191219172123013010654
003191219172127013010654
002191219173039019060102
002191219173114019110050
002191219173151019060102
002191219173426019060102
009191219173804019020387
002191219175002019010072
002191219175013019050196
003191219175055013010672
001191219175056013010604
004191219175458012140431
002191219175507019020065
001191219175736014010587
001191219175741014010587
001191219175752014010592
001191219175800014010609
001191219175805014010571
001191219175809014010250
001191219175943014010502
003191219180010014010432
001191219180109014010570
002191219180146019110040
002191219180152019110027
001191219180249014010565
002191219180432019020392
002191219180631019110014
002191219180738019010094
001191219180918014010525
001191219180920014010524
003191219180921014010208
001191219180922014010424
003191219180925014010524
001191219181011014010103
001191219181015014010053
001191219181018014010267
003191219181019014010241
001191219181031014010603
006191219181037016010086
009191219181109015020541
001191219181116014010538
001191219181247014010066
001191219181337014010338
001191219181340014010444
001191219181418015010678
001191219181420015020563
001191219181422015010596
001191219181424015010781
001191219181427015010692
001191219181431015010692
001191219181449015010668
001191219181520015010788
001191219181528015010693
001191219181531015010716
001191219181533015010683
002191219181538019030033
001191219181540015010793
002191219181543019030025
002191219181551019050170
001191219181603015010473
002191219181605019050209
008191219181610012120482
001191219181611015010800
001191219181614015010790
001191219181639019110051
001191219181853014010452
002191219182243019090016
002191219182655019050193
001191219182818016010127
001191219182823016010123
008191219182832019050244
001191219183019016010121
001191219183058016010077
001191219183103016010082
001191219183109016010090
001191219183115016010098
001191219183118016010081
001191219183122019010125
001191219183126016000058
001191219183132016000164
001191219183135016000164
001191219183144016010071
001191219183227016000008
001191219183232016000126
001191219183234016000126
001191219183236016000126
001191219183258016000062
002191219183334019020273
001191219183410016000088
001191219183414016000168
001191219183416016000168
001191219183444016000163
001191219183447016000163
001191219183450016000163
001191219183452016000163
001191219183455016000163
001191219183527016000154
001191219183528016000154
006191219183531019100066
002191219183555019060001
002191219183634019040028
006191219183909019100046
002191219184045019070014
002191219184126019010136
002191219184134019050029
002191219184138019100013
002191219184141019100013
002191219184146019100052
002191219184151019010119
006191219184405019100063
009191219184423015010696
009191219184430014020088
002191219184457019010008
002191219184541019090015
002191219184546019010111
002191219184608019040015
002191219184613019040023
002191219184618019050230
002191219184622019060101
002191219184627019040006
002191219184647019040020
002191219184711019040021
002191219184714019040006
002191219184715019040006
002191219184729019010127
002191219184801019040012
002191219184804019030047
002191219184816019040034
002191219184822019040033
001191219184826016000101
001191219184829016000101
009191219184840014020571
002191219184840019040033
002191219184844019040036
002191219184849019040030
002191219184851019040030
002191219184856019040016
009191219184900014020424
002191219184901019040035
009191219184907014020588
002191219184953019040032
009191219184954015020674
009191219184955015020604
009191219184959015020659
009191219185001014020554
009191219185003014020578
008191219185003014020416
006191219185004019100067
009191219185005014020631
008191219185005014020570
009191219185007014020351
006191219185007019100067
009191219185009015020663
009191219185012015020681
009191219185015014020231
008191219185017014020586
009191219185018015020641
009191219185019014020620
008191219185021014020589
009191219185023014020603
008191219185023014020632
009191219185025015020676
009191219185028015020667
009191219185029015020652
009191219185032015020647
008191219185033015020531
009191219185035014020582
009191219185037014020628
008191219185037015020685
008191219185038014020581
009191219185041014020622
008191219185041014020597
008191219185043014020574
009191219185044015020591
009191219185045015020410
008191219185047014020563
009191219185048015020199
009191219185049015020199
001191219185051015020500
009191219185051014020619
008191219185051014020180
009191219185052014020553
004191219185053014030418
009191219185053014020553
009191219185055014020615
008191219185056014020565
008191219185058014020607
009191219185058016000147
002191219185059014030418
009191219185059015020598
008191219185101015020540
009191219185102014020540
008191219185103014020502
009191219185103014020404
008191219185105014020502
009191219185106014020562
008191219185107014020616
009191219185108015020655
008191219185109014020536
009191219185110014020120
009191219185111015020057
008191219185111014020443
009191219185114015020675
002191219185115014030447
008191219185115014020489
009191219185116013020626
008191219185117014020611
009191219185118014020288
008191219185118014020611
008191219185120015020658
009191219185120012100416
009191219185122012100416
008191219185123014020486
008191219185124014020501
009191219185126014020414
008191219185127014020331
008191219185128014020331
008191219185129014020331
009191219185129014020513
008191219185131014020120
009191219185131014020550
009191219185133016000124
008191219185133014020606
006191219185134011000687
009191219185135015020461
008191219185136014020020
006191219185138011000674
009191219185138014020504
008191219185139014020470
009191219185141014020511
006191219185141011000727
008191219185143014020055
006191219185145011000359
008191219185146014020625
006191219185148011000682
006191219185150011000670
008191219185150014020525
006191219185152011000203
006191219185154011000681
006191219185157011000683
006191219185200011000165
008191219185203013020783
006191219185205011000120
006191219185208011000564
008191219185210014020523
009191219185210014020435
006191219185211011000203
006191219185213011000738
009191219185214014020608
006191219185216011000262
008191219185217013020761
006191219185220011000388
009191219185220013020460
006191219185223019100071
008191219185223014020417
006191219185224011000388
003191219185226012020366
002191219185226019010116
009191219185232014020617
006191219185233011000388
009191219185235014020092
002191219185236019020095
009191219185238014020542
001191219185240016000025
001191219185242016000025
008191219185248012090357
008191219185249012090357
009191219185254014020546
006191219185308011000555
006191219185310011000715
009191219185311012070148
006191219185313011000715
009191219185319012070197
002191219185320014030480
006191219185320011000713
002191219185323014030475
002191219185326014030072
006191219185326011000713
002191219185327013030349
009191219185327012090041
002191219185329013030618
001191219185330016000073
002191219185333016000144
002191219185334015030442
001191219185335019030038
002191219185336015030383
004191219185337014030475
004191219185338012010341
002191219185338015030337
002191219185340014030444
004191219185340014030456
006191219185341011000725
009191219185341014020413
002191219185343015030466
002191219185344014030250
002191219185348013030631
002191219185351014030365
002191219185353014030450
002191219185356014030476
004191219185358014030160
002191219185400015030451
004191219185402012130303
002191219185402014030424
004191219185406014030454
002191219185407014030425
004191219185409015030389
002191219185410015030101
002191219185412015030402
004191219185412015030246
004191219185414014030334
002191219185414015030458
002191219185415012140409
006191219185415011000722
002191219185416015030343
002191219185417015030458
004191219185418014030390
002191219185419014030381
004191219185421015030438
002191219185421015030244
004191219185423015030343
002191219185423015030410
004191219185425014030381
002191219185425014030336
002191219185427012140409
002191219185428014030374
002191219185429019030032
004191219185430014030438
002191219185431016000123
004191219185432014030077
002191219185433015030461
001191219185433019010128
009191219185433012070435
004191219185435014030393
002191219185436015030458
002191219185438014030373
002191219185442014030325
004191219185443012130327
002191219185444014030449
004191219185447015030395
004191219185450015030439
002191219185451015030468
002191219185454015030473
004191219185454013030485
004191219185456015030439
002191219185457015030388
004191219185500015030467
006191219185501011000525
002191219185502014030087
006191219185502015090568
004191219185503014030430
006191219185505011000445
004191219185507013030644
006191219185508011000632
002191219185509012130316
008191219185509012080284
006191219185509011000732
002191219185510012140441
004191219185510014030087
009191219185510015020630
002191219185510019030042
006191219185510011000398
002191219185513012130116
006191219185513015090620
002191219185514019030022
002191219185517014030489
006191219185517019100008
002191219185519019050195
009191219185519012100224
008191219185519012100367
006191219185519011000724
002191219185520014030366
004191219185521012140446
006191219185521019100065
004191219185524012150128
009191219185524012100449
002191219185525014030478
004191219185527012130344
002191219185528014030267
009191219185528012100224
002191219185530012170305
009191219185531012100449
004191219185532013030530
002191219185534012170264
004191219185535013030084
002191219185537014030305
009191219185537012090377
004191219185538012170222
002191219185538019050225
008191219185538013020850
004191219185539013030399
002191219185539014030055
004191219185540014030398
009191219185540012090348
002191219185541014030471
004191219185542013030399
002191219185543012180106
004191219185544013030496
002191219185545012130102
002191219185547012140430
004191219185547013030605
002191219185547019050238
002191219185549012150314
004191219185550013030264
002191219185550012170280
002191219185551012170277
008191219185551013020683
004191219185552013030576
002191219185552012140235
002191219185554012140379
004191219185554013030199
002191219185555012150261
008191219185555012080350
004191219185556013030516
002191219185557012140447
004191219185559012130264
008191219185559012100318
009191219185600012090341
002191219185601015030477
004191219185601013030382
008191219185602012090383
002191219185603015030279
009191219185603012100450
002191219185604015030478
004191219185605012150309
009191219185605012100450
008191219185606012070338
006191219185607015090632
002191219185608013030638
004191219185608013030246
002191219185610012130276
004191219185610013030504
009191219185613013020797
008191219185613012090413
002191219185614014030416
004191219185614013030558
009191219185615012070236
004191219185616013030354
002191219185617012130336
006191219185618011000731
009191219185618012100443
004191219185619012140374
008191219185619012080425
004191219185624012160136
002191219185625012130297
004191219185626013030609
008191219185626013020778
009191219185626012120354
002191219185627012130288
001191219185628012010361
002191219185630015030423
008191219185630013020536
008191219185632012070193
004191219185633012170291
002191219185635012140148
004191219185635012130286
008191219185635013020851
006191219185637011000675
008191219185639013020879
009191219185639012070437
002191219185640012140425
008191219185642013020838
008191219185645013020858
004191219185646012140420
008191219185646013020858
009191219185646012070433
002191219185648012140449
009191219185649013020833
009191219185651015020681
004191219185652012130059
009191219185652015020681
009191219185654015020669
002191219185655014030031
009191219185656015020620
008191219185658012070426
002191219185659014030096
009191219185659012080458
004191219185700012140456
008191219185701012070264
009191219185702012070417
006191219185702011000668
006191219185703011000739
006191219185705011000717
009191219185706012110424
006191219185707011000668
004191219185708012150311
002191219185708014030399
008191219185708012110412
002191219185711014030458
008191219185711012110461
006191219185713011000700
006191219185714015090616
008191219185714013020660
006191219185716011000729
004191219185717012180249
008191219185717012100284
003191219185718012060015
006191219185719013020326
008191219185719013020826
001191219185721012010201
001191219185722012010254
001191219185722015090632
006191219185722011000728
003191219185723012050303
001191219185724012030397
008191219185724013020067
002191219185725012140389
003191219185725013010716
001191219185725012010409
009191219185725013020703
003191219185726012040397
006191219185727011000737
001191219185728012050310
003191219185728012050225
009191219185728013020504
008191219185728012110491
002191219185729014030484
009191219185729013020884
003191219185731013010625
001191219185731012040354
001191219185731015010763
001191219185732012050179
009191219185732012110373
008191219185733013020844
001191219185734012010028
003191219185734012030342
001191219185734018010067
009191219185734012070357
003191219185735012060421
002191219185736014030279
001191219185736012020325
008191219185736013020769
002191219185736019110013
003191219185737012030316
001191219185737012030363
009191219185737015020640
009191219185738012070286
001191219185739012020325
002191219185739014030159
003191219185739013010808
008191219185739013020409
003191219185740012060221
003191219185741013010426
008191219185741013020843
009191219185741012090309
002191219185742014030331
001191219185742013010747
003191219185743012010413
002191219185744014030490
001191219185744012030349
003191219185745013010769
009191219185745012090388
006191219185745015090618
008191219185745012090391
008191219185746013020701
003191219185747013010244
009191219185747013020643
003191219185749012060359
001191219185749013010797
008191219185749013020825
004191219185750014030021
009191219185750012070308
008191219185751013020572
004191219185752014030109
003191219185752012060396
001191219185752012060397
006191219185752011000001
003191219185753013010737
001191219185754013010805
008191219185754013020397
001191219185754015030454
001191219185755012020383
003191219185755012030282
008191219185755013020397
006191219185755011000408
001191219185756013010688
008191219185756013020255
003191219185758012060388
001191219185758013010023
003191219185759013010560
008191219185759013020793
002191219185800014030452
001191219185800013010751
009191219185800012100419
002191219185800019010109
001191219185801013010743
002191219185801014030088
006191219185801011000408
004191219185802012140435
003191219185802013010631
001191219185802013010798
008191219185802013020554
003191219185803012030261
002191219185804012130049
009191219185804012090267
008191219185804012110474
002191219185804019110005
001191219185805015010001
001191219185805012010237
006191219185805015090617
003191219185806013010759
008191219185806013020836
004191219185807012130298
001191219185807012050367
002191219185807013030647
001191219185808013010804
006191219185808011000735
001191219185809014010617
003191219185809012020399
008191219185809013020745
009191219185809012070010
001191219185810013010783
003191219185810012010401
004191219185810012150307
002191219185810012180261
006191219185810011000408
001191219185811012040450
008191219185811013020610
004191219185812012150312
006191219185812011000735
003191219185813012050359
001191219185813012020345
001191219185814014010615
004191219185814012150271
006191219185814011000706
003191219185815012020390
004191219185816012180046
001191219185816013010712
008191219185816013020428
006191219185816011000408
003191219185818013010001
004191219185818012180313
008191219185818012110416
002191219185818019100070
006191219185819011000677
003191219185820012050194
004191219185821012170290
006191219185821011000635
008191219185821012110416
003191219185823013010190
006191219185823011000639
004191219185824012150286
006191219185825011000694
003191219185826013010795
002191219185827014030174
001191219185828012020333
003191219185828013010793
006191219185828015090611
002191219185829013030584
001191219185829012050331
006191219185829011000440
008191219185829013020877
004191219185830012160285
003191219185830013010693
001191219185831012040426
006191219185831011000263
002191219185832014030459
001191219185832015100560
003191219185833013010772
001191219185833012010382
004191219185834012130341
001191219185834012020367
006191219185834011000692
002191219185835014030299
003191219185835013010781
008191219185835012110382
002191219185836015030187
004191219185836013030636
006191219185836011000662
003191219185837013010791
006191219185837011000601
002191219185838012170293
008191219185838012110494
003191219185839012060389
004191219185839012170144
006191219185839011000710
008191219185841013020835
002191219185842012130250
003191219185842013010522
002191219185842019030001
006191219185842011000726
004191219185843012170193
001191219185843012050057
009191219185843013020883
006191219185844011000276
004191219185845013030636
008191219185845012070390
003191219185846013010601
003191219185847012060229
004191219185847012150303
006191219185847011000733
008191219185848012110421
003191219185849012050254
004191219185850012140463
008191219185850013020835
006191219185851011000640
004191219185852012170054
003191219185852012050307
009191219185852013020864
001191219185854013010641
006191219185854012020340
008191219185854012100134
004191219185855012150190
009191219185855012110486
008191219185856012100411
001191219185857012040425
006191219185857011000741
002191219185859012160313
003191219185859013010624
006191219185859011000598
008191219185859012090300
004191219185900012170284
004191219185901013030607
006191219185901013010015
002191219185902013030222
003191219185903013010767
004191219185903012130285
002191219185904012130290
006191219185904011000568
004191219185905012180220
009191219185905012120476
001191219185905018010066
006191219185906011000026
008191219185906013020748
004191219185908012140388
008191219185908012070360
001191219185909013010755
004191219185909013030617
009191219185909012110477
006191219185909011000473
009191219185910012120479
008191219185911013020848
006191219185911011000283
004191219185912012160301
002191219185913019100068
009191219185913013020818
006191219185913011000678
004191219185914012170056
003191219185914012040443
008191219185914013020795
001191219185916013010549
009191219185916013020857
006191219185916011000439
003191219185917012010293
004191219185917013030634
008191219185917012120306
002191219185917019100072
009191219185918012110143
004191219185919013030633
009191219185919012110143
008191219185919012070387
003191219185920013010785
006191219185920011000231
004191219185921012180263
004191219185922013030624
008191219185922012120412
003191219185923013010413
006191219185923011000643
009191219185923012090419
004191219185924012180262
003191219185924013010575
002191219185924012160312
002191219185925012170275
006191219185925011000690
001191219185926012020111
003191219185927012010173
004191219185927013030372
008191219185927012110442
006191219185927011000704
004191219185928012150293
003191219185930012010337
008191219185930012090410
006191219185930011000651
004191219185931012170257
001191219185931012060368
004191219185932013030565
002191219185932015030431
001191219185932012100385
008191219185932012110354
006191219185932011000517
003191219185933012050009
004191219185934012160293
001191219185935012010389
006191219185935011000691
009191219185935012120440
003191219185936013010215
004191219185937012130214
004191219185938012150198
006191219185938011000648
003191219185939012010426
002191219185940012140452
003191219185941012020137
004191219185941012180296
006191219185941011000343
001191219185942018010065
006191219185943011000534
004191219185944012140167
003191219185945012060356
006191219185945011000686
001191219185946012040438
004191219185946012170292
009191219185948012100257
004191219185949012160149
006191219185949011000566
001191219185950018010069
006191219185950012020037
009191219185950012100311
003191219185951013010777
008191219185951012120402
009191219185951012100311
004191219185952012160289
009191219185953012110476
006191219185955011000594
009191219185955012110409
001191219185956015010669
003191219185956012040453
006191219185956011000026
001191219185956018010047
009191219185957012120464
001191219185958012030196
002191219185958014030150
001191219185959012030305
001191219185959018010068
006191219185959011000594
003191219190001012010329
006191219190001011000586
001191219190003012030196
002191219190003012180305
009191219190003012120481
001191219190003018010071
006191219190003011000636
002191219190004012160275
002191219190005019100028
004191219190006012170073
001191219190006012030305
006191219190006013010151
001191219190007018010054
004191219190009012170279
006191219190009011000498
001191219190010018010070
004191219190011012130210
006191219190012011000730
008191219190012012120414
003191219190014012040466
002191219190014019020083
006191219190014011000699
004191219190015012130322
001191219190015018010061
003191219190017013010646
006191219190017011000581
002191219190017019020124
004191219190019012150301
003191219190020012040442
001191219190020018010008
006191219190021011000719
003191219190022012050356
006191219190022011000720
009191219190024015020623
006191219190025011000718
003191219190026012050210
009191219190026015020623
006191219190027015090579
002191219190027019100002
008191219190027015020679
001191219190028013010479
003191219190029012050341
001191219190029018010059
006191219190030011000573
008191219190030012110164
001191219190031013010035
002191219190031019050239
003191219190032012040467
006191219190032011000736
001191219190033012060095
001191219190033018010059
008191219190034015020657
003191219190035012040447
004191219190035012130223
009191219190035012110375
001191219190036013010021
001191219190036018010072
003191219190037012050028
008191219190037012070441
001191219190037018010072
004191219190038012160114
006191219190038011000574
001191219190039018010072
003191219190041013010331
008191219190041013020867
001191219190042013010700
006191219190042011000736
006191219190043012020010
002191219190043019050091
001191219190044013010762
003191219190045013010550
001191219190046012040446
008191219190046015020664
006191219190047011000169
001191219190049012040446
004191219190049012150263
006191219190049015090628
003191219190051013010710
006191219190051015090633
001191219190055012040410
008191219190055013020823
006191219190056012090035
009191219190056012110478
004191219190059012150319
001191219190059012050308
006191219190059011000491
008191219190059012070366
006191219190102015090631
001191219190103015100551
003191219190104013010758
001191219190106015100559
006191219190107011000258
003191219190111012020392
002191219190111019020383
006191219190111015090580
008191219190113012120498
006191219190114011000041
001191219190116012010277
006191219190117011000410
001191219190118015100556
006191219190120011000422
001191219190121015100557
006191219190123011000656
001191219190125015100543
006191219190126011000656
002191219190129019060107
001191219190130012050360
006191219190130011000422
006191219190133015090627
003191219190134012040373
004191219190134012180206
002191219190135012150226
002191219190135019100032
006191219190137011000627
008191219190137012120499
002191219190138012150226
008191219190138012120499
002191219190140019100044
006191219190140015090608
002191219190141012170309
008191219190142013020154
006191219190143015090608
009191219190145015020013
008191219190145013020878
006191219190146011000627
004191219190147012170217
003191219190147012030338
008191219190147013020874
003191219190148012040477
004191219190150012160311
006191219190150011000078
008191219190150012110455
002191219190152012140475
003191219190152013010682
008191219190152013020068
001191219190154013030157
003191219190155012040445
008191219190155013020726
006191219190155011000666
004191219190156012150100
008191219190157012110466
006191219190158015090621
004191219190159012150196
008191219190159012110378
001191219190200012040462
002191219190201013030642
008191219190201013020766
006191219190201011000627
004191219190203013030508
008191219190203013020873
006191219190204015090621
008191219190206013020812
008191219190207013020758
004191219190208012150241
006191219190209011000051
008191219190209012120470
009191219190211012110427
008191219190212013020755
008191219190213013020790
003191219190216015010704
008191219190216013020689
008191219190219013020674
008191219190222013020747
008191219190225013020781
008191219190227012100323
001191219190228014010157
001191219190229014010614
001191219190231014010578
003191219190235015010690
009191219190240012120454
009191219190242012120454
009191219190243012120454
009191219190245012120454
008191219190246012080163
009191219190247013020586
003191219190248013010259
002191219190251015030459
002191219190301019020127
004191219190303019020149
008191219190307013020820
002191219190308019020150
004191219190309012140337
008191219190309013020808
003191219190310012040417
008191219190312013020723
009191219190312013020425
001191219190313012010377
003191219190314013010735
004191219190315012140465
003191219190316012020352
003191219190317012030381
002191219190319019050128
004191219190320012150249
003191219190321012040420
009191219190321015020688
001191219190322013010213
008191219190324013020870
001191219190334012060372
008191219190336012080114
001191219190337013010734
004191219190338012160231
002191219190342019050094
008191219190345013020849
001191219190356012020013
008191219190402012120419
002191219190409019060003
003191219190412012050238
003191219190424012030230
008191219190425013020840
008191219190427013020799
009191219190430012080462
003191219190432012050350
008191219190433013020640
004191219190451012130314
003191219190500012030317
009191219190502015020022
009191219190503015020022
004191219190517012130295
001191219190538018010055
003191219190615013010567
003191219190700012030366
002191219190800019050183
004191219190806015030351
002191219190807019080001
002191219190852019050234
002191219190856019050220
002191219190910019070038
002191219191144019020007
002191219191302019110046
002191219191307019050148
002191219191310019050213
002191219191318019110048
002191219191339019050246
004191219191346012130329
002191219191346019110033
002191219191350012130329
002191219191405019020221
002191219191415019020349
002191219191443019010135
002191219191530019050224
002191219191534019110049
002191219191541019040001
002191219191635019020180
002191219192014019070031
002191219192944019040024
001191219193048019030050
001191219193130016010110
001191219193133016010125
001191219193136016010105
001191219193141016010106
008191219193143016010129
001191219193146016010095
001191219193149016010100
001191219193210016010131
001191219193237016010122
001191219193243016010119
001191219193248016010124
002191219193251019070001
001191219193301016010048
001191219193306016010084
001191219193311016010050
001191219193317016010079
001191219193322016010045
001191219193327016010073
001191219193412016010130
002191219193431019020103
001191219193443016010056
001191219193447016010032
001191219193801019050188
001191219193803019050188
002191219193941019060120
002191219194043019050217
002191219194131019050237
002191219194134019050126
002191219194154019050244
002191219194229019050237
002191219194242019050241
002191219194335019050112
002191219194402016000090
002191219194641019050084
002191219194703019020211
002191219194958019020275
002191219195026019020263
003191219195302012020016
003191219195325012020016
003191219195349015010798
001191219195351014010613
003191219195352012100442
001191219195354014010563
001191219195357014010295
001191219195400014010604
008191219195404013020542
008191219195405012120401
009191219195409012120415
008191219195409013020606
003191219195410012020352
002191219195410012130302
004191219195411012130319
009191219195412012080383
008191219195412013020543
002191219195414012130312
002191219195417015030434
004191219195418012180299
002191219195419012130312
002191219195422012150201
003191219195424013010727
003191219195426013010662
004191219195426012130091
002191219195426012130165
003191219195430012060241
002191219195432012140445
003191219195432012010309
001191219195433015010737
003191219195433013010776
009191219195434014020594
009191219195435014020630
008191219195435012080459
003191219195436013010740
003191219195437013010730
001191219195438012020228
009191219195438014020634
008191219195438012120484
003191219195439013010321
001191219195440012010376
003191219195442013010666
001191219195443014010510
001191219195445014010573
003191219195445013010787
008191219195445012090302
001191219195446012020274
003191219195448013010806
001191219195449014010457
001191219195450014010584
004191219195450012140461
003191219195450012050195
008191219195450012120465
004191219195452012140363
001191219195452014010605
003191219195452012010425
009191219195452012070448
001191219195454014010580
009191219195455012070448
001191219195456014010581
003191219195457012020402
001191219195458012010338
003191219195458013010004
001191219195501015010795
004191219195502012180271
001191219195502013010006
003191219195502014010575
002191219195503012140458
009191219195503013020515
001191219195504015010795
004191219195505012170178
001191219195505012020388
003191219195506012060364
001191219195507012040461
001191219195509014010526
008191219195511012070344
001191219195512015010797
003191219195512015010805
001191219195514015010796
001191219195516015010632
003191219195516012020300
004191219195517012140462
001191219195518015010753
003191219195519012030276
001191219195520015010784
003191219195521012030036
001191219195523014010539
003191219195528012020381
003191219195529012030355
001191219195529012010247
001191219195531012010393
003191219195533012030401
009191219195533013020832
001191219195535012030376
006191219195537013020581
001191219195538013010011
003191219195539015010780
001191219195539014010607
008191219195540012110487
003191219195542014010436
001191219195543012020382
003191219195545013010765
008191219195545012100307
009191219195547013020282
008191219195548012100430
009191219195549013020810
003191219195550013010780
003191219195551012020021
001191219195552015010766
008191219195553012100398
003191219195555013010520
001191219195555015010807
008191219195555012100329
002191219195556012130317
001191219195558012010011
003191219195558012020389
008191219195558012100201
001191219195601012030365
003191219195601013010505
008191219195601012110480
003191219195604013010007
008191219195604012120473
009191219195606012120489
008191219195606012100358
004191219195607012130014
009191219195608015020577
002191219195609012180257
004191219195610012130284
003191219195611012060410
009191219195611015020687
008191219195612014020627
002191219195614012180257
003191219195614013010799
008191219195614012100218
001191219195615012030385
004191219195616012150310
009191219195617012070429
001191219195618012020311
008191219195619012120124
004191219195620012130267
003191219195621012030335
009191219195621012090375
008191219195621012120474
001191219195623012020385
008191219195623012100280
004191219195624012140470
003191219195624012060426
009191219195624013020822
001191219195625013010347
009191219195627015020535
001191219195628013010358
009191219195630015020451
008191219195630012070431
003191219195631013010763
001191219195631015010786
004191219195632012150260
001191219195633012060403
004191219195634012140457
001191219195634012050343
003191219195634012050354
001191219195636012050334
004191219195637012130334
003191219195637012010405
008191219195637012090393
001191219195638012050285
002191219195638012160230
003191219195640012030303
001191219195641012060005
003191219195642013010774
004191219195642014030440
001191219195644012060387
003191219195645012030256
001191219195646012060349
003191219195647015010794
001191219195648012050315
001191219195650012030266
003191219195650013010807
009191219195651012070321
003191219195652013010117
001191219195652014010492
003191219195654015010721
008191219195654012120483
001191219195655014010537
003191219195657015010550
003191219195702013010724
009191219195702015020660
008191219195702012090279
001191219195703012010162
008191219195704012070376
003191219195705015010769
001191219195705012060405
009191219195705015020618
002191219195706014030356
003191219195707015010783
008191219195707015020635
001191219195708012030368
002191219195708019020307
003191219195709012020391
001191219195709012050348
002191219195709012150135
008191219195709012090400
003191219195711013010577
004191219195711012140408
008191219195711012080361
002191219195711019020286
002191219195712012130338
001191219195712015010789
008191219195713012120196
003191219195714013010294
004191219195714012140043
002191219195715012140405
002191219195716015030262
004191219195716012140429
001191219195717012020121
008191219195717012070411
004191219195718012140444
002191219195719012150069
008191219195719012090344
009191219195719012070443
001191219195720015010717
004191219195721012140225
002191219195722012160296
004191219195722012150320
001191219195722012050224
009191219195722012100347
008191219195722012110160
009191219195723012080448
001191219195724012010421
004191219195724012140434
002191219195725012130242
004191219195726013030535
003191219195726013010653
008191219195726012100006
009191219195726012100441
004191219195728012150297
008191219195728012100334
009191219195728012070421
003191219195729013010580
003191219195730012050353
008191219195730012100364
002191219195732012140086
008191219195732012100405
004191219195733012130335
009191219195734012080017
002191219195735012150304
008191219195735012100380
004191219195736012150287
001191219195736012030300
003191219195736012030405
004191219195737012180185
002191219195737012150290
009191219195737012080467
008191219195737012120377
001191219195739013010446
003191219195739012050351
008191219195739012070440
002191219195740012130075
004191219195740012160315
009191219195740012120448
001191219195741014010003
009191219195741012090291
003191219195742012060420
008191219195742012080419
004191219195743012160243
001191219195743012010414
003191219195744012060434
004191219195744012160298
008191219195744012100322
008191219195745012110467
003191219195746012030403
002191219195746012130280
004191219195746012150294
009191219195746012090150
004191219195747012160272
001191219195748012040464
008191219195748012110458
009191219195749012090220
002191219195750012160222
004191219195750012130345
001191219195751012030350
008191219195751012120434
009191219195751012090220
001191219195752012020344
001191219195753012010292
008191219195753012100327
003191219195754012030293
009191219195754012100424
002191219195755012170053
001191219195756012010019
008191219195756013020562
009191219195756012120393
004191219195758012180266
002191219195758013030641
008191219195758012120433
009191219195759012120395
002191219195801012150203
003191219195801013010768
008191219195801012120368
009191219195802012070444
002191219195803014030470
003191219195804012020403
008191219195804012110414
003191219195805012040192
009191219195805014020626
002191219195806012130330
004191219195806012170053
008191219195806012090248
003191219195807013010014
009191219195807013020882
002191219195808012170271
008191219195808012110464
003191219195809012010422
009191219195809012110087
004191219195810014030437
002191219195810012170303
009191219195811013020882
008191219195811012110400
002191219195812012150315
004191219195813012150203
003191219195813012030400
008191219195814012120493
009191219195814013020882
001191219195815013010677
002191219195815012140468
009191219195815015020638
008191219195815012120425
003191219195816012050266
001191219195816012020322
004191219195816014030056
009191219195816012090406
004191219195817015030443
002191219195818012180287
003191219195818012040376
008191219195818012110446
009191219195818012070439
001191219195819012030390
004191219195819012130205
009191219195819012110406
001191219195820012030304
003191219195820012020358
003191219195820013010770
008191219195820012100418
002191219195821012130343
009191219195821012110406
002191219195822012180308
004191219195822012140149
003191219195822013010770
008191219195822012070445
009191219195822012090351
001191219195823012050234
004191219195823012170127
003191219195823012050123
008191219195823012110495
002191219195824019050205
009191219195824012090407
004191219195826012130270
001191219195826012040293
008191219195826013020738
004191219195827012160310
003191219195827012040337
009191219195827015020624
003191219195828015010792
008191219195828012080220
004191219195830012140473
001191219195830015010761
003191219195830012050345
009191219195830015020568
008191219195831012110484
001191219195832012020285
002191219195832015030476
008191219195832013020852
003191219195833013010702
001191219195833012050183
004191219195833012160310
009191219195833015020386
002191219195834012150250
001191219195835012010400
004191219195836012160271
008191219195836012090404
001191219195837012060407
004191219195837012180272
003191219195837013010788
001191219195838012050344
003191219195839013010803
008191219195839012110340
001191219195840012050213
002191219195840015030474
004191219195840012150270
008191219195840012110404
009191219195840012080267
003191219195841013010739
002191219195842012170286
009191219195842012110483
008191219195842015020386
001191219195843013010761
004191219195843015030445
001191219195843012040131
002191219195843019110037
001191219195844012040405
003191219195844012040353
002191219195844012150283
008191219195844012080364
009191219195844012110443
004191219195845012170194
001191219195846012050309
003191219195846013010473
001191219195847012010410
004191219195847015030457
008191219195847012080438
009191219195847014020592
003191219195848012020286
004191219195849012180258
002191219195849019110037
003191219195850012040273
001191219195850012050147
009191219195850012110377
008191219195851013020721
001191219195852012060259
003191219195852012030194
002191219195852012140469
004191219195852013030562
009191219195853012120494
001191219195854012040458
003191219195854012030372
008191219195854012100425
001191219195855012060415
003191219195856012060374
004191219195856015030106
009191219195856012100400
001191219195857013010176
009191219195857015020678
008191219195857012090396
003191219195858012030194
004191219195859013030550
001191219195859012030387
009191219195859012100169
008191219195900012080373
003191219195901012060379
001191219195901012020324
009191219195901015020639
004191219195902012170228
008191219195903012110223
009191219195903012070331
003191219195904012050204
004191219195904012170286
001191219195904012030352
008191219195905012120431
004191219195906012140469
003191219195906012050311
001191219195906012030353
009191219195906014020618
001191219195907012020002
008191219195907012070384
009191219195907012110397
003191219195909013010270
001191219195909015010615
004191219195910012170265
009191219195910012120487
008191219195910012090417
008191219195912012090333
004191219195913012170209
003191219195913012050368
009191219195913012090343
009191219195914012110438
008191219195915012070358
003191219195916012030328
004191219195916013030071
009191219195916012110489
003191219195917012050366
002191219195917012160012
008191219195917012090256
001191219195918012030356
009191219195918012110437
008191219195919014020598
003191219195920012030095
002191219195921013030587
001191219195921015010804
009191219195921012070450
003191219195922012030396
008191219195922013020780
003191219195924012020400
002191219195924015030444
001191219195924015010731
008191219195924012100429
009191219195924015020686
009191219195925012120491
001191219195926015010787
008191219195926012070403
003191219195927013010529
008191219195927012120444
001191219195928012040209
009191219195928012080470
003191219195930013010714
008191219195930012120301
004191219195931012160190
001191219195931015010774
009191219195931012080408
008191219195932012100428
001191219195933015010752
003191219195933012040437
009191219195934012080427
008191219195934012120242
003191219195936012060414
008191219195936012100445
009191219195936012110488
001191219195937012010340
009191219195938012070447
002191219195938019060124
008191219195938012100436
003191219195939012060427
001191219195939012050358
008191219195939015020686
003191219195940015010751
004191219195940012170235
001191219195940012050222
009191219195940012120491
003191219195942012040423
009191219195942012080266
002191219195943012130263
008191219195943012120199
002191219195943019060097
003191219195944012040429
008191219195944012100436
009191219195945012120488
003191219195947013010515
009191219195947012120488
008191219195947012090394
009191219195949012070006
001191219195950012020086
003191219195950012060398
004191219195951012160163
008191219195951012100446
009191219195951012080430
003191219195952013010726
008191219195953012080375
001191219195954012010014
008191219195954012080424
002191219195955015030362
003191219195955012040406
004191219195956012160236
001191219195957012040465
008191219195957012110410
003191219195958012010398
009191219195958012090399
004191219195959013030603
008191219195959012110353
004191219200002012170298
003191219200002012050313
001191219200002012050217
009191219200002012070410
008191219200003012090345
002191219200004012160280
004191219200004012140437
003191219200005013010296
009191219200005012070244
008191219200006012070438
002191219200007013030596
003191219200007013010598
004191219200007012160256
009191219200008012100350
004191219200009012170297
008191219200009012080127
002191219200010013030563
003191219200010012040300
003191219200011012020162
009191219200011015020668
004191219200012012180292
008191219200012013020438
004191219200013012170219
003191219200013012060312
008191219200013014020623
009191219200013012070407
003191219200015012060166
009191219200015015020671
004191219200016012170195
008191219200016013020813
009191219200018012090416
008191219200018012080457
003191219200019012060360
008191219200020012080135
009191219200020012100381
002191219200021013030518
009191219200021012120463
003191219200022013010650
004191219200022012150171
009191219200022012120143
008191219200023012080007
002191219200024015030455
009191219200024015020580
003191219200025012010327
004191219200025012150268
009191219200025015020029
008191219200026012110351
004191219200027013030339
009191219200027015020677
003191219200028012050085
008191219200030012110151
003191219200031012060432
009191219200031015020545
004191219200033012170146
001191219200033012010403
009191219200033012080078
003191219200034013010365
004191219200035012160143
001191219200035012030242
001191219200036012040444
009191219200036012080297
008191219200036012100434
003191219200037012060378
004191219200038013030498
001191219200039015010785
009191219200039012070187
003191219200040012020398
001191219200041012020368
004191219200041015030368
009191219200041012100451
008191219200041012080360
003191219200042012040454
008191219200043015020646
004191219200044012180159
009191219200044015020502
008191219200045012080428
009191219200045012080453
002191219200047019050216
009191219200047012100451
003191219200048012040452
008191219200048012080456
001191219200050012020396
004191219200050012160085
009191219200051012100434
008191219200051012100223
003191219200052012020008
008191219200053012070392
001191219200054012010423
004191219200054012170020
009191219200054012080123
003191219200055013010009
004191219200056012160021
009191219200056012080343
008191219200056012080380
004191219200058012180158
003191219200058012060384
009191219200059012090379
008191219200100012090350
004191219200101012150273
003191219200101012040382
009191219200101012080447
003191219200102015010687
004191219200104012160088
008191219200104012090330
009191219200104012090372
003191219200105013010541
004191219200106012140154
001191219200106012040471
009191219200107012110479
003191219200108012010387
002191219200108015030441
008191219200108013020574
001191219200109012040403
003191219200110012040476
008191219200111012080452
003191219200113013010542
009191219200113012110004
004191219200114012140088
008191219200115012090408
003191219200116012050364
001191219200117012060353
004191219200117013030614
003191219200117012040473
008191219200117012090411
003191219200120012030344
004191219200120012140471
008191219200120012080189
002191219200122012180260
009191219200122012080463
001191219200123013010059
008191219200123012080429
003191219200124013010651
003191219200126013010733
001191219200126012060422
008191219200127012090339
009191219200128012090423
001191219200129012030361
004191219200129012180260
008191219200129012100394
003191219200130013010794
009191219200130012070432
001191219200131012030404
009191219200132012070414
008191219200133012110367
002191219200134015030469
009191219200135012080469
002191219200137015030247
001191219200138012050347
009191219200139012070427
001191219200140012060369
001191219200141012040433
003191219200141013010606
009191219200141012080469
001191219200143012060416
003191219200143013010392
002191219200143019020363
003191219200145013010732
001191219200146012030329
001191219200148012030333
008191219200148013020702
002191219200149019050242
001191219200152012060383
009191219200152012090405
008191219200152012080466
002191219200154012170287
001191219200155012040355
009191219200155012090405
003191219200156012030402
009191219200158012100252
003191219200202012030351
001191219200202012010419
004191219200203012180278
004191219200206012140460
003191219200207012050357
002191219200207012130254
004191219200210012160075
001191219200213012010385
008191219200218012090402
002191219200220019050235
003191219200223013010695
002191219200223015030470
003191219200225012020279
001191219200225015010808
002191219200229019020326
003191219200230012050365
001191219200231012050129
008191219200232015020680
002191219200232019020353
003191219200233012050363
008191219200234012100047
009191219200234012090380
004191219200235012140421
001191219200236012010424
003191219200240015010791
001191219200242012040222
003191219200248013010800
004191219200257015030356
004191219200259015030168
003191219200300012030377
004191219200302012160282
003191219200302012030406
002191219200304019020382
002191219200306019020327
002191219200309019020394
002191219200320012180157
002191219200323012180275
003191219200324012040469
008191219200324019020403
003191219200326012040459
001191219200326012020269
008191219200327012070382
002191219200329019020379
008191219200331012080396
008191219200334013020753
002191219200335019020399
001191219200336015010758
003191219200336015010610
002191219200336012160224
008191219200336013020706
002191219200339012170077
004191219200340012140443
008191219200340012090335
004191219200345012160224
008191219200347012100432
004191219200349012160104
004191219200351012170295
004191219200353012160233
008191219200353012120421
001191219200354012040367
004191219200355012160087
009191219200355012100432
003191219200357012010190
001191219200357012010364
008191219200357012120486
004191219200358012180171
001191219200400012010010
009191219200400012120421
009191219200402012120486
009191219200403012100432
009191219200404012120350
002191219200405015030386
004191219200408012180307
008191219200409012080413
002191219200410012130337
008191219200412012080454
002191219200417019110002
004191219200420012150299
002191219200420012170266
009191219200420012120490
004191219200423012160307
001191219200424013010199
002191219200426012140442
002191219200427012150299
004191219200427012170253
002191219200430012180252
008191219200431012080414
004191219200432012180301
002191219200432019050245
004191219200436012180301
003191219200443012060431
001191219200443015030112
004191219200445015030306
002191219200448019010108
002191219200450012160291
004191219200452015030437
004191219200456012170267
002191219200458019050214
004191219200512012180277
004191219200514012180251
008191219200523012080366
004191219200524012140466
009191219200526012080366
009191219200536012110481
002191219200549019020378
002191219200552019050240
002191219200603019020313
008191219200647012110297
001191219200659019020340
002191219200714019020346
002191219200728019020393
002191219200733019020323
002191219200736019020393
002191219200755019020333
002191219200759019020231
001191219200804019020402
003191219200809019020282
002191219200810019020186
002191219200820019020301
002191219200901019020397
002191219200904019020079
001191219200933019020373
002191219200948019050228
002191219200957019060123
002191219201002019060119
002191219201006019060113
002191219201008019060103
002191219201011019060095
002191219201051019020377
002191219201054019020372
002191219201120019050247
002191219201307019020374
002191219201312019020389
002191219201315019020398
002191219201318019020398
002191219201326019020335
002191219201356019020402
002191219201710019020368
002191219201713019020401
002191219201717019020401
001191219203607016010120
001191219203624016010024
001191219203754019060076
001191219203944019060076
002191219204056019060114
002191219204538019030049
002191219205135019010124
002191219205234019010074
002191219205245019010074
001191219205344014010536
001191219205346015010407
001191219205348015010682
001191219205350014010555
001191219205352015010129
001191219205354014010612
001191219205355015010017
001191219205358014010357
001191219205401014010493
001191219205424014010011
001191219205457016000064
001191219205500014010535
001191219205720014010200
001191219205722014010569
001191219205725014010460
001191219205727014010068
001191219205733014010411
001191219205735014010440
001191219205742016000169
003191219205813019110043
001211219072231016010095
001211219072235016010121
001211219072239016010081
001211219072244016010071
001211219072252016010098
001211219072302016010130
001211219072317016010056
001211219072330016010125
001211219072334016010106
001211219072340016010050
001211219072349016010110
001211219072458016010131
001211219072505016010073
001211219072530016010090
001211219072535016010045
001211219072607016010100
001211219072609016010119
001211219072619016010077
002211219072755014030055
001211219072803016010024
001211219072808016000073
002211219072814014030374
009211219072816013020438
001211219072853016010079
002211219072854019030022
001211219072925016010080
001211219072944016010048
002211219073000019020083
002211219073007019110027
009211219073039016010129
001211219073053016010105
001211219073057016010082
002211219073058019030049
001211219073103016010124
001211219073111019010125
003211219073142012060369
002211219073145015030444
002211219073145019010108
002211219073150012160275
001211219073214016010084
006211219073221011000051
002211219073249019060003
001211219073258016010122
001211219073305016010032
002211219073406013030546
002211219073413014030421
001211219073500015010001
002211219073503019020402
003211219073504013010771
008211219073535014020451
002211219073545015030476
002211219073547015030473
002211219073612014030087
004211219073624013030624
003211219073627012030335
002211219073702019020231
002211219073707019060123
008211219073712013020849
009211219073716012070187
008211219073722013020255
001211219073752016010127
002211219073755019060114
002211219073818019020399
003211219073824014010565
002211219073827019050195
004211219073828013030625
002211219073832019020401
003211219073835012010019
002211219073836019020346
003211219073839013010365
002211219073841019050094
001211219073842016000152
002211219073855019050239
003211219073907012040466
003211219073909012030349
009211219073916014020588
002211219073918019020374
004211219073919012170292
003211219073920012040293
004211219073932012160136
002211219073936012150283
006211219073937013020067
006211219073941011000491
008211219073955013020543
002211219073957019050188
002211219073958013030466
004211219073959012180046
002211219074006019060086
009211219074020015020687
002211219074021019100046
006211219074024011000359
002211219074025019010116
001211219074026013010479
002211219074027019010116
009211219074027014020567
009211219074031012110482
008211219074035015020671
006211219074042011000078
002211219074043012130297
008211219074049015020668
008211219074052013020851
004211219074110012170279
001211219074112014010584
008211219074125012080350
009211219074133013020864
009211219074143015020535
001211219074152012050331
008211219074158013020683
008211219074205013020844
003211219074207013010800
009211219074212012090372
004211219074214012140421
008211219074219012080189
006211219074230011000692
002211219074242019050235
001211219074242016010120
006211219074250014030174
002211219074253019050084
006211219074254013010009
006211219074259011000086
006211219074303012160021
008211219074305015020680
002211219074308012130250
009211219074309012120489
003211219074310012010426
006211219074316011000165
009211219074318013020532
006211219074319011000683
004211219074323014030342
001211219074329012060372
004211219074330012130312
002211219074335019050216
003211219074339012060396
008211219074339013020824
003211219074344013010199
003211219074347012030276
003211219074350012060384
003211219074353012050313
006211219074353011000675
004211219074356012150190
008211219074357012100423
008211219074400012110466
002211219074404012170305
003211219074409012040443
009211219074409012100434
008211219074412013020793
004211219074418015030343
003211219074422012030402
002211219074424019030042
004211219074428013030348
004211219074432012140466
009211219074432013020855
008211219074432012070006
003211219074435013010007
003211219074438013010794
003211219074442013010505
003211219074448013010677
008211219074449015020635
002211219074451019020103
003211219074456015010716
008211219074501012110151
004211219074502012150100
008211219074505012110297
004211219074507013030386
003211219074508012050254
008211219074509013020387
004211219074514014030334
003211219074515012060434
009211219074515012070387
008211219074518013020606
006211219074525013020240
004211219074528012160224
006211219074530011000717
004211219074531012160224
002211219074532019020180
001211219074533012020324
001211219074535013010176
002211219074539019040024
002211219074541012130165
004211219074543013030443
002211219074543019110033
009211219074545012070407
004211219074547012160282
008211219074548013020692
009211219074548012100311
001211219074550012010410
003211219074550013010768
004211219074553012170178
001211219074555015010797
004211219074556012180251
009211219074556015020620
008211219074557012070010
006211219074558013010001
009211219074600012090375
006211219074601013010014
003211219074604012030304
001211219074604014010614
008211219074604012070429
004211219074606012160075
008211219074609012080452
009211219074611012070448
002211219074612019020313
009211219074614012080431
003211219074615012040192
002211219074616012130343
009211219074618012100432
002211219074618019100039
002211219074619012140474
001211219074620012010419
009211219074621014020635
008211219074621012070428
006211219074622013010321
002211219074626012180252
001211219074626012040425
004211219074627013030448
006211219074628011000445
008211219074629012120412
003211219074630012050195
002211219074630013030638
004211219074630013030482
004211219074635015030465
008211219074635012070437
009211219074637012090405
009211219074640012090405
008211219074642013020723
009211219074644015020640
001211219074648012030333
009211219074648012080467
001211219074653012020383
003211219074654013010601
009211219074654012070444
001211219074655012020388
008211219074655012090248
003211219074656012050364
008211219074657015020679
008211219074703012080284
008211219074706012100429
009211219074709012110373
001211219074710014010570
008211219074712012120473
003211219074713012030355
002211219074715014030489
003211219074716013010426
004211219074717012180299
006211219074717011000729
008211219074718012080463
006211219074719011000681
002211219074721019010135
008211219074721012100411
006211219074725015090568
004211219074728012170144
006211219074728019100066
006211219074731011000498
004211219074732012130341
009211219074732012080343
009211219074734013020703
006211219074734011000258
004211219074735012150318
003211219074739013010758
002211219074742019030001
002211219074744015030455
001211219074745013010797
002211219074746014030426
004211219074746013030498
002211219074747012160291
008211219074747012080375
002211219074748019050242
001211219074749012010376
002211219074749013030349
002211219074751014030424
004211219074751012180171
008211219074751014020523
002211219074755012130339
008211219074756013020823
006211219074756011000586
004211219074757013030516
003211219074757012030387
004211219074801012140456
008211219074803012100134
006211219074804011000715
009211219074808014020633
008211219074808012100284
006211219074808011000715
008211219074810015020029
003211219074811014010338
006211219074811011000713
009211219074812015020618
001211219074813019020340
008211219074813013020873
003211219074815015010761
006211219074816011000699
008211219074816012100218
006211219074818011000713
008211219074818013020850
004211219074820012150274
001211219074820015010787
003211219074821012030377
009211219074822012120494
006211219074822019100067
002211219074824012170309
003211219074825012010364
006211219074825019100067
008211219074825014020501
001211219074826014010563
004211219074827013030508
009211219074827013020831
003211219074828013010759
006211219074828015090620
001211219074831012010364
006211219074831011000718
006211219074833013030003
001211219074834014010068
001211219074835012040438
009211219074835015020652
004211219074836013030634
006211219074839012080131
001211219074840015100546
008211219074841012110367
003211219074844012010309
002211219074844019020377
004211219074845012180278
008211219074845012110400
008211219074848012110455
004211219074850013030629
001211219074850012050213
006211219074851013010270
009211219074851013020188
008211219074851013020879
001211219074852015010752
003211219074854013010780
009211219074854014020636
008211219074854013020795
004211219074855012150091
001211219074855013010700
006211219074856011000666
008211219074858012100364
006211219074900011000737
001211219074901015010737
009211219074901012110443
006211219074903013030188
001211219074904019110051
009211219074904012110377
002211219074905019020383
002211219074906014030239
008211219074906013020562
006211219074906011000408
003211219074907015010798
001211219074910014010316
002211219074910012140445
002211219074911019060113
001211219074912013010755
006211219074912011000408
002211219074913015030434
009211219074913014020554
008211219074914012070445
001211219074915012060397
006211219074916011000408
003211219074917012050009
004211219074917012180158
006211219074919011000408
001211219074920013010734
003211219074921013010347
004211219074921012140167
003211219074923013010769
004211219074925012150098
008211219074926012090393
001211219074927012020333
009211219074928012090379
002211219074929019040035
008211219074929012120433
003211219074931012050363
001211219074933012040444
002211219074933019100070
001211219074935014010033
003211219074936013010799
001211219074937012050308
006211219074938011000573
003211219074939012030036
001211219074941015010669
009211219074942012110488
003211219074943012100442
006211219074945011000722
009211219074946012120490
002211219074947012140458
008211219074947012120377
003211219074948013010577
004211219074948013030339
001211219074949012040403
009211219074949012120487
004211219074950013030565
008211219074950012070435
006211219074950015090580
004211219074952013030622
003211219074953012010420
001211219074954019020282
008211219074954014020606
004211219074955012140434
009211219074955014020092
004211219074958014030077
004211219075000015030443
003211219075001014010603
009211219075001012100416
006211219075001011000687
001211219075002015010632
004211219075002013030084
009211219075003012100416
008211219075003012070244
003211219075004013010735
004211219075004013030551
009211219075004012100416
003211219075006013010777
008211219075006015020502
001211219075008014010580
003211219075009012050368
001211219075010015010781
001211219075011015010793
002211219075011019020260
009211219075011012110437
004211219075013012150196
008211219075013012090330
003211219075015013010803
008211219075015012100323
006211219075017011000639
001211219075018015010693
002211219075018019060122
008211219075018012100006
004211219075019013030545
002211219075021019060101
006211219075021011000686
003211219075022012030403
008211219075022013020858
002211219075024019030047
003211219075025012060427
006211219075025011000710
004211219075026015030371
008211219075027013020755
002211219075028019050112
006211219075028015090608
002211219075030012160259
001211219075031014010592
004211219075031012160271
006211219075031015090608
008211219075033012100380
004211219075034012150312
006211219075035016010086
001211219075037012060405
004211219075037012170218
008211219075037015020658
006211219075038011000724
004211219075039012150310
002211219075039015030469
003211219075041013010785
004211219075042015030246
003211219075043013010695
002211219075043019100032
004211219075045014030440
004211219075048012140457
002211219075048019050225
004211219075050013030382
009211219075050019020387
008211219075050015020531
009211219075052012120484
008211219075052014020574
001211219075053012050224
003211219075054012050307
001211219075055012040405
001211219075055013020180
009211219075056012110454
003211219075057012040469
001211219075058012010409
009211219075058013020797
006211219075059012110164
001211219075059018010054
008211219075059015020646
003211219075100015010687
008211219075102012090350
006211219075105011000651
004211219075106015030368
001211219075106012060407
008211219075106015020545
004211219075108012170290
001211219075108013010712
003211219075109013010651
008211219075109015020686
006211219075110011000120
001211219075111012020228
002211219075111019050228
009211219075112015010696
004211219075114013030398
006211219075114012010292
008211219075114014020525
003211219075115013010732
001211219075116012050343
003211219075117013010560
008211219075117013020821
006211219075117011000727
002211219075119015030371
002211219075121013030263
003211219075121013010772
004211219075121012170193
008211219075121012110484
003211219075122013010776
001211219075123012040462
001211219075124012040461
004211219075124013030441
003211219075125013010580
001211219075125012030381
002211219075125019030045
004211219075126013030619
003211219075128013010550
009211219075128015020676
004211219075129012140472
003211219075130015010668
009211219075130015020604
003211219075132012030399
004211219075133012150307
006211219075133011000730
003211219075135013010770
002211219075135019050247
003211219075136012030261
006211219075137011000564
008211219075137013020542
003211219075138012020404
004211219075139012130214
003211219075140012040465
002211219075140019020323
006211219075140012110223
003211219075141012020037
001211219075142014010157
003211219075144012010162
006211219075144011000262
001211219075145013010798
004211219075145012170257
003211219075147015010751
006211219075148011000598
001211219075149015010692
003211219075149013010015
008211219075149013020745
004211219075150013030366
006211219075151012040209
008211219075152012110427
003211219075153013010541
004211219075153012140435
006211219075154011000263
008211219075155013020766
002211219075155019110002
003211219075156012040414
002211219075157014030366
001211219075157012020385
003211219075157012020086
006211219075157011000690
002211219075158019020149
008211219075158015020655
003211219075159012050345
001211219075159016010123
002211219075200012170277
003211219075201012050315
001211219075202012010201
002211219075202014030404
008211219075202012110351
001211219075202018010059
006211219075203011000640
002211219075204012130333
001211219075204018010059
003211219075205019110043
008211219075205013020781
002211219075207012130327
001211219075207012060005
004211219075207012140452
008211219075207014020486
006211219075207012110087
001211219075208014010201
002211219075209013030648
004211219075210013030571
008211219075212012100394
008211219075214014020589
009211219075214015020639
001211219075215012030404
003211219075215012060374
004211219075216014030305
001211219075217012040433
009211219075217013020808
003211219075218012040346
001211219075219012050279
002211219075220012140389
003211219075220013010624
009211219075220012120476
001211219075221015010788
004211219075223012140149
003211219075223012050310
009211219075223015020688
002211219075225019050246
002211219075226016000123
001211219075226012010348
009211219075226012120479
003211219075227012060414
004211219075228013030356
002211219075228019050230
006211219075228013020581
009211219075228012100347
003211219075229012060421
009211219075230013020017
004211219075231013030550
003211219075233013010788
009211219075233013020884
006211219075233013020412
009211219075234015020643
008211219075235012110487
001211219075237013010549
009211219075237014020608
004211219075239012170258
009211219075239012100257
002211219075240012170293
003211219075240012040473
008211219075240012070193
004211219075241013030504
001211219075241012050285
006211219075241011000678
003211219075242012040423
008211219075243012100318
006211219075243011000473
004211219075244014030325
001211219075244012020345
003211219075245014010208
008211219075245014020594
004211219075246015030437
008211219075248014020622
006211219075248014020288
003211219075249012010387
004211219075249012170195
004211219075251013030176
001211219075251012050360
006211219075252011000595
003211219075254015010704
002211219075254019100061
001211219075257012020285
006211219075257011000203
008211219075257012120434
002211219075258012140462
009211219075258013020868
003211219075259012020288
004211219075259019050128
009211219075259013020868
001211219075300012040417
008211219075300013020468
006211219075300011000677
004211219075301012010341
002211219075301019050164
003211219075302012040337
004211219075302012180249
008211219075302012120368
009211219075302012100224
004211219075304013030641
006211219075304011000276
003211219075305012050366
001211219075305012030356
008211219075305013020748
001211219075306015100560
004211219075307012140388
008211219075308012100322
003211219075309013010520
002211219075309019100068
009211219075309012110477
004211219075310015030467
009211219075310012110143
008211219075310012080220
004211219075311013030187
001211219075312013010006
008211219075312012110491
003211219075313012040437
002211219075313015030262
009211219075313013020599
004211219075314013030606
002211219075314019050217
009211219075315013020819
008211219075315013020554
001211219075316016000167
004211219075317013030240
008211219075317012090383
009211219075317015020667
001211219075318013010021
003211219075318012040376
001211219075319014010599
004211219075320012150303
009211219075320012120354
008211219075320013020758
008211219075321012110495
002211219075322013030592
001211219075323015010758
006211219075323011000283
009211219075323014020538
003211219075324015010690
008211219075324012090302
004211219075325012180272
001211219075325012030350
002211219075325012150299
003211219075326012010422
006211219075326015090611
008211219075326014020611
006211219075328013010151
003211219075329012040452
004211219075329012150299
009211219075329014020493
008211219075329012080396
002211219075329019020394
003211219075331013010787
002211219075332012170308
009211219075332012110481
008211219075332012110474
006211219075333011000627
008211219075334012100403
001211219075335012040458
004211219075335012130210
009211219075335012100441
008211219075335012110404
006211219075335012020137
009211219075337014020566
008211219075337012110410
001211219075338012040354
003211219075338012040459
004211219075339012130059
009211219075339014020528
001211219075340014010011
006211219075340014030056
001211219075340015010763
008211219075340014020581
003211219075341014010539
001211219075342012030242
009211219075342013020859
008211219075343014020625
006211219075343012020340
001211219075344015010753
009211219075344012070331
008211219075345014020623
002211219075346012140148
001211219075346012060416
006211219075346011000627
004211219075347012130075
009211219075347019050244
001211219075348012060095
002211219075348019100044
008211219075348012110421
001211219075349012020366
002211219075349012180275
006211219075349013020241
009211219075349012070148
001211219075350015010473
008211219075350012080135
003211219075351013010806
004211219075351012160088
009211219075351012080462
002211219075352012170019
004211219075352015030356
003211219075352012010247
001211219075352012010377
001211219075353012050309
006211219075353014010053
008211219075353012080457
002211219075354019110048
004211219075355013030607
001211219075355014010493
009211219075355013020841
008211219075356013020644
006211219075356013010215
001211219075357014010424
004211219075358012180271
002211219075358016000144
008211219075358012100418
002211219075359019070014
001211219075400014010502
003211219075400012040453
004211219075400013030066
006211219075400013020068
008211219075401012100312
009211219075401012080267
002211219075402013030563
003211219075402012050357
008211219075402013020411
001211219075403015010802
003211219075404012020121
004211219075404012150073
008211219075404013020836
001211219075405014010571
004211219075406013030458
001211219075407014010600
008211219075407013020753
006211219075407012180106
003211219075408012050351
004211219075408013030066
001211219075409015010800
008211219075410012090417
002211219075411012160313
001211219075411014010460
002211219075411019060120
008211219075411012100327
008211219075413013020874
001211219075414015010682
004211219075414012170194
009211219075414015020623
002211219075414019060119
001211219075415012040471
003211219075416012040454
001211219075416016000101
006211219075416013010392
009211219075417012080383
008211219075417012080425
004211219075418012150241
001211219075419016000101
002211219075419019020389
006211219075419011000643
004211219075420013030636
009211219075420012090351
008211219075420012080456
004211219075421014030423
003211219075421012010414
008211219075421019020403
006211219075422012040300
009211219075423012100424
003211219075424012020400
004211219075424014030459
006211219075425011000732
001211219075425013030157
003211219075426013010763
004211219075426013030608
002211219075427013030484
004211219075427012160298
003211219075428013010693
009211219075428012120479
006211219075429011000632
003211219075430013010737
004211219075431012160243
003211219075432013010515
008211219075432012070264
004211219075433015030445
002211219075434014030088
001211219075435015010129
003211219075435013010542
008211219075435014020180
006211219075435011000440
004211219075436013030379
001211219075437012050358
003211219075437012010398
008211219075438013020767
006211219075438011000736
002211219075439012130316
003211219075439014010605
004211219075439012170253
006211219075440011000525
009211219075440012070417
003211219075441012060166
002211219075441012140379
004211219075441012140470
004211219075442013030460
003211219075443012040382
002211219075443012180308
006211219075443011000041
001211219075444012040355
003211219075445012040353
004211219075445012180185
002211219075445015030337
008211219075445012090344
002211219075446019100063
003211219075447012050303
001211219075447013020881
004211219075447012130322
006211219075447011000663
002211219075448013030639
008211219075448013020780
003211219075449012060378
002211219075449019020186
009211219075449015020386
004211219075450012160163
002211219075451013030631
006211219075451011000601
004211219075452012180266
001211219075452013010762
003211219075452013010710
006211219075453011000694
008211219075454013020769
001211219075455012050344
003211219075455012020399
004211219075456014030160
002211219075456012160215
002211219075457012150135
001211219075457012010389
003211219075457012060364
008211219075457012070441
006211219075457012130091
003211219075458012040373
004211219075458012180296
001211219075459014010581
002211219075500014030475
008211219075500012090404
001211219075501014010440
003211219075501012050266
009211219075501013020504
004211219075502012150271
002211219075503015030410
001211219075503013010213
003211219075503012050123
008211219075503013020749
006211219075503019100008
009211219075504013020198
002211219075504019050183
002211219075505012160230
003211219075505014010607
001211219075506015010784
008211219075506014020618
006211219075506011000574
002211219075507014030480
004211219075507012150171
003211219075507012010173
001211219075507014010617
009211219075507012080123
002211219075508019040032
001211219075509012060360
008211219075509012100431
002211219075510012150226
009211219075510012080430
006211219075510011000594
004211219075511012140460
006211219075511011000720
001211219075512014010569
003211219075512014010492
002211219075512015030477
008211219075512012070382
009211219075512014020571
004211219075514013030469
003211219075514012030303
002211219075514019110046
008211219075514013020610
009211219075514014020619
001211219075515012060349
002211219075515014030289
006211219075516019100002
008211219075516012090256
009211219075516014020416
003211219075517014010241
004211219075517012130319
001211219075518014010357
002211219075518014030488
006211219075518015020540
008211219075518012080424
003211219075519013010631
001211219075519012020322
009211219075519012090341
002211219075519019100008
002211219075520014030388
001211219075520016000157
001211219075521015010785
004211219075521013030530
003211219075521012060229
008211219075521014020597
009211219075521015020675
006211219075521011000741
001211219075522014010593
008211219075522014020597
002211219075522019100028
004211219075523012140086
009211219075523015020013
001211219075524014010578
003211219075524012030390
008211219075524014020630
003211219075525012060356
004211219075525012130280
006211219075525011000490
004211219075527012170146
003211219075527012060379
009211219075527014020231
006211219075527013020397
004211219075528012150293
006211219075529012170053
003211219075530014010436
009211219075530014020603
002211219075531013030647
004211219075531012160285
001211219075531012060353
009211219075532014020593
006211219075532011000343
003211219075533012030372
002211219075533019110037
004211219075534012150203
001211219075534015030454
008211219075534012100223
006211219075534013030199
003211219075535013010606
009211219075535014020424
001211219075536015010683
002211219075536013030642
004211219075536012180258
004211219075537014030490
002211219075537019020275
006211219075537011000398
008211219075537014020511
002211219075538015030461
003211219075538012050365
009211219075538012090041
004211219075539012140446
006211219075539015090616
009211219075539012080017
002211219075540015030187
001211219075540015100543
008211219075540014020634
002211219075540019020212
004211219075541012150304
003211219075541012020398
006211219075541011000739
003211219075542012050356
002211219075542014030448
009211219075542014020435
004211219075543013030346
008211219075543012070421
002211219075543019110005
001211219075544012010011
006211219075544015090632
003211219075545012030342
002211219075545012150203
001211219075545016000126
009211219075545014020592
008211219075545015020677
001211219075546016000126
006211219075546011000731
003211219075547013010662
003211219075548012050225
008211219075548012070414
009211219075548014020631
006211219075549012160085
003211219075550012040406
001211219075550016000003
001211219075551014010411
004211219075551013030538
008211219075551014020565
004211219075552012140444
006211219075552015090621
001211219075552016000003
003211219075553013010791
002211219075553015030262
001211219075553014010510
009211219075553013020857
004211219075554013030603
001211219075554016000062
008211219075554012120470
006211219075554011000422
003211219075555012040445
002211219075556014030031
008211219075556013020812
001211219075556018010065
004211219075557012160236
008211219075557012120482
002211219075557019050091
003211219075558012030344
006211219075558015020199
001211219075559015020500
002211219075559012180157
004211219075559012150198
001211219075559016000168
008211219075600013020876
003211219075601012020300
006211219075601011000725
002211219075601019020230
001211219075601016000168
003211219075602013010598
004211219075602014030478
002211219075603014030375
006211219075603013020154
008211219075603014020443
001211219075604014010267
009211219075604013020848
004211219075605014030430
003211219075605012060432
008211219075605012080459
002211219075607012140405
009211219075607014020570
006211219075607011000231
004211219075608012170265
001211219075608015010596
003211219075608013010653
001211219075609012050217
002211219075609019020211
002211219075610012150278
004211219075611012150260
001211219075611013010804
008211219075611014020626
009211219075611012120481
001211219075612018010072
004211219075613012160301
002211219075613019050148
009211219075613015020057
003211219075614012020344
001211219075614013010011
004211219075615012160256
002211219075615012180287
009211219075615014020562
008211219075615012080466
001211219075616015010796
002211219075617012140442
009211219075617012120491
004211219075618014030454
008211219075618012110354
001211219075619012040410
004211219075619013030456
003211219075620012030230
002211219075620019010136
001211219075620016000058
009211219075620013020810
002211219075621012150250
008211219075621015020568
006211219075621012130286
001211219075622013010747
004211219075622014030438
001211219075622016000058
009211219075623013020882
004211219075624015030395
003211219075624013010259
002211219075624019050214
008211219075624012090335
002211219075625013030649
001211219075625014010613
009211219075625014020404
001211219075626014010526
003211219075626012030401
009211219075626014020404
008211219075626013020574
004211219075627013030644
009211219075627012070427
003211219075628012030266
008211219075628012070410
004211219075629015030438
001211219075629014010452
009211219075629012070427
004211219075630012160301
003211219075630012010337
001211219075631012040464
006211219075631011000534
009211219075631013020882
008211219075631015020478
002211219075632012170280
004211219075632013030576
009211219075632012080447
003211219075633015010769
001211219075633014010573
004211219075633012140154
002211219075634015030423
003211219075634013010454
009211219075634012120415
002211219075634019060103
006211219075635011000728
003211219075636015010550
004211219075636012150128
001211219075636012020111
009211219075636013020820
004211219075637013030496
002211219075637019020286
003211219075638012030366
009211219075638012100449
006211219075638011000169
001211219075639012060383
004211219075640012150286
002211219075640014030416
008211219075640013020877
006211219075640011000410
003211219075641012040222
009211219075641012090423
001211219075642013010035
003211219075643015010717
002211219075643012130288
004211219075643014030471
009211219075643012080453
004211219075644013030591
001211219075644012010408
008211219075644014020417
002211219075646012150314
004211219075646012160287
004211219075647012140426
002211219075647014030250
008211219075647012080419
002211219075649014030458
003211219075649012030327
004211219075649012130264
002211219075649019110050
008211219075649012100334
009211219075650012070344
003211219075651015010721
009211219075651013020867
008211219075651012100358
002211219075652012140468
004211219075652012170073
001211219075652012010340
001211219075653012040468
003211219075654012060309
008211219075654012110494
009211219075654014020578
006211219075654011000388
004211219075655013030024
002211219075655019020397
004211219075656012170127
003211219075656013010646
009211219075656014020578
008211219075657012090400
006211219075657011000388
004211219075658012150294
003211219075658012010393
009211219075658014020411
008211219075659012120425
002211219075700014030336
006211219075700012050129
003211219075701012020008
004211219075701013030479
008211219075701012100280
004211219075702012150268
002211219075702014030427
006211219075702014030109
001211219075703012020352
003211219075704012010400
002211219075704014030465
008211219075704015020657
004211219075705013030523
004211219075706012180284
001211219075706012010277
002211219075706012150305
006211219075706011000719
003211219075707012020269
008211219075707012090411
009211219075707015020641
004211219075708013030425
002211219075708015030388
006211219075708012080163
002211219075708019100065
009211219075708012100450
001211219075709012010421
003211219075709012030256
008211219075709012120493
002211219075710014030485
004211219075710013030573
009211219075710014020563
003211219075711012030386
006211219075711011000388
001211219075711018010008
001211219075712012030300
008211219075712012080380
009211219075712014020615
004211219075713012160149
006211219075713011000568
002211219075713019100013
002211219075714014030226
009211219075714014020542
003211219075715015010610
004211219075715012140464
008211219075715013020409
009211219075716012120143
006211219075716015090618
003211219075717012020286
002211219075717012130338
004211219075717012170291
006211219075718011000026
009211219075718015020410
008211219075718013020835
001211219075719013010023
004211219075719012130336
003211219075720015010794
008211219075720012070286
006211219075720011000706
004211219075721012180307
009211219075721012120395
002211219075722012160253
001211219075722012030376
003211219075722012040467
009211219075722015020630
006211219075723011000726
008211219075723015020580
004211219075724012140088
001211219075724012030365
006211219075724015090628
002211219075725013030630
003211219075725013010724
009211219075725012090416
001211219075726012040450
001211219075726013030071
004211219075727012170217
002211219075727012180305
003211219075727013010730
009211219075727012070308
008211219075727012110378
001211219075728012060259
009211219075728012080464
006211219075728012060015
004211219075729012160190
008211219075729013020701
004211219075730014030021
001211219075730013010688
002211219075730019100018
006211219075730012160104
008211219075731012100405
002211219075732014030331
004211219075733012170219
001211219075733014010612
006211219075733011000704
009211219075733016000147
001211219075733013020226
002211219075734013030548
006211219075734012050057
008211219075734013020689
004211219075735012130049
008211219075735013020689
009211219075735012080458
002211219075736019050029
001211219075736018010018
008211219075736012070360
003211219075737012010413
006211219075737011000388
008211219075737013020685
009211219075738013020832
009211219075739012080297
008211219075739012120483
002211219075740012160306
009211219075740014020398
003211219075741014010003
004211219075741012130116
009211219075741014020398
008211219075741012110461
006211219075742013020428
002211219075743012130263
003211219075743013010682
001211219075743015010615
009211219075743013020866
004211219075744013030246
008211219075744012100047
009211219075744012110397
003211219075745012050238
002211219075745015030459
006211219075745015020461
002211219075745019020393
003211219075746012050350
001211219075746014010575
001211219075747013010331
002211219075747014030482
009211219075747015020654
008211219075747012100446
002211219075748012160292
004211219075748013030119
006211219075748011000388
001211219075749014010377
003211219075749012040397
009211219075749013020883
002211219075750012160279
006211219075750012020002
008211219075750012110442
003211219075751012050311
004211219075751014030393
002211219075752014030449
001211219075752014010457
009211219075752013020833
003211219075753013010413
008211219075753015020685
006211219075753012160114
004211219075754014030470
009211219075754013020862
002211219075755014030365
008211219075755013020811
003211219075756015010678
002211219075756015030470
009211219075756012110424
001211219075756018010048
006211219075756013010294
004211219075757012170297
001211219075757015010786
004211219075758015030457
001211219075758012010415
003211219075758012060359
002211219075758015030362
008211219075758012100350
009211219075758013020778
003211219075800013010575
008211219075800012110353
002211219075800019110040
006211219075800011000517
003211219075801012040477
004211219075801012160272
002211219075801012170264
008211219075801012110353
009211219075801012080078
003211219075803013010739
002211219075803013030627
009211219075803012070236
002211219075803019040028
006211219075803011000001
004211219075804012160296
008211219075804013020843
002211219075805014030444
008211219075805012080225
003211219075806013010529
002211219075806012170271
006211219075806011000555
009211219075806014020007
004211219075807012130278
003211219075807013010727
004211219075808012140463
008211219075808014020607
009211219075808015020669
002211219075809013030596
003211219075809012020368
002211219075809019040036
006211219075809012130223
001211219075810012020403
002211219075810014030418
009211219075810015020681
008211219075810012120242
003211219075811012030405
004211219075811013030535
003211219075812012040476
002211219075812019050223
006211219075812011000691
001211219075813012060431
004211219075813012140429
009211219075813014020512
004211219075814014030398
003211219075814012040367
009211219075814014020512
006211219075814012170077
008211219075814012100329
009211219075815012100451
001211219075815018010069
002211219075815019050220
001211219075816012010338
003211219075816012080007
002211219075817014030456
004211219075817013030162
008211219075817013020674
009211219075817012090406
006211219075817011000723
001211219075818013010751
002211219075818019050223
009211219075819012100443
001211219075819016000139
008211219075819014020598
001211219075820013010743
002211219075820013030596
004211219075820012140469
003211219075820012010329
009211219075820012110409
006211219075820012090035
004211219075821013030331
001211219075821014010494
008211219075822012100201
006211219075822011000656
003211219075823012030352
002211219075823014030390
001211219075823014010597
009211219075823012120488
001211219075823018010047
004211219075824012130345
008211219075824012070440
009211219075824014020394
001211219075825015010789
003211219075825013010567
006211219075825012020162
002211219075826013030541
004211219075826014030437
009211219075826015020660
008211219075826012080413
001211219075827016000164
009211219075827014020545
001211219075828014010200
004211219075828015030389
003211219075828012030400
008211219075828013020878
006211219075828012090150
001211219075829014010615
001211219075829016000161
003211219075830012020391
009211219075830014020043
006211219075831014030096
002211219075831019050126
008211219075831015020591
001211219075833015010807
003211219075833012050354
008211219075833013020660
009211219075833014020088
004211219075834012140443
002211219075834013030222
006211219075834011000682
003211219075835013010733
002211219075835019060095
001211219075835016000088
008211219075835012090345
004211219075836015030475
006211219075836012030282
009211219075836015020664
002211219075837019050234
002211219075838012130337
003211219075838013010807
008211219075838012090394
009211219075838014020413
004211219075839012180220
006211219075839015090631
001211219075840012020382
002211219075840012170303
003211219075841013010774
008211219075841013020706
009211219075841013020860
004211219075842012130205
002211219075842012160307
006211219075842012020279
009211219075842014020351
001211219075843012060415
004211219075843012170286
002211219075844014030425
008211219075844012120431
009211219075844014020351
004211219075845013030412
009211219075845014020025
002211219075846014030399
001211219075846014010103
004211219075846012180313
009211219075846014020025
008211219075846012070403
006211219075846012140043
009211219075847012110406
008211219075847012070426
002211219075848014030100
001211219075848015030112
003211219075849013010765
004211219075849012150255
008211219075849014020331
009211219075849014020553
001211219075850012030361
002211219075851015030478
004211219075851012150287
009211219075851012120440
003211219075852014010537
008211219075852012070443
001211219075853013010805
001211219075853018010070
009211219075853014020617
004211219075854012180206
002211219075854019020095
008211219075854013020721
009211219075856012090380
004211219075857013030614
008211219075857012120399
009211219075858013020460
008211219075859012110414
004211219075900014030267
003211219075900013010522
001211219075900015100559
002211219075901012140449
009211219075901015020647
006211219075901012050222
004211219075902015030306
001211219075902019020373
008211219075902012090220
002211219075903013030587
003211219075903015010783
001211219075904014010564
009211219075904013020282
006211219075904015090629
008211219075904012100436
003211219075906012010293
001211219075906014010609
008211219075906012110467
001211219075906016000163
009211219075907012110486
006211219075907012050085
004211219075909012130314
003211219075909012010010
001211219075909014010608
008211219075909013020572
001211219075909016000163
009211219075909012120486
009211219075910014020620
008211219075911012090339
001211219075912014010596
006211219075912012130102
008211219075912012080394
004211219075913012160280
003211219075913012020348
009211219075913012090377
001211219075914016000163
009211219075914013020880
001211219075915014010522
002211219075915013030308
003211219075915012040273
008211219075915014020504
006211219075915012120196
004211219075916012150270
003211219075916013010740
001211219075916015010804
008211219075917012110480
003211219075918014010432
002211219075918014030369
006211219075918011000636
004211219075919012140337
001211219075919018010061
009211219075919012120393
003211219075920012020389
002211219075920014030447
006211219075920013020274
008211219075920013020825
004211219075921013030633
006211219075921012110004
008211219075921012120499
003211219075922012020390
002211219075922014030072
006211219075923011000668
002211219075923019030025
003211219075924013010284
004211219075924012130295
001211219075924012040131
008211219075924013020536
009211219075925013020863
006211219075926011000635
003211219075927014020020
001211219075927012010403
008211219075927012090300
004211219075928012150069
002211219075928019020065
006211219075928012080114
002211219075929012140235
008211219075929014020632
002211219075930014030290
003211219075930012060420
009211219075930012100169
008211219075931012090408
003211219075932013010625
004211219075932012130334
002211219075932019100072
009211219075932012100169
001211219075932018010066
009211219075933013020763
008211219075933012100445
002211219075934015030247
004211219075934012140465
006211219075935012010405
009211219075935013020763
002211219075936012160228
003211219075936012050341
001211219075936014010250
009211219075936012080448
004211219075937014030150
008211219075937012070390
001211219075938012050179
002211219075938019020221
009211219075938015020659
003211219075939012030338
001211219075939012040446
006211219075939019100071
004211219075940012180312
008211219075940014020502
003211219075941012060221
001211219075941013010716
009211219075941013020837
006211219075942011000700
003211219075943012030095
008211219075943013020738
004211219075944012140461
002211219075944014030279
001211219075944016000169
003211219075945012040429
008211219075945012100307
006211219075945011000439
009211219075945012090420
001211219075946012030397
004211219075946012160311
001211219075946018010071
008211219075947012100430
009211219075947012090348
003211219075948012030317
004211219075948012160143
006211219075948011000733
001211219075949014010536
002211219075949019050213
003211219075950012060410
006211219075950012120124
009211219075950013020425
008211219075950013020852
004211219075951012130242
002211219075951012170298
003211219075952012040442
009211219075952012110485
004211219075953013030577
008211219075953013020761
006211219075953012060241
002211219075954019060124
009211219075954012100381
002211219075955015030426
004211219075955012130271
003211219075955012060398
006211219075955013030075
003211219075956012050210
008211219075956012110382
004211219075957012140225
002211219075957015030244
003211219075957012010237
009211219075957012070447
006211219075957012080127
004211219075958012150320
002211219075959014030356
004211219075959012180144
001211219075959012040426
009211219075959012120350
003211219080000013010714
001211219080001012030010
004211219080002012130344
006211219080002011000738
008211219080002013020838
003211219080003013010460
009211219080003012100419
002211219080004012130330
004211219080004014030299
009211219080004012100419
009211219080005012090368
001211219080005015100556
002211219080006012160302
004211219080006012170267
009211219080006015020674
003211219080007012050183
006211219080007013020326
002211219080008012170266
004211219080008012130335
008211219080008012120465
001211219080009015010795
009211219080009014020586
004211219080010012160231
002211219080010012180253
003211219080010012020381
002211219080010019050240
008211219080010014020628
003211219080011012050353
001211219080011013010059
009211219080011012070415
004211219080012012160233
002211219080012015030386
008211219080013013020702
001211219080014012050334
004211219080014012150301
002211219080015012130303
008211219080015013020515
004211219080016013030372
006211219080016015030168
001211219080017015010790
008211219080017012120301
006211219080017011000648
004211219080019014030368
001211219080020012020325
002211219080020014030450
008211219080020014020582
004211219080021013030584
009211219080021015020638
002211219080021019050193
001211219080022012060403
002211219080022014030467
006211219080022011000662
008211219080022012120444
004211219080023012170056
001211219080023014010611
008211219080024012080346
002211219080025013030485
001211219080025012060403
006211219080025015090633
004211219080026014030476
002211219080026012150315
008211219080026012090413
009211219080026013020773
006211219080027015090627
009211219080028013020803
004211219080029015030101
002211219080029014030466
008211219080029012080428
002211219080030019020382
004211219080031015030441
002211219080031012140475
001211219080031014010066
008211219080031013020813
006211219080031015090627
006211219080032012020010
002211219080032019010119
008211219080033012070438
004211219080034015010791
004211219080035013030354
003211219080035014010444
008211219080035015020598
006211219080035011000566
002211219080037015030402
003211219080038012050194
004211219080038012170222
002211219080038019050241
008211219080038012090333
006211219080038012020274
004211219080039012150297
003211219080040013010473
008211219080040012110458
004211219080041012130285
002211219080042012140428
001211219080042012030368
002211219080042019020382
004211219080043012160087
003211219080043012010372
006211219080043015090617
002211219080044012180154
008211219080044012120256
002211219080045013030465
004211219080045012160293
001211219080045013010446
008211219080045012120256
009211219080045015020022
006211219080047012120199
004211219080048012180292
003211219080048013010190
002211219080048014030453
003211219080049012030351
001211219080050016000064
004211219080050013030609
002211219080050014030387
006211219080051012020013
002211219080051019020335
003211219080053013010702
002211219080053015030466
006211219080053011000674
001211219080054014010594
004211219080054014030381
002211219080054019020079
009211219080054012110478
003211219080055013010004
002211219080055015030279
009211219080055012120421
001211219080055019030050
004211219080056013030605
001211219080057015010774
006211219080057012150195
002211219080058012130254
004211219080058012140471
003211219080058012050204
002211219080058019040001
001211219080058018010067
002211219080059012130279
004211219080059012130284
006211219080059013010117
009211219080100015020451
008211219080100012080373
003211219080101012010424
001211219080101013010604
003211219080102012060388
004211219080102013030562
002211219080102013030518
001211219080102014010309
003211219080103013010793
002211219080104012130276
004211219080104012180277
008211219080104012090279
004211219080105012130298
003211219080105012030396
006211219080105011000740
002211219080106012150261
008211219080107012080414
004211219080108013030567
002211219080108015030383
003211219080108014010525
001211219080108014010558
002211219080108019040016
004211219080109012150273
006211219080109012010028
002211219080110015030458
001211219080110014010587
008211219080110012120474
004211219080111013030104
004211219080112012140408
002211219080112012130014
002211219080112019050171
008211219080112012070376
006211219080112011000065
001211219080113015010766
002211219080113012130120
001211219080114014010535
002211219080114019050212
004211219080115012130270
003211219080115012010401
001211219080116012020311
004211219080117012170287
002211219080117019050238
003211219080118012020392
001211219080119015020563
009211219080120013020586
003211219080121015010792
004211219080121012140437
002211219080121019050224
009211219080122012110375
008211219080122012120419
002211219080123012140409
002211219080123019060102
003211219080125012030353
001211219080125016000025
008211219080125012080438
009211219080125012090291
002211219080126012180261
001211219080126012050367
006211219080126013010296
002211219080126019060097
009211219080127012110479
001211219080127016000025
002211219080128014030001
001211219080128013010641
009211219080128012120401
008211219080128012100428
002211219080130012130302
001211219080130015010731
008211219080130014020627
006211219080130012060389
009211219080131012120463
002211219080131019020378
003211219080132012010327
001211219080132014010590
002211219080132015030442
008211219080132012080364
009211219080133012120497
006211219080133012160222
002211219080134012160300
008211219080134012070368
008211219080135012070368
002211219080135019020127
002211219080136013030623
003211219080136012030406
008211219080136013020726
009211219080136012090419
001211219080138014010610
003211219080139015010780
002211219080139015030468
002211219080139019050245
006211219080139014010295
008211219080139012110416
002211219080140015030431
004211219080141013030440
009211219080141014020546
001211219080142012050348
003211219080142013010767
008211219080142012070358
002211219080142019100052
002211219080143012140148
001211219080143019030038
004211219080144012020358
004211219080145012140374
008211219080145012090402
002211219080146014030481
009211219080146012070321
003211219080147013010244
004211219080148012140473
002211219080148019020127
001211219080149012030196
004211219080149014030452
003211219080150013010795
006211219080150014020550
002211219080150019050205
001211219080150016000166
009211219080151012090309
001211219080152015010407
004211219080152012140127
002211219080153019020007
004211219080155013030264
009211219080155012070439
002211219080155019050243
002211219080156014030022
008211219080156012080454
004211219080157012150170
009211219080158015020663
001211219080159014010555
008211219080159012080361
002211219080159019070038
004211219080200012170228
008211219080202012070366
004211219080204015030439
002211219080205019060001
001211219080206012030363
009211219080206012090410
008211219080208014020536
002211219080209019020124
008211219080209012120306
004211219080210012150201
009211219080210012120414
008211219080211012120306
001211219080211015030106
002211219080212019040030
009211219080212015020577
003211219080213014010604
002211219080214019040030
001211219080215012050234
009211219080215012090343
002211219080216019020363
003211219080217012040420
001211219080219012010014
009211219080220015020624
002211219080221019040012
004211219080222012160315
002211219080224013030510
004211219080225012170231
002211219080225019050196
003211219080226012050359
008211219080226012070338
009211219080228016000124
003211219080229012030328
001211219080230012020021
008211219080230014020120
001211219080230018010055
004211219080231012130317
003211219080232012030194
009211219080232012080366
008211219080234012070411
003211219080235015010805
001211219080236015010017
009211219080236014020532
008211219080238012080345
001211219080238015100557
009211219080239012110160
004211219080239013030558
008211219080241012110464
002211219080243019110049
004211219080243012170054
009211219080243012080418
008211219080244013020747
009211219080245012110476
008211219080247013020790
002211219080247019040006
004211219080247012170235
001211219080249012150311
003211219080250014010524
001211219080250014010133
001211219080250012150311
004211219080250012180262
004211219080251012180301
003211219080252013010666
002211219080253019010127
008211219080253014020540
002211219080256012140430
008211219080256014020414
004211219080257012180301
001211219080258012020367
008211219080258012100398
002211219080259014030373
009211219080259013020817
002211219080300014030487
001211219080301012010382
001211219080303012030305
004211219080303012170020
002211219080304012140431
009211219080304012120464
001211219080305012030329
002211219080305012170299
002211219080306019020307
009211219080306012120454
001211219080306016000141
001211219080307012010385
001211219080307016000141
002211219080308019040021
001211219080308016000141
001211219080310012060368
009211219080310012120454
001211219080310019010128
002211219080312019040033
009211219080313012110438
003211219080314013010650
001211219080314013010761
002211219080314012130329
004211219080314012180263
009211219080314012110438
001211219080316015010808
001211219080316018010068
002211219080317019020150
002211219080319014030217
002211219080320019030032
001211219080321012100385
004211219080322012140420
002211219080323014030176
001211219080324012010423
002211219080324019020327
002211219080327019010132
001211219080328013010783
002211219080329019040015
009211219080330013020640
001211219080331012050147
002211219080331019020379
004211219080331012150290
001211219080334012070090
006211219080334014020055
009211219080337013020643
002211219080339019110013
009211219080341014020006
008211219080342014020489
004211219080343012160289
002211219080345012140425
002211219080347012180257
001211219080347015100551
008211219080347012110483
009211219080348014020568
008211219080354014020513
008211219080356013020870
002211219080357019050170
004211219080358013030399
008211219080359012070392
008211219080401012080429
009211219080402012070357
004211219080404012160312
008211219080404014020616
002211219080405015030474
009211219080405015020541
008211219080407012100367
009211219080409013020822
008211219080409012080266
002211219080416019020326
002211219080419019020301
009211219080422014020036
001211219080436012030385
002211219080436019080001
004211219080439012150295
002211219080440019050152
001211219080442019060076
002211219080443019040023
001211219080444019060076
002211219080446019040023
002211219080450012140447
009211219080451012100252
002211219080453012150309
002211219080453019020333
006211219080508011000581
004211219080512013030617
006211219080513012030316
008211219080520012080469
004211219080521012180260
002211219080523019020372
006211219080526012030293
004211219080537012140441
009211219080539012090388
001211219080541016000112
003211219080554013010726
002211219080557019020273
008211219080602014020470
003211219080607013010808
009211219080609012080470
002211219080609019020368
009211219080611012080470
002211219080613019090016
001211219080615014010508
006211219080616012010190
008211219080617012090391
002211219080618019090016
002211219080623019050209
002211219080630019020353
008211219080630012110340
004211219080633012150263
008211219080633012080468
008211219080635013020799
002211219080637014030484
006211219080643012060312
002211219080650019070031
001211219080650016000007
001211219080652016000001
003211219080654012010425
003211219080700012050347
006211219080705012160012
002211219080709019010134
009211219080716012070197
009211219080722013020840
002211219080730019050237
008211219080731012120498
002211219080733019110014
002211219080742019010072
006211219080747013010358
002211219080754012170275
004211219080801012170284
002211219080810019020263
004211219080812012170209
002211219080820019010008
002211219080830019010074
009211219080832012090399
009211219080839012110489
009211219080856012080427
008211219080927013020619
002211219080931019040020
002211219080935019040034
002211219081018012170307
002211219081049019010133
001211219081330016000008
003211219081406012010254
004211219081458012180259
003211219081520012040478
003211219081531012020402
008211219081606012070384
003211219081836012060387
004211219082118012130290
001211219082122012060422
001211219082523016000012
002211219082554012180297
001211219082816016000052
009211219082836014020529
009211219082839014020534
002211219082915019010109
002211219083155019090015
004211219085528012150319
002211219085720019010111
002211219085726019010031
002211219091002019010067
008211219093552012120402
