001211119071440016010125
001211119071443016010090
001211119071449016010130
001211119071455016010081
001211119071459016010098
002211119071500019030049
001211119071505016010128
001211119071511016010056
001211119071658016010119
001211119071745016010095
001211119071838016010121
002211119072034019020392
001211119072116016010080
001211119072136016010045
001211119072141016010105
001211119072216016010106
002211119072216019110006
001211119072304016010079
001211119072308016010122
001211119072356016010071
001211119072401019010125
002211119072446019020399
001211119072456016000073
002211119072509019060122
001211119072520016010120
001211119072525016010050
001211119072530016010048
001211119072533016010084
001211119072536016010032
001211119072540016010073
002211119072545019010124
002211119072552016000090
006211119072559011000730
001211119072559016010110
006211119072607011000078
001211119072657016010124
002211119072725012130165
002211119072744012130165
009211119072754015020672
002211119072758019050239
002211119072813019010135
009211119072843012070187
001211119072908016010082
002211119072928019100070
006211119072938011000491
009211119072939013020255
009211119072951015020640
002211119072953019020083
002211119073006015030444
009211119073008016010129
002211119073010015030444
002211119073035014030374
006211119073048019100067
006211119073051019100067
006211119073103011000051
002211119073315015030428
002211119073321019020378
002211119073347019060086
002211119073351019060101
002211119073355019020401
002211119073418019060115
006211119073418013020067
002211119073423019110027
009211119073441014020451
001211119073445016010024
006211119073447011000359
001211119073505016010127
002211119073506019060003
002211119073508014030421
002211119073535019100032
009211119073544015020671
009211119073547015020635
001211119073550016000152
002211119073555012160275
009211119073617013020745
002211119073627019050237
002211119073639014030055
001211119073646012060372
003211119073646012040293
001211119073648015010797
003211119073650014010606
001211119073651012010019
001211119073654015010737
003211119073702012030335
001211119073703016010100
003211119073705012030349
001211119073709016010077
003211119073716013010771
002211119073718019050188
002211119073725019050084
009211119073729013020849
009211119073732012120496
002211119073735015030473
009211119073737012080467
002211119073738015030476
006211119073750011000498
003211119073755012020348
002211119073759019020231
006211119073802011000675
006211119073805014030174
003211119073815012060433
009211119073817012100307
001211119073818013010802
001211119073824013010479
002211119073824019050246
002211119073833013030466
002211119073905019040001
002211119073906012140445
002211119073908013030625
002211119073915013030624
002211119073941013030592
009211119073946012080463
006211119073946013010009
002211119073948012130312
002211119073957012180252
003211119073958012060007
002211119074010019020400
009211119074010013020844
002211119074015012140462
006211119074033011000692
002211119074033019050216
002211119074046012150249
003211119074046013010726
003211119074048012050363
009211119074049013020683
002211119074058014030239
002211119074102014030424
002211119074105012150203
003211119074107013010672
002211119074108012140379
004211119074113012150203
002211119074118019100046
002211119074123019100018
001211119074123013010751
003211119074125012040476
004211119074128012130341
004211119074131012170144
009211119074132012080304
001211119074135012010361
002211119074140014030226
009211119074142013020703
002211119074142019020393
009211119074145012100429
003211119074145015010801
002211119074148012180305
004211119074149012140167
002211119074151019050094
004211119074153012150270
009211119074156012110377
003211119074200012050357
009211119074204013020723
002211119074204013030349
002211119074208014030489
003211119074230012020121
002211119074232019100039
003211119074233013010365
003211119074242014010565
009211119074244013020851
002211119074245019110043
004211119074245015030465
009211119074245013020851
004211119074247015030463
009211119074247015020668
003211119074248012030403
006211119074249012160021
002211119074255019020398
009211119074301012090351
009211119074303012100311
004211119074304012180251
003211119074313012060426
002211119074317019040024
002211119074323019020313
004211119074325012160136
002211119074331019050242
004211119074331012150190
002211119074336019020349
004211119074339012140474
001211119074343013010700
003211119074345013010800
006211119074348011000343
002211119074350019020397
003211119074352012030276
006211119074354015090608
006211119074358015090608
001211119074359015010632
004211119074401012180046
002211119074401019030042
001211119074401015010752
003211119074403013010007
009211119074404013020387
004211119074404013030386
006211119074405011000666
009211119074408012080424
003211119074408013010505
006211119074410011000595
003211119074411015010798
001211119074412014010584
009211119074416015020658
006211119074418011000165
003211119074418012030355
004211119074418013030546
009211119074419012090379
009211119074422012070435
001211119074427019020282
006211119074428011000564
009211119074434014020525
004211119074434012180284
004211119074444012150203
009211119074444015020647
001211119074446013010006
001211119074449012030333
002211119074450019070014
001211119074454015010793
002211119074504019020394
006211119074506011000445
004211119074506012160282
004211119074510012140457
004211119074512012170292
009211119074512012100223
009211119074514015020677
009211119074517013020864
003211119074518012040209
009211119074520012100257
009211119074521013020692
001211119074521012020324
002211119074522019030047
009211119074524013020797
006211119074525019100066
009211119074526013020855
001211119074528015010787
009211119074529013020859
009211119074532015020620
002211119074532019030001
009211119074534012090345
003211119074537013010651
009211119074538013020821
001211119074538015020500
002211119074539019050195
006211119074543013020068
002211119074544013030509
002211119074548019030048
004211119074549013030509
001211119074550012010011
009211119074550012070437
004211119074552013030565
003211119074552013010677
009211119074557012120484
009211119074602015020683
001211119074604014010592
002211119074605019010116
009211119074606014020588
002211119074606019010116
009211119074610012120494
009211119074612013020532
001211119074613016010123
004211119074614013030608
009211119074615014020562
009211119074618015020687
001211119074620013010755
009211119074621012070148
004211119074621015030246
002211119074622015030343
006211119074624013010270
001211119074626012010340
009211119074626012120489
004211119074628012170279
002211119074628019020286
009211119074629012100449
001211119074630015010669
002211119074632019020124
004211119074632013030545
009211119074633015020029
003211119074633012060384
003211119074634012040442
002211119074635015030455
004211119074636012160271
002211119074636019020124
009211119074638012070010
003211119074639013010794
004211119074639012170218
009211119074641013020438
003211119074642012040447
002211119074642012130250
001211119074643012030404
003211119074645012050315
006211119074646011000713
002211119074648019020383
003211119074649014010003
004211119074650012170218
009211119074650012110410
006211119074652011000713
003211119074655013010714
006211119074656013010321
002211119074656019020263
004211119074657015030368
009211119074657012110443
004211119074702013030551
009211119074702015020679
009211119074704012090248
002211119074705019020095
001211119074705015010693
006211119074706011000699
009211119074708012070444
004211119074709015030443
006211119074711012070006
001211119074711018010067
009211119074714013020606
001211119074715012060397
004211119074715012170258
002211119074716015030434
009211119074717012110454
002211119074718019110033
004211119074718012140466
003211119074719015010687
009211119074720012100006
009211119074722013020850
001211119074723014010570
009211119074724013020766
002211119074725019020103
009211119074727012110483
001211119074728012040403
006211119074730015090580
009211119074730012090422
003211119074731013010199
001211119074732013010446
009211119074732013020823
004211119074732012140154
009211119074734013020861
009211119074735013020861
001211119074736012040438
006211119074737011000573
009211119074739015020604
003211119074740012050313
009211119074742012090405
004211119074743012170178
009211119074745012090405
002211119074745012140475
001211119074746016000163
001211119074747014010571
003211119074747012040192
002211119074748019050244
004211119074748012150128
002211119074749015030469
001211119074750016000163
009211119074750012090267
004211119074750012180277
001211119074752012060405
002211119074752012130305
001211119074753016000163
004211119074754013030646
003211119074756012060434
001211119074756012010419
004211119074758013030634
009211119074758013020761
003211119074801012020390
009211119074802012090350
003211119074804012050254
009211119074805012080343
002211119074805019050128
003211119074806013010693
009211119074807012080350
004211119074808013030443
009211119074810012070445
009211119074812012110151
003211119074813012010364
002211119074816019020127
001211119074816013010021
003211119074817012010309
004211119074817012140472
001211119074819015010800
004211119074820012170287
002211119074821019110002
003211119074821012030372
004211119074824014030342
006211119074826011000473
009211119074827012070384
004211119074827012140422
003211119074829013010808
009211119074830012070429
004211119074831012170257
002211119074831019050205
004211119074834012140443
008211119074835012070441
001211119074836012020228
003211119074837012050350
004211119074838013030508
002211119074838019020353
008211119074839013020562
002211119074840019050214
001211119074841014010526
004211119074841012150196
002211119074843019100028
004211119074844012150098
002211119074844014030159
002211119074845019020186
001211119074846015010692
006211119074846011000722
004211119074847012170194
003211119074847013010772
001211119074847018010054
002211119074848012140458
004211119074849013030382
008211119074849012070193
009211119074852012080383
001211119074853015100561
008211119074853012090330
006211119074855011000594
008211119074856012100134
009211119074857015020676
003211119074857012040478
003211119074900012060414
008211119074900012080383
003211119074902012020286
001211119074902015010763
006211119074902011000729
002211119074903019050112
006211119074905011000203
009211119074906013020763
002211119074907013030627
006211119074908015090579
008211119074909012120475
002211119074909019050241
002211119074909015030436
003211119074910012060359
008211119074912012080220
004211119074912012160163
006211119074912012110223
003211119074913012020402
006211119074915011000258
004211119074916014030334
009211119074917012120476
008211119074918012100403
002211119074918015030466
002211119074920014030404
006211119074920011000594
001211119074920013010712
002211119074921019020007
008211119074921012100423
004211119074921012160088
009211119074922012070427
002211119074923012150274
008211119074923012100411
004211119074924013030246
002211119074924012150283
008211119074926013020858
008211119074930012070387
008211119074931012110466
002211119074931012150091
001211119074932014010103
008211119074934013020780
006211119074934015090621
009211119074935013020818
004211119074936012170073
006211119074938015090621
001211119074939012040444
003211119074941013010625
008211119074944015020502
009211119074944012080408
002211119074946019060103
001211119074946014010598
008211119074947013020542
009211119074948012120479
003211119074950013010601
009211119074950012120487
006211119074951015090618
002211119074952019020221
004211119074952013030507
008211119074952012110414
009211119074953012100450
003211119074953013010529
006211119074954011000710
009211119074955012120490
002211119074955012160306
003211119074957013010347
004211119074957012180171
006211119074957015090611
009211119074957012110482
001211119074958012050285
002211119074959019100008
008211119074959014020594
006211119075000011000694
009211119075000012090375
008211119075001014020622
004211119075001012130214
002211119075001012150250
003211119075002013010541
009211119075003013020868
002211119075003012160300
002211119075003019020323
006211119075004011000388
004211119075005012160075
008211119075005014020627
008211119075006012110484
009211119075007013020017
006211119075007012020137
001211119075007012050331
008211119075008012080452
001211119075009012050358
004211119075009012170268
001211119075010016000101
009211119075010013020831
002211119075010019110048
006211119075011011000574
008211119075011012100218
001211119075012016000101
004211119075012012180276
008211119075014013020878
004211119075014013030498
006211119075014011000687
003211119075015012030387
001211119075015015010758
009211119075015013020808
008211119075016012070428
006211119075017011000388
004211119075017012140456
001211119075017013020180
001211119075018012060383
009211119075018012090407
004211119075020013030240
008211119075020013020749
001211119075020012060095
009211119075020012080464
006211119075020011000388
008211119075022013020651
009211119075022015020652
008211119075024015020469
002211119075024019040034
006211119075024011000651
001211119075024014010599
009211119075025015020577
001211119075026018010059
008211119075027012080375
009211119075027012100432
008211119075029012070432
009211119075029012100434
006211119075030012130120
001211119075030018010059
008211119075031013020758
003211119075031012060420
009211119075031012120477
002211119075031019020382
009211119075032012120477
003211119075033012040453
006211119075034011000408
008211119075034012080189
009211119075034012100424
004211119075035013030482
003211119075036012050351
008211119075036012110474
004211119075037013030339
009211119075037014020524
001211119075037015030454
006211119075037011000408
001211119075038013010213
009211119075039012120143
008211119075039012080457
003211119075039012050310
004211119075040013030448
002211119075041014030456
009211119075041012120350
002211119075041019020065
003211119075041012030389
008211119075042012100398
004211119075042012140435
001211119075043014010600
008211119075043012100398
009211119075043012100347
006211119075043011000408
003211119075043013010768
009211119075045012070331
002211119075045019040023
003211119075045012040469
008211119075046012090401
006211119075046011000408
002211119075048019050228
003211119075048012040466
009211119075048013020860
008211119075049013020824
006211119075050013030188
003211119075050012030036
009211119075050012070450
004211119075051013030571
008211119075052015020545
009211119075053012090406
002211119075053019050225
003211119075053012040406
001211119075054013010604
003211119075055015010704
008211119075055013020755
006211119075055011000086
009211119075055012080448
004211119075056012170253
001211119075056012030381
009211119075057012110412
009211119075058012120454
004211119075058012130342
002211119075058019020180
008211119075058012110487
002211119075058015030474
003211119075058012060374
009211119075059012120454
001211119075059014010563
006211119075059011000704
008211119075101012080468
002211119075101019050217
009211119075101012110406
003211119075101012050364
006211119075102013020240
004211119075102012170231
003211119075103015010690
009211119075103013020882
002211119075104019020061
009211119075105012110143
008211119075105013020468
009211119075106012110143
006211119075106011000643
004211119075107012060309
003211119075107013010795
002211119075108019040035
009211119075108012110488
008211119075108012120368
006211119075109015090620
004211119075110012170231
008211119075111013020873
001211119075111012040458
008211119075112012090412
001211119075112012050308
004211119075113012170195
003211119075113013010580
009211119075113015020667
006211119075113011000683
008211119075115012090417
009211119075116013020841
006211119075116015090568
004211119075116012140388
004211119075118012130319
003211119075118013010654
008211119075118012100334
008211119075119012080135
009211119075119015020535
002211119075120019050164
003211119075120012030366
006211119075120012020340
004211119075121013030075
008211119075121012120482
009211119075121012070448
003211119075123013010624
002211119075123019050243
004211119075124012150312
002211119075124019050243
008211119075124013020769
009211119075125012100379
006211119075126011000735
008211119075127014020486
004211119075127012150318
002211119075128019020389
003211119075128012040473
004211119075129013030024
009211119075130012100400
001211119075130015010788
003211119075132012050195
004211119075132015030445
008211119075132012090333
009211119075132014020394
001211119075133016000169
002211119075135012140419
009211119075135012110481
004211119075136014030430
003211119075136013010759
008211119075138012100431
004211119075139013030641
006211119075139019100008
002211119075139012140389
003211119075140012010387
002211119075140019020377
009211119075141012090410
008211119075141012080459
001211119075142012020345
004211119075142012150271
003211119075142012060381
009211119075143012110437
008211119075144012100284
003211119075145015010716
001211119075145014010440
008211119075146012100418
006211119075147012120199
004211119075148012160310
003211119075148012060427
001211119075148012030242
009211119075149012070407
003211119075149013010740
001211119075150012040433
002211119075150019050026
003211119075152013010522
008211119075152013020789
001211119075153012030350
006211119075154011000678
003211119075155013010781
004211119075155014030077
003211119075156013010473
008211119075157012120256
009211119075158015020675
003211119075159012040337
008211119075200012100442
006211119075200011000262
004211119075201012160224
002211119075201019100052
009211119075201015020654
003211119075201012040376
008211119075202013020681
003211119075204013010560
006211119075204011000276
004211119075205012160224
008211119075205012110400
002211119075206012180249
003211119075207013010662
008211119075208012090272
006211119075208012110164
004211119075208013030644
003211119075209013010426
009211119075209019020387
003211119075210013010727
008211119075211015020657
006211119075211011000686
002211119075212014030482
001211119075212013010762
009211119075212012080123
002211119075213019060119
004211119075214013030398
001211119075214012010389
009211119075214012100447
003211119075214012060360
008211119075215012110297
004211119075215012140408
003211119075215012040429
006211119075215011000231
009211119075216012100439
001211119075217015010796
008211119075217012090393
001211119075217015100557
002211119075218015030410
006211119075218011000670
009211119075219015010696
008211119075220014020597
003211119075220012060421
004211119075221012140363
004211119075221012150073
002211119075221012160259
008211119075221014020597
003211119075222013010598
008211119075223014020523
009211119075223013020504
003211119075224012050366
006211119075224011000231
004211119075224013030530
002211119075224012170264
008211119075225012120473
001211119075225012050213
009211119075226015020639
004211119075226013030084
001211119075227012050344
003211119075227012030399
001211119075229012060349
004211119075229013030506
006211119075229011000724
009211119075229013020866
008211119075229014020589
002211119075230012130327
008211119075230012100322
003211119075230014010401
001211119075231013010035
003211119075232012020400
009211119075232014020007
006211119075232011000627
004211119075232012150073
001211119075233014010011
008211119075233012120412
002211119075234015030337
009211119075234013020778
001211119075235014010535
004211119075235012150241
008211119075236012120377
006211119075236011000517
009211119075236013020881
003211119075236013010735
001211119075237013010734
002211119075237015030351
004211119075238012140444
009211119075238013020881
001211119075238014010201
006211119075239013030003
003211119075239012010400
009211119075239014020570
008211119075239013020721
004211119075240012130290
001211119075240014010569
009211119075241015020644
002211119075241019100072
008211119075242012100312
002211119075242012130316
006211119075242011000715
001211119075242014010502
003211119075242012030400
004211119075243013030379
001211119075244014010548
006211119075244013030199
002211119075244019020346
002211119075244012180273
008211119075244012080466
009211119075245014020092
003211119075245015010678
001211119075246013020226
001211119075246012040354
008211119075247012120478
006211119075247011000717
003211119075247013010575
001211119075248015010781
009211119075248012090017
008211119075249012070443
003211119075249012050345
004211119075249015030371
006211119075249014010053
002211119075250012170275
001211119075250012040417
009211119075251013020188
006211119075252011000525
003211119075253013010550
008211119075253012100323
006211119075253011000635
001211119075253012060416
009211119075254012080017
001211119075254014010377
003211119075256012030304
006211119075256011000726
001211119075256012050224
002211119075256019020275
003211119075257012060363
009211119075257012100416
001211119075258012060005
008211119075258012100430
006211119075259013010014
009211119075259012100416
003211119075300012050307
002211119075300019100061
004211119075301012180260
008211119075301012080456
001211119075301012050309
006211119075302013010001
002211119075302019020211
008211119075303013020836
001211119075303012030356
003211119075303012020332
004211119075304013030562
001211119075305012030365
003211119075305013010787
001211119075306012020352
003211119075307012050303
001211119075307015010753
008211119075307012070344
004211119075307013030590
006211119075308011000277
009211119075309014020571
001211119075309012040410
008211119075309012080413
001211119075310012040461
003211119075310013010788
006211119075310011000718
008211119075311012080284
002211119075311019020318
001211119075311012040462
009211119075312012080267
004211119075312012170193
003211119075312012020389
001211119075313014010612
006211119075313011000598
001211119075314018010072
003211119075314012060364
002211119075314013030638
002211119075315019110037
001211119075315012020380
006211119075316015090617
001211119075317014010608
002211119075317013030649
008211119075318012090339
003211119075318012010329
001211119075319012020322
006211119075320011000677
002211119075320019020230
004211119075320012010341
003211119075320012030266
001211119075321015010784
009211119075321013020867
002211119075321013030647
008211119075322012100047
002211119075322019020326
001211119075322014010033
006211119075323011000727
003211119075323013010606
009211119075323012120491
002211119075325019050170
006211119075325012020002
003211119075325012030261
001211119075325012030356
001211119075326012030397
008211119075326013020795
009211119075326012090423
003211119075327014010605
001211119075327014010157
004211119075328014030390
006211119075328012110087
002211119075329019050213
001211119075329013010549
008211119075329015020386
004211119075330012140464
002211119075330014030448
003211119075330012050266
008211119075331012100405
001211119075331012050360
006211119075331011000388
004211119075332012180262
001211119075332012020366
003211119075332013010737
008211119075333012110404
009211119075333012120392
001211119075334012020111
002211119075334013030639
006211119075334011000388
008211119075336012070264
004211119075336012180262
002211119075336012140409
001211119075337014010068
002211119075338012180157
003211119075339013010413
009211119075339012120472
008211119075339015020646
006211119075341012090035
008211119075341012090302
001211119075342013010797
009211119075342015020681
002211119075342019020335
003211119075343012050028
008211119075344013020767
002211119075344013030541
004211119075344015030467
006211119075345013010392
002211119075345013030630
003211119075346015010615
009211119075346012100441
004211119075347012150307
001211119075347014010617
008211119075347012070382
002211119075348019100013
004211119075349013030609
001211119075349013030071
009211119075349015020451
002211119075349015030262
003211119075349012030390
006211119075350012020288
003211119075350012060400
001211119075350013010798
008211119075350014020180
002211119075352019050183
009211119075352012100288
004211119075352014030425
008211119075353012070403
006211119075353012060241
003211119075353015010751
009211119075354013020586
001211119075354012040464
006211119075355012010292
004211119075355013030187
009211119075356014020633
003211119075356013010682
008211119075356013020706
002211119075357019100068
006211119075357011000632
003211119075358012060356
004211119075358015030389
008211119075359013020753
001211119075400014010424
006211119075400012170077
003211119075401013010806
008211119075401012120431
009211119075401013020883
003211119075402012020037
006211119075403013020397
002211119075403019110005
004211119075403014030423
008211119075404015020591
001211119075404015010807
004211119075404012140465
003211119075405012010162
006211119075405011000388
001211119075405012020385
008211119075406012090383
009211119075406014020567
004211119075406012140460
003211119075407013010739
006211119075407011000440
001211119075408013010011
002211119075408019050091
001211119075409012010377
008211119075409013020879
004211119075409012170290
006211119075410011000388
003211119075410013010770
002211119075411019050220
008211119075411012070426
001211119075411012020383
006211119075412012130091
003211119075412012030386
004211119075412015030460
009211119075413014020493
002211119075413019110029
008211119075413013020781
001211119075414012010376
003211119075415013010520
004211119075415014030426
006211119075415011000706
006211119075416015090628
008211119075416013020877
001211119075417012050321
009211119075417013020832
002211119075418019050148
001211119075418012040468
004211119075418012140461
003211119075418014010241
006211119075419015090632
009211119075420015020643
008211119075420014020611
003211119075420012060432
001211119075421012030376
001211119075421015100551
009211119075421015020666
002211119075421013030484
006211119075422011000041
003211119075422012030405
004211119075422012130280
001211119075422015010774
009211119075423012090341
008211119075423012090335
006211119075424011000731
003211119075424014010604
002211119075424019020260
001211119075424012020306
004211119075425015030437
001211119075425016000088
008211119075425012100436
009211119075425012120415
003211119075426013010284
001211119075426012010410
008211119075427012120461
006211119075427014030056
004211119075427012150299
009211119075427012120354
003211119075428014010208
002211119075428013030548
001211119075428016000008
001211119075428014010316
004211119075429012180266
001211119075430012040425
009211119075430014020538
006211119075430011000601
008211119075430013020848
003211119075431012030230
001211119075431014010573
009211119075432014020537
001211119075432016000003
006211119075432013020412
004211119075432013030576
009211119075433012110178
001211119075433015010738
008211119075433014020606
002211119075433013030563
004211119075433014030491
001211119075434016000003
003211119075434012040437
001211119075435014010460
004211119075435015030356
001211119075435014010332
009211119075436014020528
008211119075436014020581
003211119075436012020393
001211119075437015010682
004211119075437013030573
006211119075437011000662
002211119075437012170271
001211119075437015100560
008211119075438012110455
004211119075438013030633
009211119075438012080462
009211119075439012080458
003211119075439012040222
006211119075439013020412
001211119075440016000167
002211119075440015030471
001211119075440014010357
004211119075441013030348
002211119075441019020391
001211119075442013010805
002211119075442012130297
003211119075442013010785
001211119075442016000167
008211119075442014020574
004211119075443014030021
006211119075443011000065
002211119075443012180253
001211119075444014010575
004211119075445013030496
003211119075445012050354
008211119075445014020502
001211119075445012020285
006211119075445012160012
002211119075446019020368
001211119075446019030038
004211119075447013030176
001211119075447015010129
008211119075447012090300
002211119075448015030376
001211119075448015010473
004211119075449013030558
001211119075449018010066
002211119075449019020327
003211119075449013010515
002211119075450013030631
001211119075451012050343
003211119075451012020396
002211119075451019020307
004211119075452012140086
008211119075452013020748
001211119075453018010071
006211119075453011000566
002211119075454014030289
008211119075455015020686
003211119075455012050123
004211119075455012150303
006211119075456011000690
008211119075457015020680
003211119075457012010393
009211119075458012090388
004211119075458012160134
002211119075458015030388
006211119075458012170053
001211119075458015030106
001211119075459012030352
003211119075500012030353
002211119075500019100063
008211119075500012080425
004211119075501014030305
002211119075501014030400
003211119075501014010539
001211119075502012010355
009211119075502015020678
004211119075502012150310
008211119075503013020874
003211119075503012040477
006211119075504011000732
003211119075504012040454
004211119075505014030440
009211119075505012070449
006211119075506011000720
001211119075506012010277
003211119075506012030256
004211119075508012160256
003211119075508012050368
001211119075510018010047
006211119075510012020162
004211119075510012140446
008211119075511012110461
003211119075511015010794
001211119075511014010578
004211119075513015020655
002211119075513013030589
006211119075514011000410
001211119075514012040346
003211119075514012040382
009211119075514013020599
008211119075515012070414
004211119075516012180271
003211119075516012040353
001211119075516012040426
009211119075517013020819
002211119075517013030587
006211119075517013020274
001211119075518013010804
003211119075518012060221
004211119075518013030516
008211119075518012110446
002211119075518019110049
003211119075520015010717
002211119075520012180310
001211119075520013010641
006211119075520011000568
001211119075520016000154
009211119075520014020088
004211119075521012160149
001211119075522012050217
001211119075522016000154
003211119075522012020398
008211119075523014020504
009211119075523014020351
002211119075523012130288
009211119075524014020351
001211119075524012060369
001211119075524013030157
008211119075525012090235
002211119075525012130339
003211119075525013010758
009211119075525013020810
001211119075526012060407
008211119075527012110416
006211119075527011000026
003211119075527014010452
002211119075527012150305
003211119075528015010550
009211119075528014020542
002211119075528019050238
001211119075529014010510
003211119075530015010721
004211119075530012130075
002211119075530014030375
008211119075530014020331
008211119075531014020331
009211119075531012080461
004211119075531012140434
002211119075531019110014
002211119075532012140468
004211119075533012150294
003211119075533012050334
002211119075533019110014
002211119075534012130338
008211119075534012120434
003211119075535014010492
009211119075536012080431
008211119075536013020574
001211119075536012060353
004211119075536012150260
002211119075537012160291
004211119075537012170146
008211119075538013020811
006211119075538011000120
003211119075538014020020
002211119075539019050230
009211119075539013020869
008211119075539012090391
004211119075540014030160
003211119075540012020269
001211119075540012040411
006211119075541011000663
003211119075541012060410
009211119075541012090348
008211119075541013020574
001211119075542012010348
004211119075542012160285
002211119075543012150226
009211119075543015020688
008211119075543014020632
001211119075544014010614
004211119075544012130282
009211119075545012120393
006211119075545012020274
003211119075545012030342
002211119075546012150314
003211119075546013010294
008211119075546015020580
004211119075547012170127
002211119075547019020340
009211119075547012080297
006211119075548012180106
002211119075548014030480
009211119075549012070236
008211119075549012070421
003211119075549013010730
004211119075550012180307
003211119075551012060166
009211119075551012120447
008211119075551014020626
006211119075552012140043
002211119075553019020363
004211119075553014030438
003211119075553012040373
009211119075554015020674
008211119075554014020598
006211119075555011000640
008211119075555014020623
004211119075556013030606
001211119075556018010065
001211119075556013010059
002211119075556014030458
001211119075557012010005
004211119075558012130345
006211119075559015090629
008211119075559014020625
002211119075559012130279
003211119075600014010432
004211119075600012140452
001211119075600013010023
006211119075601011000586
008211119075601012080428
003211119075601012030344
004211119075602013030372
002211119075602012130263
002211119075602019050193
002211119075603013030642
006211119075603012010254
001211119075603014010593
004211119075604014030490
009211119075604013020411
001211119075604014010587
001211119075604016000126
006211119075606011000639
001211119075606016000126
001211119075606014010580
008211119075606013020702
009211119075606012110354
004211119075607012170219
001211119075608012040472
004211119075608012140088
008211119075608012120242
006211119075609014030096
009211119075609015020685
002211119075609012180287
003211119075609012040397
008211119075611013020644
002211119075611012140148
004211119075611012140149
003211119075611012030377
001211119075612012010170
009211119075612012100419
006211119075612013010015
004211119075613013030636
008211119075613012080396
002211119075613019050029
002211119075614014030290
003211119075614015010792
004211119075615012140469
009211119075615012100169
006211119075615011000728
008211119075616012110421
004211119075617013030425
009211119075617014020534
002211119075617013030648
003211119075617013010646
003211119075618012040367
006211119075618012160114
002211119075619019020150
004211119075619012130322
008211119075619014020404
009211119075619013020820
006211119075620016010086
008211119075620013020701
001211119075620012040446
004211119075622012150304
009211119075622015020623
002211119075623014030444
004211119075623012130210
006211119075623015090627
008211119075623013020793
001211119075623012040355
002211119075624019020212
003211119075624012040459
001211119075624014010615
009211119075625012090291
004211119075625014030476
008211119075626013020812
001211119075627015010802
004211119075627013030550
003211119075627013010807
002211119075627015030279
006211119075627013020154
009211119075628015020618
004211119075629012180258
003211119075629013010732
002211119075629019040028
008211119075629012070440
002211119075630014030484
001211119075630012030368
001211119075631012010403
002211119075632013030618
008211119075632012090400
004211119075632013030456
003211119075632012020403
006211119075632013020241
008211119075633012110467
001211119075633016000168
002211119075633019110046
001211119075634013010747
004211119075634013030440
003211119075634013010695
001211119075635016000168
009211119075635014020631
002211119075635014030365
003211119075635012020008
001211119075636016000168
008211119075636012100329
006211119075636011000581
001211119075636012040405
004211119075637012150100
009211119075637012110477
001211119075637016000168
002211119075637012150309
002211119075638012170305
006211119075638015090616
001211119075638015030112
003211119075638012050210
001211119075638012010408
002211119075639019060001
008211119075639012100446
001211119075639012010415
004211119075639012160231
003211119075639015010780
009211119075640013020880
002211119075641014030450
004211119075641014030088
003211119075642012030401
001211119075642012050234
008211119075642012090394
006211119075642013020581
002211119075642019010109
009211119075643012110409
002211119075643014030279
001211119075643012010338
004211119075644014030336
003211119075644012040465
009211119075645012090377
006211119075645019100071
002211119075645012160307
003211119075646012030327
002211119075646019050240
008211119075646015020568
004211119075646012150287
001211119075646014010538
002211119075647012160215
006211119075647012080163
009211119075647012090416
001211119075648016000161
004211119075648012170265
003211119075648012020391
002211119075649012170280
009211119075649012090419
008211119075649015020478
006211119075650011000654
004211119075650012170286
002211119075650014030250
003211119075650012050356
002211119075651019060120
001211119075651015010683
008211119075652013020738
006211119075652011000723
003211119075652012040470
004211119075652012180278
009211119075652012090343
002211119075653015030458
004211119075653012170297
002211119075654019010134
009211119075654014020618
003211119075654013010733
001211119075654016000164
004211119075655012180185
008211119075655012090279
002211119075656014030381
001211119075656012020344
006211119075656011000283
003211119075656013010803
002211119075657019060114
002211119075657014030325
001211119075657016000164
009211119075657012090041
008211119075657013020872
004211119075657013030619
003211119075659012050204
006211119075659011000733
009211119075659012120395
004211119075659013030441
002211119075700015030423
008211119075701013020852
003211119075701012060229
004211119075701012140421
006211119075702011000691
002211119075702019100044
001211119075702012040450
009211119075703014020592
002211119075703019060033
004211119075703012160298
008211119075704013020843
003211119075704015010761
002211119075704015030477
003211119075705012060379
001211119075706013010176
009211119075706014020231
002211119075706019060095
004211119075707012130295
002211119075707012150201
003211119075708012080007
002211119075708016000144
008211119075708012110378
009211119075709012070442
001211119075709012060253
004211119075709013030535
003211119075710013010763
008211119075710012110427
006211119075710012020010
002211119075711013030518
004211119075711015030438
009211119075711012080358
008211119075712014020563
002211119075712012140453
004211119075712013030354
006211119075713011000681
009211119075713014020424
001211119075713014010613
003211119075713012050194
008211119075714012110480
009211119075715012110485
004211119075715012160287
001211119075715012030300
004211119075716013030460
003211119075716012030317
006211119075717011000725
009211119075717013020799
008211119075717012120465
009211119075718014020615
004211119075718012180158
008211119075719014020607
003211119075719012030338
001211119075719014010596
002211119075719019110040
009211119075720012110375
006211119075720011000719
003211119075721013010780
004211119075721012180206
009211119075722014020554
008211119075722012100350
002211119075722019060102
006211119075723015020461
009211119075724012070415
008211119075724012090408
003211119075724012040443
004211119075724013030523
002211119075724014030368
003211119075725012020381
006211119075726011000674
009211119075726012120488
004211119075726013030264
002211119075726012160292
008211119075727012100445
004211119075727013030356
009211119075728012090420
003211119075728012050365
004211119075728013030603
002211119075729012140374
001211119075729014010457
008211119075730013020674
009211119075730015020022
002211119075731012130326
001211119075731012010237
004211119075731012160190
003211119075731012020300
004211119075732013030607
001211119075733013010743
006211119075733011000490
003211119075733012050369
009211119075733015020013
008211119075734012090220
002211119075734012160253
004211119075735012160315
003211119075735012030396
001211119075735014010537
002211119075736012150278
009211119075736012110424
006211119075736011000422
001211119075737012050179
009211119075737013020862
008211119075737012100380
003211119075737012030010
004211119075738013030614
002211119075738014030158
003211119075738013010793
006211119075739011000001
008211119075739012120425
002211119075739012180308
009211119075740012120421
001211119075740012050279
004211119075741014030459
003211119075741013010577
009211119075741013020837
008211119075741012110367
002211119075741012150102
006211119075742012030282
001211119075743014010564
008211119075743012120483
009211119075743012120497
002211119075743012180275
004211119075743012160301
003211119075744014010436
004211119075744012130264
001211119075744012150311
001211119075745012150311
006211119075745012080114
001211119075745012020388
002211119075745015030426
009211119075745014020416
002211119075746019050126
002211119075746015030459
003211119075746013010776
004211119075746012130320
008211119075746013020835
006211119075748012050222
001211119075748014010493
009211119075748014020608
002211119075748012140235
004211119075748014030393
008211119075749012090256
003211119075749013010542
002211119075749012140442
009211119075750014020426
002211119075750014030031
002211119075750019050212
009211119075751015020630
004211119075751013030066
003211119075751012050009
008211119075751012100327
001211119075751012010423
004211119075753013030119
006211119075753012080127
008211119075753012080345
003211119075753013010777
002211119075753015030362
002211119075754012170277
009211119075754014020413
008211119075755012070368
002211119075755019080001
009211119075755015020057
003211119075756014010616
004211119075756012140470
001211119075757013010331
009211119075757012120440
008211119075757014020443
004211119075757012180296
003211119075758012020086
004211119075758012150286
002211119075759019040016
001211119075800014010536
008211119075800013020838
002211119075800014030022
009211119075800013020822
003211119075801012010398
001211119075801014010603
004211119075801015030395
006211119075802012060389
002211119075802015020598
008211119075803012080380
003211119075803013010653
009211119075803012080453
002211119075804012150290
003211119075804012050311
004211119075804014030471
009211119075805014020435
004211119075805012160296
008211119075806012100201
004211119075806012150293
006211119075806011000398
001211119075807012010014
003211119075807012010247
009211119075807015020660
002211119075807015030461
008211119075808014020565
001211119075809012020021
004211119075809012130242
009211119075809015020664
002211119075810012140449
002211119075810019110050
006211119075810012120124
003211119075810012010201
008211119075811014020414
009211119075812013020640
001211119075812015010017
004211119075812012140473
002211119075813012140405
008211119075813012080414
003211119075813012050225
006211119075814015090631
009211119075814012070321
002211119075814019030046
004211119075814012130344
008211119075815013020572
006211119075815011000534
002211119075816014030475
003211119075816012040423
004211119075816013030458
002211119075817019030022
009211119075817014020619
004211119075817013030616
006211119075818015020199
008211119075818013020726
001211119075818019010128
002211119075819012150273
009211119075819015020684
002211119075819014030465
002211119075820019010127
004211119075820012150255
008211119075820013020536
006211119075821012150195
002211119075821014030399
004211119075821012150268
008211119075821013020685
003211119075822012010422
002211119075822015030244
001211119075822018010061
009211119075822012120481
003211119075823012030194
002211119075824012130333
001211119075824012050367
006211119075824011000707
004211119075824012160243
008211119075825012080454
009211119075825012080078
001211119075825018010070
002211119075826014030488
001211119075826019110051
004211119075826012140429
001211119075827014010555
009211119075827012100443
008211119075827012120485
006211119075827011000714
003211119075827012030328
004211119075828012160143
001211119075828018010068
006211119075828012060015
009211119075829013020198
001211119075829012040471
002211119075829015030431
008211119075830013020747
004211119075830012170056
006211119075830019100002
009211119075831014020593
002211119075831012130329
003211119075832013010710
004211119075832014030454
002211119075833014030418
006211119075834011000555
008211119075834013020826
004211119075834015030441
009211119075834015020641
006211119075835011000682
008211119075836012070422
004211119075836014030470
002211119075836019050223
009211119075836013020840
003211119075836012020404
009211119075837012100381
002211119075837012130303
003211119075839012010327
008211119075839012120427
009211119075839014020411
004211119075839014030478
001211119075840012060259
008211119075840012120444
004211119075841012150198
002211119075841019040012
002211119075841012140439
006211119075841014030109
003211119075841012010372
004211119075842012150297
002211119075842012130284
008211119075843014020582
003211119075843012010414
006211119075844012130286
002211119075845014030453
008211119075845014020628
001211119075845016000157
002211119075845019070038
004211119075845012180144
003211119075846015010610
006211119075846013010151
009211119075846012070447
004211119075847012130314
006211119075847014030109
002211119075847013030308
008211119075848014020634
001211119075848014010200
002211119075848019040009
001211119075848016000139
003211119075849012040445
009211119075850012070439
004211119075850012140426
002211119075850012130014
003211119075850012010420
001211119075851012040475
006211119075851012050129
002211119075851019060108
008211119075851012090344
001211119075852018010048
004211119075852013030366
003211119075852012030303
008211119075852013020515
009211119075853014020551
004211119075853012180272
006211119075854011000712
008211119075854013020813
003211119075855012040414
009211119075857015020410
003211119075857012020399
008211119075857012120433
001211119075857015100559
002211119075857012130254
004211119075858012180268
003211119075858012060428
002211119075858019020373
001211119075858014010411
009211119075859012080418
008211119075859012120399
004211119075859012170304
006211119075859012050129
002211119075900014030485
009211119075901014020617
006211119075901012020013
003211119075901014010607
002211119075901015030442
002211119075902019050222
008211119075902013020660
004211119075902012180212
003211119075902012050238
001211119075903013010716
009211119075903012110478
004211119075903013030325
001211119075904012060415
008211119075904013020689
003211119075904014010444
002211119075904015030402
006211119075905013010215
002211119075905012180154
009211119075906012100444
002211119075906019050222
004211119075906012130270
002211119075907012140430
004211119075907013030412
008211119075907014020489
003211119075908012010413
004211119075908012150170
006211119075908012060312
008211119075908014020489
003211119075909012050183
009211119075909014020036
006211119075909012020279
004211119075909012150171
008211119075910012100318
002211119075910013030596
003211119075911012020368
006211119075911015030168
004211119075912014030267
009211119075912014020530
003211119075912012030351
002211119075912014030388
001211119075913014010338
009211119075914012080447
002211119075914012170308
008211119075914012100364
003211119075915012060388
001211119075915014010066
008211119075915013020783
006211119075916011000648
004211119075916014030331
002211119075916014030486
003211119075916015010805
008211119075917012120474
006211119075917014020288
009211119075917014020512
001211119075918014010558
009211119075918014020512
004211119075918014030437
001211119075918018010069
001211119075919014010477
002211119075919012170298
008211119075920012070358
003211119075920014010525
004211119075920012150319
002211119075920019020301
002211119075921012130330
001211119075921014010581
009211119075921014020545
004211119075922012160236
006211119075922015020563
003211119075923013010631
008211119075923012110351
001211119075923012020016
002211119075924012140425
004211119075924013030479
009211119075924012120464
006211119075925012050085
008211119075925012100428
003211119075925015010668
002211119075926019040032
001211119075926013010761
004211119075927012130205
006211119075928011000169
008211119075928012110353
009211119075928012070376
004211119075928015030475
001211119075928014010597
002211119075929019010072
006211119075929012130102
004211119075930012160233
003211119075930015010791
001211119075930014010581
008211119075930012100280
004211119075931012160272
009211119075931013020282
009211119075932013020282
001211119075932015100556
008211119075933014020511
004211119075933015030457
006211119075933011000656
003211119075933012020016
002211119075935015030478
006211119075935012090150
008211119075936012080394
004211119075936015030439
001211119075936012020382
008211119075937012080394
009211119075937012120448
008211119075938012120402
009211119075938012120448
006211119075938012030293
001211119075938012040131
004211119075938013030399
009211119075939012070392
001211119075939014010594
002211119075940012170295
003211119075940012020392
002211119075940019110013
004211119075940012140471
009211119075941012070392
006211119075941013010296
001211119075941015010789
008211119075942012070431
003211119075942013010244
006211119075942012120196
004211119075942012140463
002211119075943015030383
009211119075943014020529
002211119075943019040015
001211119075944014010610
009211119075945012120463
008211119075945014020501
009211119075946012110489
003211119075946013010190
002211119075946019050196
008211119075946012070438
009211119075947012110489
006211119075947014020055
004211119075947012130335
002211119075947015030424
004211119075948012130116
002211119075948019010118
002211119075948014030100
001211119075949014010309
008211119075949012080361
006211119075950011000439
004211119075950012160087
009211119075950012090380
002211119075951012160279
002211119075951019050184
008211119075951014020305
009211119075952014020494
003211119075952013010765
001211119075952014010522
001211119075954016000166
008211119075954013020619
006211119075954012130049
003211119075955012040420
009211119075955012110438
004211119075955013030222
001211119075956012010409
002211119075957019050171
001211119075957013010688
003211119075959013010454
009211119080000012110160
008211119080001012080225
002211119080001019020372
009211119080002013020460
006211119080002011000712
001211119080002016000166
002211119080002014030466
008211119080003013020865
001211119080003014010609
004211119080004012170207
009211119080005014020566
001211119080005014010250
002211119080005015030386
002211119080007012150315
008211119080007012110340
003211119080007012060398
001211119080008015010764
002211119080009019040030
004211119080009013030538
008211119080010012110382
002211119080010012170303
004211119080011012130298
003211119080011013010791
002211119080011012160230
002211119080011019050224
009211119080012015020624
006211119080012012160222
008211119080012012110458
009211119080013012100224
004211119080014012130285
003211119080014012040273
008211119080014014020553
002211119080014012180261
009211119080015012110486
003211119080015012010401
002211119080015019030025
004211119080017012170217
002211119080018019060097
003211119080018012050359
006211119080019013010358
002211119080019014030369
004211119080020015030408
001211119080020012020333
002211119080020019020379
002211119080021019020379
001211119080021015100543
002211119080021012130337
003211119080021013010259
004211119080022014030299
002211119080023019030045
008211119080023012080373
001211119080023012040338
002211119080023012160228
001211119080025012050347
002211119080025015030187
002211119080026019040006
006211119080026012010028
001211119080026014010494
001211119080026016000058
004211119080026012160293
002211119080027014030487
002211119080028012130302
008211119080029012070377
006211119080029015020540
009211119080031014020604
001211119080031012050147
002211119080031019050209
002211119080031014030387
008211119080032014020540
006211119080033011000263
009211119080034015020663
002211119080035019050152
002211119080035015030247
008211119080035012090396
003211119080035013010460
002211119080037014030072
009211119080037016000149
008211119080038014020417
009211119080040013020833
002211119080040019070031
009211119080042015020669
009211119080043015020669
008211119080044012080346
004211119080045012130334
009211119080045012090414
001211119080046012020325
002211119080046019030032
008211119080046014020536
009211119080047012110397
002211119080047012170299
006211119080047012160085
001211119080048012030385
003211119080048012010010
008211119080048012100367
001211119080049012060403
009211119080049013020817
004211119080049012160311
009211119080050012090368
001211119080051015010790
004211119080052012140127
002211119080052014030217
003211119080052013010650
009211119080053013020857
008211119080053012120473
001211119080054012010385
004211119080054012170054
008211119080055012100425
009211119080055015020541
003211119080055013010567
002211119080056014030416
001211119080057014010590
004211119080057012180282
008211119080058012100358
003211119080058013010666
002211119080059015030470
008211119080100012120470
004211119080100012140424
009211119080101012070308
004211119080101015030306
003211119080101012020367
004211119080102012140424
001211119080102015010786
008211119080103013020428
003211119080103012010337
001211119080103012010382
008211119080104013020428
009211119080104013020425
002211119080105014030356
004211119080105012170020
008211119080106012070404
003211119080106014010524
002211119080107019040021
004211119080107012130278
006211119080109014010295
004211119080109012160289
003211119080109012010173
008211119080109014020470
009211119080110014020578
002211119080110014030449
004211119080110014030452
008211119080111013020876
004211119080112013030331
002211119080112012160302
001211119080113012020376
009211119080114013020643
001211119080114019030050
002211119080114012180257
004211119080115013030162
001211119080115019060076
008211119080115012070390
001211119080116019030043
004211119080116013030104
003211119080117012050341
002211119080117014030481
009211119080117014020546
008211119080117012070366
004211119080118013030637
001211119080118012030305
003211119080119013010774
009211119080119016000147
004211119080120012170291
006211119080121012130223
001211119080121015010596
009211119080121012080266
002211119080122015030468
004211119080123012180292
001211119080123014010267
003211119080124015010769
004211119080124012170267
009211119080124012070357
001211119080125012020311
009211119080126015020659
002211119080126012180297
006211119080126013010117
004211119080127012140437
009211119080127015020659
004211119080128012140441
001211119080129012030196
009211119080129014020532
004211119080130012180301
002211119080130012140431
009211119080130012120401
003211119080131012060378
001211119080131012030329
008211119080132012120306
006211119080132012160104
009211119080132012120486
001211119080134015010407
003211119080135012060331
009211119080135012080366
004211119080136012170209
001211119080136018010055
001211119080138012060368
003211119080139012060423
004211119080140013030567
008211119080141014020602
003211119080142013010769
009211119080142014020006
008211119080143012120301
004211119080143015030101
001211119080143016000141
002211119080144014030447
001211119080144016000141
001211119080144015010795
004211119080145012130059
009211119080145012070197
006211119080145012010405
002211119080145014030399
008211119080146013020825
004211119080148012170228
006211119080148012030316
009211119080149012080427
004211119080151013030605
004211119080152014030398
002211119080152019010111
002211119080152012130317
003211119080153014020025
006211119080153011000636
008211119080155012070360
004211119080155013030485
002211119080156013030584
008211119080157012080364
008211119080159012090402
002211119080159014030001
001211119080200012050348
003211119080200012010293
004211119080200012180290
008211119080202014020624
001211119080202015010804
002211119080202012130267
003211119080202013010004
004211119080203012150069
008211119080204013020554
009211119080206012110476
004211119080206012170284
008211119080207014020513
004211119080208012150301
008211119080209012070411
009211119080209016000124
004211119080209012170235
006211119080211012050057
001211119080212016000064
009211119080212013020773
004211119080213012180159
009211119080214013020803
001211119080215015010731
008211119080216012070410
006211119080217011000600
008211119080217012120492
004211119080217012170222
002211119080218013030263
002211119080218019010131
004211119080220013030346
002211119080221013030623
006211119080221014020550
008211119080222012110464
002211119080224012180263
004211119080224015030451
004211119080227012180220
008211119080228012070338
004211119080230012150295
004211119080233012020358
001211119080233014010133
002211119080236019040020
003211119080239013010702
002211119080239019020333
008211119080241014020616
004211119080241012160280
002211119080243012130292
009211119080246014020603
002211119080248019040033
009211119080248012120414
002211119080251013030465
002211119080251019020273
008211119080300014020120
006211119080304012110004
009211119080306014020043
008211119080309012090413
003211119080313012060365
002211119080314012150261
004211119080316014030150
001211119080316016000112
004211119080324012180304
003211119080326012030095
001211119080330012030361
002211119080332014030176
006211119080334013020409
004211119080336013030591
003211119080341012050320
004211119080342013030617
008211119080343012120493
009211119080345012070433
009211119080348012110479
008211119080351012080360
009211119080351014020398
008211119080354012100385
008211119080357012120419
008211119080358012120419
002211119080401014030373
009211119080403012070286
003211119080404013010674
002211119080405012170250
004211119080409013030577
008211119080420012080469
008211119080424013020790
002211119080426012140447
002211119080435012180288
003211119080444012050353
008211119080447013020870
001211119080453012070090
008211119080459013020863
001211119080459012060422
002211119080500019010094
001211119080503012060387
001211119080507016000012
008211119080515012090357
004211119080516013030510
008211119080524012090411
003211119080536012010392
001211119080541013010783
009211119080553012090372
002211119080619019010008
002211119080624019020079
002211119080637019050235
001211119080656019020149
006211119080657012010190
004211119080725013030610
002211119080825019050234
002211119080828019060113
002211119080837019010087
002211119080843019090016
002211119080900019030033
002211119080904019010133
008211119081130013020626
001211119081152014010508
008211119081551012080438
002211119081609019010074
001211119082512016000052
002211119085339019090015
004211119090333012160312
002211119100247019050243
002211119100248019050243
002211119101842019020323
002211119123214019010067
001211119124635019030038
003211119130134012060423
003211119130252013010769
002211119130435019020079
002211119131427019110006
002211119140224019010031
001211119140412016000025
001211119140414016000025
002211119151328019040028
002211119153912019020346
009211119160209012120479
003211119161702012060388
002211119162219019100028
002211119164913019020335
004211119165029012140453
004211119165038012160215
004211119165039015030459
004211119165043012130303
004211119165047013030325
001211119165104012020388
004211119165112012150261
003211119165243012020376
003211119165253012020366
009211119165412012070415
008211119165544012110484
001211119165555012010408
008211119165620012110164
001211119165622016000112
009211119165625012110424
001211119165629016000139
003211119165630012060374
001211119165634016000157
009211119165636012110375
001211119165642016000139
009211119165650012110178
009211119165701012110485
002211119165702019100039
004211119165705012160222
002211119165733019010072
003211119165735013010215
003211119165737013010575
009211119165746012110479
004211119165751012160306
002211119165801012140475
003211119165813013010454
006211119165819015090568
003211119165829013010774
003211119165832013010015
003211119165835013010625
003211119165838013010598
002211119165839019050224
003211119165840013010795
003211119165843013010151
003211119165844013010321
001211119165846013010580
003211119165846013010624
003211119165852013010413
003211119165855013010672
004211119165857012160301
003211119165858013010712
001211119165900013010604
003211119165901013010631
003211119165901013010460
003211119165903013010631
003211119165905013010739
003211119165907013010793
003211119165909013010190
004211119165910012130345
003211119165912013010770
008211119165918012090410
003211119165919013010771
001211119165920012040461
009211119165921012090410
008211119165929012090407
001211119165931013010802
009211119165932012090343
001211119165937013010747
003211119165938013010732
003211119165940013010542
001211119165941013010761
003211119165943013010716
008211119165945012090383
006211119165945019100068
001211119165946013010734
001211119165948013010641
009211119165948012110483
001211119165950013010798
003211119165951013010650
001211119165952013010783
001211119165955013010023
008211119165956012090388
003211119165956013010654
006211119170003013010009
009211119170008012090372
003211119170008013010560
003211119170014013010677
008211119170020012090413
008211119170022012110416
003211119170026013010392
003211119170029013010651
009211119170036015020541
009211119170047012080461
008211119170053012090417
009211119170055012110438
009211119170056012110437
009211119170059012110478
009211119170101012110489
009211119170102012110489
009211119170103012110489
008211119170105012110464
003211119170108013010799
008211119170111012090350
003211119170115013010007
008211119170117012090401
003211119170120013010800
004211119170124013030535
003211119170125013010529
001211119170126013010059
008211119170127012090357
003211119170137013010726
009211119170138012120440
008211119170139012090391
003211119170144013010601
003211119170155013010759
008211119170155012090272
009211119170155012070187
009211119170213012090375
008211119170215012110410
009211119170220013020864
008211119170225012110446
003211119170226013010733
008211119170228013020790
003211119170229013010550
008211119170232012090345
008211119170240013020859
001211119170241013010751
001211119170243013010688
008211119170247012090420
001211119170248013010700
001211119170250013010762
004211119170254012170305
003211119170306013010426
009211119170312012090379
008211119170322012090394
002211119170323014030336
008211119170329012110400
003211119170400015010690
001211119170412015100561
008211119170412012110151
008211119170423012120427
008211119170424012120427
002211119170425014030453
003211119170429015010704
008211119170510012070435
004211119170520012180282
002211119170547019020307
008211119170603013020863
002211119170825019020286
008211119170830012090405
008211119170833012090405
008211119170948015020580
003211119170956012060378
002211119170959019100061
008211119171005015020668
003211119171006012040411
002211119171323019020212
002211119171351019020397
002211119171426019060001
002211119171609019060086
002211119171618019060101
001211119171723014010332
001211119171855014010606
003211119171937012040469
003211119171938012040459
004211119171952013030646
008211119172149012090279
002211119172506019030045
009211119172607012080424
009211119172610012080424
001211119173742015010692
001211119173901016000141
001211119173903016000141
004211119174434019020180
002211119174603019060107
002211119174937019020230
002211119175141019040030
002211119175210019020061
002211119175919019050228
002211119175926019040034
002211119175944019020065
002211119180016019010131
002211119180019019010133
008211119180304012120393
003211119180850012040425
003211119180854012040426
003211119180933012040338
003211119181057012040355
001211119181059012040355
003211119181102012040397
003211119181110012040442
008211119181228015020672
004211119181453013030610
002211119181522019030049
002211119181601019090016
002211119182050019010008
001211119182842016010127
002211119182958019050212
001211119183201016010077
001211119183220016000003
001211119183221016000003
001211119183226016000154
001211119183228016000154
001211119183229016000154
001211119183233016000163
001211119183236016000163
001211119183239016000163
001211119183240016000168
001211119183243016000168
001211119183246016000168
001211119183249016000126
001211119183252016000126
001211119183254016000126
001211119183256016000126
001211119183301016000163
001211119183312016010071
001211119183318016010100
001211119183319016010100
001211119183323016010095
002211119183339019040012
002211119183436019010124
002211119183506019010118
002211119183511019090015
001211119183534019010125
002211119183619019010111
001211119183743016000161
001211119183747016000088
001211119183751016000008
001211119183801016000025
001211119183803016000025
001211119183808016000164
001211119183809016000164
001211119183810016000164
002211119184022019020273
006211119184636016010086
002211119184905019030032
002211119184910019040020
003211119185004012040346
004211119185250012170231
003211119185326012020340
003211119185329012060426
001211119185332012060372
003211119185333012040453
001211119185335012010011
003211119185337012060229
003211119185340012030381
001211119185342012010338
003211119185343012060421
003211119185345012060359
003211119185347012030282
001211119185347012010201
001211119185347019010128
001211119185350012010005
003211119185350012060364
001211119185351016000073
003211119185353013010674
001211119185353012040354
003211119185354012060015
001211119185355012010393
001211119185358012040468
003211119185358013010730
001211119185401012010254
001211119185403012010247
003211119185404012040458
001211119185405012010348
003211119185406012020228
003211119185407013010740
001211119185408013010006
001211119185409012010237
003211119185412012010341
001211119185412013010797
003211119185414012050179
001211119185415012040438
003211119185416013010505
003211119185418012030256
001211119185418013010804
003211119185421012030194
003211119185425012060433
003211119185429012060221
003211119185431013010577
003211119185433013010763
003211119185435013010117
001211119185436012010392
003211119185437012030342
001211119185439012050308
003211119185439012060410
003211119185440013010803
003211119185444013010758
001211119185445012040443
003211119185446013010653
001211119185447012030344
003211119185450013010001
001211119185450012050279
001211119185451012050331
003211119185453013010781
001211119185453012050309
003211119185454012030316
003211119185455012050028
001211119185456012060353
006211119185456012020037
003211119185457013010727
001211119185458013010755
001211119185459013010549
003211119185459013010014
003211119185501013010662
001211119185502012060005
001211119185505013010805
003211119185505013010666
001211119185507012020345
003211119185507013010787
003211119185510013010693
001211119185510013010743
001211119185512013010522
003211119185513013010780
003211119185514012060400
001211119185515012050347
002211119185516019040015
003211119185517013010682
001211119185517012040462
001211119185519012050358
002211119185519019030047
003211119185520012010329
001211119185521012050194
003211119185523013010520
001211119185524012060253
003211119185525012060379
003211119185527013010776
001211119185527012050213
003211119185529012060379
001211119185530012060397
003211119185532013010785
002211119185532019050029
001211119185533012020111
003211119185534013010791
001211119185535012060363
003211119185537015010610
003211119185540012060398
003211119185542012060381
003211119185543012010355
001211119185543012050344
009211119185543012080431
001211119185544012040131
003211119185545013010606
001211119185545012060405
009211119185545012080408
003211119185547012050307
009211119185548012090351
003211119185549013010777
001211119185549012050225
009211119185549012080447
001211119185551012060416
009211119185551012080447
003211119185552012030399
003211119185553013010270
001211119185553012030368
003211119185555012030261
001211119185555012030385
003211119185557012010413
003211119185559013010714
001211119185600012060360
001211119185602012050334
003211119185602013010794
001211119185604012050321
003211119185605012060420
003211119185607013010807
001211119185607012030376
009211119185608012080427
006211119185608012050222
001211119185609012060403
003211119185609012030327
009211119185610012080448
003211119185611012060432
001211119185612012050210
001211119185613012010337
003211119185614012060434
003211119185616013010294
009211119185616012080467
003211119185619012050345
006211119185620012050057
001211119185621012010293
003211119185621012010400
009211119185621012070437
003211119185623012040192
001211119185624012060383
001211119185625015010753
003211119185625013010259
001211119185627015010784
003211119185628013010768
001211119185629012060095
003211119185630012060428
001211119185631012020400
003211119185633012030230
003211119185634012050303
001211119185636012010415
003211119185636012060356
001211119185638012030196
003211119185639012060384
009211119185639012090041
004211119185640012150128
003211119185641012010364
001211119185642012030305
004211119185643012130344
003211119185644012060166
001211119185645012020324
002211119185645012140379
003211119185645013010737
008211119185645012090235
004211119185646013030550
001211119185647012040450
003211119185647012040429
004211119185647012130264
001211119185648012020380
009211119185648012070422
004211119185648013030456
001211119185650012040475
003211119185650013010541
001211119185650012010170
004211119185650012170219
004211119185651012130059
001211119185653012010364
003211119185654012010420
004211119185654013030606
001211119185655012050360
003211119185656012030389
004211119185656013030577
008211119185656013020789
009211119185656012070197
001211119185657012040410
003211119185658012020367
004211119185658012180258
001211119185659012060387
008211119185659012070426
001211119185701013010331
003211119185701012060414
004211119185701013030507
002211119185702012130288
008211119185702012090393
001211119185703013010479
003211119185703012060389
004211119185703013030571
002211119185704012130297
003211119185705012050359
001211119185705013010035
008211119185705012090344
002211119185706012130312
004211119185706013030443
001211119185707012020306
003211119185708012060331
008211119185708012120473
004211119185708012130298
001211119185710013010011
004211119185710013030448
003211119185711012040373
008211119185711012090402
004211119185711013030458
009211119185712012080017
004211119185712013030199
002211119185713014030055
001211119185713012060259
003211119185713012050320
003211119185714012050266
008211119185714012080350
004211119185714013030625
003211119185716013010808
001211119185716012040464
002211119185716012170299
001211119185718012060349
008211119185719012100398
004211119185719013030356
003211119185720015010751
004211119185720013030399
002211119185721013030479
009211119185721012070449
001211119185722012010376
004211119185722013030084
003211119185723012050204
002211119185723013030066
002211119185723012140235
003211119185724012030355
001211119185724012050217
004211119185724013030508
001211119185725013010176
004211119185725013030104
001211119185725015010763
002211119185726012140430
003211119185727012020002
001211119185727012020325
009211119185727012080453
001211119185728012020333
003211119185729012050311
001211119185729012050367
009211119185729012090348
004211119185729013030546
002211119185730012130284
001211119185730012030333
001211119185730015030454
004211119185731013030644
002211119185731019040023
001211119185732012060422
003211119185732013010702
002211119185732012160279
009211119185732012090416
008211119185732012080284
004211119185733012140434
003211119185734013010695
001211119185734012050343
002211119185734012130279
004211119185734013030460
008211119185735012090396
009211119185735012120481
002211119185735019050230
004211119185735013030608
003211119185737013010004
002211119185738015030376
001211119185738012010423
009211119185738012090341
008211119185738012110454
003211119185739013010772
004211119185739012150170
009211119185741012120392
004211119185741013030565
002211119185742013030263
003211119185742013010710
004211119185743013030496
003211119185744012060427
009211119185744012090377
002211119185745012160302
009211119185745012070440
003211119185746013010567
004211119185746012170280
002211119185747012170290
004211119185747013030523
009211119185747012070338
009211119185748012100385
008211119185748013020685
003211119185749012050009
001211119185749012010340
004211119185749013030622
002211119185749019030022
002211119185750015030470
003211119185751012040423
008211119185751012070403
002211119185752012180157
001211119185752012030329
004211119185752013030567
009211119185752012090414
008211119185753013020824
002211119185753019030042
004211119185754013030331
001211119185754018010048
009211119185754013020532
003211119185755012040437
002211119185755013030639
004211119185756013030346
008211119185756013020749
002211119185756019030046
002211119185758012130165
001211119185758012020306
003211119185758012040300
008211119185758012090302
009211119185758012090380
004211119185759012180144
001211119185759018010069
003211119185801012020392
008211119185801013020411
009211119185801013020599
004211119185801013030633
001211119185802018010068
003211119185803012020389
008211119185803013020644
004211119185803013030354
004211119185804013030003
009211119185805012100311
004211119185805013030386
003211119185806012060365
008211119185806013020767
003211119185807012020137
006211119185807012020274
004211119185807013030379
001211119185808013010021
009211119185808012090291
001211119185808018010047
004211119185809012130319
002211119185810012140405
006211119185810012020279
008211119185810013020763
003211119185811012020368
009211119185811012090267
004211119185811012150073
001211119185812018010061
008211119185812012090412
004211119185812013030576
002211119185813015030463
009211119185814012110476
002211119185815012180154
002211119185815012150226
004211119185815012150100
001211119185816018010065
008211119185816012110487
003211119185817013010515
002211119185817012140405
004211119185818012130075
002211119185819012150226
008211119185819013020850
003211119185820012040477
002211119185820013030465
004211119185820012180106
009211119185821012110477
002211119185822015030463
004211119185822013030516
003211119185823012020288
001211119185823018010070
009211119185823012110482
002211119185824012150226
008211119185824012100201
006211119185824013030075
003211119185825013010646
004211119185825013030506
002211119185826013030627
002211119185826019050026
008211119185826015020029
009211119185826013020882
004211119185827012170304
002211119185828013030630
003211119185828012030266
004211119185828012180220
002211119185829013030623
008211119185829012090150
001211119185829018010054
003211119185830012040376
001211119185831012040417
008211119185831012100428
009211119185831012110412
004211119185831012140456
002211119185832012160259
003211119185833012040273
001211119185833018010067
009211119185833012070448
004211119185834013030366
003211119185835012040353
002211119185835012130327
008211119185835012090333
004211119185835013030573
009211119185836013020692
002211119185837012160272
001211119185837012040420
001211119185837018010066
004211119185837012180304
003211119185838012040473
009211119185838013020831
002211119185839012150278
003211119185840012030036
004211119185840012150286
002211119185841012130317
009211119185841013020017
001211119185842018010071
004211119185842012140437
008211119185842012090422
002211119185843012150294
003211119185843013010296
009211119185843013020810
002211119185845012180261
003211119185845013010765
009211119185845012100432
004211119185845013030624
004211119185847013030634
002211119185848012140389
001211119185848012030397
009211119185848012100450
002211119185848019100052
004211119185849012150196
009211119185849012090017
002211119185850012160296
001211119185850018010059
004211119185851013030222
001211119185852012030404
002211119185852014030440
001211119185852018010059
009211119185852012090423
003211119185853013010365
009211119185853012110143
002211119185854012150069
004211119185854012180212
001211119185854015100551
008211119185854012120476
009211119185855012080458
002211119185856012170307
004211119185857013030509
002211119185858012170264
009211119185858013020198
004211119185858014030440
001211119185859015100559
003211119185900013010473
008211119185900012120461
002211119185901013030649
004211119185901012180206
009211119185901013020822
003211119185902013010244
002211119185903013030648
008211119185903012100284
006211119185903012150195
009211119185904012120476
004211119185904012150255
003211119185905013010284
002211119185905012150263
004211119185905012180312
008211119185906012120470
002211119185907012130314
004211119185907012170054
006211119185907012130091
009211119185907013020841
009211119185908013020860
001211119185909012010410
002211119185909012170307
001211119185909015100560
009211119185909012120143
008211119185909012120399
004211119185910012150303
008211119185910012090408
009211119185911013020855
002211119185912013030308
003211119185912012050351
004211119185912012140464
002211119185913013030638
009211119185913012120463
008211119185913012100334
004211119185914012170056
006211119185914013020241
001211119185914018010055
003211119185915012040337
002211119185915013030563
009211119185915013020867
008211119185916012100318
004211119185916012180046
003211119185917012040470
009211119185917012090419
006211119185917013020412
002211119185918012150203
008211119185918012090330
001211119185919018010055
004211119185919013030412
001211119185920012040447
002211119185920012130329
004211119185921012160289
009211119185921012100424
002211119185922012140435
008211119185922012110467
006211119185922012130102
009211119185923012120484
004211119185924013030545
003211119185925012050356
002211119185925012130326
008211119185925012110340
009211119185926012100419
004211119185927012150203
003211119185928012050369
001211119185928012060368
002211119185928012170275
009211119185928012070010
008211119185928012100364
002211119185930012150290
004211119185930012140435
004211119185930013030162
009211119185931012070321
008211119185931012100380
001211119185932012040405
002211119185933012160275
004211119185933013030162
009211119185933012110377
008211119185934012080457
002211119185935012160228
001211119185935013020226
009211119185936012110443
008211119185936012110480
004211119185936013030264
002211119185937012130290
003211119185937012050353
004211119185937013030609
009211119185938012110409
008211119185938012070428
009211119185939012110488
003211119185940012030366
004211119185940012170298
006211119185940013020240
009211119185940012080464
002211119185941012150274
008211119185941012110474
002211119185942012150091
003211119185943012040466
001211119185943012050234
004211119185943012170268
009211119185943012100379
003211119185944012020162
002211119185944013030647
004211119185944013030558
008211119185944012080114
004211119185945013030382
009211119185946013020832
008211119185946012110414
001211119185946013030157
003211119185947012040476
009211119185947012080343
002211119185947019050196
002211119185948013030484
004211119185948012180307
002211119185950013030631
003211119185950012040445
004211119185950012180299
009211119185950012120447
004211119185952012130285
002211119185953012150305
001211119185953012150311
001211119185954012150311
004211119185954012160311
002211119185956012150201
009211119185956012070442
002211119185957012130250
008211119185957012070358
004211119185957012160287
002211119185958012140452
001211119185958012150311
009211119185959013020188
004211119185959012180158
009211119190001012080383
002211119190002012130339
004211119190002013030176
006211119190003012150102
003211119190004012030095
009211119190004015020640
008211119190005012110455
003211119190007012030328
009211119190007012070447
003211119190008015010794
008211119190008012080452
004211119190010012180171
009211119190010012080383
002211119190011013030642
008211119190011012100322
003211119190012015010769
004211119190012013030425
003211119190013015010780
008211119190014012110455
004211119190014013030551
006211119190014012020010
003211119190016012050085
008211119190016012110351
004211119190018013030348
008211119190019012090256
002211119190020012130302
004211119190021012140388
009211119190022013020868
008211119190022012100430
004211119190024013030119
008211119190025012080380
009211119190026012110481
008211119190027012080364
002211119190028015030469
004211119190028012130286
008211119190028012080364
006211119190028012080163
002211119190029012140409
009211119190030012110087
004211119190030012150319
001211119190031012040471
008211119190031012080454
009211119190031012110087
002211119190032012130333
002211119190033012180257
004211119190034012140424
008211119190034012110378
001211119190034015100557
009211119190034012110397
003211119190035012030405
002211119190036012160243
008211119190036012110461
004211119190037012130242
009211119190037015020618
001211119190038015100556
008211119190039012110421
009211119190039015020664
006211119190039011000670
002211119190040013030596
004211119190041012150307
003211119190042012040414
008211119190042012110382
009211119190043012100443
008211119190044012110354
009211119190046012110223
004211119190046012160136
008211119190046015020545
002211119190047012160280
001211119190049015010731
002211119190049019050183
009211119190049012110353
008211119190049012100350
008211119190051012110458
004211119190054012140441
009211119190054012110486
002211119190055012140439
002211119190056019050223
008211119190056012100367
002211119190058012170306
002211119190058019050223
008211119190058012120402
004211119190059012130267
009211119190100012120487
002211119190101012130316
002211119190101019040006
008211119190101012090400
008211119190104012110427
004211119190104013030587
009211119190105012110160
002211119190106012150314
009211119190106012110160
008211119190107012120485
004211119190107012160231
009211119190107012120464
002211119190109012130049
004211119190109013030603
008211119190109013020811
009211119190109012120415
006211119190111011000720
004211119190112012150171
002211119190113012140425
004211119190114012140471
009211119190114012080078
002211119190115014030470
008211119190115012080361
001211119190115015100543
004211119190116012140167
009211119190116012120490
006211119190118011000720
002211119190119012140148
009211119190119012080462
008211119190119013020409
008211119190121012120196
002211119190122015030467
009211119190122012120494
004211119190122012150318
002211119190123015030426
008211119190123012120412
001211119190125012030300
002211119190125015030467
004211119190125012150268
008211119190125012110404
004211119190126013030187
008211119190127012080468
002211119190128012180273
004211119190128013030398
009211119190128013020819
008211119190129012120425
002211119190130012180275
009211119190130013020773
004211119190131012130341
009211119190131013020803
008211119190132012080127
002211119190133012180249
004211119190133012140363
009211119190133012070308
002211119190135019020373
009211119190135015020535
008211119190136012080360
004211119190137012160021
003211119190138013010735
002211119190138012160310
008211119190138012100436
004211119190139012130282
009211119190140012080418
008211119190141012100446
004211119190141012150310
001211119190142018010072
004211119190144012180296
002211119190145015030431
008211119190145012090035
004211119190146012140422
001211119190147012060415
008211119190147012090300
002211119190148015030471
004211119190149012170194
009211119190149012070376
002211119190150012160230
004211119190150012150287
002211119190152013030510
008211119190152012120419
004211119190152013030607
001211119190154012010409
006211119190154011000517
004211119190155012170020
008211119190155012110466
006211119190157011000725
001211119190158012040446
008211119190158012120493
009211119190159012120256
002211119190200019040016
004211119190200012170292
001211119190201012040446
004211119190202012140444
006211119190202013030188
009211119190204012120489
002211119190205019030001
004211119190205012180185
004211119190206012130280
006211119190207011000473
004211119190208012140426
009211119190210013020866
008211119190210012110367
004211119190210013030637
004211119190212012140408
002211119190213012170257
002211119190213019040035
008211119190214012070431
004211119190215012130210
009211119190216012080123
002211119190218012140127
004211119190218012130334
009211119190220013020880
002211119190221012170127
004211119190221012130223
008211119190223012120377
002211119190224012140468
004211119190224013030440
008211119190227012090368
004211119190227012150241
002211119190228012140474
004211119190228012180292
004211119190230013030605
002211119190231013030349
009211119190231012080297
002211119190233012180290
009211119190233012110406
004211119190233012170195
003211119190236015010791
002211119190236012140458
009211119190236012120414
004211119190236012160285
009211119190238013020817
002211119190239012140447
004211119190239015030408
004211119190241012170217
008211119190242013020778
009211119190243012100347
004211119190244013030538
002211119190246012140374
004211119190246012170258
008211119190249013020883
008211119190250013020883
008211119190253012120124
002211119190254012180310
009211119190255013020883
008211119190256012120474
002211119190257012150315
004211119190257012150250
009211119190257013020883
008211119190257012120496
009211119190259012120401
004211119190302012160114
008211119190302012080375
009211119190302012120421
009211119190305013020797
008211119190306012120448
009211119190307012120497
004211119190307013030498
002211119190311012150304
008211119190311012120465
009211119190312012100169
009211119190316013020862
004211119190317012150304
002211119190318015030476
002211119190318019050193
003211119190320012060309
009211119190320013020881
004211119190320015030445
002211119190322019050246
009211119190324013020881
004211119190325012140457
002211119190330019080001
004211119190331012140469
008211119190333013020877
008211119190336013020877
003211119190338012020311
004211119190338013030240
004211119190341013030591
004211119190342012140469
009211119190343013020703
001211119190343019050188
004211119190346012180159
008211119190348013020857
009211119190354013020857
002211119190358019020301
008211119190402012120472
008211119190412012120492
008211119190415015020671
008211119190418012120301
008211119190421012120434
004211119190422012130295
008211119190424013020826
002211119190424019050238
009211119190425012120488
008211119190427013020554
009211119190429012100434
008211119190430013020067
009211119190431012100434
004211119190431012180301
008211119190435015020686
004211119190438012180284
008211119190440013020067
004211119190442012160075
004211119190445012170218
008211119190446012100006
008211119190455012120350
008211119190458012120491
009211119190502012120395
004211119190508012140088
008211119190509012120431
006211119190531011000691
006211119190533011000690
006211119190539011000600
008211119190540013020813
003211119190549012050350
001211119190553013020180
004211119190604012170253
006211119190605012120199
008211119190622015020687
002211119190626019050084
008211119190630012100400
003211119190637012040454
002211119190637019020221
004211119190641013030617
004211119190644013030441
004211119190645013030619
009211119190653015020678
008211119190656013020793
004211119190656012160233
009211119190657015020688
004211119190657012160087
002211119190659019050234
004211119190659012160293
008211119190659013020468
002211119190700019050234
004211119190711012160256
008211119190711013020745
003211119190722012030317
002211119190722019110027
004211119190724012140149
002211119190725019040021
004211119190727012170279
004211119190729012170073
008211119190744012120444
002211119190755019040033
008211119190800012120242
004211119190802012150098
008211119190804012120242
004211119190809012180277
004211119190810015030106
009211119190816012120454
009211119190818012120454
009211119190820012120454
002211119190821019020392
002211119190825019020353
002211119190828019020326
004211119190830015030455
002211119190837015030455
002211119190849019050164
004211119190852012140463
004211119190859012140461
004211119190902012140465
002211119190905019050091
002211119190911019010087
004211119190915012160256
004211119190918013030466
004211119190921013030589
002211119190944019020318
002211119190948019020383
003211119191002012030293
002211119191116019030048
009211119191140019020387
002211119191159019040032
004211119191239013030530
004211119191250013030246
002211119191333019050237
002211119191336019050126
002211119191415019020127
002211119191508019060102
003211119191526012030400
002211119191732019060003
003211119191735012050351
002211119191752019050216
002211119192055019030025
002211119192358019050195
001211119192411019030043
004211119192420019020149
002211119192642019070038
002211119192648019020150
002211119192656019040009
002211119192704019070014
002211119192815019050239
002211119192846019050205
002211119192849019050214
002211119192943019040001
001211119193018016010082
001211119193026016010098
001211119193030016010090
001211119193036016010081
001211119193041016010121
001211119193048016010106
008211119193159016010129
001211119193204016010125
001211119193212016010110
001211119193218016010128
001211119193223016010105
002211119193252019020393
001211119193252016010124
001211119193259016010122
001211119193307016010073
001211119193311016010045
001211119193319016010119
001211119193324016010032
002211119193338019060095
002211119193343019020391
001211119193430016010050
001211119193435016010080
001211119193442016010056
001211119193447016010079
001211119193451016010130
001211119193455016010048
001211119193511016010084
002211119193648019020400
002211119193751019060033
006211119193758019100046
002211119193921019010116
006211119193944019100071
002211119194001019020379
002211119194002019020379
002211119194114019100013
002211119194245019020394
002211119194414019070031
002211119194443019050184
002211119194504019050171
002211119194510019050171
002211119194551019050148
002211119194725019050225
009211119194726014020588
002211119194726019050225
002211119194734019050209
009211119194738014020532
009211119194742014020524
009211119194751014020570
009211119194753014020088
002211119194802019050244
009211119194818014020416
009211119194828014020631
002211119194913019100063
008211119194928014020632
006211119194928019100008
002211119194929019040024
006211119194933019100008
008211119194952019050094
009211119194954015010696
006211119194957019100066
009211119195000014020578
002211119195003014030158
001211119195008014010592
001211119195011014010587
001211119195016014010200
001211119195020014010609
002211119195024019060119
001211119195026014010569
001211119195028014010571
002211119195029019050112
002211119195032019020286
009211119195036014020424
001211119195045014010250
009211119195045014020571
009211119195049015020643
001211119195103016000064
009211119195103015020667
009211119195107015020663
002211119195114019100070
009211119195115015020667
001211119195130014010570
009211119195132014020603
009211119195216015020604
001211119195217015010752
009211119195217015020674
002211119195220014030444
009211119195229015020410
002211119195230014030480
001211119195237014010460
001211119195239014010493
002211119195241019050170
001211119195244014010068
001211119195251014010536
003211119195253012020358
001211119195254014010612
002211119195254019050128
001211119195258014010440
009211119195258015020659
001211119195301014010555
001211119195302014010011
001211119195317015010001
001211119195319015010774
001211119195323014010432
006211119195323011000490
001211119195326012060407
001211119195328012040472
003211119195329012050224
001211119195330012010377
009211119195331015020675
001211119195332012050348
009211119195336014020554
008211119195338015020591
009211119195338013020783
009211119195341012070006
008211119195343015020669
001211119195344016000169
009211119195344012090406
009211119195346014020633
001211119195347012020383
008211119195347014020404
003211119195348012010405
009211119195348014020351
008211119195348014020404
001211119195349012030365
009211119195350012080438
003211119195351012050354
008211119195351013020761
001211119195352014010357
009211119195352016000147
003211119195353012020393
008211119195354014020513
003211119195355012030403
009211119195355016000149
001211119195356015010737
008211119195356012070344
009211119195357016000124
001211119195358012030350
003211119195358012020399
008211119195359014020597
006211119195359011000555
001211119195400012050285
009211119195400015020644
003211119195401012010414
001211119195401012050315
008211119195401014020597
009211119195401015020669
008211119195402014020582
008211119195403014020628
003211119195404012020390
001211119195404012060007
009211119195404015020644
003211119195405012020381
008211119195405014020523
006211119195406011000682
001211119195407015020500
009211119195407015020652
003211119195408012060241
008211119195408012070429
006211119195408011000723
009211119195410015020684
006211119195410011000359
003211119195411012050357
001211119195411012020121
009211119195411014020120
008211119195411014020602
009211119195413015020057
006211119195413011000564
008211119195414014020574
003211119195415012020352
001211119195415012020269
006211119195415011000714
003211119195416012010309
009211119195416014020567
008211119195416014020443
008211119195417014020443
006211119195417011000707
009211119195418014020553
008211119195418014020624
003211119195419012030276
006211119195420011000165
003211119195421012030303
008211119195421012070414
009211119195422012080373
006211119195422011000445
001211119195423015010804
003211119195423012050254
008211119195423015020635
006211119195423011000681
009211119195424015020199
001211119195425012010277
008211119195425012090411
003211119195426012030401
006211119195426011000525
009211119195427015020013
008211119195427014020417
001211119195428012020322
003211119195428012050195
006211119195429011000203
003211119195430012050341
009211119195430015020685
001211119195432014010535
003211119195432012050238
008211119195432014020120
009211119195432015020666
006211119195432011000525
009211119195434015020683
006211119195435011000683
008211119195435014020562
001211119195437012010327
008211119195437014020626
009211119195438015020461
003211119195439012020021
008211119195439014020626
006211119195439011000388
001211119195440012020285
003211119195441012020016
008211119195441014020622
009211119195441014020502
001211119195442012020385
006211119195442011000674
003211119195443012020404
009211119195443014020331
008211119195444014020550
006211119195445011000408
008211119195446014020623
009211119195446014020606
008211119195448012070360
003211119195449013010788
009211119195449014020020
006211119195449011000408
003211119195450012010401
008211119195451015020658
003211119195452012020391
009211119195452012070387
003211119195454012010372
008211119195454012120482
009211119195454012080358
009211119195456012070450
008211119195458012070421
003211119195459012030386
009211119195500013020818
008211119195501015020540
009211119195502014020594
008211119195502015020540
008211119195503012120483
009211119195503014020565
003211119195504012030390
001211119195505012030352
009211119195505014020607
001211119195507012020286
003211119195507012030353
003211119195509012030010
001211119195509012050147
009211119195510012070286
001211119195511015010787
008211119195511012080459
003211119195512012030387
001211119195513012010361
008211119195513012080425
001211119195515015010786
003211119195517012030338
001211119195518012030361
001211119195520015010764
009211119195522012070439
009211119195525012070433
001211119195526015010790
009211119195527012120354
009211119195528014020530
008211119195529012090248
009211119195530012120354
009211119195531015020676
008211119195532012100307
008211119195534014020288
009211119195534014020092
001211119195535012010028
003211119195535012050310
004211119195535015030451
009211119195536012070236
003211119195538014020020
001211119195538012010387
008211119195538013020626
008211119195539015020680
004211119195539015030451
009211119195539015020577
001211119195541015010758
008211119195541014020611
009211119195542014020470
003211119195543012050364
001211119195544015010017
002211119195544013030485
008211119195544014020627
009211119195544013020837
003211119195545012050123
009211119195545014020540
008211119195547012070445
009211119195548014020501
003211119195549012010389
001211119195550012030372
008211119195550013020562
009211119195550015020641
006211119195551011000687
002211119195551019060120
001211119195552015010796
008211119195552012070410
006211119195553011000639
009211119195553014020305
009211119195555014020504
009211119195557014020525
006211119195600011000120
009211119195600014020489
008211119195602014020055
006211119195603011000675
008211119195605013020536
006211119195606011000169
008211119195607014020486
001211119195608015010800
006211119195608011000398
003211119195609015010801
006211119195609011000120
009211119195610015020630
001211119195611012010014
002211119195612014030393
008211119195612014020598
006211119195612011000712
009211119195615013020723
008211119195615012070193
002211119195617014030096
008211119195618012080394
009211119195618014020413
008211119195619012080394
008211119195620012110004
009211119195621014020180
003211119195622013010806
002211119195622013030618
008211119195622012100327
001211119195623015010615
004211119195623014030334
009211119195623014020617
002211119195625014030478
008211119195625012100223
006211119195625011000715
001211119195626014010066
009211119195626014020435
002211119195627014030077
008211119195627012100280
004211119195628015030458
006211119195628011000715
002211119195629014030424
003211119195629015010792
008211119195629014020618
009211119195629014020231
003211119195632012020300
002211119195632012130014
009211119195632014020608
008211119195632012080304
004211119195632014030478
001211119195633012020398
009211119195634012070377
008211119195635014020634
001211119195636012020403
006211119195636011000728
009211119195637014020616
008211119195637013020825
001211119195638012020382
002211119195638015030458
006211119195638011000595
009211119195639014020563
008211119195639012100134
003211119195640012020086
008211119195642012100429
006211119195642011000710
008211119195643012100425
008211119195645014020536
002211119195646014030476
001211119195646019030050
009211119195646014020592
009211119195647014020546
008211119195648013020651
002211119195649013030584
009211119195650014020589
008211119195651013020795
002211119195652014030299
008211119195653012100358
002211119195654014030174
009211119195654014020542
002211119195656012130116
003211119195656012020013
008211119195656012100358
009211119195656014020625
008211119195659012070411
003211119195700012050368
009211119195700012100381
002211119195701012130320
006211119195702011000491
002211119195703014030459
003211119195703012050363
009211119195703012070264
008211119195703013020844
008211119195705013020872
001211119195706012010162
003211119195706012040293
002211119195707012170277
009211119195707012070392
001211119195708012010419
002211119195708012170308
008211119195709012070443
001211119195711012030304
003211119195711012010398
002211119195711013030339
006211119195711011000632
006211119195712011000635
008211119195712013020542
001211119195714015010407
003211119195714015010687
009211119195714012100416
002211119195715014030150
006211119195715011000491
008211119195716013020769
001211119195717012010019
002211119195718014030459
009211119195718015020623
006211119195718011000735
008211119195720012100323
001211119195721012010385
009211119195721012080267
006211119195721011000727
008211119195723012100218
006211119195724011000730
003211119195725012060312
006211119195727011000277
006211119195729011000722
003211119195731012030396
009211119195731012100288
006211119195732011000262
009211119195734012070427
003211119195736012020402
006211119195736011000594
009211119195738015020451
006211119195739011000026
003211119195740012030351
001211119195740012030242
004211119195740012170291
009211119195741012070148
006211119195742011000498
009211119195744012070357
008211119195744012070384
004211119195744012150312
001211119195746012050183
003211119195748012050366
001211119195748012050129
009211119195748015020681
006211119195748011000001
008211119195749012080466
006211119195749011000440
001211119195751012030356
006211119195752011000699
008211119195754012090220
009211119195754015020022
001211119195755015010789
006211119195755011000686
003211119195756012050365
008211119195756012100329
001211119195757014010565
006211119195758011000724
009211119195759015020677
008211119195759012120306
009211119195801012080469
006211119195801011000678
008211119195802012080346
001211119195803012010382
009211119195803012080463
006211119195804011000694
004211119195804012150297
008211119195804012080456
002211119195805019100072
006211119195806011000568
008211119195806012070366
009211119195807015020502
006211119195809011000598
008211119195809013020515
001211119195811012010173
008211119195811013020515
006211119195811011000534
006211119195813011000598
001211119195814015010807
006211119195816011000601
006211119195817011000706
002211119195819014030356
006211119195821011000733
006211119195823011000586
009211119195824012100444
001211119195825015010802
004211119195825012150293
006211119195826015090617
008211119195826014020581
002211119195828012180305
006211119195829011000732
008211119195830012080396
009211119195833012080366
006211119195834011000643
008211119195834012080220
008211119195835012080424
009211119195835012120477
009211119195836012120477
006211119195837011000263
008211119195837012120433
009211119195838012070432
004211119195839012160300
009211119195840015020646
006211119195840011000263
008211119195840012120368
001211119195841015010717
001211119195842012010292
009211119195842012080266
008211119195842012080135
003211119195843012010422
006211119195843011000573
008211119195844012080007
003211119195845012020344
008211119195847012080345
006211119195847011000574
009211119195847012100447
009211119195848012100224
008211119195850012100418
006211119195850011000662
008211119195852012080428
006211119195853011000651
002211119195854015030262
008211119195855012070382
001211119195856015010761
006211119195857011000231
008211119195857012080414
008211119195859012100405
009211119195900015020568
006211119195900011000343
001211119195901012020332
008211119195901013020851
004211119195902012140429
002211119195903012130270
003211119195903012040478
009211119195903015020478
004211119195904012180272
006211119195904011000636
002211119195905012130263
001211119195905012040209
002211119195905019020263
008211119195906012100047
009211119195906015020660
009211119195907015020624
002211119195908015030436
006211119195908011000648
008211119195908013020861
004211119195908012160315
002211119195909012130338
009211119195910013020820
008211119195911012080413
006211119195911011000566
002211119195912012180271
009211119195912012070331
001211119195913012020396
006211119195914011000581
009211119195915013020808
001211119195916012040403
004211119195916012160307
003211119195917012020008
001211119195917015010738
006211119195917013020581
004211119195917012150283
009211119195917012100449
008211119195917013020701
001211119195919015010721
003211119195919012040382
008211119195919013020836
006211119195920011000704
002211119195921014030056
001211119195921015010550
008211119195922013020683
002211119195923012150309
004211119195923012180158
001211119195924015010738
006211119195924011000663
001211119195925012040403
002211119195925012160307
009211119195925012120486
008211119195927013020572
001211119195928012010010
004211119195928014030437
006211119195929011000731
008211119195929013020838
002211119195931019020103
001211119195932012020348
006211119195932015090632
001211119195933012040465
009211119195934012100441
006211119195935011000729
004211119195936012130335
006211119195937011000692
004211119195937012160298
008211119195937012080189
004211119195939012130335
006211119195940011000717
008211119195941013020879
004211119195941012150273
006211119195942011000276
004211119195944012160149
002211119195945019100002
006211119195945011000041
004211119195946012140462
004211119195947012140154
002211119195949019100044
009211119195950015020620
003211119195951012050313
004211119195951013030071
008211119195952015020679
006211119195952011000713
004211119195952012180278
004211119195954015030443
003211119195955012060369
009211119195956013020833
004211119195956012170209
008211119195957015020657
003211119195958012040469
006211119195958011000677
003211119200001012040459
008211119200001012100257
006211119200001011000726
004211119200001012140460
001211119200002012040433
002211119200002019060097
009211119200002013020869
006211119200003019100067
009211119200004015020386
004211119200005012170144
002211119200005019060108
006211119200006019100067
008211119200007013020606
002211119200008019060114
002211119200009012170228
001211119200009015010683
008211119200009012100312
009211119200009015020639
006211119200009011000713
001211119200010015010793
006211119200011011000422
001211119200012015010781
009211119200012014020414
008211119200012012100431
002211119200013013030518
001211119200013015010668
008211119200013013020865
002211119200014012130322
006211119200014011000627
002211119200015012130330
006211119200015011000422
004211119200016013030562
009211119200016014020511
008211119200016015020386
001211119200017015010473
006211119200017015090628
008211119200017013020874
002211119200018015030351
006211119200018011000627
002211119200020012130305
006211119200020011000422
009211119200020012100442
001211119200021012040444
008211119200021013020274
004211119200021012130342
006211119200022011000627
003211119200023012040222
008211119200023013020660
002211119200024012180308
006211119200025011000718
003211119200026012040406
001211119200026014010538
008211119200027013020835
006211119200027015090629
001211119200028015010682
006211119200029011000654
008211119200029012080225
001211119200030015010788
006211119200031015090618
008211119200031013020397
001211119200032015010797
001211119200034015010693
006211119200034011000719
008211119200035013020574
001211119200037015010632
004211119200037012150260
006211119200037011000086
008211119200038013020858
001211119200039015020563
001211119200040015010669
006211119200040011000654
008211119200041013020255
001211119200042015010129
004211119200043012140446
006211119200043019100032
008211119200045013020840
006211119200046015090580
002211119200049014030305
006211119200049015090620
008211119200049013020738
001211119200050012010190
002211119200051013030616
004211119200051012140470
001211119200052012040367
006211119200052015090611
008211119200052013020852
002211119200053012140445
001211119200054015010692
006211119200055011000640
004211119200055012180251
001211119200056015020469
008211119200056013020843
006211119200057015090616
002211119200057019050241
001211119200058015010596
008211119200059013020849
006211119200100011000640
001211119200101015010678
008211119200102013020681
002211119200102019050241
006211119200103015090627
004211119200105012170284
006211119200106015090631
008211119200106013020848
003211119200107015010716
006211119200107011000666
004211119200107015030306
002211119200108015030438
002211119200108019050242
004211119200110015030437
008211119200110013020878
008211119200112013020876
002211119200113012160291
002211119200113019050213
006211119200113011000439
004211119200114015030439
006211119200115011000283
004211119200115012180276
002211119200116012130254
002211119200117019020399
002211119200118015030402
004211119200118012170295
006211119200118011000065
001211119200119015010795
002211119200121015030410
004211119200122012180268
006211119200122011000258
002211119200123012140442
002211119200125012180287
002211119200127015030434
004211119200127012130214
002211119200128012140442
006211119200128015090579
004211119200128015030410
002211119200129012180252
004211119200130015030465
006211119200131011000656
002211119200132012150299
004211119200132012180262
002211119200133012180252
002211119200133015030434
008211119200133013020726
006211119200134011000410
004211119200134012170267
004211119200136015030457
002211119200137012150299
006211119200137015090608
008211119200138013020758
009211119200138015020654
008211119200140013020766
006211119200140015090608
002211119200143012140419
006211119200144015090621
002211119200146012130337
006211119200147015090621
002211119200149015030395
008211119200151013020438
001211119200152014010264
006211119200152011000051
004211119200153015030395
008211119200154013020755
001211119200155014010615
004211119200155015030389
008211119200156013020812
004211119200158015030168
008211119200158013020640
002211119200159012170077
001211119200159014010617
004211119200159012160134
003211119200200015010798
004211119200200015030356
002211119200202015030444
004211119200202012150271
004211119200205012170077
004211119200208012160271
008211119200216013020781
002211119200217012170193
002211119200218019100018
002211119200219015030244
009211119200221013020586
002211119200222015020655
006211119200223011000078
004211119200225012170053
008211119200230012090339
004211119200232012170286
004211119200235012150295
002211119200236019020398
004211119200238012180266
002211119200239015020598
004211119200241012180263
002211119200241019050220
002211119200243012140449
004211119200243015030112
002211119200245019010135
004211119200246012160104
002211119200249015030474
002211119200249019060113
004211119200249012170207
008211119200252012100403
004211119200252012170297
004211119200254013030636
002211119200254019020389
009211119200255012100439
009211119200256012100439
004211119200257012150198
008211119200258013020428
004211119200300012150190
004211119200303012160163
004211119200305012160236
002211119200306015030247
008211119200308013020689
004211119200309012140043
008211119200312013020702
002211119200316015030441
008211119200316013020870
001211119200317014010575
001211119200323014010563
008211119200325013020799
001211119200327013010358
001211119200330014010539
008211119200331013020823
002211119200334012160012
001211119200338013010347
004211119200338012130205
001211119200340014010524
002211119200340015030441
001211119200342014010295
002211119200342012160312
004211119200342012140473
001211119200345014010613
003211119200345014010436
001211119200346014010603
004211119200346013030641
003211119200348014010208
001211119200348014010604
008211119200348013020282
001211119200349014010424
004211119200349012150301
004211119200350012150270
001211119200352014010580
008211119200352013020068
002211119200353015030386
002211119200355012140086
008211119200355013020387
004211119200357012170222
001211119200358013010446
008211119200358013020706
004211119200401013030614
009211119200401013020504
008211119200401013020674
001211119200402014010537
003211119200402014010606
002211119200404012160224
008211119200404013020721
001211119200405013010199
002211119200406012170309
003211119200407014010003
008211119200407013020747
009211119200409013020643
008211119200410013020753
003211119200411012010403
009211119200411014020615
001211119200412014010584
004211119200412012160224
009211119200413014020619
008211119200413013020873
001211119200414014010605
004211119200414012140443
009211119200415013020460
002211119200416019050217
008211119200416012090335
004211119200418015030460
008211119200419013020821
001211119200420014010452
004211119200420015030368
001211119200424014010598
004211119200424012160085
004211119200427012170178
004211119200431013030372
001211119200433014010444
004211119200435012160143
009211119200435015020647
004211119200438012170265
004211119200439012170146
008211119200439013020780
001211119200441019110051
002211119200442012170287
008211119200442013020748
001211119200444014010103
002211119200445012170235
001211119200449014010581
002211119200449012140421
001211119200452014010267
002211119200453012180297
002211119200454012170303
001211119200455014010241
001211119200457014010053
004211119200457012140421
002211119200458012170271
001211119200500014010526
002211119200500019020333
001211119200502014010502
003211119200502014010492
008211119200503012100445
001211119200504014010616
001211119200506014010157
001211119200509014010608
001211119200523014010510
001211119200526014010607
002211119200530019020340
008211119200536013020619
001211119200542019060076
008211119200544013020154
008211119200549130201885
009211119200558013020425
002211119200605019110013
004211119200605012140466
002211119200608019110014
002211119200612019110029
002211119200617019020260
002211119200618019020260
002211119200625019020095
002211119200629019020363
002211119200633019110037
002211119200645019110005
002211119200650019050240
001211119200651014010573
001211119200654014010548
002211119200654019020349
001211119200656014010457
002211119200659019050240
002211119200704019050222
004211119200705013030590
004211119200715012160282
003211119200716014010338
004211119200720012160088
001211119200722014010332
001211119200724014010614
001211119200727019050245
001211119200732014010578
002211119200735019110043
002211119200743019020083
002211119200802019110002
004211119200809012180260
004211119200813012180260
002211119200817019020231
004211119200821015030362
002211119200822019020124
002211119200827019020007
004211119200841012150270
002211119200851014030416
002211119200858019020313
002211119201006019020382
002211119201008019020327
002211119201046019020211
004211119201047012150249
003211119201324012030349
003211119201326012030335
003211119201327012030400
002211119201354019060103
002211119201615019020368
002211119201621019020401
002211119201624019020275
002211119201628019020275
002211119202236019020378
002211119202239019020377
002211119202404019050235
001211119203204016010120
001211119203208016010024
002211119203431019070001
002211119203448016000090
004211119205006014030279
004211119205007014030369
004211119205033015030337
004211119205100014030021
002211119205101014030456
004211119205103014030109
002211119205104014030159
002211119205106014030475
004211119205106014030456
002211119205108014030088
004211119205110014030475
002211119205118014030373
004211119205119014030160
002211119205123014030331
002211119205126014030447
004211119205131014030490
004211119205133014030491
004211119205137014030430
004211119205152014030387
002211119205156014030448
002211119205158014030399
004211119205159014030418
002211119205211016000144
002211119205213014030072
002211119205303015030424
002211119205304014030423
002211119205307014030426
002211119205309014030471
004211119205310014030398
002211119205311014030452
004211119205313014030471
002211119205314014030449
002211119205316014030368
002211119205319014030489
002211119205322014030289
002211119205329019110050
002211119205335019110050
002211119205343014030031
002211119205348015030428
002211119205351014030250
002211119205354014030450
004211119205355014030267
002211119205417015030475
002211119205424014030390
002211119205426014030425
002211119205429014030454
002211119205432014030484
002211119205434014030381
002211119205435014030325
002211119205438015030468
002211119205456015030461
002211119205516014030438
002211119205518015030101
004211119205520015030343
004211119205523015030371
002211119205526015030279
002211119205528015030187
002211119205530015030473
002211119205532015030478
002211119205533015030466
002211119205536015030423
002211119205610015030388
002211119205613015030442
002211119205617015030383
004211119205622015030383
002211119205631015030477
002211119205642014030458
002211119205825014030365
002211119205831019110046
002211119205835019050152
002211119205839019110049
002211119205847019110033
002211119205900019110048
002211119210125019060122
001211119211005016000167
001221119010228016000008
001221119010233016000163
001221119010234016000163
001221119010248016000008
001221119010251016000163
001221119044732016000163
001221119044954016000154
001221119044955016000154
001221119045037016000008
001221119045045016000025
001221119045049016000058
001221119072613016010045
001221119072618016010090
001221119072624016010119
001221119072628016010079
001221119072635016010098
001221119072641016010081
001221119072649016010056
001221119072654016010082
001221119072732016010120
001221119072800016010073
006221119072853011000491
002221119072940014030055
001221119073002016010024
001221119073005016010125
002221119073006019100046
001221119073008016010080
002221119073015014030374
006221119073024011000359
002221119073032019060003
008221119073038014020404
002221119073038016000090
002221119073043015030428
002221119073046015030444
002221119073049015030444
001221119073141016010110
001221119073614016010032
002221119073704014030421
001221119073716016000073
009221119073918014020588
008221119073938013020068
006221119074031011000675
002221119074037019060114
002221119074038019060114
002221119074044019050235
002221119074049019100032
002221119074058019100018
002221119074105019100032
009221119074117013020808
002221119074128019060086
002221119074138014030072
009221119074232015020676
002221119074236019020401
006221119074251011000730
006221119074259011000078
002221119074328014030239
002221119074334012180284
006221119074353011000051
006221119074442011000078
006221119074445011000078
009221119074456015020640
002221119074504019020231
002221119074514019020400
002221119074520012160300
002221119074531019060115
009221119074535012090375
009221119074540015020604
002221119074550019050216
008221119074555014020501
002221119074558014030077
002221119074606012140462
002221119074613014030426
006221119074624011000687
006221119074627011000445
006221119074630011000713
006221119074635011000713
004221119074640012140443
009221119074711012090379
009221119074713012090379
001221119074716019110051
006221119074717011000694
001221119074719015010797
008221119074721013020723
001221119074726012010361
001221119074729015010737
001221119074737014010573
006221119074737011000564
001221119074744014010570
002221119074747019100039
001221119074748014010606
001221119074751014010584
001221119074756014010600
006221119074757014010053
006221119074802014010241
001221119074806015020500
003221119074807012060384
001221119074808012060405
006221119074808011000343
003221119074809013010347
001221119074810014010440
006221119074812011000710
001221119074813015010787
006221119074818015090620
006221119074819015090618
006221119074822015090621
001221119074826015010693
006221119074827014030174
004221119074829012180278
009221119074832012120143
004221119074832015030437
004221119074853012170258
009221119074854012120476
008221119074859014020625
001221119074902012060007
006221119074904011000258
003221119074909014010003
009221119074913014020525
006221119074917019100066
009221119074921014020524
004221119074921012150263
003221119074922014010565
002221119074923019060103
008221119074924015020683
008221119074926014020623
004221119074931014030334
006221119074933015090580
008221119074939013020769
006221119074943011000678
002221119074943019010135
001221119074945014010103
003221119074946014010598
001221119074948012010419
006221119074950011000574
002221119074952019050246
008221119074954014020523
008221119074959013020755
008221119075012014020632
006221119075013011000677
004221119075015015030343
006221119075017011000715
002221119075040019110002
001221119075044015010669
001221119075045015010752
001221119075048015010632
003221119075057014010539
002221119075058013030618
008221119075058015020658
008221119075100015020029
006221119075101015090611
002221119075102015030476
001221119075102014010548
008221119075102015020635
002221119075104015030473
006221119075105011000735
008221119075107012070429
002221119075109019100028
006221119075109011000718
006221119075111011000706
002221119075113019050244
002221119075115019050244
006221119075117011000699
003221119075119014010607
006221119075120011000683
003221119075123012040406
001221119075140015010692
008221119075140015020687
001221119075143015010788
006221119075143011000231
003221119075144015010716
006221119075146011000498
002221119075147014030458
003221119075148012040423
002221119075148019110037
002221119075149019110037
002221119075151012170271
001221119075158015010682
002221119075201019110033
002221119075208015030410
006221119075208015090608
006221119075211015090608
002221119075212015030337
006221119075212015090616
009221119075224014020619
003221119075227013010199
004221119075227012180276
002221119075229014030159
009221119075235012120415
004221119075235015030389
006221119075237011000692
009221119075238015020535
003221119075240014010603
006221119075240011000525
001221119075241016000001
001221119075242015010793
002221119075242019100008
006221119075244011000729
004221119075245014030425
001221119075246016000007
006221119075246011000686
003221119075248012020348
001221119075250015010796
006221119075251011000722
006221119075254011000041
004221119075254012170146
009221119075254014020567
006221119075257011000727
009221119075258014020092
001221119075300014010604
006221119075301011000670
009221119075302015020675
001221119075303014010563
002221119075303012130327
003221119075306012030266
004221119075306015030356
009221119075307014020608
002221119075308012150250
002221119075309019110006
002221119075311016000123
006221119075312012040209
001221119075313014010460
002221119075313015030466
008221119075313014020581
009221119075313015020644
001221119075315014010011
009221119075316013020832
006221119075317011000598
003221119075318012010389
002221119075318013030349
001221119075320014010502
002221119075321014030404
006221119075322011000165
003221119075324014010537
008221119075326014020611
001221119075328015010800
008221119075330014020597
006221119075331011000666
008221119075333014020607
009221119075334014020231
003221119075340015010751
006221119075349011000717
002221119075352019110005
006221119075352011000724
008221119075353014020594
009221119075354014020617
003221119075357015010780
001221119075357014010157
002221119075357019020399
001221119075359015010596
009221119075359015020652
006221119075359011000595
009221119075402014020538
006221119075403011000262
004221119075403015030246
004221119075406015030368
006221119075407019100008
001221119075409014010526
006221119075409015090618
003221119075410014010208
001221119075412014010492
004221119075412014030476
001221119075413014010332
006221119075413011000276
001221119075415014010377
002221119075415014030450
004221119075415014030088
001221119075419016000169
001221119075422015010802
006221119075422011000120
002221119075424019020313
003221119075425014010432
001221119075426014010578
003221119075427014010575
001221119075428014010614
003221119075430015010801
002221119075431019050091
003221119075436012020300
009221119075436015020013
001221119075437015010678
006221119075437015090621
008221119075438014020589
006221119075440015090620
009221119075441014020633
008221119075442013020761
003221119075443012050351
006221119075443011000714
006221119075444011000707
003221119075445012040222
001221119075445014010357
006221119075448011000712
008221119075448012120368
004221119075448014030342
003221119075449014010605
002221119075449014030424
001221119075450014010571
009221119075450014020435
002221119075451019050213
003221119075452015010687
002221119075452014030438
006221119075452011000203
001221119075453015010683
003221119075454012030304
001221119075455014010510
004221119075455012160291
001221119075458015010129
004221119075459014030305
008221119075500015020469
009221119075502016000149
006221119075503015090632
009221119075505015020630
006221119075506011000731
004221119075508012140086
009221119075509014020416
009221119075510014020416
009221119075513014020631
002221119075513019110046
008221119075514014020504
004221119075526015030460
004221119075529014030454
002221119075530019100072
001221119075532014010617
006221119075532011000283
004221119075532014030331
008221119075533014020598
004221119075535012140388
001221119075536014010612
006221119075537011000573
002221119075538019110029
008221119075539014020486
002221119075541012140442
001221119075542015010473
002221119075542019050240
006221119075543011000704
002221119075545019020186
004221119075549012160114
002221119075550019100044
001221119075551014010264
009221119075551014020554
006221119075551015090579
002221119075552014030031
002221119075553019100070
004221119075556012160282
002221119075557014030488
006221119075557012140043
009221119075558014020570
004221119075558012180185
002221119075559019100061
002221119075600014030290
006221119075604011000065
004221119075604012130116
003221119075606014010436
002221119075606015030455
001221119075607014010615
009221119075607013020460
004221119075607014030267
006221119075608011000001
002221119075611019110014
006221119075611011000691
003221119075614015010721
006221119075615011000627
004221119075618015030475
002221119075619019110050
001221119075620014010599
006221119075622011000586
002221119075623015030388
008221119075623014020443
001221119075624014010597
001221119075626014010593
006221119075628014020288
001221119075629014010564
002221119075630012130254
006221119075631011000627
006221119075634011000656
001221119075635014010494
006221119075635011000723
008221119075636014020562
006221119075638011000656
001221119075641015010758
002221119075642019050225
006221119075643013010358
008221119075645014020120
006221119075645011000568
004221119075646012150241
006221119075649011000651
008221119075649014020626
004221119075649014030437
002221119075649019050214
009221119075651014020545
006221119075652011000422
002221119075653016000144
004221119075653014030056
006221119075654011000440
006221119075655011000408
002221119075656012140445
001221119075656014010338
004221119075656012150190
006221119075657011000720
001221119075658014010424
003221119075659012040429
004221119075659015030395
002221119075700014030448
001221119075701014010580
004221119075702014030471
006221119075702011000663
002221119075703015030423
004221119075703014030021
001221119075704015010807
008221119075704014020606
003221119075705012060389
001221119075706014010536
002221119075706015030442
006221119075706011000594
004221119075707014030393
001221119075709014010068
008221119075710015020657
009221119075710015020684
001221119075711014010555
006221119075711016010086
004221119075712012180251
002221119075714015030351
001221119075714014010201
001221119075715014010316
006221119075715011000408
004221119075716014030478
009221119075719014020528
004221119075719012150293
001221119075721014010569
003221119075722012030400
006221119075722011000726
001221119075724014010609
002221119075725019020393
002221119075727012170295
006221119075727011000654
006221119075730015090617
001221119075731015010790
009221119075732014020534
001221119075734014010538
009221119075734014020394
004221119075735015020655
001221119075740014010596
008221119075740015020591
009221119075740015010696
002221119075741014030390
004221119075741012150100
006221119075742011000690
001221119075743014010613
002221119075744014030482
004221119075744012130298
001221119075746015010781
004221119075746014030423
002221119075747019030022
006221119075748011000086
002221119075751015030458
002221119075753015030262
002221119075755014030226
008221119075755012090335
002221119075757014030489
001221119075757012040472
006221119075759011000632
001221119075802015010774
002221119075802014030484
009221119075803015020659
006221119075804011000681
009221119075810015020674
001221119075811014010457
006221119075811015020199
009221119075812014020351
003221119075815015010717
006221119075815011000517
008221119075815014020180
003221119075818015010550
006221119075818014020055
004221119075818012150287
003221119075820015010668
004221119075821014030325
004221119075823012180272
001221119075825014010452
009221119075826012120486
002221119075827014030444
006221119075827011000728
001221119075828014010522
003221119075830015010794
002221119075830014030456
004221119075830014030160
008221119075831014020574
009221119075831014020542
006221119075833011000581
004221119075833015030371
001221119075835014010592
002221119075835014030289
008221119075835012120399
003221119075836015010791
001221119075838015010789
009221119075839014020566
008221119075840013020783
009221119075843014020551
008221119075844014020331
004221119075844012170235
009221119075845013020840
009221119075848014020592
006221119075849011000635
003221119075851012050357
002221119075853015030459
002221119075853019100063
006221119075857014030096
001221119075858015010017
004221119075858012160236
008221119075858013020572
006221119075859014030109
001221119075901014010535
004221119075901012150270
002221119075902014030365
003221119075902014010616
006221119075902011000277
001221119075904013010446
006221119075904011000601
001221119075907012060005
002221119075910019050026
008221119075911015020685
006221119075914011000719
008221119075915014020502
001221119075916014010444
003221119075917012030010
006221119075917011000398
001221119075918014010066
002221119075920015030187
006221119075921011000725
004221119075923014030430
006221119075926019100067
004221119075926014030459
002221119075928015030376
008221119075928014020036
002221119075929015030434
006221119075929019100067
004221119075932012180212
001221119075934014010493
006221119075934011000263
006221119075937012010190
008221119075939014020563
006221119075941011000674
008221119075942015020478
006221119075943012010292
006221119075946011000026
009221119075947015020451
006221119075951015090627
008221119075954014020622
006221119075955011000555
006221119075958019100071
002221119080000019110048
002221119080003019020340
002221119080005012170298
006221119080007015090629
009221119080009014020424
002221119080010015030279
009221119080012014020604
006221119080012012130286
004221119080013015030457
001221119080014014010250
009221119080016014020493
006221119080018011000640
001221119080020014010581
002221119080020012180287
006221119080021012070006
002221119080023014030399
009221119080024014020571
002221119080025014030449
004221119080027015030438
009221119080027014020512
002221119080028014030447
002221119080030012140439
009221119080030014020007
004221119080030014030381
006221119080030011000733
001221119080031014010590
002221119080032014030387
008221119080032014020540
009221119080033012090291
002221119080035015030461
003221119080036012010173
008221119080036015020057
009221119080036014020413
002221119080038014030381
002221119080040015030244
002221119080043014030158
004221119080043015020598
008221119080046014020417
008221119080050015020410
001221119080053016000064
008221119080055014020536
006221119080100015090628
001221119080103014010200
009221119080104015020647
002221119080106014030100
009221119080108012090377
002221119080109015030478
006221119080109011000473
009221119080110012090416
003221119080111015010615
002221119080111014030465
004221119080112012130267
006221119080113015030168
009221119080113013020425
009221119080115014020593
001221119080116012010382
003221119080116012040445
006221119080117019100002
002221119080119014030375
009221119080120016000124
002221119080121012130267
002221119080123014030487
008221119080123014020582
002221119080124014030388
008221119080125014020628
002221119080126014030485
001221119080127014010587
004221119080128012150297
008221119080128013020626
002221119080130014030486
002221119080132014030373
004221119080133012160088
009221119080134014020532
001221119080135014010309
002221119080135014030400
004221119080135015030408
002221119080137015030424
009221119080137014020398
004221119080138012140127
002221119080139014030250
001221119080139014010594
008221119080139014020532
009221119080139014020006
006221119080141011000639
001221119080146012030242
002221119080150014030466
009221119080150014020494
002221119080152012140374
002221119080155015030436
001221119080156014010558
002221119080158014030001
002221119080201012130337
002221119080203012160292
003221119080207014010525
003221119080209012040382
009221119080210014020568
002221119080214019050170
004221119080217012130322
002221119080218014030418
004221119080222013030485
008221119080228014020414
002221119080231014030022
006221119080231011000662
001221119080232019010128
009221119080235014020426
006221119080237015020563
009221119080239014020411
002221119080242015030468
001221119080243014010477
009221119080243014020530
009221119080245014020553
002221119080246015030470
009221119080247014020043
008221119080247014020511
006221119080249011000636
003221119080251014010524
001221119080256012030329
008221119080257013020799
004221119080258012130014
001221119080259014010267
002221119080301014030176
004221119080301012170287
009221119080301014020546
002221119080303014030279
009221119080305015020667
004221119080307012150195
009221119080308014020620
003221119080311014020020
006221119080311011000648
006221119080313011000566
002221119080314019020382
004221119080315012170209
002221119080317014030217
002221119080320015030383
002221119080325019050193
008221119080326014020489
003221119080333012020398
002221119080335015030477
006221119080340015020540
002221119080347019110049
002221119080348019110049
001221119080356014010610
004221119080400014030299
006221119080405011000439
001221119080407016000139
001221119080408016000139
002221119080409019060108
006221119080410011000169
002221119080411019050217
006221119080413011000410
001221119080414016000157
001221119080415015010738
008221119080416014020616
006221119080417014010295
001221119080418016000112
008221119080420014020634
009221119080421015020641
006221119080431011000600
009221119080436014020615
004221119080441013030616
002221119080443015030402
004221119080444014030336
002221119080453014030475
001221119080459015010731
002221119080502014030369
006221119080504012130120
008221119080510012120124
004221119080510014030490
006221119080510011000490
004221119080511014030491
008221119080513014020602
003221119080521012010327
008221119080525014020451
002221119080529015030441
006221119080531015020461
004221119080531015030451
004221119080533015030101
008221119080541014020618
009221119080541012090368
004221119080543014030452
002221119080547019050238
004221119080547014030398
002221119080548014030481
008221119080550014020305
002221119080551014030416
004221119080552012170286
002221119080554019050126
004221119080555014030150
006221119080557014020550
001221119080602014010411
002221119080619019030046
004221119080622012150295
004221119080640014030368
002221119080655019050171
002221119080659019020124
002221119080705019050242
009221119080706015020624
001221119080709015030106
008221119080709014020627
008221119080717014020470
002221119080727012180297
001221119080740014010133
001221119080745012050147
008221119080745014020565
004221119080758012140149
009221119080809014020578
001221119080815015010407
002221119080818019050152
006221119080822011000682
008221119080825014020513
004221119080849012180252
009221119080859016000147
001221119080913019050245
003221119080922012010385
002221119080924019010134
002221119080943012130205
002221119080959019110013
008221119081003012090402
002221119081034019110043
002221119081038019020368
002221119081040019020333
002221119081043019020377
008221119081044012120461
002221119081047019100013
002221119081051019050220
004221119081053012150299
001221119081124014010508
004221119081128012130280
004221119081133012130270
004221119081136012170077
002221119081230019060119
002221119081247019020378
002221119081535019050234
002221119081540019050209
009221119081645014020603
008221119081726014020624
001221119081849016000012
002221119081849019050148
002221119082206019070031
001221119082235016000052
002221119082303019030043
002221119082304019030043
004221119082405012160312
009221119082526012120477
002221119082601019020398
002221119082724019030042
001221119082747015010795
002221119082748019050205
002221119082926019100052
009221119083802015020663
002221119084012019030047
002221119084016019050094
004221119084617013030366
002221119085146019060097
002221119085156019020275
009221119085206012080447
009221119085208012080447
002221119085220019050239
002221119085223019010087
009221119085316012120463
003221119090302012050313
002221119090321019050195
003221119091358012020008
003221119091402012050320
008221119094149012080438
003221119095858012030400
002221119100024019010074
009221119102513014020529
002221119121806019050238
002221119122408019030033
006221119124110016010086
001221119124538016000112
003221119124912015010737
002221119124957019050091
008221119125051019050094
001221119125057015010758
001221119125107012010327
003221119125121012030266
002221119125139015030436
003221119125156012060389
003221119125202012040423
008221119125204012090377
009221119125207012090375
001221119125209016000139
001221119125211016000157
002221119125221019050171
002221119125224019020398
001221119125254012050147
003221119125307012030329
003221119125313012040429
009221119125350014020594
008221119125427012120399
002221119125452012150263
001221119125511012020398
006221119125554011000231
008221119125606012120368
008221119125608012120461
008221119125610012120124
003221119125637012060384
003221119125802015010794
001221119125829012060405
003221119125845012050320
002221119125946019020231
002221119130324019020378
002221119135247019010116
002221119145833019060119
002221119154746019020378
009221119161211012120486
009221119161855014020633
002221119162005019030046
002221119162222019060114
002221119162223019060114
002221119162317019060108
001221119162445019010128
001221119162452016000073
002221119162623019050212
002221119162750019050246
002221119162949019050234
001221119163052016010082
001221119163057016010090
001221119163102016010098
001221119163103016010098
001221119163106016010081
001221119163110016010125
001221119163113016010080
001221119163119016010110
001221119163126016010056
001221119163131016010032
001221119163136016010119
001221119163142016010045
001221119163148016010073
002221119163301019050209
001221119163757016010079
008221119164129014020568
009221119164139014020532
008221119164142014020416
009221119164216014020588
009221119164224015020659
008221119164342014020524
009221119164348014020554
009221119164357014020631
009221119164406014020567
008221119164437014020632
009221119164501014020570
009221119164503014020424
009221119164506014020578
009221119164516014020603
009221119164517014020620
002221119164718019050026
009221119164803013020723
008221119164811012070006
008221119164813012080438
009221119164828012070429
008221119165009012090335
002221119165019019050170
009221119165028013020832
009221119165031012090368
009221119165049015020013
001221119165102014010200
001221119165111014010587
001221119165117015010800
001221119165120015010790
001221119165123014010609
001221119165126014010592
001221119165128014010250
001221119165130014010571
001221119165141012040472
001221119165148015010717
001221119165149015010550
001221119165150015010721
001221119165157012040222
003221119165203012040382
002221119165204019060115
003221119165215015010615
003221119165217015010751
001221119165222014010570
001221119165224014010555
001221119165226014010569
001221119165228014010565
001221119165231014010432
001221119165234016000064
001221119165236014010612
009221119165236014020571
001221119165239014010066
003221119165242012040445
001221119165248012030242
003221119165249015010780
001221119165256012030304
001221119165259012060005
003221119165300012030010
001221119165303014010539
002221119165307014030373
009221119165313015020647
009221119165321016000147
003221119165322012060007
001221119165324015010752
001221119165330014010460
001221119165334014010440
001221119165336014010411
004221119165342014030021
001221119165344015010407
004221119165344014030109
002221119165345014030374
001221119165347015010731
004221119165347014030096
002221119165348014030478
009221119165350016000149
004221119165350014030471
001221119165351014010492
002221119165351014030456
001221119165353014010524
002221119165353013030349
003221119165354012050313
004221119165354014030055
002221119165356014030423
001221119165356014010103
009221119165356016000124
004221119165356014030267
001221119165358014010208
002221119165358014030088
002221119165359012130116
004221119165359013030349
003221119165400015010801
001221119165400016000169
001221119165401015010787
002221119165401013030618
004221119165402012130327
001221119165403014010606
002221119165403016000123
004221119165404014030426
003221119165405014010537
004221119165405012130280
009221119165405014020592
001221119165406014010241
002221119165406014030475
004221119165407014030088
001221119165408014010424
002221119165408014030336
004221119165409014030476
001221119165410014010502
002221119165411014030444
001221119165412014010493
004221119165412014030299
002221119165413016000144
003221119165413014010295
002221119165414014030289
001221119165414014010068
004221119165414014030174
003221119165415014010616
002221119165416019070031
001221119165417014010563
003221119165417014010607
002221119165417014030072
004221119165417014030475
002221119165419014030450
001221119165420014010357
003221119165420014010525
001221119165421014010338
002221119165422014030250
004221119165422012150295
009221119165422014020414
001221119165424013010446
002221119165424015030477
008221119165424013020761
004221119165425013030616
009221119165425014020511
001221119165426014010510
002221119165426014030158
008221119165426014020607
002221119165427019020399
001221119165428014010604
004221119165428012150295
009221119165429014020565
004221119165429014030398
001221119165430014010267
008221119165430014020055
001221119165432014010444
001221119165434014010573
008221119165434014020618
002221119165435015030376
001221119165437014010614
008221119165437014020606
001221119165439014010157
001221119165440014010605
009221119165440014020331
008221119165440014020616
001221119165442019050245
002221119165442015030428
009221119165442014020305
009221119165443014020305
004221119165443012130270
001221119165444014010457
001221119165446013010347
009221119165446014020615
004221119165446015030337
008221119165446014020634
001221119165447014010332
009221119165448015010696
008221119165448014020634
002221119165450012150250
001221119165450012010419
009221119165450013020783
003221119165451012040406
009221119165451015020604
008221119165451014020562
001221119165452014010578
002221119165453015030423
009221119165453015020644
006221119165453019100066
003221119165454014010436
008221119165454014020486
001221119165455014010613
001221119165456014010548
003221119165456012020300
006221119165456019100008
009221119165456015020674
002221119165457014030368
008221119165457014020504
003221119165458014010053
001221119165459014010536
006221119165459019100008
004221119165459012130286
008221119165459014020624
009221119165459015020667
001221119165501014010603
002221119165501014030437
008221119165501014020502
009221119165501015020676
009221119165503014020553
001221119165504012010382
003221119165504014010053
002221119165504014030056
008221119165504014020288
004221119165505014030160
002221119165506014030489
001221119165506012010173
009221119165506015020663
008221119165507014020622
009221119165508015020652
002221119165509014030459
001221119165509014010575
008221119165509014020602
004221119165509012160300
009221119165510015020410
002221119165511015030475
002221119165512014030424
001221119165512014010584
004221119165512014030430
008221119165512014020626
006221119165513011000473
009221119165513014020598
002221119165514014030381
002221119165514019050216
004221119165514014030425
008221119165514014020581
001221119165515014010526
009221119165515015020683
004221119165515012170286
008221119165516014020513
001221119165517015010774
002221119165517014030325
008221119165517014020623
009221119165518015020535
004221119165518014030390
002221119165519014030077
001221119165519015010802
008221119165520014020417
004221119165521014030454
009221119165521013020626
001221119165522014010580
009221119165522015020461
002221119165523014030305
004221119165523012150195
008221119165523015020591
009221119165524015020540
008221119165525015020057
002221119165527013030485
004221119165527014030334
009221119165527015020685
008221119165528014020597
002221119165529014030159
009221119165531014020523
008221119165531014020536
001221119165532015010789
002221119165533014030393
008221119165534014020404
002221119165535014030418
009221119165535015020641
002221119165536014030399
001221119165536015010796
008221119165537014020443
002221119165538014030448
009221119165538014020530
008221119165538014020443
004221119165538014030331
001221119165539014010535
008221119165540014020574
004221119165540014030491
006221119165540019100046
002221119165541015030262
009221119165541015020199
004221119165542014030490
008221119165543014020611
004221119165544012150297
009221119165544015020684
008221119165545014020625
006221119165545011000682
008221119165547014020525
009221119165547014020489
006221119165548011000715
009221119165549014020501
006221119165550011000714
002221119165551014030447
009221119165552014020351
008221119165552014020627
004221119165552012150293
006221119165553011000715
004221119165554012180272
008221119165554014020470
009221119165554015020478
006221119165555011000707
001221119165556012040209
008221119165556015020635
003221119165557015010738
009221119165557015020658
001221119165558015010682
002221119165558014030484
006221119165559011000714
004221119165559012180284
001221119165600014010011
003221119165600015010687
002221119165601015030458
006221119165601011000398
006221119165604011000398
008221119165604014020020
001221119165605015010017
004221119165606014030393
002221119165607015030434
003221119165607012050351
001221119165609012010361
002221119165610014030452
004221119165610012140462
001221119165612012010190
004221119165613015030451
009221119165614015020451
001221119165615012020008
004221119165615012170298
002221119165617012160088
001221119165617012010292
004221119165618012150190
008221119165618014020120
004221119165621012170209
002221119165622015030424
009221119165624013020460
002221119165628015030466
006221119165628019100071
001221119165631014010581
002221119165631015030470
004221119165632015030441
008221119165632015020624
002221119165634019050240
003221119165635012050357
002221119165635012160312
006221119165635011000165
002221119165638015030468
006221119165638011000683
002221119165641012170271
002221119165642012170235
003221119165643012010389
006221119165643011000525
002221119165644015030478
006221119165644011000555
002221119165644019020377
001221119165645012010385
006221119165646011000359
004221119165646015030368
002221119165647015030461
006221119165647011000120
002221119165648012130014
002221119165650019110050
002221119165651012130322
006221119165651011000677
004221119165651015030460
002221119165652015030476
002221119165654014030387
002221119165654019050214
006221119165654011000722
002221119165655014030279
002221119165657015030473
002221119165657019100052
002221119165659015030388
002221119165701015030279
001221119165701014010264
002221119165702014030369
004221119165702013030366
002221119165702019050214
004221119165704015030343
006221119165705011000728
004221119165705015030395
004221119165707015030457
002221119165707019050225
006221119165708011000723
002221119165709014030031
004221119165709012180185
001221119165712012020348
006221119165712011000723
004221119165712015030389
002221119165713015030244
004221119165715015030408
006221119165716011000728
002221119165717015030442
003221119165717014010003
004221119165718015030246
002221119165719015030383
006221119165719011000724
002221119165722015030438
006221119165722011000729
002221119165726014030150
004221119165726015030439
006221119165726011000727
009221119165726014020608
002221119165727015030356
002221119165727019100013
004221119165728012150100
006221119165728011000594
001221119165729015020500
006221119165731011000729
002221119165732015030168
003221119165736015010791
008221119165736013020769
004221119165738015030356
008221119165740013020572
006221119165750011000445
004221119165751012150270
009221119165751014020092
004221119165754012180212
006221119165755011000712
002221119165756015030371
004221119165756012180278
002221119165801015030101
004221119165803012180251
002221119165804014030458
006221119165806011000001
002221119165809015030402
006221119165809011000086
002221119165811015030410
006221119165812011000681
002221119165814015030187
006221119165815015090617
003221119165816013010199
002221119165817014030438
006221119165818011000491
009221119165819012090416
006221119165821011000699
006221119165822011000635
006221119165825011000564
006221119165828011000203
009221119165828014020582
001221119165829015010795
009221119165830014020628
006221119165830015090628
004221119165832012140443
006221119165833011000687
006221119165835011000639
001221119165836015010795
006221119165837015090618
004221119165837012140388
002221119165838015020655
006221119165841015090616
002221119165842015020598
006221119165843011000694
001221119165845014010615
002221119165846012140439
006221119165846011000262
006221119165849011000601
006221119165851011000731
006221119165855011000632
004221119165855012180276
002221119165857012140086
006221119165858015090620
006221119165901011000713
006221119165904011000717
006221119165907011000713
006221119165911011000498
006221119165915015090611
006221119165916011000440
009221119165917014020435
009221119165921015020029
006221119165921015090580
009221119165923015020640
006221119165924011000026
006221119165925011000408
009221119165926014020542
006221119165928011000408
004221119165929015030437
009221119165930014020231
006221119165931011000636
009221119165933014020546
009221119165935015020630
006221119165935015090632
006221119165937011000654
008221119165938013020808
009221119165938014020413
008221119165939013020808
009221119165939013020755
006221119165941011000169
009221119165941013020425
008221119165942013020068
009221119165943014020563
006221119165944011000586
002221119165946012130120
009221119165946015020675
006221119165946011000720
006221119165949011000710
008221119165952013020840
006221119165953011000726
008221119165953013020840
006221119165954011000263
008221119165954015020657
004221119165954012140043
001221119165956015010793
008221119165956013020840
006221119165957015090627
001221119165958014010617
009221119165959014020550
006221119165959011000263
008221119170001013020799
006221119170002011000706
001221119170003015090632
002221119170005012160236
006221119170005011000719
001221119170007013010358
006221119170008011000574
002221119170009012180297
006221119170010011000675
002221119170012012170295
006221119170013011000573
002221119170017012170146
006221119170017011000735
002221119170019012140374
008221119170019014020540
002221119170020012130267
009221119170020014020180
006221119170020011000730
006221119170022011000276
006221119170024011000666
002221119170026012140374
002221119170027012140043
006221119170027015090629
004221119170028012140127
006221119170029011000595
002221119170030012140445
004221119170030012130267
002221119170031019100072
008221119170032014020589
004221119170032012170258
002221119170033012160292
002221119170034015030455
006221119170034011000517
002221119170035019050152
002221119170036012140442
004221119170036012160282
006221119170036011000662
002221119170037019100028
009221119170037014020617
006221119170039011000704
002221119170040012130205
004221119170040012160282
002221119170040019050244
006221119170042011000581
002221119170043015030444
006221119170045011000725
004221119170045012150287
004221119170047012160236
006221119170047011000598
002221119170048019110049
006221119170049011000343
006221119170051011000600
002221119170052016000090
006221119170054011000686
006221119170057011000690
002221119170100012170287
006221119170100011000691
006221119170103011000231
006221119170106011000670
006221119170109011000640
002221119170110015030351
006221119170112011000439
006221119170116011000640
006221119170118011000422
006221119170121011000674
004221119170123012130298
006221119170124011000277
006221119170125011000692
002221119170125019020313
006221119170126011000422
002221119170128019110048
006221119170129011000410
006221119170131011000733
002221119170131019050205
001221119170134014010598
006221119170135011000490
006221119170137011000283
006221119170140011000065
002221119170141019100063
006221119170143011000568
001221119170145015010797
002221119170147012170077
006221119170147011000651
006221119170151011000663
002221119170153012180287
006221119170154011000534
004221119170155012170077
006221119170157011000627
006221119170159011000041
006221119170201011000627
004221119170202012180252
006221119170203015090579
002221119170204019100044
002221119170205014030365
004221119170206015030459
006221119170206011000258
002221119170208012180252
002221119170209019100070
006221119170210011000678
002221119170212012160291
006221119170214019100067
006221119170217019100067
004221119170219012160114
002221119170220019020124
006221119170221011000078
002221119170226019050195
006221119170226011000051
008221119170227012120143
002221119170228019010116
008221119170228012120463
006221119170229015090621
001221119170230015010632
002221119170231019050217
001221119170232015010693
009221119170233012090379
006221119170234015090608
001221119170236015010807
008221119170237012080447
006221119170237015090608
002221119170238012130337
002221119170240019100018
002221119170242012130254
008221119170243015020687
008221119170246015020687
008221119170249012120415
006221119170250011000656
001221119170252015010129
006221119170253011000656
002221119170259019010135
006221119170259011000566
004221119170309012150241
008221119170309012090402
008221119170311012120476
002221119170316019110002
001221119170325014010452
008221119170326012090291
006221119170326011000648
001221119170328015010716
006221119170329011000718
001221119170331015010473
001221119170341015010669
006221119170343019100002
002221119170347012150299
001221119170347015010668
006221119170349019100032
001221119170350015010683
002221119170351012150299
001221119170352015020469
001221119170353015020563
001221119170356015010781
001221119170358015010596
002221119170406019050220
002221119170411019020368
002221119170416019020401
004221119170417012140149
002221119170420019020186
002221119170425019110037
002221119170430019020400
001221119170436015010788
001221119170439015010678
001221119170442015010692
002221119170453019020333
002221119170456019020382
002221119170500019050235
002221119170504019050235
002221119170526019100039
002221119170539019110043
002221119170544019020275
002221119170546019050213
001221119170555015030106
002221119170623019110014
002221119170631019110005
009221119170649014020619
002221119170739019110029
002221119170755019050242
002221119170824019110013
002221119170827019020393
002221119170849019110046
002221119170853019110033
001221119172117016010120
001221119172119016010024
002231119071337016000090
001231119071441016010090
001231119071448016010119
001231119071455019010125
001231119071500019010125
001231119071507016010081
001231119071629016010098
001231119071722016010128
001231119071759016010095
001231119071929016010045
001231119072011016010105
001231119072104016010125
001231119072200016010079
001231119072251016010122
001231119072327016010050
001231119072413016010106
002231119072428019010087
002231119072433019110006
001231119072521016010080
001231119072534016010056
001231119072539016010130
001231119072543016010082
001231119072547016010100
001231119072604016010073
002231119072607019020083
006231119072609013020543
002231119072630014030055
002231119072705014030374
002231119072715019030048
001231119072743016010032
001231119072748016010048
001231119072758016010110
003231119072804014010606
003231119072809012030402
003231119072813012040466
001231119072826016010120
001231119072833016010084
001231119072838016010121
002231119072909015030444
002231119072912015030444
002231119072945016010106
001231119072951016010077
001231119072956016010124
001231119073000016010024
006231119073014019100067
006231119073017019100067
002231119073123019060003
001231119073147016010127
003231119073212013010771
002231119073229019110027
003231119073232012040293
001231119073246013010479
001231119073247016010071
008231119073247016010129
002231119073248019060101
002231119073251019060086
003231119073252012010019
002231119073307019030022
008231119073307014020404
008231119073324013020067
004231119073343012160136
006231119073346011000051
002231119073403012160275
002231119073403019020231
008231119073407012070432
002231119073413019020399
002231119073414019020399
002231119073417019050237
002231119073420019050094
002231119073426019100046
002231119073455015030428
002231119073506019010124
002231119073510012130165
009231119073516012070187
003231119073523012030335
002231119073529019100032
009231119073534012100434
003231119073550012030349
003231119073559012060433
002231119073605019020391
002231119073631019030001
002231119073632014030421
002231119073639019050188
002231119073653013030592
006231119073719011000491
006231119073726011000675
008231119073728013020849
008231119073732013020873
002231119073734015030473
002231119073736019010116
002231119073737019010116
002231119073739015030476
002231119073745019060107
002231119073758019050216
001231119073801014010570
006231119073810011000359
001231119073820015010737
004231119073852013030624
002231119073922019040001
002231119073928013030638
008231119073935015020671
002231119073942019060115
006231119074000012160021
006231119074010011000692
003231119074016012030276
002231119074021019060001
004231119074022012180299
002231119074032012150135
002231119074035019020211
001231119074041016000152
008231119074043013020606
009231119074043014020588
009231119074051012080467
008231119074053013020745
001231119074057016010123
008231119074057013020789
004231119074101012150274
009231119074104015020687
009231119074109012120489
002231119074123019020397
004231119074124012150091
002231119074126019060103
006231119074127011000735
006231119074130011000735
003231119074140012060426
001231119074152012060397
009231119074155013020692
006231119074155011000165
003231119074155013010651
002231119074157012130297
001231119074157012030333
002231119074158019050214
003231119074158014010565
006231119074158011000165
008231119074202012100429
002231119074205012150203
002231119074205019020401
003231119074208013010746
004231119074210012130312
002231119074212012180252
004231119074224012150203
003231119074225013010365
008231119074228012090422
002231119074239019010135
002231119074246019020374
008231119074257013020683
002231119074258013030509
004231119074301013030509
004231119074307012140462
002231119074307019020260
002231119074309019020394
002231119074315019020400
003231119074320013010768
002231119074320019020377
002231119074323019020286
003231119074326012060007
008231119074327012070407
009231119074332012090405
004231119074332015030463
009231119074334012090405
004231119074335013030625
002231119074338019020186
004231119074339013030443
009231119074340012100311
004231119074341012180251
004231119074344013030545
002231119074346019050084
004231119074347012150249
006231119074352015090621
008231119074354014020630
006231119074355015090618
003231119074359013010007
006231119074400015090621
008231119074402013020255
002231119074403019040034
009231119074405012120484
004231119074408012160224
002231119074409019050164
008231119074412012100218
002231119074414019020313
009231119074416012080408
006231119074417011000498
008231119074417012070429
002231119074419019040024
008231119074420012070387
001231119074424013010755
001231119074428014010592
009231119074432012120476
004231119074438012140167
006231119074440013010014
001231119074442016000073
006231119074444013010001
008231119074444013020844
009231119074445013020818
001231119074447012010011
009231119074447013020703
002231119074448019020061
008231119074448014020451
006231119074451011000343
009231119074451012120487
004231119074452013030382
009231119074454013020532
008231119074457015020683
009231119074457013020855
001231119074458012020333
001231119074504012060372
004231119074505012160075
003231119074507013010800
009231119074507012110482
002231119074508019050239
001231119074510014010584
008231119074511013020824
008231119074513012120242
001231119074513015010763
003231119074514013010677
008231119074516013020824
009231119074519015020640
001231119074520014010033
004231119074521015030465
008231119074524012070010
001231119074532015010796
002231119074532019060122
002231119074533019060122
001231119074535013010700
001231119074538015010632
003231119074539013010505
006231119074540015090579
003231119074542013010601
008231119074542013020861
008231119074545015020658
009231119074547012110454
004231119074547012160282
003231119074547012020348
001231119074550015010797
004231119074553013030565
008231119074553012070344
009231119074557013020864
009231119074600013020763
001231119074602012020388
006231119074602019100066
009231119074603013020881
009231119074604015020604
006231119074606011000722
009231119074606013020881
008231119074606012110484
002231119074607013030466
002231119074610019110014
002231119074615019050246
008231119074619012100006
008231119074624012110443
006231119074629013010321
003231119074633012060384
006231119074633013020240
002231119074633019020275
004231119074635013030590
006231119074638013010009
004231119074639013030084
004231119074644012170257
006231119074646011000730
008231119074646013020851
004231119074647012150299
003231119074647013010806
003231119074651013010550
006231119074651014030174
008231119074654012110151
006231119074655011000564
008231119074656012100411
004231119074657012160271
002231119074658019020389
008231119074658015020679
004231119074701014030077
008231119074701015020657
006231119074701011000699
008231119074704012090248
004231119074705013030507
008231119074706012090411
002231119074707019100039
004231119074707012170279
008231119074709013020758
004231119074710013030504
008231119074711012110297
006231119074712012070006
004231119074713012150190
008231119074713015020668
004231119074714013030629
002231119074715019030049
006231119074717012020137
008231119074719015020029
002231119074721019050195
003231119074722012050313
004231119074722012170073
001231119074723015010001
008231119074724013020761
004231119074725012130341
003231119074726015010798
002231119074726019110043
008231119074727013020438
002231119074728013030627
004231119074728012170144
006231119074729011000595
008231119074730012100445
002231119074732019070014
004231119074732013030546
004231119074734013030508
001231119074735012020324
003231119074735015010801
008231119074736012080419
002231119074738014030424
004231119074738012170292
002231119074744019020127
002231119074747019110029
001231119074751012020228
003231119074753012010364
009231119074754015020654
004231119074754012170178
008231119074755013020755
002231119074756012170305
008231119074801012110367
003231119074803013010662
008231119074804012090393
001231119074805012060095
003231119074806012050254
001231119074808012030350
001231119074810012010361
002231119074811014030366
004231119074812012170258
001231119074814012030356
002231119074814014030239
009231119074814012070449
001231119074814018010054
002231119074816019020103
008231119074816013020821
002231119074818012170309
008231119074818012070384
002231119074820019050128
003231119074823012030404
002231119074825015030466
002231119074826019110002
008231119074827012070441
009231119074830015020620
008231119074830012080350
002231119074831019040035
004231119074834012180046
002231119074834019020378
009231119074834012090375
003231119074836012050368
006231119074837011000687
009231119074837012090379
003231119074838012040447
008231119074838012070435
001231119074838019020282
004231119074840012140456
008231119074842012100436
002231119074845012130343
009231119074845012090351
008231119074845012080424
004231119074845015030443
002231119074845019020230
002231119074847012140474
003231119074847012060427
009231119074848012110488
003231119074850015010704
008231119074850013020780
004231119074850015030368
002231119074851014030458
002231119074852019020383
003231119074853012050315
006231119074853011000694
002231119074859019100008
006231119074900011000574
009231119074901012110488
001231119074902012050285
008231119074903013020812
002231119074904014030400
006231119074904011000445
009231119074905012070437
008231119074906012080463
001231119074907013010734
002231119074907019010134
003231119074908012020390
009231119074909013020868
006231119074911011000573
008231119074911012090267
001231119074911016000168
009231119074912012070444
004231119074912013030386
001231119074914016000168
008231119074915012100334
001231119074916015020500
003231119074917013010347
002231119074919012170019
009231119074919013020867
001231119074921015010669
009231119074921012120350
003231119074922013010772
009231119074923013020808
004231119074925013030246
003231119074925012060359
001231119074926012050224
002231119074927012160259
004231119074927012140472
009231119074927013020778
008231119074928012110400
003231119074928015010678
002231119074931019100018
006231119074931011000086
003231119074932012050307
002231119074933012130250
008231119074933012090256
004231119074934012140466
003231119074935015010687
006231119074936012080131
003231119074937012020393
002231119074937019060119
004231119074937012180171
001231119074938014010201
008231119074938012080189
003231119074939012020344
002231119074940012130339
003231119074941012060434
004231119074941012160256
002231119074942012140458
008231119074943012070193
004231119074944012160163
006231119074946011000594
008231119074946012080304
009231119074947015020675
008231119074949015020545
002231119074950012130317
004231119074950013030379
002231119074950019050242
003231119074950013010672
002231119074952012150283
008231119074952012110410
006231119074952011000729
003231119074952012020121
009231119074952015020535
004231119074953015030343
008231119074953015020635
001231119074954012040433
003231119074955012030372
004231119074955012150196
009231119074955015020676
006231119074955011000729
002231119074956012180287
002231119074956019110033
008231119074957013020685
003231119074957013010426
001231119074958013010712
009231119074958015020647
002231119074959015030434
004231119074959012180284
001231119075001012050213
002231119075001019050026
009231119075001015020639
008231119075001014020501
008231119075003012100423
001231119075004012050344
002231119075005019050205
008231119075005015020686
006231119075006011000683
001231119075007015010793
009231119075007012090017
008231119075008012110466
001231119075010012040458
002231119075010019100013
008231119075011012110487
006231119075012014010053
001231119075013015010787
008231119075013012070445
003231119075015013010732
002231119075015019100070
008231119075016012120473
006231119075016014010241
003231119075017012030387
001231119075018015010693
006231119075019011000525
003231119075020015010716
008231119075020013020562
009231119075020015020652
006231119075022011000715
003231119075022012030036
008231119075023013020823
001231119075024012040438
003231119075024012060400
002231119075024019020318
006231119075024011000717
004231119075025012140457
008231119075025012100134
001231119075026014010598
006231119075026011000643
008231119075027012120474
003231119075027012040452
002231119075028019050213
001231119075029012050360
006231119075029012040209
003231119075030012050363
006231119075032013030188
003231119075032012040442
004231119075033012150310
001231119075035013010021
008231119075035012080468
006231119075036011000473
001231119075038014010526
003231119075038012010389
008231119075039012080375
001231119075040014010452
002231119075040019020340
006231119075040019100008
002231119075043012130305
008231119075043012080396
006231119075043011000666
009231119075043014020231
002231119075044019020124
002231119075045012130333
008231119075045013020858
009231119075045012080343
006231119075046011000041
002231119075047019020373
002231119075049012170293
006231119075049013030003
008231119075049012110351
004231119075049015030246
008231119075052012100431
002231119075053014030289
003231119075053013010650
009231119075053013020188
006231119075053013010270
008231119075055012070428
006231119075056011000262
002231119075057015030455
008231119075057012080456
003231119075058013010794
002231119075100014030489
008231119075100012100047
006231119075100011000283
002231119075101019040028
006231119075102011000408
001231119075103014010597
008231119075103014020486
002231119075105012160300
006231119075107015090580
002231119075107019100028
003231119075108013010520
002231119075109013030647
009231119075109013020797
008231119075110012100284
006231119075111012110223
006231119075114011000706
008231119075114012120412
004231119075114013030516
009231119075114013020017
009231119075116012110143
008231119075117014020525
004231119075118014030342
006231119075118011000408
009231119075118012110377
001231119075120012030365
008231119075120012100403
009231119075121012100257
003231119075121013010541
001231119075122012060369
002231119075123013030648
004231119075123012170253
009231119075124012100432
008231119075124013020793
001231119075125015010758
002231119075125012140445
002231119075125019050238
009231119075126012080383
003231119075127013010759
001231119075128012060405
008231119075128015020677
001231119075130015010753
003231119075130012010247
002231119075130019020327
001231119075131012010419
003231119075132012050009
008231119075132013020795
006231119075133011000710
003231119075133012030261
001231119075134015010781
004231119075134012160233
009231119075135012120447
008231119075135013020879
001231119075136012050331
003231119075136012060381
008231119075137013020766
004231119075137012160285
009231119075138013020819
001231119075139013010446
003231119075139012050366
006231119075139011000203
009231119075139012120491
008231119075139013020850
004231119075140012170146
002231119075141012160306
009231119075141013020866
001231119075142014010570
006231119075142011000732
004231119075142012140435
008231119075142012080457
003231119075143013010799
009231119075143012090406
008231119075144012080135
001231119075144012010170
001231119075145012010376
002231119075145019050244
006231119075145011000718
003231119075146013010624
002231119075147014030226
003231119075147012010422
006231119075148015090620
008231119075148014020523
004231119075149012180276
008231119075150012080459
002231119075150019010074
003231119075151012010162
006231119075151011000727
009231119075151014020567
004231119075151013030498
002231119075152014030159
002231119075153019050170
006231119075153012110164
003231119075153012040337
009231119075154012090407
003231119075154012020037
008231119075156012090383
006231119075157011000651
003231119075157012040376
004231119075157013030608
008231119075158012090417
002231119075159012140389
009231119075159013020599
002231119075200019100072
008231119075201012100322
001231119075202014010411
004231119075202013030469
006231119075202012020340
003231119075202013010788
008231119075204012110427
001231119075205012060005
004231119075205012130290
003231119075205012060432
002231119075205019020382
006231119075206011000723
008231119075206012080220
002231119075208012130327
001231119075208012040461
001231119075208018010059
009231119075208015020678
008231119075208013020836
001231119075209012040462
004231119075209012150318
008231119075209012120475
006231119075210011000677
001231119075211014010011
003231119075211012050364
001231119075211018010059
004231119075212013030571
003231119075213012050345
009231119075213012100400
001231119075215012040444
009231119075215012080448
006231119075215011000713
002231119075217019050235
008231119075218012070264
004231119075218012130214
009231119075219013020841
002231119075220016000144
006231119075220011000713
008231119075221013020651
002231119075221019050029
009231119075222013020504
004231119075222012170195
003231119075222014010537
001231119075223013010549
006231119075224011000723
009231119075224013020832
003231119075224014010003
001231119075225015010692
008231119075225013020738
002231119075225019050112
009231119075226012120415
001231119075227015010785
004231119075227012160088
003231119075227013010777
009231119075228012080267
001231119075229012040425
002231119075229019050241
003231119075229012060229
008231119075230012100425
009231119075230014020394
003231119075232012030266
009231119075233012110412
008231119075233012110455
004231119075233012160310
001231119075234015010788
003231119075234012030355
009231119075235012080123
001231119075237014010563
009231119075237013020857
008231119075237013020753
003231119075237012040478
002231119075238019100065
004231119075238012130210
001231119075239015010129
003231119075239015010751
008231119075239012070421
009231119075239012070442
003231119075240012040473
006231119075240011000568
001231119075241015010473
009231119075241012070447
001231119075242012010340
008231119075242012090350
003231119075243015010717
004231119075243013030440
002231119075244013030263
003231119075244013010740
009231119075244019020387
008231119075245013020574
004231119075245012130319
006231119075245013020412
003231119075246012060364
008231119075247014020632
009231119075247012120395
004231119075248013030339
002231119075248019050184
003231119075248012030389
001231119075249012040426
003231119075250013010758
004231119075250013030482
006231119075250011000078
008231119075250012070414
004231119075251013030448
003231119075252012050028
001231119075253014010548
006231119075253011000686
008231119075253013020876
003231119075254012030386
004231119075254012150241
002231119075255013030642
008231119075255013020706
001231119075256012060383
009231119075256013020831
008231119075257012110414
006231119075257011000120
003231119075257012010387
001231119075258012010341
002231119075259014030404
004231119075259012160149
002231119075300019020398
003231119075300013010682
001231119075301012020345
006231119075301013030075
003231119075301013010460
008231119075302015020502
004231119075302012130322
009231119075303012080464
006231119075304015090632
003231119075304012050310
004231119075305012180185
009231119075305012110437
008231119075305012100358
001231119075306012050234
006231119075306011000731
003231119075306013010781
002231119075307015030436
004231119075307013030240
008231119075307013020769
009231119075308012120472
006231119075309011000632
008231119075309013020701
004231119075310012150312
008231119075311012120496
003231119075311013010654
006231119075311013020581
009231119075311015020667
002231119075313012130263
009231119075313015020674
004231119075313012060309
006231119075314011000670
003231119075314012040382
008231119075315012100312
004231119075316015030437
008231119075316012100405
006231119075316011000726
001231119075317014010157
009231119075317012070331
008231119075318012110461
001231119075319013010798
004231119075319012170218
006231119075319015090608
009231119075320012110424
008231119075320013020874
001231119075320015100561
003231119075320012040437
002231119075321012140148
008231119075322013020848
002231119075322019020323
003231119075322012040477
009231119075322012080462
001231119075323012040403
006231119075323015090608
009231119075325012110481
008231119075325012100318
004231119075326013030551
001231119075327013010762
003231119075327013010625
008231119075327012100323
001231119075328012060407
003231119075328012050350
009231119075328013020880
006231119075328013010392
001231119075329018010061
004231119075330012150098
008231119075330012090330
003231119075331012020392
001231119075332012050343
009231119075332012090341
006231119075332011000668
004231119075332013030641
008231119075333013020542
002231119075333019050243
003231119075333012040453
001231119075335015010752
002231119075335012140379
001231119075336015010682
006231119075336011000586
004231119075336012150201
008231119075336013020726
003231119075336012060331
009231119075337012120421
001231119075338014010460
004231119075338013030576
002231119075338019020393
008231119075338012080428
002231119075339012130316
002231119075339019020393
006231119075339011000598
009231119075339012100224
003231119075339014010605
002231119075340012170231
001231119075340013010804
003231119075340013010199
004231119075341012150171
009231119075341012100416
008231119075342015020591
001231119075343012050309
003231119075343012060374
006231119075343013030199
004231119075344013030644
001231119075344015030454
008231119075344015020469
003231119075344012030366
004231119075345015030356
001231119075346014010569
009231119075346013020860
008231119075346012090272
006231119075347011000065
003231119075347013010808
002231119075348012170264
004231119075348012170290
009231119075348015020644
001231119075349014010615
003231119075349013010606
001231119075349015100557
006231119075350013010151
009231119075350012120393
008231119075350013020702
002231119075350019060033
001231119075351014010103
002231119075352014030426
004231119075352014030478
003231119075352013010580
009231119075353015020684
008231119075353012120256
006231119075353012120199
003231119075354013010737
002231119075355012160291
001231119075355012050358
003231119075355012020269
004231119075355012140088
002231119075356012180272
002231119075356019060076
008231119075356012120461
009231119075356014020633
001231119075357014010571
006231119075357011000440
002231119075358014030423
003231119075358013010529
004231119075358012180277
009231119075358015020618
001231119075358018010072
001231119075359014010424
003231119075359014010607
008231119075359012110353
004231119075359013030398
002231119075400014030267
002231119075401014030423
004231119075401012130271
003231119075401012060410
002231119075401019110048
009231119075401013020460
001231119075402014010573
008231119075402012070443
006231119075402011000724
002231119075403012180271
004231119075403012140446
001231119075404012030242
003231119075404012020288
004231119075404013030622
009231119075404014020351
008231119075405014020625
002231119075405019100061
002231119075406015030337
003231119075406015010761
001231119075407015010800
002231119075407019020333
006231119075407011000388
008231119075407013020767
004231119075407013030506
003231119075408012050195
001231119075408013030157
001231119075409012020285
002231119075409012160215
004231119075409012150293
003231119075410013010787
002231119075410019050240
006231119075410011000388
008231119075410012090302
009231119075411012110438
001231119075412012040410
001231119075412016000157
004231119075412014030491
008231119075412014020589
003231119075412013010598
006231119075412013020397
002231119075413019020346
004231119075413012180158
001231119075414016000139
003231119075414013010560
009231119075414015020630
008231119075414013020644
006231119075415011000733
002231119075415019110040
001231119075416015010784
008231119075416013020411
009231119075417012120497
003231119075417013010575
004231119075417013030606
006231119075418015090611
009231119075419015020666
008231119075419012100201
003231119075419013010522
002231119075419019020353
002231119075420015030410
004231119075420014030160
001231119075421012050217
008231119075421012080452
006231119075421011000678
009231119075421012070148
004231119075422014030490
003231119075422012030399
001231119075423012050308
003231119075423012010420
002231119075423019100002
004231119075423012150128
009231119075423012080461
002231119075424015030424
008231119075424012110474
001231119075425012040354
006231119075425016010086
003231119075426013010733
002231119075426019050148
004231119075427013030264
001231119075428014010608
008231119075428012080284
004231119075428012140444
006231119075428011000627
003231119075428013010413
001231119075429015010683
006231119075429011000388
003231119075429012060166
008231119075430012100418
001231119075431012010409
002231119075431014030488
004231119075431012160243
003231119075431014010338
008231119075432012100350
009231119075432014020524
006231119075433011000704
002231119075434015030426
001231119075434012040417
002231119075434019020095
004231119075434012150100
001231119075434013030071
008231119075435012090400
009231119075435014020494
003231119075435012020008
002231119075436012180249
006231119075436012130091
001231119075437012060353
004231119075437012130075
002231119075437019060102
003231119075437012060421
008231119075438014020597
009231119075438015020451
004231119075438012170127
001231119075439014010377
003231119075439012040353
008231119075440014020581
006231119075440011000555
009231119075440014020562
001231119075441014010264
004231119075441012150307
009231119075442014020092
008231119075442014020611
006231119075442011000388
002231119075442019050217
003231119075442012060420
001231119075443012060416
004231119075443012170194
001231119075444012060349
008231119075444012110446
003231119075445012050356
001231119075446014010617
006231119075446011000663
004231119075446013030523
009231119075446012100424
001231119075447014010477
008231119075447014020626
004231119075448013030485
008231119075450012100223
001231119075450015030112
001231119075451013010176
009231119075451012120354
006231119075451012180106
004231119075451012170193
003231119075452012030344
002231119075453019020212
004231119075453015030445
008231119075453015020646
001231119075454014010502
006231119075454011000388
008231119075455012120478
002231119075456015020598
001231119075456012020385
004231119075456012180307
001231119075457012040468
002231119075458012170277
009231119075458014020594
008231119075458012080466
003231119075458013010795
001231119075459015010807
004231119075459012150073
002231119075459019100044
001231119075500012040471
004231119075500014030440
006231119075500012050123
002231119075501012140405
008231119075501012090345
003231119075502012040467
004231119075502015030460
008231119075503013020681
002231119075504012150226
009231119075504013020840
004231119075504015030389
003231119075504013010577
001231119075505013010023
002231119075505012140235
002231119075505019020379
009231119075506012120392
006231119075506014030056
003231119075506012060356
002231119075507012150278
004231119075507014030390
008231119075507012120434
001231119075508012020380
009231119075508014020606
003231119075508013010695
001231119075509012040405
008231119075509014020622
004231119075509013030636
002231119075510015030187
009231119075510014020416
002231119075510019100063
001231119075511012050357
003231119075511012050225
008231119075512012100327
009231119075512014020416
004231119075512012130336
001231119075513014010614
002231119075513012140475
009231119075513015020688
003231119075513012040222
004231119075514014030425
001231119075515014010510
008231119075515012070440
003231119075515012030256
009231119075515012120414
002231119075516012130338
008231119075516012110404
009231119075517014020435
004231119075517012130295
003231119075517015010792
006231119075517015090628
003231119075518012060414
002231119075519015030262
008231119075519013020387
009231119075519012120454
006231119075520012160114
003231119075520015010794
004231119075520012130059
001231119075521014010539
008231119075521015020680
002231119075522013030649
004231119075522014030438
009231119075522012100441
006231119075522012050222
003231119075523012030401
008231119075524014020623
004231119075524015030467
001231119075525012020352
002231119075525013030639
003231119075525013010646
009231119075525013020586
002231119075525019050091
003231119075526013010727
006231119075526012010292
009231119075526012120454
004231119075526012140154
002231119075527012170271
008231119075527012120482
001231119075528013010805
003231119075528012060363
004231119075528012180268
009231119075529014020529
002231119075530015030388
008231119075530012090235
002231119075530019050196
004231119075530014030021
003231119075531012010414
009231119075531012120494
001231119075532012020396
003231119075532012040397
008231119075532014020598
002231119075533014030250
009231119075533012080431
004231119075533013030607
008231119075534014020443
003231119075534012020381
001231119075534015030106
001231119075535014010357
002231119075535019110005
002231119075536012130288
004231119075536012150286
003231119075536012020286
009231119075536012080430
008231119075536012080413
001231119075537013010797
001231119075537016000008
004231119075537015020655
002231119075538015030459
003231119075538013010542
009231119075538012070448
008231119075539012100329
001231119075540019110051
003231119075540012020332
006231119075540012080163
002231119075540019050225
004231119075540014030393
002231119075541013030630
009231119075541014020578
008231119075541012090333
002231119075542012180308
008231119075542012090333
003231119075543013010791
004231119075543013030496
001231119075543015100543
008231119075544013020835
009231119075544014020542
002231119075545019020149
006231119075545012010254
004231119075545014030459
003231119075545014010616
009231119075546014020608
008231119075547014020627
006231119075547015090616
003231119075547012040470
004231119075547012140422
001231119075548012040464
009231119075548012070427
001231119075548016000088
004231119075549013030573
008231119075549012070403
006231119075550015090617
003231119075550012050365
002231119075551012150305
004231119075551012150294
009231119075551014020631
006231119075552013020068
008231119075552014020180
001231119075553014010316
009231119075553012090423
004231119075553012170054
003231119075553013010785
002231119075554014030375
001231119075555014010578
008231119075555015020568
006231119075555013020274
003231119075555012040406
002231119075556012160279
004231119075556012160287
008231119075556012120493
009231119075556012110409
003231119075556012020086
001231119075557014010332
008231119075557012120493
004231119075557012180258
006231119075558012040300
009231119075558012090377
001231119075559012020111
002231119075559012180157
003231119075559015010550
008231119075559012080380
009231119075559012110489
002231119075559019020007
009231119075600012110489
004231119075600013030562
001231119075601012020383
006231119075601012160104
001231119075602012020322
006231119075602012170053
009231119075602012110483
001231119075602016000163
003231119075602012030342
002231119075603013030618
008231119075603012100394
004231119075603014030470
009231119075603014020619
002231119075604014030456
001231119075604012010327
003231119075605013010735
006231119075605011000690
001231119075605016000163
001231119075606014010068
003231119075606012050210
004231119075606012130342
008231119075606012110421
001231119075607014010575
006231119075607011000581
002231119075607019070001
009231119075607012120488
002231119075608015030279
008231119075608012070426
001231119075608018010066
003231119075609015010668
004231119075609012140469
001231119075610012060259
002231119075610019020326
006231119075610015090627
002231119075611014030444
003231119075611013010724
008231119075611014020036
001231119075612014010538
002231119075612019030032
009231119075612012090420
004231119075612012140443
001231119075613018010047
006231119075613019100071
004231119075613013030603
003231119075614013010807
008231119075614012090339
001231119075615014010600
009231119075615014020603
002231119075615019030046
001231119075615018010047
004231119075615012150198
003231119075615013010793
008231119075616012100430
006231119075616012050085
003231119075617014010208
004231119075617012180220
009231119075617012100381
002231119075618014030427
001231119075618012010355
009231119075618015020643
001231119075618018010071
006231119075618012110087
004231119075619012140388
002231119075619019110037
003231119075619013010190
008231119075619014020504
002231119075620014030448
001231119075620012030376
006231119075620011000258
008231119075621014020331
009231119075621013020198
001231119075622012030381
001231119075622015100559
002231119075622019060095
003231119075622012010309
004231119075622013030348
009231119075623012100379
006231119075623011000001
001231119075624012040420
004231119075624012150271
008231119075624013020428
003231119075624012050266
001231119075624015100560
001231119075625014010494
008231119075625013020428
006231119075625013010015
001231119075626013010011
003231119075626013010294
004231119075626013030637
008231119075627013020783
004231119075628012180262
006231119075628011000517
003231119075628015010721
001231119075629012010377
001231119075629016000154
008231119075630012120377
004231119075630012140363
003231119075630015010780
001231119075631016000154
001231119075632012010403
004231119075632013030558
009231119075632015010696
006231119075632011000639
001231119075633012010277
003231119075633012010393
008231119075633012110340
006231119075633012060241
004231119075634012170228
002231119075635014030476
009231119075635012100449
002231119075635019020363
001231119075636014010457
003231119075636012040273
006231119075636011000388
008231119075636013020674
001231119075637014010440
002231119075637014030450
003231119075637013010739
006231119075638014020288
009231119075638012070286
004231119075638013030356
001231119075639013010743
003231119075639012060388
008231119075639012070382
001231119075640016000058
004231119075640012140149
001231119075641014010580
008231119075641015020386
001231119075642012060253
009231119075642014020528
004231119075642013030024
003231119075642012060379
002231119075643014030088
001231119075643016000166
006231119075643012090035
001231119075644013010006
008231119075644014020563
004231119075644012130298
002231119075645012140453
003231119075645012030390
001231119075646013010688
004231119075646012140434
003231119075646014010432
001231119075647015010017
008231119075647015020580
002231119075647019020263
006231119075648012130223
004231119075648012170056
003231119075648015010615
008231119075649013020468
001231119075650014010493
006231119075650013020241
003231119075650012040454
002231119075651012150314
009231119075651012080017
004231119075651013030535
001231119075652013010035
008231119075652012120368
002231119075652019050223
003231119075652012060360
006231119075653011000388
001231119075654012040450
009231119075654014020493
004231119075654014030331
003231119075654012040414
008231119075655012100364
001231119075656012040475
002231119075656019050234
003231119075656013010730
009231119075657014020554
004231119075657012150270
001231119075658012050279
002231119075658014030031
004231119075658015030457
003231119075658012040423
006231119075658015090629
008231119075659012090408
009231119075659014020604
001231119075700014010535
003231119075700013010776
002231119075701019020335
001231119075702019050245
006231119075702011000026
009231119075702014020426
003231119075702012020389
004231119075702012180206
008231119075702012120470
003231119075704012060221
008231119075704013020878
001231119075705012010348
004231119075705013030372
006231119075705011000714
002231119075705019110050
008231119075706013020826
002231119075707015030376
001231119075707012030352
003231119075707013010515
009231119075707015020638
006231119075708011000707
009231119075708015020669
004231119075708012150303
002231119075708019110046
003231119075709014010603
001231119075710013010604
008231119075710012100446
009231119075710012090368
004231119075710013030458
002231119075711015030376
006231119075711011000277
001231119075712012030397
004231119075712012180278
008231119075712013020781
002231119075713019020368
003231119075713013010714
009231119075713012080078
001231119075714014010609
006231119075714011000681
008231119075714015020057
002231119075715012140449
008231119075715013020515
009231119075715012110406
002231119075716012140442
002231119075716019100052
001231119075717014010596
008231119075717013020515
009231119075717012080453
001231119075717013020180
006231119075717011000712
002231119075718019050126
002231119075719014030369
008231119075719013020749
003231119075719012030230
009231119075719013020810
006231119075719012160085
004231119075720015030371
001231119075721013010331
008231119075721012100420
009231119075721012090343
001231119075721016000062
002231119075721019030025
009231119075722014020571
003231119075722013010763
004231119075722012140465
006231119075723012130102
001231119075724014010599
008231119075724014020618
009231119075724012070236
004231119075724012140452
003231119075724012040367
002231119075725015030362
006231119075725013020154
009231119075725015020577
003231119075726012040373
004231119075727012140461
003231119075727012060428
002231119075728014030290
004231119075728012170219
006231119075728012120196
009231119075728012100439
008231119075729012120399
001231119075730012040338
003231119075730014010436
006231119075730011000719
002231119075731019040023
008231119075731012070366
004231119075731015030438
001231119075732012030368
003231119075732012010372
002231119075733014030484
006231119075733011000691
004231119075733012150268
001231119075734012010408
009231119075734014020043
002231119075735013030631
003231119075735012020402
004231119075735012170287
001231119075736014010593
006231119075736012130286
009231119075736012100419
003231119075736012050238
002231119075737012170303
004231119075737013030399
002231119075737019060108
001231119075738012010237
006231119075738011000662
001231119075738016000126
009231119075738012090416
003231119075738013010803
002231119075739012140374
004231119075739012150287
006231119075739012140043
003231119075740015010690
002231119075740019070038
009231119075740013020869
001231119075740016000126
001231119075741014010613
008231119075741012070368
004231119075741013030479
009231119075742012120440
008231119075742012070368
006231119075742013020409
002231119075743019060114
003231119075743012030377
009231119075743015020660
003231119075744012010173
001231119075744015100546
004231119075744014030336
002231119075745019050212
009231119075745012110160
008231119075745015020685
001231119075746012030010
006231119075746012050129
009231119075747013020820
008231119075747012100380
004231119075747014030334
003231119075747012010400
001231119075748018010069
004231119075748014030454
002231119075748019040016
006231119075749011000231
003231119075749012050204
009231119075749012070321
002231119075750015030478
008231119075750014020417
001231119075751012010410
003231119075751012010413
006231119075751013020326
001231119075751019030038
004231119075751013030609
004231119075752012130280
008231119075752012080394
006231119075753013010117
003231119075753012030327
003231119075754012040443
002231119075755015030431
004231119075755012140473
008231119075755014020607
001231119075756016000161
001231119075757012010014
004231119075757012130345
001231119075757016000161
006231119075757011000725
003231119075757012060423
002231119075758012140419
006231119075758012060015
003231119075758012040465
008231119075758012090396
004231119075758012140460
002231119075759013030563
001231119075759015010766
001231119075759016000161
002231119075759019020221
002231119075801012170308
003231119075801012020399
008231119075801012090300
004231119075801012140086
006231119075802011000566
001231119075803014010564
009231119075803015020478
004231119075803012150301
008231119075803013020813
002231119075804015030470
004231119075804013030187
003231119075804013010710
001231119075805014010444
003231119075805012050303
008231119075805012100442
006231119075805011000635
004231119075806015030395
006231119075806011000601
002231119075806019020273
008231119075807012100398
001231119075808013010747
002231119075808016000123
003231119075808013010780
004231119075809013030119
006231119075809011000728
008231119075809013020865
001231119075810015010802
003231119075810012020391
004231119075810014030471
008231119075811013020843
001231119075812014010267
006231119075812011000169
009231119075812012120481
004231119075813012140471
003231119075813014010492
006231119075813011000276
003231119075814013010454
008231119075814012120427
004231119075814012180312
002231119075815012140409
009231119075815012110477
001231119075816012010423
004231119075816012180144
008231119075816012090279
003231119075816014010604
006231119075816011000490
002231119075817012160292
009231119075817014020593
002231119075817019050230
001231119075818014010555
004231119075818012150319
006231119075818012020010
002231119075819012150273
003231119075819012020403
006231119075820011000648
004231119075820012140408
001231119075820015100551
008231119075820013020825
009231119075820015020663
001231119075821013010213
003231119075821012050334
008231119075821012110354
002231119075822014030100
006231119075822012020013
004231119075822015030441
009231119075822015020664
001231119075822016000141
003231119075823012040445
001231119075824012060387
002231119075824015030101
006231119075824014030109
001231119075824016000141
008231119075824013020748
009231119075825015020681
004231119075825013030456
002231119075826012140425
003231119075826013010770
004231119075826013030550
001231119075826018010070
001231119075827012050183
008231119075827013020536
006231119075827011000422
002231119075828013030484
009231119075828016000147
004231119075828012160231
004231119075829012140421
003231119075829012020400
006231119075830011000654
008231119075830014020634
001231119075830016000003
009231119075830013020803
001231119075831015010789
002231119075831014030325
003231119075831012020300
009231119075832013020773
004231119075832012140337
006231119075833012020274
001231119075833016000003
001231119075834015010774
003231119075834015010610
008231119075834013020877
009231119075834012090291
001231119075835016000164
003231119075835013010653
002231119075836015030386
006231119075836012010201
001231119075837014010536
009231119075837012100347
004231119075837013030441
008231119075837012120431
003231119075837012010337
009231119075838015020013
001231119075838016000164
006231119075838011000534
004231119075838013030619
003231119075839012050369
001231119075840014010612
002231119075840014030365
008231119075840014020565
004231119075840012170265
002231119075841012130120
006231119075841012020002
004231119075842012140470
003231119075842012030400
001231119075842012040131
001231119075843012050367
008231119075843012090335
009231119075843012080366
006231119075843011000656
004231119075844014030305
003231119075844013010244
001231119075845015010738
008231119075845012070392
001231119075845013020226
002231119075845019040012
002231119075846015030461
009231119075846014020592
004231119075846012160134
003231119075846012050351
001231119075847016000169
006231119075847011000720
008231119075847012070376
002231119075848015030471
006231119075848015030168
003231119075848012030304
009231119075849012090309
002231119075849019040009
008231119075849013020811
004231119075849012150255
001231119075850015010786
002231119075851012140424
002231119075851012130254
006231119075851015020461
002231119075851019110013
003231119075851012050311
008231119075852012090220
009231119075852013020833
004231119075852012150260
001231119075853013010059
002231119075853019020150
004231119075853012160143
001231119075854012020306
009231119075854013020837
006231119075854015090631
002231119075855013030518
003231119075855012030317
008231119075855012090394
009231119075856014020530
002231119075856019050193
004231119075856014030430
006231119075856012170077
001231119075857012030385
002231119075857013030587
009231119075858012080358
008231119075858012070358
006231119075858011000682
004231119075858013030412
002231119075859014030485
009231119075859012100443
002231119075900015030458
004231119075901012180212
008231119075901012110458
006231119075902012090150
004231119075902012180296
001231119075903014010558
002231119075903014030418
008231119075903012090344
009231119075903013020822
002231119075905012180297
001231119075905012150311
009231119075905012120477
004231119075905012150170
008231119075906012120419
002231119075907014030381
009231119075907012100447
001231119075907012150311
003231119075908012030405
008231119075908012120433
004231119075908013030634
009231119075908012100447
002231119075909012180273
006231119075909012050057
004231119075910012130320
009231119075910012090348
002231119075911012150263
008231119075911015020410
003231119075912012050354
006231119075912012110004
004231119075912012140464
008231119075913012120425
004231119075913012160296
003231119075913013010567
001231119075914012010338
002231119075914014030388
006231119075914012130116
008231119075915012070422
004231119075915013030366
009231119075916012080418
003231119075916012010398
002231119075917013030596
004231119075917012170291
008231119075918014020553
009231119075918013020862
008231119075919012070438
003231119075919012060389
004231119075919012140464
002231119075920014030486
006231119075921012130049
001231119075921018010048
004231119075921012170291
009231119075921012090041
008231119075922012120402
003231119075922012050359
004231119075922012130264
002231119075923012170307
002231119075924019050152
004231119075924012140426
003231119075924012030396
002231119075925014030487
004231119075925013030633
008231119075925013020838
006231119075925012080127
002231119075926012130282
008231119075926012070404
009231119075926012100450
004231119075926014030398
001231119075926018010008
003231119075927012030328
006231119075927012030282
002231119075928012140468
001231119075929014010594
008231119075929013020660
009231119075929013020817
004231119075929013030577
003231119075929012020368
001231119075930012030300
002231119075930014030465
006231119075930012060312
009231119075931013020883
004231119075931015030306
008231119075931012110480
001231119075932013010761
002231119075932013030548
003231119075932012030353
004231119075933013030616
002231119075934012160253
002231119075934019030047
008231119075934012080373
004231119075935013030584
006231119075936011000398
009231119075936014020411
001231119075937014010309
002231119075937013030222
006231119075937012080114
008231119075937012070338
002231119075938012130330
008231119075938012100367
004231119075938012180260
001231119075939014010066
004231119075939012170209
001231119075940016000101
006231119075940011000410
002231119075941012150309
009231119075941012090419
004231119075941013030460
008231119075941012110416
002231119075942012180275
001231119075942014010587
004231119075943015030408
001231119075943016000101
003231119075943013010765
001231119075944012010005
008231119075944013020626
002231119075945012130337
009231119075945014020538
008231119075945012080425
001231119075946012050179
004231119075946012130285
003231119075946013010259
001231119075947014010250
002231119075947014030399
009231119075947015020641
003231119075948012020398
008231119075948012100428
001231119075949012020382
004231119075949012130205
009231119075949012080458
002231119075950013030623
008231119075950014020540
002231119075951012130014
003231119075951015010783
004231119075951012170298
002231119075952014030072
001231119075952015010596
004231119075952012150297
009231119075952012090380
008231119075953012080454
002231119075954012130284
001231119075955012010415
002231119075955014030279
009231119075955013020282
004231119075955012180292
002231119075956019050171
004231119075956013030425
008231119075956012110382
009231119075956014020537
001231119075957012010385
002231119075957014030387
009231119075958012120486
008231119075958012080225
004231119075958012180301
001231119075959012020325
004231119075959013030538
002231119080000012130326
004231119080001013030354
002231119080002014030466
002231119080002019020301
008231119080002012120444
009231119080003012110478
002231119080004012130329
008231119080004012070411
004231119080004012130278
001231119080004018010068
002231119080004019040033
001231119080005014010200
003231119080005015010769
002231119080006012160307
009231119080006012070357
002231119080007012150250
006231119080007011000674
009231119080007013020640
002231119080009015030247
003231119080009012030351
004231119080009012180259
002231119080009019050224
009231119080009012110486
002231119080011012180305
002231119080011019060097
009231119080011014020534
004231119080011012180282
006231119080012013010215
003231119080012012060398
001231119080013013010641
002231119080013012160230
009231119080013012110485
002231119080015015030351
004231119080015012140127
008231119080015012120483
002231119080016014030467
009231119080016012090414
002231119080016019050209
006231119080016011000640
003231119080017013010631
008231119080018012120485
004231119080018012150290
009231119080018012070439
002231119080019013030308
006231119080019011000439
003231119080019014010525
009231119080019014020545
004231119080021012130314
003231119080021012030194
002231119080022015030244
008231119080022014020624
006231119080022013010358
009231119080022014020424
006231119080023011000600
004231119080023012170304
009231119080023012120401
002231119080024012160302
008231119080025014020414
004231119080026012170217
009231119080026014020007
002231119080026019020079
002231119080027012130302
004231119080027012170297
008231119080027013020572
009231119080028014020512
006231119080028012120124
008231119080028014020574
004231119080029012170235
009231119080029012080297
002231119080030012130303
008231119080030013020747
002231119080030019020307
004231119080030012180266
009231119080031012070197
006231119080031014030096
003231119080032012050194
002231119080033012150102
004231119080033015030451
009231119080034012110375
008231119080034013020619
004231119080035012160272
002231119080035019040030
009231119080036014020551
002231119080037019040006
004231119080037012140429
009231119080037012080447
006231119080037011000263
008231119080037012080346
002231119080038015030423
008231119080039012070410
004231119080040013030162
006231119080040013010296
002231119080041012180310
004231119080041012140463
001231119080042013010716
008231119080042014020511
002231119080042019020307
003231119080043013010726
004231119080044014030368
001231119080045015010731
002231119080045012180288
002231119080045019040021
002231119080046015030402
003231119080047012010401
002231119080048012150315
009231119080049014020617
008231119080049012100307
001231119080050012050147
002231119080050012170295
002231119080052015030442
002231119080052019080001
006231119080053012150195
003231119080053012050341
004231119080054013030617
009231119080055015020624
003231119080055012030303
008231119080055012110378
004231119080057012140437
009231119080057014020398
002231119080057019020065
003231119080058012080007
004231119080058012130334
002231119080100014030356
009231119080100012120463
004231119080101012160298
008231119080102012070377
002231119080103014030158
006231119080103015020199
004231119080103012130335
009231119080104014020413
002231119080106014030217
003231119080106012040459
008231119080106014020536
006231119080106014010295
001231119080107015010804
009231119080107013020425
004231119080107013030605
002231119080108015030474
008231119080108014020628
006231119080108012020162
002231119080109012180257
009231119080109015020022
008231119080111014020582
006231119080111015020540
009231119080111012120448
003231119080111013010774
002231119080112013030589
001231119080113012030329
008231119080113012110464
004231119080113012160311
002231119080114012170266
001231119080114016000025
009231119080115016000149
004231119080116012160236
001231119080116016000025
002231119080117014030449
008231119080117012090413
003231119080117012020376
009231119080118013020863
006231119080118015020563
002231119080119014030453
008231119080119012080345
004231119080120012170280
009231119080121015020659
006231119080121011000636
002231119080122012180261
008231119080122012090402
001231119080122016000112
001231119080123012040355
002231119080123019040032
004231119080123012130344
008231119080123012090412
009231119080124012110397
002231119080125012180253
003231119080125015010805
004231119080125012160315
001231119080126015010790
009231119080126012070308
008231119080126014020120
002231119080126019050220
008231119080127014020120
002231119080128012160228
004231119080128012170020
009231119080129012080427
002231119080130019050222
008231119080130013020689
001231119080131014010610
002231119080132014030022
004231119080132012150069
008231119080132012080360
009231119080132012090388
009231119080133013020643
003231119080135012020016
004231119080135012170267
002231119080136014030001
004231119080137014030150
002231119080138013030349
001231119080138012030363
009231119080140014020532
004231119080140013030614
002231119080141014030447
003231119080141012030338
001231119080141018010055
001231119080142014010522
008231119080142012080361
009231119080142015020541
004231119080143012170284
009231119080144014020546
001231119080145012060403
001231119080145019030050
002231119080146013030510
004231119080146014030437
004231119080147013030104
009231119080147014020006
002231119080149015030468
003231119080149013010473
006231119080149012020279
004231119080149012170286
008231119080149012120306
004231119080151012130267
008231119080151012120306
001231119080152015010791
003231119080152014020020
008231119080153014020470
009231119080153012070341
008231119080155013020554
004231119080155012160312
001231119080157012030196
002231119080157015030383
004231119080157015030475
009231119080159012120464
001231119080159019010128
004231119080159014030299
001231119080200012060368
002231119080200012140428
001231119080201012010382
003231119080201012020404
001231119080202012020367
006231119080202012030316
008231119080203012070360
002231119080203019040015
002231119080204013030465
009231119080205012100444
002231119080206012170299
001231119080206015100556
008231119080206012090391
001231119080208015010407
009231119080208012070450
001231119080209012050348
008231119080209012120492
002231119080209019010008
001231119080212015010795
004231119080213012160293
002231119080214014030475
003231119080214012040429
001231119080215014010590
002231119080215019060120
004231119080216012160289
009231119080216012110479
004231119080217012160087
009231119080218012090410
002231119080218019010118
006231119080220014020550
001231119080221018010067
009231119080221016000124
002231119080221019010131
001231119080223013010751
004231119080223012140420
008231119080224012090401
001231119080225014010581
003231119080225012040476
002231119080226019040020
001231119080229016000064
004231119080229012180263
002231119080230019010133
001231119080231015010764
003231119080231012010293
002231119080232019050183
004231119080232013030610
002231119080236012170250
003231119080236013010004
006231119080236012010028
002231119080238013030541
008231119080241012080469
001231119080242012070090
008231119080245012080414
004231119080247012170222
003231119080251013010284
008231119080251015020672
004231119080253013030331
003231119080258014010524
004231119080259014030452
001231119080302019030043
008231119080303014020502
004231119080304012180290
001231119080305012040472
001231119080305018010018
004231119080306015030439
002231119080307014030481
001231119080307018010018
001231119080308018010018
008231119080308014020489
004231119080309012180159
003231119080309012030095
003231119080314012050353
002231119080316019010072
008231119080317013020799
004231119080320012020358
008231119080321014020513
008231119080324014020616
008231119080326012100385
001231119080329014010133
002231119080330019030042
002231119080335012140430
003231119080337013010767
008231119080341014020305
006231119080342012010190
009231119080343014020615
008231119080344012080364
008231119080347012120301
008231119080349012120465
004231119080350012170207
002231119080352012150261
004231119080352013030346
002231119080354012130279
004231119080354013030591
002231119080354019010119
008231119080356013020870
002231119080357012170275
001231119080400012050321
002231119080400014030416
004231119080400012140441
002231119080402019070031
003231119080403012010010
008231119080403012080266
003231119080409013010702
002231119080418019110049
003231119080423013010674
001231119080424012030305
001231119080427012030361
009231119080427012110476
001231119080429013010783
009231119080434012070433
002231119080435012130292
002231119080439014030176
009231119080441014020568
002231119080450014030373
008231119080452013020852
004231119080452012160280
006231119080452012010405
008231119080459014020602
002231119080506019010108
003231119080509013010666
008231119080515012070431
003231119080515012060365
009231119080526014020570
002231119080541019020349
002231119080553012140439
001231119080606012060422
002231119080607019090016
006231119080611014020055
004231119080629012150295
008231119080630012090357
003231119080707012010392
009231119080734014020620
008231119080742012110373
001231119080804016000052
006231119080834012030293
001231119080851012050347
009231119080937012120490
001231119080953014010508
003231119081048012050320
008231119081123012080438
002231119081139019010111
002231119081145019010031
004231119081543012130242
002231119082128019060084
003231119082247012010329
003231119082324012020311
001231119082325016000007
001231119082328016000001
001231119082421016000012
002231119082434019010094
002231119082651019030033
002231119082803019010127
