002231219071556019030042
002231219071600019010108
002231219071605019010124
002231219071610019030049
001231219071812016010045
001231219071820016010098
001231219071832016010119
001231219071838016010081
001231219071925016010130
001231219071942016010056
001231219072114019060076
001231219072116019060076
001231219072203016010095
001231219072207016010105
001231219072217016010121
001231219072223016010024
002231219072338019060086
001231219072356016010090
001231219072401016010079
001231219072406016010110
001231219072429016010082
001231219072445016010106
001231219072453016010071
001231219072534016010073
002231219072609014030374
001231219072625016010131
001231219072642016010125
002231219072646019020083
001231219072653016010050
001231219072707016010120
002231219072747014030055
001231219072752016010124
001231219072844019010125
001231219072848016010048
001231219072852016010032
001231219072902016010080
002231219072903015030444
002231219072906015030444
001231219072939016010100
009231219072943016010129
003231219073007013010768
002231219073011019110027
001231219073013016010084
002231219073021012180252
001231219073022016010084
006231219073031013020543
001231219073108016010077
006231219073113011000051
002231219073142019050235
003231219073154012030402
002231219073214012160275
002231219073218019030001
002231219073233019060123
001231219073257016010122
009231219073307014020451
002231219073316019020402
003231219073319012040293
002231219073401019060003
003231219073512012040466
002231219073546019020374
002231219073559015030473
002231219073601015030476
001231219073601015010001
008231219073601013020255
002231219073608019100046
004231219073609013030625
008231219073621013020387
001231219073713016000152
009231219073728013020855
004231219073742012160136
006231219073749011000675
002231219073801019060095
002231219073816012130165
001231219073821016010127
003231219073827012060396
008231219073831012090404
009231219073831012100311
004231219073837013030624
003231219073840012060426
008231219073900013020849
002231219073903012140474
002231219073907019020401
009231219073913015020687
002231219073913019050188
008231219073914012110437
004231219073918013030546
001231219074003016000073
003231219074012013010771
002231219074017019020231
001231219074020015010737
003231219074020012010019
009231219074021012090375
008231219074021015020668
008231219074027013020851
001231219074030012010410
002231219074031019100039
008231219074041012080189
003231219074041012050368
006231219074046011000359
006231219074053011000165
009231219074100015020620
009231219074101015020620
008231219074105012100429
008231219074108012110151
006231219074110012120199
008231219074126012070010
002231219074129019110033
002231219074136012130297
002231219074137019060103
008231219074137012070437
003231219074138013010365
001231219074140012060369
002231219074141019050094
002231219074145019020313
009231219074152013020532
006231219074204011000713
006231219074212011000713
002231219074213019050084
001231219074217014010584
008231219074225015020635
006231219074232013020067
002231219074232019050216
002231219074237014030421
008231219074249013020438
008231219074250012070006
001231219074252012050331
004231219074255012150274
006231219074303011000473
009231219074303013020703
004231219074304012150091
002231219074308019060120
006231219074315011000491
004231219074324012160282
008231219074325014020501
009231219074329013020763
001231219074333013010479
009231219074337012120489
004231219074337013030443
004231219074341014030342
009231219074346012070187
009231219074349012110482
001231219074351012030333
004231219074352012150190
009231219074355013020864
009231219074359012120498
003231219074405014010565
008231219074405013020824
004231219074407012180299
003231219074409013010800
006231219074412011000699
008231219074414013020821
004231219074416014030088
004231219074428012180046
009231219074433014020092
002231219074443019020211
003231219074445013010672
001231219074446016010123
003231219074449013010677
002231219074449013030466
004231219074453012170292
008231219074456013020683
002231219074458019010087
004231219074502012130312
008231219074502012070435
003231219074503012050254
006231219074508013010014
002231219074511019060114
006231219074512013010001
004231219074515013030386
003231219074522012060007
008231219074525012080375
002231219074527014030226
004231219074529013030565
006231219074534015090579
002231219074535012140458
003231219074540013010007
003231219074543013010505
008231219074543012100423
002231219074545019060107
003231219074546015010704
008231219074546012110466
001231219074548014010573
003231219074549012030335
006231219074549011000722
009231219074552012070344
003231219074552012030349
003231219074556012010309
008231219074600013020879
004231219074604012180171
008231219074604013020850
006231219074607012160021
008231219074608012080463
004231219074608012160075
002231219074609019020363
006231219074611011000692
002231219074613019030047
006231219074626015090627
002231219074626019040035
008231219074628015020029
003231219074634012040429
009231219074635012080343
003231219074640012010364
003231219074642012060364
008231219074644012070387
004231219074644013030246
002231219074646014030489
004231219074647012180313
008231219074647013020562
009231219074648012080467
003231219074649012030387
001231219074650012050308
006231219074650013010009
008231219074650013020745
008231219074655012110494
004231219074658014030077
001231219074659019020340
008231219074700013020723
001231219074700012040438
002231219074703019050239
002231219074707019050164
004231219074708015030465
004231219074710012170265
004231219074716013030622
006231219074716011000408
001231219074716016000168
001231219074717016000168
009231219074720014020636
004231219074720012170144
003231219074720012010375
009231219074722012120484
002231219074722015030431
006231219074722011000408
008231219074723013020873
003231219074723012020348
004231219074724012130341
009231219074728012090372
004231219074729013030516
006231219074729011000408
002231219074730019050246
001231219074731013010755
006231219074732011000408
002231219074734014030239
004231219074735013030545
001231219074735016000166
008231219074735012100323
009231219074736012100434
009231219074738012100434
006231219074740011000445
003231219074742012050313
004231219074743012140167
001231219074743013010700
008231219074744012110474
003231219074744013010199
004231219074749015030343
001231219074751012060405
006231219074752011000683
008231219074752015020679
004231219074753012150283
008231219074755012090248
003231219074757013010601
004231219074758012170178
006231219074758019100066
003231219074800012030276
006231219074802011000687
008231219074802013020858
003231219074803012010426
009231219074804014020588
006231219074805015090608
001231219074805012040403
004231219074805015030443
002231219074805019040001
003231219074807012060384
006231219074808015090608
008231219074808012080284
004231219074810013030379
003231219074810012040478
001231219074810012060372
009231219074810013020831
004231219074812013030629
006231219074815014030174
003231219074815012020402
009231219074815012100432
004231219074815012180251
004231219074818012140457
009231219074818012100416
009231219074819012100416
008231219074820015020671
006231219074820011000639
009231219074821012070444
008231219074822013020793
009231219074824013020859
008231219074825015020657
004231219074826012140466
003231219074828012020388
008231219074829012090335
004231219074831015030455
008231219074832012090344
002231219074832019050128
008231219074835014020523
001231219074835015010788
002231219074836014030404
002231219074836019100070
008231219074837012100411
008231219074841012110297
004231219074841012170279
009231219074841012110454
006231219074841011000717
009231219074843014020025
004231219074844012170218
008231219074844013020844
006231219074846011000737
008231219074846012070360
009231219074847012110143
001231219074848012020324
008231219074848012070414
002231219074851019060113
008231219074851012100312
009231219074851014020525
008231219074854012100436
002231219074856013030592
009231219074858012100006
002231219074858012150278
008231219074858013020606
004231219074904013030498
008231219074906012090405
004231219074906012150270
002231219074907019050225
006231219074907011000651
008231219074909012090405
009231219074910014020635
002231219074912019020383
006231219074913011000573
004231219074913013030356
008231219074916012080135
006231219074916011000258
003231219074917012040473
002231219074917019020353
004231219074917012180284
008231219074918012120500
002231219074919012170305
001231219074920015010787
006231219074921013020240
003231219074921012050364
002231219074924019040024
009231219074924012070421
003231219074925013010606
004231219074926012150318
001231219074926013010797
001231219074928018010054
009231219074928012070308
002231219074929015030434
006231219074930012010292
009231219074930012070148
008231219074931012070429
009231219074932015020647
001231219074933012040346
003231219074934012040192
002231219074934019020399
008231219074934012110484
006231219074935013030003
002231219074938019050230
006231219074939011000594
001231219074940012010419
003231219074941015010798
004231219074942012180158
002231219074942019050091
001231219074943015010758
008231219074943012100134
008231219074945015020531
002231219074947012170309
002231219074947019100068
006231219074947011000681
001231219074947014010563
009231219074949015020676
006231219074951011000729
008231219074952013020823
002231219074953019010116
003231219074954019110043
006231219074956011000120
002231219074956019020124
003231219074956012040476
008231219074957012100284
001231219075000012050344
006231219075000011000710
002231219075000019100061
003231219075002012030036
001231219075003012050213
004231219075003012140434
002231219075003012130327
006231219075005011000736
002231219075006013030518
002231219075008012130343
004231219075009012160271
002231219075010019010136
004231219075012012150196
003231219075013013010794
006231219075013012040209
001231219075014014010201
009231219075015014020532
004231219075015012140462
003231219075016013010624
002231219075017019020335
009231219075017012100400
009231219075020013020832
006231219075020011000738
004231219075022015030368
009231219075022015020604
003231219075023012040452
006231219075023012040300
002231219075023019020103
001231219075024014010316
009231219075024012080431
004231219075025012160224
008231219075025013020542
003231219075026012020121
006231219075027011000643
004231219075028012170257
008231219075028012110455
001231219075029019110051
004231219075030012130290
002231219075030019100044
003231219075031012050365
008231219075031012110427
006231219075031011000086
008231219075033013020836
002231219075034012140379
004231219075034012140149
001231219075034012020385
001231219075037012040461
004231219075037012160313
003231219075038013010651
002231219075038012130333
006231219075039015090621
004231219075040013030571
009231219075040012100257
002231219075040012180157
003231219075041012040462
004231219075041012180272
001231219075042015010669
002231219075042012130250
003231219075042013010426
006231219075044015090618
003231219075045013010772
004231219075046013030634
009231219075046012110377
009231219075047012110377
008231219075048012080452
006231219075048013010321
003231219075048013010770
002231219075051019050195
008231219075052013020766
009231219075053015010696
002231219075055019110014
008231219075055015020545
006231219075056011000525
001231219075056012020285
004231219075056015030371
009231219075057013020692
001231219075058014010011
008231219075059012110404
004231219075059012140463
003231219075059013010732
002231219075100019070014
001231219075101018010072
004231219075102015030246
003231219075102013010575
008231219075103013020761
004231219075103013030349
003231219075104013010695
006231219075106012020340
004231219075106014030334
008231219075107012110400
009231219075107013020868
003231219075107013010785
009231219075109013020868
003231219075109013010759
004231219075109012130280
002231219075110019050217
008231219075110012090330
001231219075110013010176
003231219075111012030355
004231219075112013030641
006231219075112011000595
003231219075113012030399
001231219075113012040425
006231219075115013030188
001231219075115019030038
002231219075115019020394
004231219075115012150312
003231219075116013010541
001231219075117014010570
004231219075117012140435
008231219075117014020486
006231219075118012080131
001231219075119012010340
003231219075120012010387
003231219075122012040459
006231219075124013010270
003231219075124012050315
008231219075124012120473
001231219075125012050343
002231219075125019020186
003231219075126012010420
008231219075128012100322
003231219075128013010560
009231219075128015020688
002231219075131019020180
006231219075131011000730
003231219075134012060229
009231219075134014020554
002231219075136012130288
009231219075136012070407
006231219075136011000078
006231219075138011000595
001231219075138013010006
001231219075139018010066
002231219075139012170277
003231219075139012060421
004231219075140012150310
002231219075140019110005
001231219075140014010250
001231219075141014010033
009231219075142015020675
002231219075142012160253
003231219075143013010758
002231219075143019060119
006231219075143015090580
008231219075144012120377
009231219075145013020797
004231219075145012130059
006231219075147011000601
008231219075148012120242
004231219075148013030644
009231219075148015020681
002231219075149019010135
006231219075149011000686
004231219075150013030448
009231219075151012110412
001231219075151014010597
009231219075153012070417
002231219075153019050205
004231219075153012150255
004231219075154013030482
009231219075156019020387
008231219075157012080424
001231219075158015010797
004231219075158012160280
006231219075159011000343
009231219075200013020841
008231219075201012110446
001231219075201012020366
002231219075202019100063
003231219075202013010727
001231219075203012010376
003231219075204012050345
004231219075204014030325
002231219075204019020397
008231219075204012080220
002231219075205015030426
009231219075206015020639
001231219075206012050358
008231219075207012090417
009231219075208012120487
002231219075208019050228
001231219075208015010753
003231219075209012040469
006231219075209011000740
009231219075210012120490
008231219075210013020755
006231219075211011000276
002231219075212013030638
008231219075212013020758
003231219075213012030405
009231219075213013020808
004231219075214012180185
003231219075215013010781
002231219075215019020260
001231219075215015030454
001231219075216015030454
009231219075216012090351
008231219075216012120412
003231219075218013010347
009231219075219012070448
006231219075219012160114
008231219075219012090256
001231219075220015010693
008231219075221012110443
004231219075221013030187
002231219075222012150305
006231219075222011000517
003231219075223013010788
008231219075223014020594
004231219075223014030305
009231219075223012110488
001231219075223012040444
008231219075226014020622
001231219075226015010793
003231219075226012030304
006231219075226014030087
004231219075226012160163
009231219075226012080462
002231219075228014030418
004231219075229012170195
001231219075229012040433
006231219075230012160085
009231219075230012090423
008231219075231012080466
006231219075234011000041
001231219075234015010785
008231219075234012090300
003231219075234012040477
004231219075235012060309
002231219075235015030466
003231219075236013010799
001231219075237013010762
002231219075237014030426
006231219075238011000568
004231219075238013030646
009231219075238013020460
001231219075239015010632
009231219075239013020460
003231219075239012020344
008231219075239013020878
002231219075240019110050
004231219075241013030606
001231219075241012030350
006231219075242012020137
009231219075242015020618
008231219075242012090383
001231219075243012020228
006231219075244011000724
003231219075245012040376
004231219075245012140422
008231219075245012090424
001231219075246015010796
006231219075247012110164
003231219075248012040337
009231219075248013020188
008231219075248015020502
004231219075248012160285
004231219075249012170146
002231219075249012160088
003231219075250012020368
006231219075250016010086
009231219075251013020017
004231219075253013030366
003231219075253015010751
008231219075253014020443
006231219075253011000670
009231219075254015020640
001231219075254012040458
004231219075256012130214
008231219075256012120434
001231219075256012050360
009231219075257013020818
008231219075258012070428
004231219075259014030478
002231219075300019020149
002231219075300014030290
003231219075300013010550
008231219075301015020677
009231219075301014020538
004231219075301015030389
002231219075302019050243
009231219075303012100347
004231219075304013030339
001231219075304012080448
006231219075304013030084
008231219075304014020632
003231219075304012050357
001231219075305018010070
002231219075306014030366
008231219075306015020658
003231219075307013010735
001231219075307014010571
002231219075307019110002
004231219075307012150203
008231219075309014020404
006231219075309011000203
002231219075309012130263
004231219075309014030425
001231219075310012050285
004231219075311013030398
002231219075312019020323
006231219075312011000677
003231219075312012020008
008231219075313012080425
009231219075314014020634
003231219075314012030266
004231219075314012180314
002231219075314012150203
006231219075315011000498
001231219075315012060005
003231219075316013010787
004231219075317015030445
002231219075317019020127
001231219075318012030404
006231219075319011000262
002231219075319019020393
003231219075319013010577
008231219075320014020611
003231219075321012040382
004231219075321014030471
001231219075322014010580
006231219075323014030056
004231219075323013030551
003231219075323012040353
009231219075324015020013
001231219075324012070449
002231219075324019020079
003231219075325013010776
001231219075326014010558
006231219075327013020068
009231219075327013020586
003231219075327012060374
002231219075328019040016
001231219075328013020226
001231219075328014010526
004231219075328015030356
004231219075330012150307
008231219075330015020646
009231219075330019020404
003231219075330013010646
002231219075332019100013
002231219075333012170308
008231219075333013020753
001231219075334015100560
003231219075334012030403
001231219075334014010157
004231219075334013030348
006231219075335013020428
008231219075336013020706
001231219075337015010692
003231219075337012050310
004231219075337015030395
001231219075338012020352
006231219075338011000598
002231219075339019100008
004231219075339012150287
003231219075340013010520
001231219075340013010549
009231219075340012070441
006231219075341011000678
001231219075342013010712
004231219075342012170253
003231219075343014010607
004231219075344013030508
008231219075344013020769
001231219075345012040354
006231219075345011000666
009231219075346014020007
003231219075346012030261
004231219075347013030504
008231219075347012090394
001231219075347012020383
001231219075348012060407
003231219075348012020288
001231219075348018010067
004231219075349012130319
002231219075350012180271
009231219075351014020435
003231219075351015010687
001231219075351015010473
004231219075351012140388
003231219075352013010413
008231219075352013020874
009231219075353013020833
002231219075353014030482
002231219075355012150263
001231219075355012060397
003231219075355013010529
008231219075355013020812
009231219075355012120476
004231219075356012130075
008231219075357012090302
003231219075357012040465
009231219075358012070331
002231219075358019050247
001231219075359014010493
006231219075359011000682
003231219075400014010003
001231219075400015030106
008231219075400013020644
009231219075401012120479
002231219075401012140462
002231219075401019050247
003231219075402012060166
001231219075402014010502
004231219075403012150303
008231219075403013020411
009231219075404014020593
001231219075404012060095
009231219075405014020593
004231219075405012170290
008231219075405013020877
002231219075406012160291
001231219075406015010781
003231219075406012040445
001231219075407014010600
009231219075407012100424
008231219075408014020598
003231219075408012040453
004231219075409012180307
006231219075409015090568
009231219075409012110424
002231219075409019060097
001231219075410012050217
008231219075410014020540
003231219075411012020381
004231219075411015030437
009231219075411013020866
001231219075412018010059
009231219075413014020351
002231219075413012140442
008231219075413012070244
006231219075413012180106
001231219075414018010059
004231219075414012140446
002231219075415019100028
001231219075415012050309
002231219075415012150309
003231219075416012060427
008231219075416015020686
009231219075416015020652
004231219075417013030607
009231219075417012070236
006231219075418011000741
001231219075419013010446
008231219075419012110491
002231219075419013030484
001231219075420013030157
003231219075420012050351
009231219075420012110178
004231219075421014030267
009231219075422012110481
006231219075422011000440
004231219075423012140452
008231219075423015020386
001231219075423013010059
009231219075424012100451
001231219075425013020180
008231219075425015020655
001231219075426013020180
001231219075426012020345
004231219075426013030636
008231219075427012110410
006231219075427011000728
009231219075427012120395
001231219075428012040355
004231219075428012180266
003231219075429012060410
008231219075430012100318
009231219075430015020535
004231219075430012150073
003231219075431014010208
006231219075431011000727
002231219075432015030337
008231219075433012080457
001231219075433012010341
006231219075434011000586
003231219075435015010792
002231219075436012160259
008231219075436012110487
004231219075436012170194
003231219075437014010605
009231219075437014020618
002231219075439012140389
003231219075439013010806
006231219075439013010015
008231219075439012090333
004231219075439013030458
004231219075440012170019
002231219075441012140445
003231219075442013010724
001231219075442015010682
008231219075442012120482
004231219075443012140086
006231219075443013030199
009231219075444015020667
008231219075444013020780
003231219075444013010710
002231219075444014030424
001231219075444016000154
004231219075445014030423
001231219075446013010021
006231219075446011000706
003231219075446013010726
009231219075447012090379
004231219075447014030490
001231219075447016000154
008231219075447012110351
002231219075447015030410
003231219075449012050195
009231219075449012080453
008231219075449012090411
006231219075449015090628
004231219075450012130264
009231219075451019050244
004231219075451014030440
001231219075452015100557
006231219075452011000715
003231219075454015010668
009231219075454014020592
001231219075454014010103
008231219075455012090401
009231219075455014020633
006231219075455011000283
004231219075455013030550
001231219075456013010213
003231219075457015010716
006231219075457012170077
008231219075458014020606
002231219075458015030458
009231219075458012070427
001231219075459012030397
006231219075459012020037
008231219075500012080380
003231219075500015010683
009231219075500014020493
004231219075500013030456
001231219075502019020282
002231219075502019110048
001231219075502014010440
008231219075503013020795
006231219075503012050057
002231219075503016000144
001231219075504012060416
003231219075504014010432
008231219075505014020417
001231219075506013030071
003231219075506012010425
001231219075506012050224
006231219075506011000663
002231219075507019050237
001231219075508016000062
004231219075508012170193
008231219075508012070368
003231219075509013010190
001231219075509014010357
002231219075509013030642
006231219075510011000566
001231219075510012040468
008231219075511012110340
009231219075511014020394
002231219075512014030448
001231219075512012060383
003231219075512013010693
003231219075513015010721
001231219075513015010129
002231219075514019040028
002231219075514013030631
008231219075514014020581
006231219075515012080163
001231219075515014010599
008231219075516012110378
003231219075516012030342
009231219075516012080123
001231219075517013010804
002231219075517012130339
003231219075518012050225
002231219075518019040036
006231219075518012050129
008231219075518014020331
006231219075520013020154
004231219075520015030451
002231219075520014030444
003231219075520013010625
008231219075521012080419
009231219075521012100441
003231219075523012030401
006231219075523013020397
002231219075524019020377
008231219075524015020580
004231219075524012150260
001231219075525013010604
006231219075526011000732
002231219075527012150314
008231219075527012100394
006231219075529011000674
009231219075529012120354
004231219075529012140456
002231219075530012140148
003231219075530012050123
008231219075530012100334
002231219075531014030375
003231219075531012060379
002231219075531019050245
009231219075531013020610
001231219075531016000167
006231219075532011000627
001231219075532014010510
008231219075532012080413
001231219075533014010617
002231219075533015030461
006231219075533012010028
004231219075534012140461
009231219075534014020043
003231219075534012010011
001231219075534014010578
008231219075534015020469
002231219075535019050152
001231219075536012010408
003231219075536012060434
002231219075536014030475
002231219075537019050183
006231219075537011000594
008231219075537013020767
009231219075537014020231
003231219075538012040454
002231219075538015030187
009231219075539012120414
001231219075539013010035
006231219075539011000231
003231219075540013010808
008231219075540012120461
004231219075541012150304
002231219075542019020263
009231219075542012080078
001231219075542012010348
006231219075542012110223
003231219075542012050194
008231219075543012100364
002231219075543012140475
001231219075543013010798
004231219075544012150319
003231219075544012050366
002231219075545019020326
006231219075545011000581
001231219075545012030381
009231219075545012080430
004231219075546012130322
008231219075546012080345
009231219075546014020571
003231219075547012010414
008231219075547012080345
004231219075547013030573
001231219075548014010424
009231219075548013020867
001231219075548016000139
008231219075548012120368
006231219075548011000564
002231219075549019020326
003231219075549015010791
002231219075549015030469
001231219075549016000139
001231219075550012060360
004231219075550013030460
009231219075551012090341
006231219075551019100008
008231219075551013020468
003231219075551012060432
004231219075552012140471
001231219075552016000157
001231219075553014010615
003231219075553012060414
009231219075553014020608
008231219075554012100223
004231219075555012140464
001231219075556012010277
001231219075556015100543
003231219075556013010780
009231219075556013020882
004231219075556012130210
002231219075557019100002
008231219075557012070443
003231219075558012040443
001231219075558015010596
009231219075559014020567
004231219075559012150098
006231219075559013010392
002231219075600019050223
008231219075600014020627
004231219075601012130285
009231219075601012100443
001231219075601012010389
003231219075601012010422
008231219075602012120444
006231219075603012130091
003231219075603012010393
001231219075603012010421
003231219075604012050303
008231219075604014020589
002231219075604019050223
009231219075604014020524
002231219075604012160230
004231219075604012130336
004231219075605012140426
006231219075605011000410
009231219075606012120491
008231219075606014020630
002231219075606019020372
003231219075607015010678
006231219075608013010294
004231219075608012180277
009231219075609013020819
003231219075609012030366
008231219075609015020685
002231219075610019110037
002231219075610014030289
003231219075610013010777
009231219075611016000147
001231219075611018010065
006231219075611011000720
004231219075611013030496
008231219075612012110367
004231219075612013030372
009231219075613012120143
002231219075613019110037
003231219075613012050266
001231219075613012020111
003231219075614012040423
008231219075614012070382
006231219075614012140043
002231219075615014030453
009231219075615014020542
008231219075616012100405
001231219075616014010537
006231219075617015090620
003231219075617012040222
002231219075617019110046
006231219075618012130120
001231219075618012010162
009231219075618012080383
004231219075618013030576
002231219075619013030587
008231219075619014020597
002231219075620019050112
009231219075620013020810
003231219075620014010436
001231219075620012030372
008231219075621014020511
006231219075622013030240
002231219075622012160215
003231219075623015010769
009231219075623013020504
001231219075624015010784
008231219075625012080459
006231219075625013020274
003231219075625014010603
009231219075625015020669
004231219075626012140470
001231219075626015010017
008231219075628012110421
009231219075628014020631
001231219075628012010237
003231219075628014010452
006231219075629015090611
008231219075629013020701
003231219075631012040414
009231219075631013020778
002231219075631012180154
001231219075631014010613
008231219075631012110495
003231219075632012020086
006231219075632013020412
001231219075633015010763
008231219075634014020623
006231219075634011000700
001231219075634013010011
004231219075634012140472
002231219075634019040015
002231219075634012130316
009231219075634013020883
003231219075634012040373
009231219075635012110483
001231219075636014010575
003231219075636013010653
006231219075636013020326
008231219075636013020825
002231219075636019010132
009231219075637013020599
004231219075638014030438
001231219075638012060349
003231219075638015010550
009231219075639012120350
006231219075639011000690
002231219075639012160306
002231219075639019020221
008231219075640012100446
002231219075641012160300
009231219075641012090343
003231219075641012010329
004231219075641014030336
009231219075642012110397
001231219075642012060353
002231219075643019060001
006231219075643011000277
004231219075643012140444
001231219075643015030112
003231219075644012030400
008231219075644014020626
009231219075645014020528
006231219075645011000574
001231219075646012040410
008231219075646014020562
003231219075646012050363
004231219075646013030479
009231219075647014020088
006231219075648011000726
002231219075648013030648
009231219075649013020820
003231219075649012040437
008231219075649012070264
001231219075649015010790
004231219075649012130205
008231219075650012070264
002231219075650015030244
006231219075650012110087
004231219075650012170127
009231219075651012100252
001231219075651015010800
002231219075652012140468
003231219075652012050204
002231219075652019020065
004231219075652012170056
008231219075653013020748
006231219075653015090632
002231219075654019020346
009231219075654012090041
004231219075654013030469
003231219075654012060359
008231219075655012100047
009231219075655013020837
001231219075655018010061
003231219075656012050009
002231219075656019040032
006231219075656011000388
002231219075656012160279
004231219075657012170219
008231219075657012110461
009231219075657012120481
003231219075658013010598
002231219075658015030388
006231219075658012130223
002231219075659019020273
001231219075659012030344
002231219075659014030031
009231219075659015020678
004231219075700012160287
009231219075700012080464
008231219075700012090396
001231219075701012010247
003231219075701012050311
006231219075701011000026
002231219075701019050171
004231219075702014030459
002231219075702014030388
006231219075702015090616
003231219075703012020400
009231219075703013020862
004231219075704012150271
009231219075705014020512
003231219075705012060221
008231219075705015020568
006231219075705011000725
002231219075705013030649
008231219075706013020685
009231219075706014020512
002231219075706019050242
001231219075706018010069
002231219075706014030480
004231219075707014030430
001231219075707019020373
003231219075707012030256
009231219075707015020022
002231219075707019050242
006231219075707011000739
004231219075708012180278
009231219075708015020022
002231219075708019050242
001231219075708012030095
008231219075709012090350
009231219075709012080297
003231219075709012030327
006231219075709011000731
004231219075710012160231
002231219075710015030262
001231219075711013010023
009231219075711012080297
003231219075711013010682
006231219075712011000694
008231219075712012100201
001231219075713013010641
004231219075713012150198
003231219075713013010739
002231219075713015030279
004231219075714015030467
009231219075714012120494
003231219075715014010338
008231219075715014020607
006231219075715011000718
001231219075715015010802
004231219075716012160301
002231219075716012130326
008231219075717014020574
001231219075717015020500
003231219075717012020403
009231219075717014020424
006231219075717012090150
002231219075718019100072
001231219075718012020382
004231219075718013030104
002231219075718012130338
003231219075719015010794
009231219075719012090406
008231219075719012080364
004231219075720013030412
006231219075720011000691
002231219075720012180275
001231219075721012040417
006231219075721012020002
008231219075722014020563
009231219075722012120488
002231219075722012170271
003231219075722012010293
002231219075722019020212
006231219075723011000704
004231219075723012180220
001231219075723013010805
002231219075724014030488
008231219075724014020180
001231219075724013010331
003231219075725013010807
009231219075725012080427
001231219075725013010743
002231219075726019060124
004231219075726014030390
003231219075726013010542
006231219075726015090617
006231219075727014010053
009231219075727013020884
008231219075727013020738
001231219075727014010460
004231219075727013030603
002231219075727013030618
001231219075727014010494
002231219075728012170293
009231219075729014020398
006231219075729011000388
003231219075729013010460
004231219075729013030354
001231219075729012020311
003231219075730012050350
008231219075730015020591
002231219075731014030279
009231219075731012080267
004231219075731012140088
001231219075731014010592
002231219075731019020307
003231219075732012060356
006231219075732011000001
009231219075733015020630
001231219075733014010614
008231219075733012100218
004231219075733013030066
002231219075733012180308
003231219075733012020404
001231219075734014010411
006231219075734013020581
003231219075735013010730
001231219075735012050238
009231219075735012120415
002231219075736019020379
002231219075736012130329
004231219075736013030119
008231219075736012120433
002231219075737012160292
003231219075737013010803
009231219075737012080266
006231219075738011000640
002231219075738015030477
001231219075738012030376
004231219075738013030325
009231219075739012120393
001231219075739014010457
008231219075739013020749
002231219075740012130116
009231219075740012110489
004231219075740012160256
003231219075740012030390
008231219075740012080225
001231219075741012050367
006231219075741019100067
009231219075741012110489
002231219075741019030032
003231219075742012020390
001231219075743015010807
002231219075743012150315
009231219075743012100224
004231219075743012150171
006231219075744019100067
009231219075744015020643
002231219075744019010119
001231219075744012040450
003231219075745013010259
002231219075745014030450
008231219075745012120256
004231219075746012150241
002231219075746019010008
008231219075746012120256
002231219075746014030387
001231219075746012030365
006231219075747011000735
004231219075747013030633
003231219075747012030377
009231219075747013020822
001231219075747016000088
002231219075748019010008
002231219075748013030563
001231219075748012040411
008231219075748013020838
004231219075749012150293
003231219075749013010662
006231219075749011000398
002231219075749019110040
008231219075749012120431
009231219075750013020860
001231219075750014010569
001231219075751012010415
001231219075751016000003
009231219075751014020545
004231219075752013030577
008231219075752013020409
003231219075752012030230
002231219075752019100018
006231219075752011000388
001231219075753016000003
009231219075753012120454
003231219075754014010539
006231219075754015020199
008231219075754012100431
009231219075755012110406
003231219075755012020286
004231219075755013030346
002231219075755014030100
001231219075755016000025
001231219075755012030242
009231219075756012110406
003231219075757012040467
004231219075757013030538
001231219075757016000025
006231219075758012160012
009231219075758012090414
002231219075758019020389
008231219075758012080456
001231219075759012030363
003231219075759012020269
001231219075800018010048
004231219075800013030530
003231219075800012010173
002231219075800014030476
001231219075801012020325
009231219075801015020577
008231219075801012090220
006231219075801011000719
003231219075802013010522
002231219075802019100065
004231219075802013030591
008231219075803012080350
009231219075803012110375
004231219075803013030441
001231219075803013010734
001231219075804018010047
006231219075804011000422
002231219075804014030356
002231219075804019100052
001231219075805015010752
008231219075805015020680
003231219075805015010690
009231219075805012100419
009231219075806012070197
002231219075806012140235
001231219075807019030050
004231219075807012180258
006231219075808011000065
002231219075808012170264
002231219075808019050196
009231219075808012110485
003231219075808013010714
001231219075809015010731
008231219075810014020625
002231219075810019060122
003231219075810012040397
006231219075811011000632
003231219075811012060378
001231219075811018010071
002231219075811012150226
002231219075812019020379
001231219075812013010454
006231219075812012020013
008231219075812013020843
004231219075812013030609
003231219075813015010615
009231219075814014020546
002231219075815019010111
003231219075815013010567
008231219075815013020826
006231219075815013030176
001231219075815018010008
004231219075816012170217
006231219075817011000534
004231219075817015030438
003231219075817012030386
008231219075818012070384
003231219075819012080007
002231219075819019050126
009231219075819012110477
008231219075820012100329
004231219075820014030437
001231219075820016000164
006231219075821012020010
004231219075821013030425
002231219075821015030459
003231219075821012040442
001231219075822016000164
002231219075822019010031
004231219075822012150294
009231219075822015020410
003231219075823012010337
006231219075823012010201
002231219075823015030478
008231219075823012100380
001231219075823016000164
001231219075824016000164
008231219075824013020781
003231219075825013010793
001231219075825015100559
002231219075825019030022
004231219075825013030562
001231219075825015010766
001231219075826014010536
002231219075826013030263
004231219075827014030299
008231219075827012100358
001231219075828014010492
008231219075828012090279
002231219075828019020230
002231219075828012160307
003231219075828012010424
003231219075829012010372
009231219075830012070193
004231219075830014030368
001231219075830012030300
003231219075830013010740
006231219075831014020055
002231219075831012140405
008231219075831013020702
002231219075831019040034
004231219075831013030264
002231219075832014030250
001231219075832012040367
003231219075832013010151
009231219075833013020689
004231219075833012170228
008231219075834012070440
002231219075834012140453
006231219075834011000723
001231219075834014010538
008231219075835012120301
004231219075835012170231
003231219075835013010733
009231219075836012110354
006231219075837011000648
002231219075837019070038
002231219075837013030639
004231219075837012140429
003231219075837013010284
008231219075837012120475
001231219075838016000008
001231219075838014010068
003231219075839013010473
008231219075839012070438
009231219075839012070442
002231219075839012130276
004231219075839012160236
009231219075840012100381
001231219075840016000169
008231219075841012110467
002231219075841015030470
006231219075841012060015
001231219075842014010612
003231219075842014010241
004231219075842012150069
009231219075843012120493
001231219075844014010608
002231219075844012180253
001231219075844019030046
009231219075844015020478
008231219075844012090339
006231219075845011000263
001231219075845012030368
004231219075845012130295
002231219075845019050170
003231219075845012030352
008231219075846012090408
009231219075846012070415
006231219075847011000656
001231219075847019030046
002231219075848014030449
001231219075848013020881
003231219075848012030338
004231219075848013030440
008231219075849013020572
004231219075849012140421
001231219075849012060422
009231219075849014020411
003231219075849015010717
001231219075849016000101
006231219075850012170053
002231219075851019010127
009231219075851014020578
008231219075851012100398
001231219075852014010581
001231219075852016000101
003231219075852012020391
004231219075852013030535
002231219075852013030596
003231219075853012020389
004231219075853013030608
008231219075853012070426
001231219075853012050279
008231219075855013020783
001231219075855015010789
006231219075855012150195
002231219075855014030467
004231219075855012180312
003231219075856012010010
001231219075856013010688
004231219075857012150128
006231219075857011000555
009231219075857015020641
008231219075859013020515
003231219075859012040273
001231219075859014010596
002231219075900012170295
003231219075900012030303
004231219075900012160272
009231219075900012080358
002231219075901019040021
004231219075901013030075
002231219075902014030458
001231219075902019010128
006231219075902012020162
001231219075902012020322
003231219075903013010795
009231219075903015020623
008231219075903013020660
008231219075904012080394
002231219075905012150201
006231219075905015090629
001231219075905015010804
004231219075906012140465
008231219075906012080394
002231219075906015030442
009231219075906015020659
003231219075906012020398
002231219075906019040012
001231219075907012040446
006231219075907015090631
008231219075907013020574
009231219075908015020660
003231219075908013010631
003231219075909013010515
001231219075909012040405
004231219075909012150286
006231219075910011000636
008231219075910013020721
002231219075911012180305
003231219075911013010737
001231219075911012010377
004231219075911013030523
002231219075911019020382
004231219075912012130298
008231219075912012110442
001231219075913012040464
002231219075913019050213
009231219075913014020619
003231219075914015010783
006231219075914012080114
001231219075914012030385
002231219075915014030381
004231219075915012160243
009231219075915012100403
008231219075915012110353
002231219075916019050029
001231219075916015100556
001231219075916013010751
009231219075916012090416
004231219075917013030075
008231219075917012110414
001231219075918012040131
006231219075918019100071
004231219075919014030470
002231219075919019100032
008231219075919012080428
009231219075920014020426
002231219075920015030247
004231219075921013030382
006231219075921012020274
003231219075921012100442
008231219075922012090272
002231219075922019060102
009231219075923012110438
002231219075923019060102
002231219075923015030475
006231219075923012130286
001231219075924016000163
009231219075924012110438
004231219075924012130242
004231219075925014030021
003231219075925013010650
008231219075925013020674
009231219075926013020198
006231219075926014030096
001231219075926016000163
002231219075926012130270
002231219075926019050224
003231219075928015010610
006231219075928012060312
002231219075928013030584
004231219075928012140469
001231219075928016000163
008231219075928013020876
002231219075929012140460
009231219075929014020586
006231219075929012110004
004231219075930015030306
001231219075931016000112
003231219075931012030317
002231219075931012150273
008231219075931012070431
009231219075931014020565
008231219075932012120499
001231219075932016000064
009231219075932015020674
004231219075932012170286
001231219075933012010005
006231219075933011000635
004231219075934015030457
009231219075934012070447
002231219075934012140449
002231219075934019030025
008231219075934012120499
008231219075935012100307
001231219075936016000126
001231219075936012010014
006231219075936011000388
004231219075937012160289
001231219075937014010555
008231219075937012100430
002231219075937014030365
009231219075937014020615
001231219075937016000126
002231219075938019020007
006231219075938012120196
009231219075938012110486
001231219075939016000126
002231219075939012170303
004231219075940014030393
002231219075940019060084
009231219075940014020416
008231219075940012090345
006231219075941011000388
001231219075941012080458
009231219075942015020638
003231219075942012020300
004231219075943012130271
002231219075943019020286
006231219075943012130102
001231219075944012040338
002231219075944012130302
004231219075944012170304
008231219075944012070410
009231219075945015020654
006231219075946014030109
008231219075946012090400
009231219075946012120486
004231219075946013030024
003231219075946013010774
006231219075947012060241
004231219075947013030619
001231219075947012060259
002231219075948012130337
003231219075948012050183
001231219075948012060415
009231219075949013020282
008231219075949012120399
002231219075949019050241
001231219075950012040426
002231219075950012130330
006231219075950011000733
009231219075951014020617
003231219075951012030353
001231219075951012050179
008231219075951012100350
006231219075952011000600
002231219075952019040020
004231219075952012180212
002231219075953012170280
006231219075953011000668
001231219075953012030356
009231219075953015020664
004231219075953012160190
003231219075954012060388
004231219075954012160296
008231219075954012080373
006231219075955012050222
002231219075955012170298
008231219075955012100418
002231219075956019050148
009231219075956014020413
001231219075956014010377
009231219075957012080017
008231219075957012070376
003231219075957014020020
001231219075958014010522
008231219075958012070376
002231219075958012160228
003231219075959012040406
006231219075959012010405
002231219080000014030484
006231219080001012090035
004231219080001012140337
009231219080001013020857
002231219080001019050209
001231219080001014010200
002231219080001014030072
002231219080002015030402
003231219080002012050354
006231219080003015020563
004231219080003012160149
008231219080003013020835
002231219080004019050240
002231219080004015030362
001231219080004012010361
009231219080004012100169
003231219080004012030194
006231219080004011000662
002231219080005014030485
008231219080005012100428
009231219080006012090348
001231219080006012040420
002231219080007019020398
003231219080007013010765
006231219080007012050085
008231219080007012070366
009231219080008015020451
002231219080008014030486
004231219080008012170054
001231219080008014010267
003231219080008012020399
009231219080009012070286
008231219080009012110416
008231219080010012110416
002231219080011014030022
008231219080012013020747
003231219080012012050341
004231219080012012180206
009231219080012012090377
002231219080013013030485
004231219080014014030160
003231219080014013010244
006231219080014015020461
002231219080015015030362
001231219080015015010795
009231219080015012090380
002231219080015012130303
003231219080016013010767
001231219080016014010609
004231219080016012170297
008231219080017013020536
009231219080017014020553
004231219080017014030331
003231219080018012030396
002231219080018014030487
004231219080018012180292
006231219080019011000169
001231219080019014010587
008231219080019013020811
009231219080020015020598
004231219080020012180249
002231219080021014030427
004231219080022012160298
008231219080022014020502
004231219080023014030454
009231219080023014020603
006231219080023013010358
002231219080023014030466
003231219080023013010791
009231219080024015020057
004231219080025014030150
008231219080025012080454
009231219080026014020620
006231219080026014010295
009231219080027013020848
002231219080027019040030
008231219080027012120402
002231219080028012180261
004231219080028012130344
002231219080028019040030
001231219080028013010716
006231219080028015020540
008231219080029012100327
004231219080029013030558
002231219080029012150250
004231219080030014030398
009231219080030012070439
001231219080030012010385
002231219080031013030510
008231219080032014020414
009231219080032012090291
004231219080032012150297
001231219080032015010774
002231219080033019020327
003231219080033014010604
006231219080034011000439
002231219080034012140428
001231219080034012060368
004231219080034012130049
009231219080035015020624
002231219080035019040006
008231219080035013020726
008231219080036012110458
001231219080036014010610
004231219080037012160087
001231219080037014010309
009231219080037012090309
002231219080037014030416
006231219080037012120124
008231219080038013020813
002231219080038012160302
001231219080039014010535
002231219080040014030369
004231219080040012150295
001231219080040016000161
006231219080040011000490
009231219080040014020628
008231219080041012070445
001231219080041012060431
004231219080041012180144
002231219080042019050214
002231219080042015030383
009231219080042012120477
002231219080043014030465
001231219080043014010564
004231219080043015030441
008231219080044012120425
002231219080044019020301
001231219080044018010068
008231219080045012100445
009231219080045014020582
004231219080045012170073
008231219080046012100445
002231219080046012180297
002231219080047019050212
004231219080047012130314
001231219080047014010066
002231219080047012180310
003231219080047013010004
003231219080048013010763
009231219080049012090368
002231219080049015030386
004231219080049012130345
008231219080049012110382
006231219080050013010296
003231219080050015010780
008231219080050012110382
004231219080051012140408
001231219080051014010594
008231219080052014020036
004231219080052012140154
001231219080052015010808
009231219080052012100449
002231219080052013030308
004231219080053013030614
003231219080053014010525
002231219080053012140409
006231219080054012080127
003231219080054012030351
009231219080055012090407
008231219080055012100280
006231219080056012060389
002231219080056014030447
004231219080056013030162
003231219080056012010401
002231219080057013030465
008231219080058014020504
004231219080059012160311
008231219080059012070392
009231219080100013020640
002231219080100019110013
004231219080101012170209
002231219080101016000123
001231219080102013010761
008231219080102012090357
003231219080102012020392
002231219080103012170266
009231219080104012110479
008231219080104012120483
004231219080105013030605
002231219080105019020392
002231219080106014030456
004231219080108012150290
001231219080108012050348
004231219080110012180263
001231219080110012030010
001231219080112015010407
003231219080112012030328
004231219080112013030548
002231219080113013030627
006231219080113014020288
002231219080114013030541
008231219080114012100425
003231219080114014010524
004231219080114012130334
002231219080116013030630
004231219080116012130014
001231219080117012010423
008231219080117012110480
004231219080117012130284
009231219080117012120448
003231219080117014010444
002231219080118013030623
009231219080119013020425
002231219080120019010109
002231219080120015030468
008231219080120012110464
004231219080120012140225
001231219080120012030196
009231219080121012080447
001231219080122015100551
004231219080122012140437
001231219080122012040471
009231219080123012090388
006231219080123012160104
008231219080123012090402
002231219080123013030647
004231219080125012140473
001231219080125016000058
009231219080126012110409
002231219080126012140431
009231219080127014020006
001231219080127016000058
004231219080128012140127
001231219080128016000058
008231219080130012080361
009231219080130015020663
003231219080130012050359
004231219080131012140374
009231219080132013020880
004231219080133012140443
008231219080133012080468
001231219080133015010786
009231219080135012110478
006231219080135013010215
001231219080136012020333
002231219080136019020150
008231219080137012090391
009231219080138012090419
004231219080139012170222
002231219080139019050193
002231219080140014030481
008231219080140014020536
009231219080140014020566
004231219080140014030452
001231219080141018010055
009231219080142012080366
009231219080143014020530
004231219080143012170235
001231219080143012050334
008231219080144012080429
001231219080145012020367
009231219080146016000124
006231219080146015030168
001231219080147012010382
004231219080148012130335
008231219080148012070390
009231219080149013020863
008231219080150012120474
009231219080150013020773
006231219080150012010190
002231219080151019080001
004231219080151013030567
001231219080151012010338
009231219080152013020803
002231219080153014030399
009231219080154012100450
009231219080155013020643
008231219080155012070403
003231219080155012010398
001231219080156012050234
008231219080156012070403
001231219080156012150311
009231219080156012080470
001231219080157012150311
002231219080157019060101
008231219080157015020541
004231219080158012150320
009231219080159012120440
008231219080159012100367
001231219080159014010590
008231219080202012070358
004231219080202015030439
009231219080204012070321
002231219080205012150261
004231219080205012170020
008231219080205012080346
009231219080206012120401
008231219080207013020852
009231219080207012120421
002231219080208014030001
008231219080210019020403
004231219080210012170020
008231219080212012070411
003231219080213012050353
004231219080213012140420
009231219080213012120497
002231219080214012180287
004231219080215015030101
002231219080215012170299
009231219080216012090410
004231219080217012160293
002231219080217015030474
009231219080218016000149
009231219080220012110160
004231219080220012150301
002231219080221012140425
002231219080222019040033
009231219080223013020817
004231219080223012130317
003231219080224012030406
002231219080224015030474
008231219080224012120470
003231219080226013010666
002231219080227012130254
008231219080227012090413
002231219080228019020368
003231219080229012060398
004231219080231012160315
001231219080233019030043
009231219080234012120464
004231219080234012170291
004231219080236013030399
006231219080237012030316
008231219080238012120465
001231219080239012060403
004231219080239012020358
008231219080244012080414
004231219080244012180260
006231219080245012030282
003231219080245012020016
002231219080246019010118
001231219080248012060387
004231219080249012160233
008231219080249013020619
001231219080250012030329
003231219080250015010805
004231219080251012130278
002231219080251019050234
008231219080255014020616
002231219080257019010134
004231219080257013030222
002231219080257012180257
008231219080301012080469
004231219080302012160143
004231219080304013030610
008231219080304014020120
003231219080304012010327
001231219080305012020021
008231219080309014020513
004231219080310013030617
009231219080312013020840
002231219080313014030217
002231219080316019020275
009231219080317012120463
002231219080319019020378
008231219080319012070338
002231219080321012140430
006231219080325013010117
001231219080327012030361
004231219080328012170284
003231219080328012050210
009231219080328012110476
004231219080331012170267
004231219080332012180159
001231219080334012030305
008231219080336012080438
006231219080336015090633
008231219080339013020799
002231219080339019010072
004231219080339012170310
002231219080340014030176
006231219080341014020550
002231219080342019010133
001231219080344014010133
008231219080348013020790
001231219080352019010125
006231219080400012160222
004231219080402012160312
001231219080402012070090
002231219080403014030373
002231219080406012170275
006231219080409012030293
001231219080409014010508
008231219080409014020489
001231219080411012100385
001231219080413012010403
008231219080416014020470
002231219080419019050220
001231219080423018010018
009231219080424014020568
009231219080428012080418
001231219080435012050147
008231219080440012120419
004231219080442012180301
001231219080443014010611
009231219080444012090399
004231219080502012130267
008231219080503013020870
004231219080504013030331
008231219080506014020570
001231219080515013010783
008231219080516012120306
003231219080520013010702
002231219080528012170307
002231219080531012150299
004231219080532012180259
003231219080603012010413
002231219080604019040009
002231219080607019070031
002231219080615019040009
001231219080620016000007
001231219080622016000001
002231219080629012140447
004231219080732012150170
009231219080819012070450
009231219080832012070357
009231219080833012070357
009231219080834012070357
004231219080844012180282
004231219080848012140441
002231219080929019040023
002231219081048019010131
002231219081049019010131
002231219081055019010094
002231219081240019010074
003231219081406013010769
001231219081455016000012
009231219082029014020534
009231219082044014020529
002231219082116019070001
001231219082839016000052
002231219083256019020095
002231219084943019090015
002231219090509019010067
001231219090831015100546
002231219130348019050235
001231219135928013010747
001231219144207019060122
003231219151924012040273
002231219160716019050223
004231219161103013030630
002231219161120013030484
002231219161126013030639
004231219161131013030639
004231219161134013030398
004231219161141013030308
004231219161146013030308
004231219161207013030649
004231219161208013030482
004231219161213013030548
004231219161215013030648
004231219161219013030627
004231219161221013030623
004231219161415012130344
001231219165445016000157
001231219165450016000139
001231219165452016000112
009231219165528013020837
008231219165528013020755
008231219165531013020843
008231219165532013020536
008231219165535013020812
008231219165538013020749
008231219165539013020644
009231219165540013020411
008231219165542013020685
009231219165543013020726
008231219165544013020683
008231219165546013020821
008231219165547013020758
008231219165549013020826
008231219165551013020745
008231219165552013020824
008231219165554013020766
008231219165556013020850
002231219165556019020231
008231219165558013020844
009231219165605013020703
003231219165606012050359
008231219165610013020409
008231219165613013020848
008231219165616013020874
008231219165619013020790
008231219165621013020878
006231219165623013020412
001231219165632013020180
008231219165633013020068
001231219165634018010067
009231219165635013020808
009231219165636013020808
001231219165637018010066
006231219165643013020240
001231219165644018010070
009231219165647012070414
008231219165647013020674
001231219165648018010071
001231219165653018010061
008231219165654013020154
006231219165657013020274
001231219165659018010061
001231219165705013020226
008231219165706013020554
009231219165706013020884
008231219165713013020748
008231219165714013020610
006231219165716013020428
009231219165719013020864
008231219165719013020870
008231219165722013020689
008231219165728013020851
008231219165731013020793
009231219165735013020425
002231219165744014030424
009231219165756013020833
008231219165800013020643
009231219165803013020797
008231219165815013020619
009231219165821013020820
008231219165825013020640
008231219165835013020840
001231219165838012010341
008231219165840013020255
008231219165842013020701
008231219165844013020836
008231219165845013020397
008231219165907014020632
008231219165911013020572
008231219165938015020620
008231219165940015020669
003231219165941013010426
008231219165943015020679
009231219165945015020669
008231219165945013020468
008231219165948013020877
006231219165948011000643
008231219165950013020877
008231219165951013020747
008231219165954013020799
008231219165958015020657
008231219170020013020873
008231219170029013020823
008231219170033012120425
008231219170046013020852
004231219170049013030591
004231219170053013030448
004231219170057013030504
006231219170121011000568
008231219170126012110495
002231219170134012150305
002231219170138012180305
002231219170151019020286
006231219170201011000725
006231219170207011000741
006231219170223011000662
006231219170245011000490
006231219170247011000598
004231219170249013030176
006231219170257011000690
004231219170258012140465
002231219170344019100039
008231219170346012110476
001231219170350013010798
009231219170353012110476
006231219170356011000065
004231219170406012180263
004231219170456013030348
006231219170511015090568
004231219170525013030479
004231219170528013030546
004231219170531013030573
008231219170606013020723
006231219170742011000740
004231219170958013030466
002231219171330019020124
002231219171835019020007
002231219172033019020083
002231219172301019020095
002231219174006019050094
002231219174235019060102
002231219180429019010072
002231219180454019100061
008231219181412013020702
002231219182218019050209
002231219182318019020065
002231219182821019090015
002231219182846019010132
001231219182915019010125
001231219183022016010071
002231219183248019010118
002231219183252019030047
001231219183258016010127
001231219183301016010123
001231219183451016010077
004231219183625012140370
002231219183834019010008
004231219183934019020180
004231219183937019020180
001231219184406016000008
002231219184417019020150
006231219184702016010086
002231219184851019050243
002231219184853019050243
001231219184957019110051
001231219185215016000025
001231219185219016000025
003231219185220012020366
002231219185243014030480
002231219185257016000123
004231219185320012170218
004231219185325012170279
004231219185329012180301
004231219185335012170073
004231219185338012140374
002231219185355019050224
008231219185410013020542
003231219185500012040346
002231219185500019030032
008231219185503013020778
009231219185508012120354
003231219185510013010716
003231219185514012010420
003231219185523012030397
003231219185524012010348
004231219185524012150073
001231219185525018010069
003231219185526012060015
002231219185527012120481
003231219185529012060229
001231219185529018010018
003231219185530012020340
003231219185531015010783
001231219185533018010065
003231219185534012060414
003231219185537012060426
006231219185537013020581
001231219185538018010048
003231219185539012010329
001231219185540012080448
003231219185541012010372
001231219185542018010054
001231219185543012010201
003231219185543012040443
002231219185545019110027
001231219185546012010201
003231219185546012060359
001231219185546018010068
003231219185548012050225
003231219185550012050194
001231219185550018010047
001231219185552012050310
003231219185552012010309
002231219185554012120481
001231219185554018010059
003231219185555013010758
003231219185556012030261
001231219185556012030363
001231219185557018010059
003231219185559012030386
001231219185559012050308
008231219185559012080284
001231219185600015010763
008231219185600012080284
003231219185601012060388
001231219185601012020325
001231219185602012020388
008231219185602012080350
001231219185603015030454
001231219185604012050195
003231219185604013010793
003231219185605012060364
001231219185606012030276
003231219185607013010625
003231219185609012040453
003231219185611012060421
001231219185611012080458
001231219185612013010460
001231219185613012050331
003231219185613012030342
003231219185615012030316
001231219185616012010408
003231219185616012030399
003231219185618013010693
001231219185618012020288
001231219185620012050279
009231219185620012080431
003231219185621013010672
001231219185621018010008
009231219185621012070415
001231219185622012010028
004231219185622012130264
004231219185623013030456
001231219185624012040425
003231219185624012020392
009231219185624012070236
001231219185625012010393
001231219185625018010072
003231219185626012010401
004231219185626013030460
001231219185626012040468
009231219185627012090041
003231219185628012060396
006231219185628011000594
003231219185629012040397
004231219185629013030646
009231219185629012070442
003231219185630012020037
004231219185630013030382
001231219185631012060405
002231219185631012140409
001231219185631019030046
004231219185632013030066
003231219185633012060221
001231219185633012010247
008231219185633012080425
001231219185633018010055
006231219185633012060241
003231219185634012020016
001231219185634012040462
004231219185634013030608
002231219185634012130288
001231219185636012040461
008231219185636012070344
002231219185637012130120
003231219185638012020402
002231219185638012130271
009231219185638012080017
002231219185639012130286
004231219185639013030633
001231219185639013010023
003231219185640012020002
001231219185640012010387
001231219185642012040411
004231219185643012140408
003231219185643013010682
009231219185643013020818
002231219185644012140430
001231219185644013010734
002231219185644019100065
008231219185644012090383
002231219185646012140441
001231219185646012020345
003231219185646012030349
001231219185647012060387
004231219185647012130295
004231219185648013030619
003231219185649013010785
002231219185649012150314
001231219185649013010755
008231219185650012120475
003231219185651012040437
001231219185651012020324
009231219185651012120464
003231219185652012030282
004231219185652013030577
002231219185652012140235
002231219185652019020230
001231219185653012030256
002231219185654012170277
001231219185654019030038
009231219185654012120484
003231219185655013010724
001231219185655013010797
002231219185656012170266
009231219185656012070264
003231219185657012060312
001231219185657013010641
004231219185657012140167
001231219185658013010804
002231219185659012170309
004231219185700013030571
009231219185700012070417
002231219185701012150128
001231219185701013010805
003231219185701013010575
008231219185701013020767
002231219185702012130102
003231219185702012040192
001231219185702012050348
004231219185703012130298
009231219185703012120454
001231219185704013010604
001231219185704013010783
002231219185705012130316
008231219185705012120124
009231219185705012120454
003231219185706012020399
001231219185706013010743
004231219185707012140225
003231219185709012050210
008231219185709013020692
001231219185710012020333
003231219185710012040338
009231219185710012120401
004231219185711012170304
003231219185712013010712
008231219185712012110454
009231219185712012070197
004231219185713013030523
003231219185714012060374
009231219185714013020810
003231219185715012020286
009231219185715012120491
004231219185716012160136
008231219185716012110416
001231219185717012040426
008231219185717012110416
004231219185718013030609
003231219185718012060374
002231219185718019040016
009231219185718013020017
001231219185719012010005
008231219185719013020855
003231219185720013010567
002231219185720012170019
004231219185720012180144
009231219185720012070286
001231219185722012030305
004231219185722013030576
003231219185723012010414
008231219185723012100318
009231219185723012070437
001231219185724012010410
004231219185724013030496
002231219185724012130297
001231219185726012060383
009231219185726013020831
008231219185726013020067
004231219185727012160287
003231219185728012030036
004231219185728013030634
009231219185728013020532
008231219185728013020067
001231219185729012040354
003231219185730012010237
001231219185730013010762
004231219185731012150255
003231219185731013010769
001231219185731013010751
009231219185731013020763
008231219185732013020860
003231219185733013010015
001231219185734012050367
004231219185734013030624
009231219185734013020859
002231219185734019080001
004231219185735013030084
001231219185735013010688
002231219185736012140043
009231219185736013020198
003231219185737013010190
004231219185737013030199
004231219185739012170054
002231219185739012150091
009231219185739013020504
003231219185740012050303
002231219185740019030022
003231219185741012010426
001231219185741012040464
008231219185741013020819
004231219185742013030605
002231219185743012130339
003231219185743012050311
004231219185743013030516
009231219185743013020188
002231219185744012170293
008231219185744012080456
004231219185745013030104
002231219185745019040035
009231219185745013020868
002231219185746012150274
003231219185746012050350
006231219185746013030222
008231219185747012110474
009231219185747013020868
004231219185748013030264
002231219185749012130327
004231219185749013030558
003231219185749012040373
006231219185749012010405
009231219185749012070357
009231219185751013020841
003231219185752012050085
002231219185752012150309
004231219185752012140463
008231219185752012110494
004231219185753013030644
009231219185754012090341
008231219185755012120306
004231219185756013030162
009231219185756012110178
003231219185757012050009
001231219185757012050213
008231219185758012080346
009231219185758012110373
004231219185759013030379
003231219185800012060384
001231219185801012060397
008231219185801012080220
004231219185802012150170
003231219185803013010215
009231219185803012080464
008231219185803012110442
004231219185805012140422
003231219185805012050254
008231219185805012070426
004231219185807012160190
003231219185807012050341
001231219185808012020121
003231219185810012050266
004231219185810012180314
001231219185810012050179
003231219185811012020358
002231219185811012180261
008231219185811012120465
009231219185812012120448
003231219185813013010770
004231219185813012180212
002231219185816012180261
004231219185816012180171
001231219185817012040410
008231219185817012090344
003231219185818012060389
001231219185818012010377
004231219185818012150307
002231219185819012160313
004231219185821012170291
003231219185822012060427
004231219185823012140435
002231219185823012160306
009231219185824012090377
003231219185825015010769
004231219185826012150098
008231219185826012080428
001231219185827015010758
003231219185828012010398
004231219185828012180299
009231219185828013020773
008231219185829012100411
009231219185829013020803
004231219185831013030622
003231219185831013010807
008231219185831012070338
003231219185832012010293
003231219185833013010808
009231219185833013020863
004231219185834012170257
008231219185834012110382
003231219185835012020010
001231219185835012040355
006231219185835012150195
004231219185836012150318
001231219185836012060403
002231219185836013030603
004231219185837012140420
008231219185837012120399
003231219185838012030403
002231219185838012170280
009231219185838012090309
004231219185839013030565
008231219185839012120461
003231219185840012020404
004231219185841012180220
002231219185841013030631
008231219185841012070360
009231219185841012090348
003231219185842015010792
008231219185842012080225
001231219185842012150311
009231219185842012110486
001231219185843012150311
004231219185844012140437
002231219185844019110040
009231219185844012080430
003231219185845015010751
008231219185845013020769
001231219185846012040414
003231219185846012040454
004231219185846013030551
001231219185847012020367
009231219185847012080427
004231219185848013030535
003231219185848012040376
002231219185849012140456
001231219185849012010014
004231219185849012160231
009231219185849013020817
008231219185850012120474
001231219185851012010382
004231219185851013030425
003231219185851012040353
004231219185852013030372
001231219185853012020383
009231219185853013020599
003231219185854013010296
004231219185854012160298
008231219185854012120482
003231219185855013010624
001231219185855012150311
004231219185856013030603
002231219185856012140379
001231219185856012150311
009231219185856013020880
004231219185858012150301
003231219185858013010413
009231219185858013020866
008231219185858012110487
001231219185901012020111
004231219185901013030331
003231219185901012040429
009231219185901013020586
004231219185902013030354
003231219185903012010337
001231219185904012060372
003231219185905012040442
001231219185906012060368
008231219185908013020811
009231219185908013020862
002231219185910013030642
003231219185910013010710
004231219185911012130223
009231219185911013020857
008231219185911013020876
003231219185912012040466
002231219185912013030647
001231219185912012020322
009231219185913012110443
002231219185914012140475
008231219185915012080468
009231219185915012080343
001231219185916012010423
003231219185916012040445
004231219185916012160021
002231219185917013030638
008231219185918012110353
004231219185919012150271
003231219185919012060166
008231219185921012080394
003231219185925012040477
003231219185926013010646
003231219185928012050238
001231219185930012040417
003231219185931012030230
001231219185932012030381
002231219185933012160243
002231219185936012130049
003231219185936012030404
002231219185939012130336
004231219185940012180313
003231219185940013010739
001231219185943012050234
003231219185943013010767
009231219185943012100311
003231219185945013010541
004231219185945013030188
003231219185948013010515
006231219185948011000636
009231219185948012100441
004231219185951013030187
009231219185951012110488
003231219185952012020300
002231219185953019010136
003231219185954012010413
004231219185954013030545
009231219185955012070444
003231219185956012020274
004231219185957013030240
003231219190001013010259
004231219190001012170253
009231219190002012090414
004231219190003012160285
008231219190004012070376
009231219190004012090414
004231219190005012130341
003231219190005012020390
009231219190005012110409
004231219190007015030467
008231219190007012080459
003231219190008015010550
002231219190010012140447
004231219190010012160293
001231219190011012010421
008231219190011012100284
002231219190012012140425
004231219190013012160149
004231219190015012160289
003231219190016012040476
006231219190016011000473
009231219190016012080418
004231219190018012140461
001231219190019012020086
008231219190019012110164
001231219190019013030157
004231219190021012140127
002231219190022012180253
004231219190023012140446
003231219190023012020400
006231219190023011000730
001231219190024013010035
009231219190025012080078
008231219190026012100367
008231219190030012070390
003231219190031012040467
001231219190032012010389
004231219190033012150241
004231219190036012180292
008231219190038013020795
001231219190039012020398
004231219190040012130210
003231219190041012020381
001231219190041013010549
001231219190042012060378
004231219190042012150312
001231219190042016000167
008231219190044012110143
001231219190045012010327
009231219190045012120476
001231219190046012040446
004231219190046012140388
002231219190047012140428
001231219190047013010549
008231219190047012090419
006231219190047013020326
001231219190049012040446
008231219190049012110412
009231219190049012120476
008231219190051012110160
006231219190051011000632
002231219190055012160312
002231219190057019010133
009231219190057012100416
008231219190058012110491
009231219190059012100416
003231219190100012020137
008231219190101012110340
004231219190102012130285
002231219190102019010131
008231219190103012110458
002231219190104019010131
008231219190106013020660
002231219190106019010094
008231219190109012110467
003231219190111013010795
008231219190112012080007
004231219190114012170056
002231219190114012130276
003231219190115013010454
004231219190117012180259
003231219190118013010244
008231219190118012080127
002231219190119012130267
004231219190120013030610
008231219190121013020858
004231219190123012130214
008231219190123012080135
002231219190124012140389
008231219190124012120412
004231219190125013030458
009231219190125012110483
002231219190127012140452
003231219190127013010765
008231219190127012090345
004231219190128012130267
004231219190130013030607
002231219190131012140148
009231219190131012100419
004231219190132013030617
003231219190132013010331
004231219190134013030441
006231219190136011000731
004231219190137012160311
004231219190138013030440
004231219190142012150171
001231219190142013010479
006231219190142011000656
006231219190146011000656
006231219190151011000410
004231219190152012150201
006231219190152012010389
004231219190156012150198
008231219190156012080345
006231219190157011000681
006231219190203011000277
008231219190204013020849
008231219190205013020606
006231219190206012080131
003231219190207012040452
009231219190208012100443
001231219190210013010021
006231219190211011000686
006231219190213011000283
001231219190214012010403
002231219190214019010116
006231219190216011000704
006231219190219011000691
006231219190222011000517
009231219190222012080462
009231219190224012120486
006231219190226011000600
008231219190228012110466
002231219190229013030563
006231219190229011000343
003231219190233013010284
006231219190234011000691
001231219190242013010213
009231219190252012110478
004231219190253012160307
002231219190254019020383
008231219190256012080364
006231219190257011000534
009231219190304012070435
004231219190310012130314
006231219190311011000439
003231219190312012050057
003231219190321013010737
008231219190333012110378
009231219190334014020631
001231219190336015010785
004231219190342012140337
003231219190342013010772
004231219190350013030550
008231219190350012070387
006231219190353011000581
003231219190356013010794
008231219190405012070366
003231219190427015010690
003231219190434013010759
004231219190434019020149
006231219190444011000678
001231219190447012050360
006231219190447011000231
003231219190453013010522
008231219190453012100405
003231219190456013010733
003231219190505015010704
006231219190507011000566
001231219190507016000062
003231219190509013010542
002231219190514019060086
006231219190516011000651
002231219190519019060101
009231219190531019020387
003231219190539013010560
003231219190543013010726
003231219190546013010651
001231219190547019020282
006231219190548011000595
003231219190549013010601
006231219190554011000663
002231219190556012140458
003231219190559013010550
003231219190601013010695
006231219190602011000648
003231219190607012030317
004231219190616012130335
004231219190622012130335
006231219190633011000663
009231219190658012070187
001231219190708012060415
004231219190716015030443
006231219190733019100002
004231219190744012180277
006231219190746019100002
008231219190806012120143
008231219190810012120393
002231219190926019050128
002231219190959019060084
008231219191002012120440
002231219191128019050164
008231219191139013020574
006231219191154019100044
002231219191220019030001
002231219191359019020392
002231219191405019100013
002231219191409019100013
001231219191622016000088
002231219191724019060001
001231219191747016000101
002231219191825019010109
001231219192051019050188
002231219192051019050195
002231219192153019050171
002231219192547019050239
006231219192826019100063
001231219192836019010128
001231219192859016000163
001231219192902016000163
001231219192904016000168
002231219192904019050029
001231219192907016000168
001231219192930016000166
001231219192940016000166
001231219192958016010121
001231219193008016010100
001231219193012016010131
001231219193042016010032
001231219193055016010106
001231219193059016000161
001231219193104016010082
001231219193108016010095
001231219193111016010090
001231219193116016010119
001231219193120016010098
001231219193123016010081
001231219193127016010073
001231219193130016010045
001231219193201016010105
001231219193211016010122
002231219193226019020394
001231219193231016010124
001231219193238016000154
001231219193240016000154
001231219193246016010125
001231219193302016000073
001231219193308016010110
001231219193312016010079
001231219193335016000073
002231219193340019020394
008231219193353016010129
002231219193354019010108
002231219193358019010087
002231219193446019050225
002231219193452019050170
002231219193515019020127
001231219193559016010048
001231219193610016010084
001231219193616016010050
001231219193620016010080
001231219193625016010056
001231219193629016010130
002231219193742019050217
002231219193748019050148
002231219193750019050213
002231219194017019030049
002231219194040019100052
001231219194128016000126
001231219194130016000126
001231219194131016000126
001231219194132016000126
002231219194323019020374
001231219194340016000163
001231219194342016000163
002231219194404019020212
002231219194407019020221
002231219194457019050216
001231219194500016000062
001231219194503016000003
001231219194509016000003
001231219194514016000058
001231219194620019030043
001231219194646015010473
001231219194648015010781
001231219194649015010793
001231219194652015010790
003231219194652015010805
001231219194655015020563
003231219194655015010678
001231219194658015010669
003231219194658015010716
001231219194701015010683
003231219194701015010798
001231219194703015020469
003231219194703014010565
001231219194706015010692
001231219194707015010596
001231219194710015010668
001231219194711015010800
001231219194715015010788
006231219194741019100067
006231219194744019100067
001231219194749016000164
009231219194751015010696
001231219194752016000164
002231219194835019100028
002231219194959019100018
009231219195019014020588
001231219195021014010592
001231219195022014010587
006231219195022019100008
001231219195025014010432
006231219195025019100008
001231219195027014010609
001231219195029014010570
001231219195031015010129
006231219195031019100046
001231219195042015010682
002231219195047014030369
002231219195101014030447
001231219195111015010796
009231219195117014020524
001231219195121014010200
001231219195126014010502
001231219195133015010797
001231219195136015010632
001231219195138015010693
009231219195141014020554
001231219195142014010571
001231219195145014010250
009231219195145014020603
009231219195146014020416
009231219195150013020867
008231219195152012100432
009231219195155014020567
001231219195207015010795
009231219195207014020620
009231219195211014020619
001231219195218014010538
006231219195220019100066
008231219195221014020616
009231219195229015020659
009231219195230014020351
001231219195232015010737
009231219195232014020351
009231219195236015020410
001231219195237014010440
009231219195239014020630
009231219195241015020663
008231219195241015020591
009231219195242015020604
009231219195243015020674
002231219195244019070001
001231219195245015010802
009231219195245015020663
008231219195246012100385
009231219195246015020652
008231219195248014020570
009231219195249014020088
009231219195251013020883
008231219195251014020532
002231219195254014030373
002231219195255014030444
004231219195256014030418
002231219195257014030399
009231219195257014020331
009231219195258014020331
002231219195259014030448
009231219195300014020565
002231219195302014030458
009231219195302014020607
009231219195303014020578
008231219195304014020502
008231219195306014020594
009231219195306015020540
009231219195307015020655
001231219195308015010807
009231219195308015020461
008231219195308014020606
002231219195309013030349
008231219195310014020625
008231219195311014020625
009231219195311015020057
001231219195312014010011
009231219195313014020622
008231219195313013020783
008231219195314014020536
009231219195315015020655
002231219195316014030368
008231219195316014020581
009231219195316015020598
009231219195317015020655
002231219195318014030452
004231219195318014030109
009231219195319014020553
008231219195319014020597
002231219195320015030442
009231219195320014020553
002231219195321015030383
004231219195321014030430
001231219195322014010444
009231219195322015020641
008231219195322013020761
004231219195323014030021
009231219195323015020667
002231219195324015030466
009231219195324015020643
008231219195324015020655
004231219195326014030331
002231219195326013030618
009231219195326015020647
002231219195326019110050
002231219195327016000144
008231219195327014020443
001231219195329014010452
009231219195329015020675
002231219195330015030468
004231219195331014030490
001231219195332019030050
004231219195333014030160
002231219195333015030343
009231219195333014020092
008231219195335014020574
004231219195336014030088
002231219195336015030458
002231219195337014030279
001231219195338013010747
009231219195338014020414
008231219195338014020288
002231219195340014030449
009231219195340014020417
008231219195341014020611
002231219195342014030475
002231219195343014030456
008231219195343014020562
009231219195343014020523
002231219195345015030478
004231219195346012140431
002231219195346015030244
009231219195346014020513
002231219195348014030450
009231219195348014020501
004231219195349014030475
008231219195349012090401
004231219195350014030449
002231219195350014030426
009231219195350014020540
002231219195352014030438
009231219195353014020504
004231219195354014030055
002231219195355014030476
008231219195355014020486
004231219195356014030423
009231219195356015020685
002231219195357014030250
004231219195358014030299
001231219195359012050343
002231219195359014030478
009231219195359014020404
004231219195401014030398
002231219195401015030473
008231219195401014020489
009231219195401015020531
004231219195402014030267
002231219195403015030388
004231219195404015030246
009231219195404014020550
008231219195405015020199
002231219195406014030072
009231219195406015020478
002231219195407014030374
004231219195407013030584
002231219195408014030471
002231219195409014030387
001231219195409015020500
003231219195410013010727
004231219195410014030096
009231219195410014020511
002231219195411015030402
003231219195412012030344
008231219195412012120473
004231219195413014030478
003231219195414013010774
004231219195415014030471
002231219195415012160292
002231219195416015030461
003231219195416012050313
002231219195416019100070
008231219195416014020120
004231219195417015030389
001231219195417012060353
002231219195418015030410
003231219195418012030401
009231219195418014020615
004231219195419015030438
002231219195420015030461
003231219195421013010791
001231219195421012060360
004231219195421015030451
002231219195421019100072
008231219195421014020020
003231219195422013010321
002231219195422015030187
003231219195424013010631
004231219195424014030393
001231219195424012010011
002231219195424015030475
002231219195426014030381
004231219195427014030454
003231219195427012030396
004231219195429015030410
002231219195429015030395
001231219195430012010361
004231219195431014030425
002231219195431012130330
002231219195432014030087
009231219195432013020460
003231219195433015010780
004231219195434014030390
002231219195434015030279
009231219195434013020460
003231219195435013010806
002231219195436014030484
001231219195436014010612
004231219195437015030395
001231219195438012060407
004231219195438014030087
002231219195438014030416
009231219195438014020424
003231219195439015010791
008231219195439014020055
002231219195441015030477
003231219195441012050123
001231219195441015010731
004231219195441012150196
001231219195442012020352
003231219195444013010776
002231219195444014030365
001231219195444012040450
004231219195445012150286
001231219195446015010752
003231219195446013010740
002231219195447014030489
004231219195448015030337
001231219195448015010001
008231219195449014020525
004231219195450014030459
002231219195450014030336
001231219195451012010376
002231219195452014030305
004231219195452012150286
001231219195453012030368
003231219195454012020228
002231219195455014030174
001231219195456012010338
003231219195457012030400
002231219195457014030031
003231219195458012050366
001231219195459012030196
004231219195459012180272
002231219195500014030366
001231219195500012060416
004231219195501012140429
003231219195501012060434
008231219195501013020543
001231219195503012030376
002231219195503014030289
003231219195503013010730
004231219195504012140429
001231219195505015010766
002231219195506012150299
004231219195507015030445
002231219195510015030426
002231219195511012150299
002231219195514012180252
004231219195515012170222
009231219195515014020626
002231219195518012180252
001231219195518012020382
006231219195518019100071
009231219195519012080438
008231219195519015020658
003231219195520012030355
002231219195520013030485
001231219195521012030365
002231219195521019020275
001231219195523012010385
002231219195523015030101
009231219195525015020630
002231219195525019110033
001231219195526012010277
003231219195526013010780
002231219195527012160275
002231219195528012140442
009231219195528015020640
001231219195529012050344
002231219195530019050220
004231219195531015030371
009231219195531015020681
002231219195532012130254
001231219195533016000169
002231219195536012180275
004231219195538012150293
006231219195538011000682
002231219195539012160302
001231219195542012020311
008231219195543014020589
003231219195545012050345
001231219195545012060005
004231219195546015030439
003231219195547012030010
001231219195548012060259
001231219195549012030350
003231219195549012040458
003231219195551013010007
001231219195551012050222
006231219195551011000388
001231219195552012030385
008231219195552014020582
003231219195554012050347
006231219195554011000388
008231219195554014020628
001231219195555013010006
002231219195555014030325
001231219195556016000064
002231219195558012180106
008231219195558012070193
004231219195559012130280
001231219195559014010555
003231219195601015010786
002231219195601012140462
008231219195601015020635
001231219195602012030361
004231219195602012180046
003231219195603012030405
002231219195603012130116
009231219195604015020623
001231219195605012070449
002231219195605012140405
003231219195606013010763
002231219195606019050152
002231219195607012130317
001231219195607012050224
006231219195608011000388
003231219195609012030372
003231219195611012030293
004231219195611012180249
009231219195611012080373
008231219195612014020598
003231219195614013010505
004231219195614014030077
009231219195614015020013
008231219195615013020387
001231219195616015010717
003231219195616013010520
004231219195617014030334
009231219195617012070439
001231219195618015010789
002231219195619012180308
003231219195619012060309
001231219195620012030266
004231219195620012180284
003231219195620012030095
001231219195622012020385
008231219195623012100134
009231219195623012110482
003231219195624013010001
001231219195624014010411
002231219195624015030459
004231219195626012150273
002231219195626012160291
001231219195626015010721
003231219195627012020391
009231219195627012070429
008231219195627015020687
001231219195628012030300
002231219195629012150263
001231219195630012010415
003231219195630013010799
004231219195630012130059
004231219195631012140154
008231219195631012100418
003231219195632013010781
001231219195633012060095
009231219195635014020634
001231219195636012050309
003231219195636013010014
003231219195637012010173
002231219195637012130312
004231219195638012150303
003231219195640012030338
001231219195640015010615
004231219195641012150190
003231219195642012060432
001231219195642012030352
002231219195642012160300
003231219195644013010473
004231219195645015030306
006231219195645011000408
004231219195646012180159
003231219195647012010425
001231219195647012010375
004231219195647012180258
002231219195647012180287
001231219195648012010162
009231219195648012070421
008231219195648014020627
003231219195649012040478
006231219195649011000408
001231219195651015030112
008231219195651012090396
003231219195652012030328
001231219195653012030387
006231219195653011000408
009231219195653019050244
004231219195654012140434
002231219195654015030476
008231219195654014020470
003231219195655013010662
009231219195656012070443
006231219195656011000408
003231219195657013010777
008231219195657012100400
001231219195658012020368
004231219195659012160256
009231219195659012090410
008231219195659012110461
001231219195700012050285
009231219195700012070448
003231219195701012050354
002231219195702015030434
008231219195702012090404
004231219195703012180271
009231219195703012090380
003231219195704013010666
001231219195704013010761
002231219195705012180157
008231219195705013020879
002231219195706013030587
009231219195706012100424
003231219195707013010598
009231219195707012070148
009231219195708012070148
003231219195709013010787
006231219195709011000713
008231219195709012090248
001231219195710012040209
009231219195710012070450
008231219195710013020835
003231219195711013010653
009231219195712012100169
004231219195713012170144
008231219195713012100201
006231219195713011000713
003231219195714012050353
004231219195715012130319
003231219195715012040293
009231219195715013020282
004231219195716012150310
002231219195716019100068
008231219195716012090394
009231219195717012090375
008231219195718012070006
003231219195719013010577
004231219195720012130091
008231219195720012100364
006231219195720011000670
002231219195721019050240
009231219195721012090351
003231219195722013010151
009231219195722012100006
004231219195723012130075
008231219195723012120402
006231219195723011000715
004231219195724012150319
008231219195724013020515
002231219195725014030150
001231219195725012050315
003231219195725013010580
009231219195725012110406
009231219195726015020676
006231219195726011000715
008231219195727012100322
002231219195728012130302
001231219195728012050357
003231219195729012050363
006231219195729011000710
001231219195730012030335
008231219195730012080419
009231219195730012100347
002231219195732012180310
001231219195732012050334
003231219195732013010677
006231219195732011000710
008231219195733012090400
009231219195733015020624
001231219195734012060007
004231219195734012180158
009231219195735012120477
001231219195736015010753
003231219195736012020403
008231219195737012070441
009231219195738012120463
001231219195739012020013
003231219195739012030390
004231219195739012180158
006231219195739011000675
002231219195740014030356
008231219195740012090350
001231219195742013020881
004231219195743014030440
003231219195743012050364
001231219195745013020881
004231219195745013030071
008231219195746013020838
004231219195748012130242
003231219195748012050368
001231219195748014010569
002231219195748012130263
008231219195748013020781
009231219195748012090291
001231219195750012020285
009231219195750015020660
004231219195751012180206
008231219195751012120433
002231219195753012130338
008231219195753012120196
004231219195754012130278
003231219195756012050204
002231219195756015030431
008231219195756012120368
004231219195757012160272
004231219195758015030457
003231219195758012050351
008231219195758012100380
001231219195759012030304
003231219195800012030366
001231219195801012040131
004231219195802012140444
001231219195802012050358
008231219195802012090035
001231219195803014010208
009231219195803013020882
008231219195803012070431
004231219195804012150297
001231219195806012040465
002231219195806019050230
008231219195806012120470
009231219195806013020882
003231219195807013010011
004231219195807012170284
009231219195807012070321
001231219195808015100560
009231219195808012070308
008231219195808012100334
003231219195809012060410
001231219195810012050183
009231219195810012110477
003231219195811012020389
001231219195811015010784
004231219195811012170267
008231219195811012100436
004231219195813012180307
009231219195813012120395
003231219195814012020162
008231219195814014020623
001231219195816012040222
004231219195817013030614
009231219195817012090399
008231219195817013020825
001231219195818014010525
003231219195819013010735
004231219195819012170209
009231219195819014020180
001231219195820012060349
001231219195820012050147
003231219195821013010004
002231219195822012140457
009231219195822013020822
008231219195822012090302
001231219195823014010524
004231219195824012160114
003231219195824013010768
009231219195824014020563
001231219195825012010019
009231219195825014020563
003231219195827015010794
001231219195827012030329
002231219195827012130014
009231219195827015020541
008231219195828012120444
001231219195829014010608
003231219195829014010607
002231219195829015030262
008231219195829012120499
004231219195830014030437
001231219195830015010787
008231219195830012120499
009231219195830015020688
001231219195831014010295
001231219195832014010424
003231219195832012040473
006231219195832011000041
004231219195833014030056
002231219195833012130290
008231219195833012100358
009231219195833012090343
001231219195834015010808
008231219195834012100358
009231219195835012070331
001231219195836012020348
002231219195836012150203
008231219195836012100327
006231219195836011000086
009231219195836015020638
009231219195837012090220
004231219195838012170219
003231219195838012040459
002231219195839012180297
001231219195839015010804
002231219195839019020273
009231219195839012090150
008231219195839012120199
001231219195840014010563
003231219195841012040469
008231219195841012110480
001231219195842012030353
004231219195842012170275
002231219195843012150226
001231219195843015100559
008231219195843012090391
009231219195843012100425
001231219195845013010176
008231219195845012090411
003231219195846013010650
009231219195846012070447
004231219195847012150320
008231219195847013020438
003231219195849015010610
002231219195850012180257
009231219195850012120489
008231219195850012100312
004231219195851012150203
003231219195852012040382
009231219195852012120500
008231219195852012100257
001231219195853012030333
009231219195854012080453
008231219195854012110427
003231219195855013010771
009231219195855012080453
002231219195856012150069
009231219195856012080467
006231219195856011000026
003231219195857012060398
008231219195857012090272
003231219195858012030351
009231219195858014020592
006231219195858011000440
001231219195859014010604
002231219195859012130165
003231219195901012040337
001231219195901015100551
006231219195901011000586
008231219195901012080457
009231219195901012070445
002231219195902012130284
001231219195902012040405
002231219195903012170286
004231219195903012170265
008231219195904012070440
009231219195904012090256
006231219195904015090617
001231219195904015100557
001231219195905014010613
008231219195905012100445
001231219195907014010267
009231219195907012070010
006231219195907011000720
001231219195908015100556
006231219195908011000001
008231219195909012080375
002231219195910012170308
001231219195910014010241
003231219195911013010732
001231219195911014010603
006231219195911011000498
004231219195912012170178
008231219195912013020562
009231219195912013020832
001231219195913014010526
003231219195914013010009
006231219195914011000262
001231219195915012060422
001231219195915015100543
008231219195915012110455
004231219195916012140473
003231219195917012010190
001231219195917014010053
006231219195917011000203
002231219195919012130270
001231219195919014010539
008231219195919012090335
004231219195920012170305
006231219195920011000719
009231219195920012090388
003231219195921014010436
008231219195921012080424
002231219195921019110046
001231219195922014010103
004231219195922013030636
002231219195923012170299
009231219195923012120350
006231219195923011000735
004231219195924012180312
008231219195924013020738
002231219195924019050193
009231219195924012100224
001231219195926012010364
002231219195926012160296
006231219195926011000398
001231219195927012010419
009231219195927012080383
008231219195927012100431
006231219195929011000051
001231219195930014010578
002231219195930012170271
006231219195931011000687
001231219195932014010614
008231219195932013020813
004231219195933012130345
006231219195933015090627
003231219195934013010117
009231219195934015020568
006231219195935011000726
009231219195935015020568
008231219195935012110484
002231219195936019110048
008231219195937013020813
004231219195938012160315
009231219195938012100451
006231219195938015090629
003231219195939012050365
001231219195940013010347
008231219195940012110414
002231219195940019050126
006231219195940011000738
009231219195941012090407
008231219195942012090424
001231219195943012060369
006231219195943011000732
001231219195944014010581
006231219195944011000683
002231219195944019050241
009231219195944012090423
008231219195945012100430
002231219195946014030470
008231219195947012100431
006231219195947015090620
003231219195948012100442
004231219195949012180278
006231219195949011000739
006231219195950015090628
004231219195952012170127
008231219195952012110367
009231219195953012100381
006231219195953015090633
004231219195954012150287
002231219195954019050234
008231219195955012100307
009231219195955012100252
006231219195956015090631
006231219195957011000724
004231219195958012130205
002231219195958015030247
008231219195958012100280
001231219195959015010774
002231219195959015030470
006231219195959015090632
009231219195959012120487
003231219200000012010422
003231219200001013010270
009231219200001012120414
006231219200001015090632
008231219200001012100329
006231219200001011000491
004231219200002012140460
009231219200003012090406
003231219200004012040423
006231219200004011000718
002231219200004019050241
008231219200004012070384
009231219200005012100218
004231219200006012150294
001231219200006012040444
009231219200006012070244
003231219200007012040406
006231219200007011000733
008231219200007012120431
002231219200007019050228
008231219200008012070358
009231219200009012080358
006231219200009015090618
006231219200011011000525
008231219200011012100323
009231219200011015020646
002231219200013012170235
008231219200013013020721
009231219200013015020671
006231219200013011000445
004231219200014012160143
001231219200014012030356
006231219200014015090616
003231219200015013010702
001231219200016012030242
008231219200016012120419
009231219200016015020535
004231219200017012170298
006231219200017011000706
003231219200018012030402
008231219200018012100403
009231219200018012120415
001231219200019013010446
004231219200019012180185
009231219200019012110397
008231219200019012110004
009231219200020012080463
006231219200020011000359
001231219200022013010358
009231219200022015020580
008231219200022012100350
006231219200023011000422
009231219200023012100449
001231219200024014010492
002231219200024019020335
008231219200024019050183
004231219200025015030437
009231219200025012120494
001231219200025015090632
001231219200026014010580
006231219200026011000635
004231219200027012170297
008231219200027012120483
009231219200027015020029
001231219200028014010003
009231219200028015020029
003231219200029014010537
006231219200029011000635
004231219200030015030368
008231219200030012110400
009231219200030015020668
004231219200031015030168
003231219200032013010803
006231219200032015090611
009231219200032012090416
008231219200032012100429
001231219200033012010010
008231219200033012070403
004231219200034015030356
009231219200034015020386
006231219200034011000700
002231219200034019050245
003231219200035013010788
008231219200035012090279
009231219200036015020677
004231219200037012170217
006231219200038011000729
008231219200038013020753
009231219200039015020502
004231219200040012160163
006231219200040015090580
008231219200040013020706
004231219200041012180266
009231219200041015020545
004231219200043012170146
008231219200043012090417
009231219200043015020678
006231219200044011000573
002231219200045015030386
003231219200045012010424
006231219200045011000723
004231219200046012160085
008231219200046012090357
009231219200046015020686
006231219200047011000169
002231219200048019050246
004231219200049012170194
009231219200049015020451
008231219200049012090413
008231219200050012080163
006231219200050011000727
004231219200051013030498
009231219200051012090368
002231219200052013030596
006231219200052011000574
004231219200053012170292
008231219200053012080466
009231219200054012100434
006231219200055011000694
002231219200056012160230
004231219200056012130334
009231219200056012100434
008231219200056012100446
001231219200057012040367
004231219200058012180251
006231219200058011000258
008231219200058012100428
009231219200058014020618
004231219200101012160088
006231219200101011000165
008231219200101012120434
002231219200102012150283
009231219200102012100450
004231219200103012150295
008231219200103012120301
006231219200103011000601
008231219200105012120242
001231219200106012040403
004231219200106012160301
006231219200106011000627
009231219200106012120493
003231219200107012030327
002231219200108012160280
001231219200108012010340
008231219200108012110446
004231219200109012160236
009231219200110012070428
006231219200110011000627
008231219200110012110404
001231219200111012040471
003231219200111012030194
004231219200112012160271
009231219200112012090379
008231219200112013020780
006231219200113011000737
004231219200114015030106
001231219200114013010199
009231219200114015020618
008231219200114012110351
003231219200115012030303
008231219200115012110351
004231219200116012140088
001231219200116014010066
009231219200116012110485
006231219200116011000668
002231219200117012170228
008231219200117012090330
001231219200118012020344
003231219200118012030406
006231219200118015090579
004231219200119013030641
002231219200119012140086
009231219200119012090379
008231219200119012090408
001231219200120012010292
003231219200121012030377
001231219200121012020008
009231219200121015020639
008231219200121012120493
006231219200121011000666
002231219200122012160222
004231219200122012170193
009231219200122015020664
003231219200123012040420
008231219200123012080114
009231219200124015020577
002231219200125012170053
004231219200125012140466
008231219200125012080452
006231219200125015090621
009231219200126012110479
003231219200127012040300
009231219200127015020664
008231219200127012090339
006231219200127011000555
006231219200129011000717
009231219200129012110489
003231219200130013010606
004231219200130015030423
002231219200130019050214
008231219200130012090335
009231219200131015020022
004231219200132012140470
006231219200132011000677
009231219200132015020022
008231219200132012070410
003231219200133013010529
008231219200134015020680
004231219200135012170195
001231219200135013010059
009231219200135012120488
006231219200135011000639
002231219200136019020307
008231219200136012080469
003231219200138013010365
008231219200138012120377
009231219200138012090372
001231219200139012060415
006231219200139011000692
002231219200140012130322
008231219200140012100398
002231219200140019020363
002231219200142012150304
001231219200142012040438
009231219200142012120490
008231219200142012070438
003231219200144013010392
002231219200144012160012
002231219200145019050247
008231219200146012070411
002231219200147012150290
004231219200148012160104
008231219200148012080380
002231219200149019050247
009231219200149012070427
002231219200150012140469
008231219200150012080454
006231219200150011000564
004231219200151012160087
004231219200152012160233
008231219200153012080413
006231219200153011000640
008231219200154012080361
004231219200155012140471
003231219200156013010800
002231219200156012170077
002231219200156019110037
006231219200156011000640
004231219200158013030562
001231219200158015010407
009231219200158012070407
004231219200159012160233
003231219200200012060356
001231219200201014010584
009231219200201012110438
006231219200201011000699
004231219200202012140469
009231219200203012110437
006231219200204015090608
008231219200204012110464
009231219200205012070392
009231219200206012070392
006231219200208015090608
009231219200208012110424
004231219200209012150270
009231219200210012110375
006231219200211011000722
008231219200214012110354
006231219200216011000728
008231219200217012110421
008231219200219012110410
006231219200219011000263
002231219200220019070014
002231219200222015030362
008231219200222012110087
002231219200225012150315
008231219200225012090402
002231219200225019040023
006231219200227011000078
008231219200228012090333
002231219200229019040006
003231219200231013010294
008231219200231012080429
002231219200233019040012
006231219200236011000120
008231219200236012110297
002231219200239019020301
008231219200239012090333
006231219200240012050129
002231219200241019040034
001231219200242019020402
008231219200245012080189
002231219200248019040012
002231219200250019040021
002231219200251015030444
009231219200251015020654
001231219200252012020269
002231219200254019050242
002231219200255013030518
008231219200258012110223
002231219200259012150250
002231219200300019050091
002231219200302012160224
006231219200304011000674
003231219200305012060431
002231219200307012140468
001231219200309012050217
004231219200309012160224
009231219200311012110377
008231219200312012110151
004231219200313012160282
006231219200315011000276
008231219200315012070382
004231219200318012140443
004231219200322013030530
004231219200326015030465
002231219200326019050112
002231219200327012130337
006231219200329011000736
002231219200332012170295
008231219200332012120256
009231219200333012090405
002231219200334015030469
009231219200336012090405
008231219200336012100047
008231219200338012080414
004231219200343013030246
008231219200343012100223
002231219200344019040015
003231219200349013010714
002231219200349019040030
002231219200351019040030
002231219200356019020399
002231219200400019020399
008231219200406012100394
004231219200407012140421
009231219200410012080447
002231219200412019020397
009231219200414012080123
002231219200414019020079
009231219200416012080297
002231219200418019040028
002231219200421019040036
009231219200422012080267
004231219200423012130343
004231219200426012180260
001231219200427014010157
001231219200430014010510
002231219200432019110005
009231219200433012110481
003231219200434015010687
004231219200434012170310
006231219200434019100032
001231219200437014010573
002231219200438019010135
001231219200439014010575
004231219200439012170310
002231219200444019040009
001231219200447019020340
002231219200447019070038
002231219200450015030474
004231219200453012160075
001231219200456014010605
002231219200457015030441
004231219200458012160075
001231219200458014010338
001231219200501014010457
002231219200504019020377
001231219200505012040433
003231219200510013010714
002231219200513019020389
008231219200514012080366
002231219200517019020398
009231219200518012080366
002231219200521019020372
002231219200533019040001
002231219200535019020393
002231219200538019020103
002231219200542019020263
002231219200547019020313
002231219200551019110002
002231219200557019040024
002231219200606019020403
002231219200615019060124
002231219200620019020379
002231219200625019060097
002231219200630019020404
002231219200633019050237
002231219200638019020211
002231219200714019020326
002231219200801019020353
002231219200806019030025
001231219200813019020373
002231219200815019020346
002231219200823019020378
002231219200832019060003
002231219200835019020327
002231219200837019020186
002231219200911019020260
002231219200927019060123
002231219200952019060107
002231219201004019060107
002231219201008019060119
004231219201013015030455
002231219201014019060114
002231219201017019060095
002231219201018015030455
002231219201024019060095
002231219201042019020402
002231219201103019050205
004231219201306012140445
002231219201311012140445
004231219201312012140474
002231219201354019020368
002231219201358019020401
002231219201524019020382
002231219201857019050196
002231219201932019050212
009231219202150014020530
009231219202203014020608
009231219202206014020633
008231219202209014020586
009231219202211016000147
009231219202220016000124
008231219202223016000124
009231219202249014020435
002231219202252019040032
009231219202252014020413
009231219202254014020571
002231219202257019040033
009231219202258014020542
009231219202317014020617
009231219202319014020546
009231219202327016000149
002231219202336019110013
009231219202349014020231
002231219202417019050084
002231219202636019060103
002231219202639019060113
002231219202830019060120
002231219203546019030042
001231219203813016010024
001231219203817016010120
002231219204027016000090
001231219205204015010017
001231219205208014010493
001231219205212014010357
001231219205216014010617
001231219205220014010615
001231219205230014010536
001231219205232014010460
001231219205237014010535
003231219205245019110043
001231219205251014010068
002231219205819019070031
002231219210035019010108
001231219210136019060076
001231219210138019060076
002241219071629019030045
002241219071707016000090
001241219071845016010098
001241219071859016010119
001241219071908016010081
002241219072021019010132
001241219072051016010045
001241219072147016010095
001241219072252016010079
001241219072421016010056
001241219072427016010130
001241219072433016010131
001241219072436016010105
001241219072501016010071
009241219072516016010129
001241219072531016010090
002241219072543019010087
001241219072604016010106
001241219072609016010024
001241219072622016010120
001241219072630016010110
001241219072641016010080
001241219072657016010073
001241219072658016010073
006241219072700013020543
002241219072709019050235
001241219072717016010121
002241219072748014030055
001241219072816016010122
002241219072838019030001
001241219072840016010082
001241219072935016010125
001241219072958016010048
001241219073007019010125
001241219073014016010077
002241219073026014030374
001241219073052016010032
006241219073111011000051
002241219073124015030444
002241219073128015030444
001241219073134016010084
001241219073150016010124
002241219073222019110027
001241219073327015010001
003241219073348012030402
002241219073402012160275
002241219073419019100046
003241219073433013010768
002241219073436019020401
006241219073447011000491
001241219073500016010127
002241219073529019060123
002241219073535019060003
002241219073551019050188
003241219073602012030335
008241219073614014020451
006241219073640011000359
008241219073651013020255
001241219073712019020402
008241219073721012070010
003241219073735013010771
002241219073737015030473
002241219073741015030476
004241219073757013030625
001241219073807012060372
003241219073808013010365
004241219073812012160136
004241219073824013030624
003241219073826012030349
008241219073832013020849
008241219073849012080189
003241219073902012040293
001241219073923012060369
002241219073925019020231
002241219073929013030638
002241219073929019030048
001241219073936016000073
002241219073938019020399
006241219073939011000473
001241219073942016000152
002241219073942019060086
006241219073943011000675
001241219073944016000152
001241219073949016010123
006241219073955012160021
002241219074000019030049
002241219074001012130165
006241219074010013010270
002241219074015019020374
008241219074022012090330
006241219074024013020067
002241219074034019050084
002241219074041019050094
004241219074052012180158
006241219074052011000078
003241219074109012040466
001241219074122012040438
006241219074132013010009
003241219074138014010565
009241219074146012070187
009241219074153012100311
004241219074157013030546
008241219074158013020562
002241219074158019060103
003241219074210012060007
004241219074213012150190
009241219074224014020588
003241219074225012060396
009241219074227015020687
008241219074231012110151
003241219074237013010672
001241219074241012020388
002241219074244019060101
004241219074245012180046
002241219074249013030466
008241219074256012100218
008241219074300015020635
006241219074301011000564
002241219074310012130297
004241219074325012140457
006241219074325014030174
008241219074325012090404
008241219074332012070437
002241219074340019050216
002241219074341019050216
001241219074342013010479
006241219074345013010014
001241219074346014010584
009241219074346012120489
006241219074348013010001
003241219074354015010798
009241219074354013020532
004241219074355012170292
002241219074356019110014
008241219074400012110437
002241219074401019020260
006241219074402012040209
009241219074406013020884
006241219074407011000683
006241219074410011000666
004241219074413012150283
006241219074415011000692
002241219074420019020318
006241219074422015090579
001241219074426013010755
002241219074439019050228
008241219074440012120377
006241219074441011000165
004241219074442012170279
003241219074443013010651
009241219074444012110482
004241219074449012180299
003241219074451012010426
008241219074453012110400
008241219074457012100323
008241219074459012120500
004241219074503013030565
008241219074503012110297
004241219074506013030545
002241219074507019030047
008241219074509012070429
006241219074514011000737
003241219074525012030276
009241219074526013020692
006241219074529011000595
009241219074530013020855
006241219074534015090568
004241219074538014030342
003241219074539012060426
002241219074539019100039
004241219074540014030077
008241219074543015020668
008241219074546015020677
009241219074548013020864
008241219074549013020851
001241219074552015010737
008241219074554012070435
004241219074557012140167
001241219074557014010201
003241219074603013010677
002241219074603019020313
004241219074604013030386
002241219074607019050225
003241219074610013010426
006241219074612019100067
009241219074613012090375
008241219074613013020683
002241219074614019020403
006241219074615019100067
008241219074616012100429
002241219074618019010119
006241219074619011000699
009241219074623012090405
003241219074625013010800
008241219074625013020844
009241219074626012090405
008241219074627012110495
004241219074630013030382
002241219074630019060113
006241219074632012010019
003241219074633012040476
006241219074637012120199
002241219074638019060120
002241219074639014030239
009241219074639015010696
009241219074642014020635
009241219074645012070407
004241219074649013030607
002241219074649019050128
009241219074649012100450
009241219074652012090372
004241219074700013030646
001241219074700013010716
009241219074700012080467
002241219074701014030366
002241219074702019100070
002241219074704012140445
003241219074707012020121
008241219074707013020438
009241219074709015020604
003241219074710012030387
002241219074710014030454
002241219074715019110033
004241219074716012130312
004241219074724013030629
003241219074726012040192
004241219074727013030443
008241219074727012090393
009241219074728013020703
001241219074729012050331
002241219074731019100032
009241219074731012080343
008241219074731012070445
004241219074732012150274
001241219074732012010419
001241219074734015010788
006241219074734019100066
008241219074737015020671
009241219074739012120487
002241219074741013030349
009241219074742012120490
002241219074743012180252
006241219074744011000258
002241219074745019050112
003241219074746013010788
009241219074746012110377
002241219074748019050164
008241219074748012110427
001241219074752012010340
004241219074753013030246
008241219074755013020723
009241219074756015020647
003241219074758013010505
004241219074758012150091
008241219074759012110367
006241219074800011000740
001241219074801012030350
004241219074802015030371
009241219074802012100432
003241219074803013010007
003241219074805015010687
009241219074805012080408
006241219074805013030188
002241219074806019050026
004241219074807015030368
003241219074808013010759
004241219074808015030465
002241219074808012140474
008241219074808012100432
002241219074809012130343
004241219074811012160282
003241219074812012010364
002241219074814012150250
004241219074814012170077
009241219074814012120395
003241219074815012060384
006241219074816013010321
008241219074819012110474
002241219074822019050230
003241219074824012040442
003241219074826013010726
008241219074828013020858
009241219074830012120484
001241219074833014010573
008241219074836013020821
006241219074839011000601
008241219074839013020824
001241219074840012020228
001241219074843015010669
008241219074843012100006
004241219074844014030334
001241219074845012010410
001241219074847012040433
006241219074847011000445
008241219074848012100411
002241219074848019020383
008241219074851012090302
001241219074852014010600
006241219074852011000735
002241219074852019060095
008241219074855014020523
002241219074856019040035
006241219074858011000735
003241219074859012030403
002241219074902019070014
001241219074903012030333
006241219074904011000086
001241219074906014010570
002241219074906019060122
008241219074906015020029
004241219074907012170144
008241219074908013020606
001241219074909015010758
006241219074909011000736
002241219074909019050220
004241219074910012180171
008241219074912012090248
004241219074913012130341
006241219074914012070006
008241219074914015020679
003241219074915013010695
002241219074915019020211
004241219074916012160075
002241219074917014030325
008241219074917012100423
004241219074918013030622
006241219074919011000730
008241219074919012110466
009241219074919013020818
008241219074925014020486
008241219074930014020611
004241219074934013030516
002241219074936015030455
002241219074936019020061
008241219074938013020753
002241219074939019060119
001241219074941019020340
006241219074941011000713
002241219074943016000123
002241219074945014030421
006241219074945011000713
008241219074945012110494
002241219074945019100063
001241219074949012020324
004241219074950015030343
009241219074950015020652
001241219074951012050285
004241219074952012180276
001241219074954014010440
004241219074955013030498
008241219074957013020850
003241219074958012010309
001241219074958016000126
001241219075000016000126
002241219075001012170305
002241219075001019040001
004241219075002012140466
001241219075003016000062
003241219075004012040469
002241219075004013030518
004241219075006015030443
002241219075006013030627
008241219075007012110404
006241219075009011000687
004241219075010012140435
006241219075015013030003
008241219075015012100327
001241219075016012050213
002241219075016019020301
001241219075018015010787
006241219075018012020340
008241219075019015020545
003241219075021012050308
001241219075021012040425
006241219075021015090608
009241219075022012080267
008241219075023013020749
006241219075024015090608
003241219075025012020348
009241219075025015020630
001241219075027016010050
003241219075028013010772
003241219075030013010624
006241219075030011000722
004241219075031014030426
008241219075031012070244
001241219075032013030157
009241219075032019020387
004241219075033014030423
008241219075033012100134
002241219075034014030365
006241219075034015090627
001241219075035014010563
004241219075036013030356
008241219075036013020542
002241219075037019060107
001241219075038012060405
004241219075039012180284
009241219075039013020868
008241219075039012080456
009241219075040013020868
001241219075041012040461
009241219075041013020868
008241219075041012080375
003241219075043012030372
001241219075043018010067
002241219075043019020404
009241219075043012100434
004241219075043012150318
006241219075044015090621
008241219075044014020606
002241219075045012150278
009241219075045012100434
001241219075047012040462
009241219075047012110454
008241219075047012070387
008241219075048012100436
009241219075050014020088
008241219075050013020823
008241219075052012120425
004241219075053012180251
008241219075055012120470
001241219075056012040403
009241219075057012120476
008241219075058013020755
006241219075058011000728
003241219075059013010541
004241219075059013030366
006241219075102011000710
009241219075103012100451
004241219075103012170257
008241219075104012120482
002241219075105014030159
003241219075106012030036
004241219075106012170178
002241219075108012130327
001241219075109012060383
008241219075109012090335
001241219075109018010054
002241219075110014030458
009241219075110012120479
006241219075111011000678
004241219075111012140462
002241219075112015030469
001241219075112012050344
003241219075112013010577
008241219075112012100312
009241219075112012100416
009241219075113012100416
001241219075115014010316
002241219075115012160259
008241219075115012100257
006241219075115011000203
001241219075117012040444
008241219075118012120412
006241219075118011000729
002241219075120012160300
001241219075120015010632
003241219075120013010770
006241219075120011000727
001241219075120018010059
008241219075121015020502
003241219075122012060378
004241219075122012150196
006241219075123011000651
001241219075123018010059
008241219075123013020780
003241219075124012050254
008241219075126012110410
006241219075126011000700
003241219075127012010327
001241219075128012010341
009241219075128015020676
008241219075128015020658
004241219075128012160313
003241219075130012040473
001241219075131012030404
008241219075131012070414
004241219075131013030508
002241219075132015030410
003241219075132012030399
001241219075133015010781
001241219075134015010797
008241219075135012100223
009241219075135013020188
004241219075136012140434
002241219075137013030339
002241219075137019050247
006241219075138011000686
009241219075138013020797
008241219075138014020589
001241219075139012060397
004241219075139012140388
008241219075141012090383
001241219075142019110051
003241219075143012040447
009241219075143012100400
004241219075143012160271
003241219075145013010714
009241219075145019050244
001241219075146015010785
004241219075146012150270
008241219075146012070441
009241219075147012110397
008241219075148012090417
002241219075148019020353
004241219075149012170195
009241219075150015020640
008241219075150013020836
002241219075152015030337
003241219075152019110043
009241219075153013020763
004241219075154012160088
002241219075154019020377
002241219075155014030489
003241219075156012020396
008241219075156014020623
002241219075157019050246
006241219075157011000120
003241219075159012050315
008241219075159012100284
006241219075159011000694
001241219075200015010678
003241219075200012060379
002241219075201019110050
003241219075202012060374
006241219075202011000715
008241219075202012070384
004241219075203012150128
002241219075204012170308
001241219075204012060095
001241219075204013020180
002241219075205012150135
006241219075205015090620
009241219075205014020554
003241219075206012040337
004241219075206012150203
008241219075206012090411
002241219075208015030434
001241219075208013010712
006241219075208013020240
002241219075208019050212
003241219075209015010716
004241219075209012150320
008241219075209014020525
003241219075210012010173
001241219075211015010692
002241219075211013030592
006241219075211013030176
009241219075211015020639
004241219075212012160285
008241219075212014020562
001241219075213013010176
002241219075213019020186
002241219075214012150203
006241219075214012040300
009241219075214012110488
004241219075215012160163
002241219075216014030226
001241219075216015020500
008241219075216014020417
001241219075218014010357
003241219075218012060427
002241219075218019050239
004241219075218012150241
009241219075218012070448
008241219075219015020686
003241219075220013010199
004241219075220012140472
002241219075221014030482
001241219075221015010753
003241219075222013010347
008241219075222012110484
004241219075222012170146
009241219075223013020599
006241219075224011000283
002241219075224019100068
004241219075224013030644
003241219075225012040376
009241219075225013020778
004241219075226013030504
008241219075226015020469
001241219075227014010103
003241219075227012040367
009241219075228015020688
004241219075228013030084
002241219075228019020127
003241219075229012050366
001241219075229015010763
004241219075230014030305
009241219075230012080431
003241219075232012050368
006241219075232011000490
004241219075233012130214
009241219075233015020675
003241219075234012010422
006241219075234012110164
004241219075235013030458
008241219075235013020877
002241219075237014030331
001241219075237012050343
003241219075237013010799
006241219075238011000041
001241219075239015010693
004241219075239015030246
008241219075239012120434
003241219075240012040382
002241219075241019020079
003241219075242012040353
006241219075243015090580
008241219075243012120256
002241219075244012130250
009241219075244012090351
008241219075245012120242
006241219075246011000639
002241219075247012130339
009241219075247012090267
006241219075248011000598
008241219075248012080220
003241219075250015010704
009241219075250013020841
004241219075251013030641
006241219075251011000498
008241219075251012080452
002241219075252012140379
002241219075253019100061
001241219075254012010361
006241219075254011000408
008241219075255012100318
003241219075256012030366
006241219075256011000724
003241219075258014010607
001241219075258014010011
008241219075258012110491
004241219075259012150073
004241219075301012150307
003241219075301012020288
008241219075301012100322
006241219075301012080131
009241219075301013020879
002241219075302014030100
003241219075304012040478
004241219075304012180266
002241219075304019100008
006241219075304012020137
008241219075304013020387
008241219075306013020769
004241219075307013030571
003241219075307013010580
001241219075308012040346
008241219075309013020873
001241219075310012050309
004241219075311014030440
006241219075311011000408
008241219075311012080463
001241219075312012040458
003241219075313015010751
001241219075313012020366
002241219075313014030404
002241219075313019050217
009241219075313014020608
008241219075313013020745
004241219075315012150287
003241219075316012040414
001241219075316012060407
008241219075316014020594
009241219075316014020636
003241219075317013010413
006241219075317011000525
004241219075318013030448
008241219075318013020726
001241219075319014010592
003241219075320012060421
001241219075320018010065
002241219075320019040024
008241219075320012080466
006241219075320014030056
001241219075321012020285
003241219075321012010375
004241219075321012170253
004241219075322013030482
001241219075323013010797
003241219075323012050028
008241219075323012110455
002241219075323019020346
006241219075324011000410
009241219075325012070148
001241219075326012040354
003241219075326012030386
004241219075326014030393
008241219075326012090256
009241219075326012070148
002241219075327019110002
008241219075328012090256
003241219075329013010190
006241219075329011000627
009241219075330012070331
003241219075331012020402
002241219075331019020149
008241219075331014020622
002241219075332019020149
006241219075332011000677
009241219075333013020808
003241219075334013010575
001241219075334013010549
006241219075334012020037
008241219075335015020646
003241219075336012030304
004241219075336012180271
009241219075336012080462
001241219075337012020345
003241219075338014010338
008241219075338014020563
006241219075338011000594
009241219075339012070444
001241219075340012010376
004241219075340013030634
003241219075341012060414
008241219075341014020598
006241219075341015090632
004241219075342012160301
006241219075342011000739
009241219075342014020592
003241219075343013010763
001241219075343014010493
008241219075343013020685
004241219075344012130290
001241219075344014010571
009241219075344012090379
003241219075345013010560
006241219075345011000276
001241219075346016000167
002241219075346019040034
004241219075347012150198
009241219075347013020017
006241219075347011000731
001241219075348014010571
003241219075348012040459
009241219075349012110178
004241219075350012130319
002241219075350019020221
003241219075351012040452
008241219075351012080350
002241219075352012130288
009241219075352012110143
006241219075352011000573
001241219075354012020385
003241219075354015010690
006241219075354012160012
008241219075354012110446
003241219075355012050345
001241219075356014010502
008241219075356013020574
002241219075356019020007
003241219075357012050313
002241219075357015030466
004241219075358012170290
008241219075358013020644
006241219075359011000262
001241219075400012010389
003241219075400012010387
002241219075400019100044
002241219075401012170293
004241219075401012170194
008241219075401012100403
003241219075402013010808
002241219075404013030647
008241219075404013020411
006241219075405011000231
009241219075405012090407
003241219075406012040465
001241219075406014010157
008241219075406012070264
002241219075408015030458
001241219075408012040355
008241219075408012070432
009241219075408012070421
004241219075409013030348
003241219075409012050310
006241219075409011000517
001241219075410014010605
008241219075410013020758
001241219075411012060364
009241219075411012070428
003241219075412012030342
008241219075412013020766
006241219075412011000717
001241219075414013010747
003241219075414012040453
008241219075414012070193
002241219075414019100028
003241219075415012050363
006241219075416011000574
001241219075417015010766
004241219075417012150293
003241219075418015010668
008241219075418014020501
001241219075419012060416
008241219075419012070368
002241219075419019020230
004241219075420012150312
008241219075420012070368
001241219075420015100557
003241219075421013010732
006241219075421011000741
003241219075422012020008
008241219075422012100047
004241219075423013030573
009241219075423012120494
006241219075423015090618
003241219075424013010737
001241219075424013010762
002241219075424019020389
001241219075425013010604
008241219075425014020625
001241219075425012140149
009241219075425012120491
009241219075426012080297
006241219075426013020412
003241219075427013010806
001241219075427012010011
004241219075427012170193
001241219075428013010700
008241219075428013020747
006241219075428013020397
002241219075429019010135
003241219075430012020368
009241219075430014020493
004241219075431013030551
001241219075431013010700
006241219075431011000440
008241219075431014020597
002241219075432014030375
003241219075432012040454
004241219075432013030469
008241219075432014020597
001241219075433012050217
009241219075433014020567
008241219075434012090300
004241219075435012170219
003241219075435015010761
009241219075435012110424
002241219075436012160215
003241219075437012060229
002241219075437019100002
006241219075437019100008
009241219075437013020819
008241219075437014020504
003241219075439012020086
002241219075439015030362
008241219075439012120473
009241219075440012080123
003241219075441013010727
002241219075441012160253
002241219075441019050224
004241219075442012140154
008241219075442012080135
009241219075443014020231
002241219075444014030077
001241219075445015010793
008241219075445012080457
006241219075445012110223
002241219075446015030362
009241219075446012110412
001241219075448014010526
009241219075448014020542
006241219075448011000654
008241219075448012090345
002241219075449013030648
002241219075449019060097
001241219075450012060349
002241219075451016000144
008241219075451012100446
009241219075451012070417
001241219075452012020383
004241219075452013030398
002241219075452019040028
006241219075452012180106
001241219075453013010059
002241219075453014030418
009241219075453015020660
003241219075454012080007
008241219075454012100394
006241219075454011000670
004241219075455012180249
009241219075455012110443
001241219075456012060353
002241219075456019040036
008241219075456012100334
009241219075457012100424
001241219075458014010593
001241219075459015010682
006241219075459012130286
003241219075500012010162
004241219075500012130345
008241219075500012080459
002241219075500019020124
001241219075501012030242
009241219075501015020618
002241219075502014030444
009241219075502015020618
003241219075503012050123
004241219075503012150100
001241219075503016000064
008241219075503012110351
002241219075503019020394
006241219075503011000726
002241219075504015030187
009241219075504015020535
001241219075505014010569
008241219075505013020468
003241219075506012030401
004241219075506012130075
002241219075506014030480
006241219075506011000681
009241219075506013020866
001241219075507014010460
008241219075507012120368
003241219075508012030377
009241219075508012110477
001241219075509015030454
002241219075510012160307
003241219075510012010237
001241219075510012060005
006241219075511012050057
009241219075511012110373
003241219075512013010787
004241219075512012150098
001241219075513013010035
002241219075513019020382
003241219075514013010520
009241219075514013020832
001241219075515014010578
009241219075516012120354
004241219075517012170218
006241219075517015090617
003241219075518013010735
001241219075518013010021
002241219075518012180157
009241219075518012110481
003241219075520012040437
001241219075520014010580
001241219075520015100546
006241219075520011000668
004241219075521012170265
002241219075521019040023
009241219075521013020833
002241219075522012140389
001241219075522012050358
006241219075522012130120
003241219075523012030344
003241219075524015010721
001241219075524014010510
004241219075524013030535
009241219075524012080430
002241219075525014030289
006241219075525011000343
008241219075525012070382
002241219075526012160279
001241219075526014010581
002241219075526019110005
004241219075527013030590
003241219075527013010646
006241219075527013010151
002241219075527019110005
009241219075527012100252
001241219075528012020352
002241219075528012160280
008241219075528014020581
003241219075529012050351
001241219075529018010069
006241219075529011000718
004241219075530012140456
002241219075530012140475
001241219075531015030112
008241219075531012090350
003241219075532012040273
001241219075532013010446
006241219075532015090611
004241219075533012140422
001241219075533013030071
003241219075534012060166
006241219075534013010294
008241219075534013020795
009241219075534014020593
004241219075536012180212
003241219075536012050195
008241219075536013020874
002241219075537012180275
004241219075537012170231
009241219075537014020435
006241219075537013020068
002241219075537019050091
003241219075538012040467
002241219075539012140458
001241219075539015010802
008241219075539013020878
001241219075539018010047
004241219075540012160287
009241219075540013020831
002241219075540019010116
003241219075541013010693
001241219075542012070449
008241219075542012110487
009241219075542013020862
004241219075543013030507
003241219075544012050266
006241219075544012140043
009241219075544015020669
001241219075545019020282
008241219075545015020580
004241219075546013030379
003241219075546012010414
001241219075546015010790
006241219075547013020154
008241219075547012110480
001241219075547016000166
001241219075548014010432
009241219075548014020551
002241219075548019020275
004241219075549014030478
003241219075550012010329
001241219075550013010213
006241219075550011000732
008241219075550013020812
004241219075551012180278
003241219075551013010777
001241219075551015100560
001241219075552014010617
002241219075552015030461
002241219075552019020326
008241219075553014020618
003241219075554012050225
001241219075554013010798
006241219075554011000566
004241219075555012140446
003241219075556012040443
008241219075556012100425
002241219075556019050242
001241219075557014010494
004241219075557012140086
006241219075557011000586
003241219075558014010003
009241219075558012070308
008241219075559012090344
001241219075600013010011
004241219075600012130344
003241219075601013010803
008241219075601013020793
003241219075602012050364
004241219075602012180272
001241219075602012040446
002241219075602015030431
001241219075602016000168
006241219075602013020326
004241219075603013030576
001241219075604012030356
008241219075604012080413
002241219075605014030388
003241219075605013010780
009241219075605012080078
004241219075606012180220
001241219075606015010807
001241219075606016000168
001241219075607012040468
003241219075607014010452
009241219075607012120415
008241219075607012110442
001241219075608012010377
003241219075608014010603
004241219075608013030550
002241219075609019060084
001241219075609013020226
001241219075610014010538
008241219075610012100380
004241219075611014030430
003241219075611012030261
002241219075612014030488
001241219075612012050360
001241219075612016000101
004241219075613014030160
003241219075613013010682
003241219075614012020286
004241219075614012180258
002241219075614019050148
004241219075615015030356
001241219075615015010752
001241219075615016000003
002241219075616014030448
006241219075616014030087
002241219075616019100052
003241219075617012050204
002241219075617012140442
008241219075617015020655
001241219075617016000003
004241219075618012150255
003241219075619012030400
003241219075621012040423
004241219075621012150260
006241219075621016010086
009241219075621013020504
002241219075621019050029
008241219075621012110340
003241219075622013010776
001241219075622013010006
002241219075623012160291
004241219075623015030445
008241219075623012110353
006241219075624014010053
003241219075625013010730
001241219075625014010424
004241219075625013030325
009241219075625014020524
008241219075626012100329
001241219075627012010421
003241219075627012030355
006241219075627013020274
004241219075628012150286
003241219075628013010522
009241219075628012090423
001241219075629012060415
006241219075629011000534
008241219075629013020748
004241219075631012060309
009241219075631012090041
003241219075632012040445
001241219075632013010606
006241219075632011000065
008241219075632013020825
002241219075632019100018
004241219075633013030606
002241219075633013030642
009241219075633012070427
006241219075634013020581
003241219075635012020392
008241219075635012070344
004241219075636012180277
002241219075636019110046
003241219075637012030405
006241219075637012160085
008241219075637012080419
004241219075638012130280
001241219075638015010683
003241219075638012010413
008241219075639012080225
009241219075639014020424
003241219075640012040397
004241219075641012180206
002241219075641014030425
001241219075642014010614
006241219075642011000682
008241219075642013020848
003241219075643012040222
002241219075643013030618
006241219075643011000706
004241219075644012150304
009241219075644015020685
003241219075645013010550
002241219075645012140148
008241219075645013020767
004241219075646014030021
002241219075647015030389
004241219075647013030496
003241219075647012040477
006241219075647015090628
008241219075648012090279
003241219075649012010420
002241219075649012150314
004241219075649012130210
008241219075650012070360
003241219075651014010539
004241219075651012180307
006241219075651012160114
002241219075652014030475
008241219075652012110354
004241219075653012140452
003241219075654012030390
002241219075655012130338
008241219075655012090333
006241219075655012020002
002241219075656012180253
003241219075657013010767
004241219075657013030636
002241219075657019020286
003241219075658013010529
002241219075658015030477
008241219075658013020761
009241219075658012080453
002241219075659015030478
004241219075659012180314
006241219075659013030199
001241219075700012030376
003241219075701012020390
008241219075701014020443
001241219075702013010804
004241219075702012160224
002241219075702012150226
006241219075702011000690
003241219075703012010393
002241219075704012130316
004241219075704012180185
008241219075704012070443
001241219075705014010613
003241219075705013010625
009241219075705013020610
006241219075705012110087
004241219075706012170207
008241219075706014020630
001241219075707012010408
003241219075707012060410
009241219075707015020667
002241219075707019110037
001241219075708012030352
004241219075709012130295
001241219075709015010473
003241219075709015010783
008241219075709012110378
006241219075709012130223
002241219075710012130333
009241219075710014020617
004241219075711013030617
008241219075711012070438
002241219075711019020363
006241219075711012130091
001241219075712012010277
003241219075712015010550
008241219075712013020781
002241219075713012160230
001241219075713013010734
004241219075713013030460
006241219075713014030109
008241219075714012090424
001241219075715015010596
002241219075715012170271
003241219075715012010247
004241219075715014030490
009241219075715013020198
001241219075716014010615
002241219075716019100065
004241219075717012130322
001241219075717012030266
002241219075717019100065
008241219075717015020386
001241219075717018010070
009241219075717012100224
006241219075717011000277
002241219075718015030459
003241219075718013010807
004241219075718015030438
002241219075718019050243
001241219075719015010784
003241219075719014010208
009241219075719014020416
008241219075719012110461
004241219075720012140444
009241219075720012080383
003241219075721012060434
002241219075721013030639
004241219075721012160298
006241219075721013010358
008241219075721015020680
001241219075722019020373
006241219075722011000725
003241219075723012060432
002241219075723019100065
001241219075724014010596
004241219075724015030437
008241219075724012110414
002241219075725014030424
006241219075725012060015
003241219075726012010293
002241219075726012140453
009241219075726014020351
001241219075727015010129
004241219075727015030395
006241219075727012010292
008241219075727014020626
002241219075728014030290
001241219075729012040410
004241219075729012150303
008241219075729014020180
003241219075730015010717
006241219075730011000723
001241219075730016000008
001241219075731013010331
008241219075731012100405
003241219075732013010733
001241219075732018010072
009241219075732013020810
001241219075733014010033
006241219075733011000581
003241219075734015010615
004241219075734013030066
009241219075734012120143
008241219075734012080284
002241219075735012170264
001241219075735012080448
001241219075736012020111
003241219075736012030353
002241219075736019050126
006241219075736012020162
009241219075737014020620
008241219075737015020057
004241219075738014030438
006241219075738011000568
002241219075739014030356
003241219075739015010769
009241219075739014020426
004241219075740014030471
002241219075740013030563
008241219075740014020574
003241219075741012030230
009241219075741012080464
008241219075742012120461
006241219075742012080163
002241219075742019060001
002241219075743015030262
004241219075743013030456
009241219075743013020820
003241219075744013010774
002241219075745012160292
004241219075745015010791
002241219075745019050183
006241219075745012050129
002241219075746012140235
001241219075746015010796
009241219075746013020882
003241219075747013010785
004241219075747012140363
001241219075747012050279
006241219075747013010015
008241219075747015020591
002241219075748012180287
001241219075748013010688
004241219075748013030608
009241219075748013020882
003241219075749012060356
001241219075749014010457
003241219075750013010631
004241219075750012180259
002241219075751012170309
001241219075751012030363
004241219075751012140469
006241219075751013010392
009241219075751012080427
002241219075752012170277
001241219075752012020311
004241219075752013030412
008241219075753013020882
009241219075753013020867
002241219075754015030388
004241219075754015030467
001241219075754014010241
003241219075754012020400
006241219075754011000691
001241219075756012040450
009241219075756014020512
008241219075756014020633
006241219075756014020288
004241219075757012140461
002241219075757012170266
001241219075757014010575
003241219075757014010436
001241219075757015100546
004241219075758012140470
009241219075758014020007
006241219075758011000026
003241219075759013010567
004241219075759013030619
008241219075759013020738
009241219075759014020394
001241219075800013010805
004241219075800012170127
002241219075800013030649
006241219075801011000648
003241219075802012020398
004241219075802012130205
008241219075802015020478
009241219075802014020546
001241219075803012020382
008241219075803015020531
006241219075803011000026
009241219075804012110485
002241219075805012140449
003241219075805013010653
008241219075805012110483
009241219075805014020411
006241219075805011000662
004241219075806014030437
003241219075807012060221
001241219075807014010599
008241219075807015020568
009241219075807012090406
004241219075808012150294
008241219075808012120499
006241219075808011000663
002241219075808019040032
003241219075809015010794
008241219075809012120499
001241219075810014010612
009241219075810015020654
002241219075811014030250
004241219075811013030162
006241219075811015090616
002241219075811019020212
003241219075812012050365
004241219075812012140465
009241219075812015020643
008241219075812012080454
003241219075813012040429
001241219075813012010348
002241219075813015030244
004241219075813013030441
001241219075814012020322
002241219075814012160296
006241219075814011000422
009241219075814012080017
001241219075814015100559
001241219075815012060253
009241219075815015020659
008241219075815013020843
002241219075816015030279
004241219075816012180292
003241219075816013010739
001241219075817014010537
004241219075817013030479
006241219075817011000738
003241219075818013010793
001241219075819012040417
002241219075819012170056
004241219075819013030119
001241219075819015100543
008241219075819012080345
001241219075820015010800
006241219075820011000719
004241219075821012180312
002241219075821014030369
003241219075821013010662
002241219075821019020379
009241219075821013020860
002241219075822014030279
003241219075822012060360
006241219075822011000001
001241219075822019030050
004241219075823012140464
002241219075823014030031
002241219075823019050237
008241219075823012070410
009241219075824012100443
006241219075824011000263
004241219075825012150297
003241219075825012050194
008241219075825012110467
002241219075826012150315
004241219075826012140426
001241219075826012040464
003241219075827012050303
006241219075827012020013
001241219075827016000163
009241219075827012120393
002241219075828012170303
008241219075828012100350
002241219075829012130263
003241219075829013010454
004241219075829012140088
006241219075829011000704
004241219075830013030354
009241219075830013020763
001241219075830016000163
003241219075831012030256
002241219075832012120481
004241219075833014030390
008241219075833013020674
009241219075833012070447
006241219075833011000632
004241219075834013030633
003241219075834012050311
008241219075835012070440
009241219075835013020837
002241219075835019060124
002241219075836013030596
003241219075836012050009
001241219075836012030381
004241219075837013030523
009241219075837014020528
006241219075837012020274
003241219075838013010460
001241219075838014010522
002241219075838013030484
008241219075838012080468
004241219075839012130336
002241219075839014030381
003241219075840013010724
006241219075840011000398
009241219075840014020603
004241219075841013030603
001241219075841012050234
002241219075841014030450
008241219075841012100364
003241219075842014010444
002241219075843012130303
004241219075843013030425
001241219075844012030300
002241219075844019100072
008241219075844012100431
002241219075845014030427
004241219075845012130059
003241219075845014010525
009241219075845014020553
002241219075846015030470
008241219075846012110382
003241219075847012050238
004241219075847012160293
002241219075848012150305
008241219075848012110382
002241219075848019050238
009241219075848014020631
002241219075850014030467
001241219075850013010023
004241219075850012160236
008241219075850014020511
009241219075850014020043
002241219075851019110048
004241219075852012130264
001241219075852014010558
009241219075852015020410
008241219075853012080364
001241219075854013010751
004241219075854012170297
003241219075854012050357
002241219075854019110040
006241219075854011000640
008241219075854012080364
009241219075854013020282
003241219075855012050334
001241219075855012030368
001241219075855016000154
002241219075856014030476
004241219075856012140429
001241219075856015010017
009241219075856015020013
008241219075856012080380
002241219075856019040021
001241219075856016000154
001241219075857014010250
006241219075857011000733
004241219075857014030267
003241219075858013010515
008241219075858012120433
002241219075859012180310
009241219075859015020577
006241219075859011000674
002241219075859019030032
004241219075859012140473
001241219075900013020881
003241219075901012020399
008241219075901013020835
001241219075902014010536
003241219075902012020403
004241219075902012150170
002241219075902019050240
009241219075902013020883
002241219075903012130116
006241219075903012050085
008241219075903013020826
009241219075903014020398
003241219075904013010769
001241219075904012030397
002241219075904019020273
004241219075904013030605
001241219075905019030046
009241219075905015020451
003241219075906013010781
004241219075906015030475
006241219075906012010201
008241219075906012090401
001241219075907014010535
002241219075907012150261
009241219075907012110406
003241219075908012060359
002241219075908019020349
009241219075908012110421
006241219075909015020199
008241219075909013020838
004241219075909012170217
002241219075910019050196
004241219075910012170298
001241219075911019030046
009241219075911015020623
002241219075912014030416
003241219075912013010710
008241219075912012120493
004241219075912012140460
003241219075913012020381
009241219075913012110486
006241219075913011000555
002241219075914019030022
004241219075914012140374
008241219075914012090339
001241219075914019030046
001241219075915012050179
003241219075915012030327
002241219075915015030475
004241219075915013030558
009241219075915012090414
008241219075916012070404
009241219075916012070286
003241219075917012050356
004241219075917012130271
004241219075918013030346
008241219075919012090396
001241219075919012150311
002241219075919019020327
006241219075919011000636
009241219075919012120486
003241219075920012010010
009241219075920015020678
004241219075921012170235
008241219075921013020572
001241219075921012150311
003241219075922013010244
006241219075922011000388
002241219075922019020095
009241219075923012120477
004241219075923012180313
006241219075924012160104
009241219075924012110375
008241219075924012090394
003241219075925014020020
004241219075926012140127
003241219075927012020404
008241219075927012100398
009241219075927014020615
002241219075928013030587
003241219075928012050307
009241219075928012090368
006241219075928011000388
002241219075928019020397
008241219075929012120399
001241219075929012040131
004241219075929013030562
002241219075930014030485
003241219075930012030396
004241219075930012130298
006241219075931011000388
001241219075931015030106
009241219075931014020006
002241219075931019020335
008241219075932014020404
004241219075932012160190
003241219075933013010795
009241219075933015020681
003241219075934012050350
006241219075934011000388
004241219075934012150171
008241219075934013020811
001241219075934018010066
002241219075934019010109
001241219075936014010411
004241219075936015030306
003241219075937015010610
002241219075937014030486
006241219075937011000388
009241219075937013020822
001241219075937016000058
008241219075937014020565
004241219075939014030470
009241219075939012080366
008241219075939013020536
003241219075940012020391
006241219075940011000388
004241219075941014030299
001241219075941015100556
009241219075941012090380
008241219075942014020607
004241219075942015030457
001241219075943018010071
008241219075943013020813
009241219075943012120350
003241219075944013010702
001241219075944015010789
006241219075944011000388
002241219075945014030465
009241219075945012080470
004241219075945013030538
008241219075946013020701
006241219075946011000656
003241219075947012050183
002241219075947014030459
009241219075947014020545
008241219075948012080373
004241219075948013030577
009241219075948012100347
002241219075950013030240
001241219075950014010555
008241219075950012080394
001241219075950016000157
004241219075950012170073
001241219075951014010604
002241219075952013030222
004241219075952012130335
006241219075952012120124
003241219075953013010666
001241219075953016000139
009241219075953012100169
008241219075953013020689
002241219075954012160306
008241219075955012120402
001241219075955016000139
004241219075955012160315
009241219075955012070442
003241219075956013010791
002241219075956019040012
006241219075956012030282
009241219075956012070415
002241219075957012180297
001241219075957014010068
004241219075957012160256
003241219075958012020300
009241219075958015020022
006241219075958012060389
008241219075958012090220
002241219075959013030308
001241219075959019030038
002241219075959019050193
004241219075959012170304
003241219080001013010259
002241219080001012140405
009241219080001016000147
004241219080001012160233
004241219080002012130314
001241219080003012010415
003241219080003012040373
008241219080003012120444
009241219080003012080358
006241219080003012020010
004241219080003012160143
001241219080004012080458
002241219080005012130276
003241219080005012010372
008241219080005012100358
009241219080005012100441
006241219080006012170053
004241219080006012160231
001241219080007012080458
002241219080007013030510
008241219080007012080414
003241219080008012010337
004241219080008012140443
009241219080008015020664
002241219080009013030584
008241219080009012070426
001241219080010012060431
003241219080010015010792
009241219080010012120464
001241219080010016000088
006241219080010012090150
002241219080011015030383
009241219080011012070236
008241219080011013020660
004241219080012013030530
001241219080012012020325
002241219080012019040009
003241219080013013010598
002241219080014013030509
004241219080014012140421
006241219080014014010295
009241219080014014020534
008241219080014012100307
001241219080015012030196
001241219080016014010309
004241219080016014030398
008241219080016012100430
009241219080016012120497
003241219080017015010786
002241219080017012130326
006241219080017015090631
009241219080017012120421
004241219080018015030441
001241219080018013010743
002241219080019014030466
009241219080019013020880
006241219080019012080127
008241219080019012070390
004241219080020012160272
002241219080021014030453
001241219080021014010594
008241219080021012070376
004241219080022013030024
006241219080022019100071
002241219080022019040033
009241219080022014020529
003241219080023012030317
001241219080023018010048
008241219080023012090357
002241219080024012180308
006241219080024015030168
009241219080024013020859
001241219080025015010407
004241219080025012160149
008241219080025012120483
002241219080026012160228
003241219080026012010425
006241219080026011000720
009241219080026014020413
001241219080027012050348
004241219080027012150290
002241219080027019050209
003241219080028013010765
009241219080028012090291
008241219080028014020627
002241219080029013030541
001241219080029015010795
004241219080029012150069
002241219080029013030630
009241219080030014020619
002241219080031012140468
008241219080031014020634
004241219080032014030336
001241219080032012010005
009241219080032012090416
002241219080033012180263
004241219080033012130334
003241219080034012050210
008241219080034012080428
009241219080034012110489
006241219080034012080114
001241219080035014010377
002241219080035015030442
004241219080036012170209
002241219080036019040030
008241219080036013020876
001241219080037015020563
002241219080037013030465
006241219080037011000439
009241219080037014020538
001241219080038012040338
002241219080038019040030
008241219080038012120301
002241219080039014030387
004241219080039012130242
003241219080040012010401
004241219080040012180144
002241219080040019010136
009241219080040014020586
008241219080040013020409
001241219080041012060259
006241219080041012150195
001241219080042014010587
002241219080042014030158
004241219080042012140471
009241219080042012090377
003241219080043013010542
002241219080043012150309
004241219080043012130285
008241219080043015020657
001241219080044014010608
002241219080044012130329
006241219080044012010190
001241219080044015100551
009241219080044012100419
003241219080045015010805
002241219080045019020398
008241219080045012090408
004241219080046012160243
006241219080046011000600
001241219080047015010804
002241219080047012130337
008241219080047012110416
009241219080047013020586
001241219080048014010267
002241219080048012160302
003241219080048012050341
002241219080048019050171
008241219080048012110416
004241219080049012130270
009241219080049012110438
008241219080049012080425
001241219080050014010564
006241219080050012020016
009241219080050015020638
003241219080051012040406
001241219080051012040471
004241219080051012160311
002241219080052013030263
008241219080052012080346
009241219080052014020628
004241219080053012170054
008241219080053012100445
009241219080053013020857
003241219080054013010650
001241219080055014010590
009241219080055012100381
008241219080055012070366
004241219080056012160289
006241219080056012030293
009241219080056015020598
002241219080057013030485
006241219080057015020540
009241219080058012100439
008241219080058012070411
001241219080059014010610
003241219080059012030351
004241219080059012170222
008241219080059012070392
004241219080100012170286
009241219080100012110478
006241219080100015020461
001241219080101014010066
002241219080101019050195
003241219080102012060388
004241219080102012140408
009241219080102014020578
008241219080102012100418
002241219080103012140409
001241219080104012010014
009241219080104012120414
008241219080104014020582
003241219080105012050359
004241219080105013030567
002241219080105019070038
006241219080105013010296
002241219080106014030447
001241219080106012030010
008241219080106014020540
009241219080106012120498
003241219080107014010492
004241219080107015030101
009241219080107013020554
003241219080108013010740
002241219080108012170307
008241219080108013020783
004241219080109014030088
001241219080109012010403
002241219080109019050152
009241219080110012070357
003241219080111012030303
001241219080111012040405
002241219080111012130254
004241219080112013030104
001241219080112015010808
009241219080112012110409
006241219080112012130049
008241219080112012100442
002241219080113015030386
004241219080114013030548
003241219080114012020269
002241219080114019060114
001241219080114016000164
008241219080114013020706
001241219080115013010783
009241219080115012070433
003241219080116014020025
004241219080116012150273
002241219080116012180154
001241219080116016000164
004241219080117012150263
001241219080117012060403
008241219080117014020489
009241219080117012110160
001241219080118014010597
002241219080118019050241
008241219080118014020489
001241219080119012050224
008241219080119012120474
009241219080120012110160
002241219080121012180261
004241219080121012180260
003241219080121012060398
008241219080121012070358
009241219080121012110160
001241219080122015010774
002241219080122015030426
002241219080122019020372
009241219080123012100449
008241219080124013020721
003241219080125012030338
009241219080125012070321
004241219080126013030187
001241219080126016000112
008241219080126013020515
003241219080128012030194
009241219080128014020532
008241219080128013020515
003241219080129013010473
004241219080129012170019
008241219080129012090402
001241219080129019030043
002241219080130014030399
009241219080130013020643
008241219080131012110458
009241219080131014020571
003241219080132013010004
004241219080132012140437
002241219080133013030631
001241219080133018010068
006241219080133014020055
004241219080134015030439
009241219080134016000124
003241219080135012020389
009241219080135013020803
002241219080135019050205
003241219080136012080131
002241219080136012130271
001241219080136016000161
004241219080137012130014
009241219080137013020773
008241219080137014020536
002241219080138012140428
001241219080138019010128
002241219080138019020307
004241219080139014030150
001241219080139012020367
009241219080139013020840
003241219080140015010780
001241219080141012010382
004241219080141012180262
008241219080141012070338
002241219080142019050213
006241219080142012120196
002241219080143012140428
001241219080144013010761
008241219080144014020502
006241219080145012130102
009241219080145015020624
002241219080145019050214
002241219080146015030468
002241219080147019020065
002241219080148015030426
004241219080149015030451
008241219080150013020852
009241219080150012080266
002241219080151014030481
004241219080151014030452
001241219080151014010200
003241219080151014010524
009241219080152013020863
002241219080152019020368
004241219080153012160087
006241219080153012010028
002241219080154012130302
008241219080154012070431
008241219080155012070431
002241219080156012180257
002241219080156019050245
008241219080156012120465
004241219080157012170228
006241219080157013020428
002241219080159012130330
002241219080159019110013
002241219080201012140425
006241219080201012090035
009241219080201012070439
002241219080201019040006
002241219080202015030402
004241219080202012150301
008241219080202012100367
001241219080203018010018
002241219080204012180305
001241219080204015010731
009241219080204012080447
006241219080205012060241
008241219080205014020414
004241219080206012130317
008241219080207012080424
006241219080208015090633
009241219080208013020799
001241219080209019060076
002241219080209019020378
008241219080209013020619
001241219080210013010641
009241219080210012090348
002241219080211014030001
009241219080212012080418
008241219080212013020626
001241219080213012010338
002241219080213014030022
008241219080214012120306
009241219080214014020566
003241219080216012010385
006241219080217013010117
002241219080220015030247
006241219080220012110004
002241219080222012170299
008241219080222012080361
002241219080223014030487
009241219080223015020641
006241219080225012160222
008241219080225012070403
009241219080226013020817
008241219080227012080429
006241219080228011000169
009241219080230012110479
008241219080230012120419
004241219080231013030075
009241219080231012120401
002241219080234012150271
009241219080234013020425
004241219080235012180159
003241219080235012030328
001241219080235012100385
002241219080241019010094
002241219080243014030373
003241219080244012030095
001241219080245012050367
009241219080245015020541
001241219080245018010055
002241219080246019010118
004241219080249012150299
002241219080249019040015
002241219080250014030449
006241219080251012010405
004241219080252012140225
001241219080253012050347
002241219080253014030484
006241219080253015090629
008241219080253012120431
009241219080253012090343
004241219080254013030399
006241219080255012030316
001241219080256012030329
002241219080256014030217
008241219080256012090272
002241219080258012170295
004241219080259013030609
008241219080259014020616
002241219080301013030623
006241219080301013010215
009241219080304012120463
001241219080305012030361
009241219080306013020640
008241219080308014020331
001241219080309012070090
004241219080311012170267
008241219080313014020513
004241219080314012140337
004241219080316013030440
002241219080316012140430
003241219080316012040420
009241219080316014020036
002241219080317012170280
008241219080317012120475
002241219080318019090016
001241219080319016000169
006241219080319014020550
008241219080320012090388
004241219080322012170291
008241219080323012110464
003241219080324012010398
009241219080325012120440
004241219080328012020358
009241219080328012090410
002241219080330019020150
001241219080331012030385
004241219080332014030368
008241219080332012090391
004241219080336012140463
002241219080336019040016
001241219080338014010133
009241219080339015020674
003241219080340013010284
008241219080343014020570
003241219080345012030406
001241219080346012060368
001241219080349012010423
009241219080353016000149
008241219080354012090413
004241219080355012130278
002241219080356012170275
009241219080356012090419
002241219080359019010134
004241219080400013030331
009241219080400012070450
002241219080402014030176
008241219080406014020120
002241219080407019020393
004241219080410013030591
001241219080410012030305
009241219080415014020568
008241219080415012100201
004241219080416012130267
008241219080418012090309
004241219080422012150295
008241219080422012080469
004241219080425012180301
001241219080428014010611
002241219080429019020323
002241219080438019070001
004241219080439013030614
002241219080442019050234
002241219080446012140431
003241219080447012050353
002241219080454019030042
004241219080517012170310
008241219080524013020870
004241219080533012140420
001241219080537014010508
009241219080541012120448
009241219080553012070197
004241219080601012150310
008241219080603012100428
006241219080612014030096
002241219080613019020353
002241219080619019040020
002241219080625019010008
008241219080633013020790
009241219080637012120454
002241219080638019050170
009241219080638012120454
009241219080639012120454
009241219080642015020663
001241219080710012050147
004241219080720012150201
008241219080728014020470
008241219080729014020470
008241219080730014020470
009241219080747012090399
004241219080752013030610
002241219080803012140447
002241219080804019010072
002241219080809019020065
002241219080902015030474
009241219080922014020530
003241219080932012040411
002241219080942019110049
009241219080943012110476
008241219081108012080438
001241219081127016000007
001241219081129016000001
002241219081152019010131
009241219081202012120488
003241219081236012010424
002241219081240019020263
006241219081249019100013
006241219081254019100013
002241219081553019020103
001241219081811016000012
004241219081818012140441
002241219081836019010133
003241219081845013010794
001241219082014012060387
002241219082045019010074
001241219082109016000052
002241219082111019020392
