002241219071629019030045
002241219071707016000090
001241219071845016010098
001241219071859016010119
001241219071908016010081
002241219072021019010132
001241219072051016010045
001241219072147016010095
001241219072252016010079
001241219072421016010056
001241219072427016010130
001241219072433016010131
001241219072436016010105
001241219072501016010071
009241219072516016010129
001241219072531016010090
002241219072543019010087
001241219072604016010106
001241219072609016010024
001241219072622016010120
001241219072630016010110
001241219072641016010080
001241219072657016010073
001241219072658016010073
006241219072700013020543
002241219072709019050235
001241219072717016010121
002241219072748014030055
001241219072816016010122
002241219072838019030001
001241219072840016010082
001241219072935016010125
001241219072958016010048
001241219073007019010125
001241219073014016010077
002241219073026014030374
001241219073052016010032
006241219073111011000051
002241219073124015030444
002241219073128015030444
001241219073134016010084
001241219073150016010124
002241219073222019110027
001241219073327015010001
003241219073348012030402
002241219073402012160275
002241219073419019100046
003241219073433013010768
002241219073436019020401
006241219073447011000491
001241219073500016010127
002241219073529019060123
002241219073535019060003
002241219073551019050188
003241219073602012030335
008241219073614014020451
006241219073640011000359
008241219073651013020255
001241219073712019020402
008241219073721012070010
003241219073735013010771
002241219073737015030473
002241219073741015030476
004241219073757013030625
001241219073807012060372
003241219073808013010365
004241219073812012160136
004241219073824013030624
003241219073826012030349
008241219073832013020849
008241219073849012080189
003241219073902012040293
001241219073923012060369
002241219073925019020231
002241219073929019030048
002241219073929013030638
001241219073936016000073
002241219073938019020399
006241219073939011000473
002241219073942019060086
001241219073942016000152
006241219073943011000675
001241219073944016000152
001241219073949016010123
006241219073955012160021
002241219074000019030049
002241219074001012130165
006241219074010013010270
002241219074015019020374
008241219074022012090330
006241219074024013020067
002241219074034019050084
002241219074041019050094
006241219074052011000078
004241219074052012180158
003241219074109012040466
001241219074122012040438
006241219074132013010009
003241219074138014010565
009241219074146012070187
009241219074153012100311
004241219074157013030546
002241219074158019060103
008241219074158013020562
003241219074210012060007
004241219074213012150190
009241219074224014020588
003241219074225012060396
009241219074227015020687
008241219074231012110151
003241219074237013010672
001241219074241012020388
002241219074244019060101
004241219074245012180046
002241219074249013030466
008241219074256012100218
008241219074300015020635
006241219074301011000564
002241219074310012130297
006241219074325014030174
004241219074325012140457
008241219074325012090404
008241219074332012070437
002241219074340019050216
002241219074341019050216
006241219074345013010014
001241219074346014010584
009241219074346012120489
006241219074348013010001
009241219074354013020532
003241219074354015010798
004241219074355012170292
002241219074356019110014
008241219074400012110437
002241219074401019020260
006241219074402012040209
009241219074406013020884
006241219074407011000683
006241219074410011000666
004241219074413012150283
006241219074415011000692
002241219074420019020318
006241219074422015090579
001241219074426013010755
002241219074439019050228
008241219074440012120377
006241219074441011000165
004241219074442012170279
003241219074443013010651
009241219074444012110482
004241219074449012180299
003241219074451012010426
008241219074453012110400
008241219074457012100323
008241219074459012120500
004241219074503013030565
008241219074503012110297
004241219074506013030545
002241219074507019030047
008241219074509012070429
006241219074514011000737
003241219074525012030276
009241219074526013020692
006241219074529011000595
009241219074530013020855
006241219074534015090568
004241219074538014030342
003241219074539012060426
002241219074539019100039
004241219074540014030077
008241219074543015020668
008241219074546015020677
009241219074548013020864
008241219074549013020851
001241219074552015010737
008241219074554012070435
004241219074557012140167
001241219074557014010201
003241219074603013010677
002241219074603019020313
004241219074604013030386
002241219074607019050225
003241219074610013010426
006241219074612019100067
009241219074613012090375
008241219074613013020683
002241219074614019020403
006241219074615019100067
008241219074616012100429
002241219074618019010119
006241219074619011000699
009241219074623012090405
008241219074625013020844
003241219074625013010800
009241219074626012090405
008241219074627012110495
004241219074630013030382
002241219074630019060113
006241219074632012010019
003241219074633012040476
006241219074637012120199
002241219074638019060120
009241219074639015010696
002241219074639014030239
009241219074642014020635
009241219074645012070407
009241219074649012100450
002241219074649019050128
004241219074649013030607
009241219074652012090372
009241219074700012080467
001241219074700013010716
004241219074700013030646
002241219074701014030366
002241219074702019100070
002241219074704012140445
003241219074707012020121
008241219074707013020438
009241219074709015020604
002241219074710014030454
003241219074710012030387
002241219074715019110033
004241219074716012130312
004241219074724013030629
003241219074726012040192
008241219074727012090393
004241219074727013030443
009241219074728013020703
001241219074729012050331
008241219074731012070445
009241219074731012080343
002241219074731019100032
004241219074732012150274
001241219074732012010419
006241219074734019100066
001241219074734015010788
008241219074737015020671
009241219074739012120487
002241219074741013030349
009241219074742012120490
002241219074743012180252
006241219074744011000258
002241219074745019050112
003241219074746013010788
009241219074746012110377
002241219074748019050164
008241219074748012110427
001241219074752012010340
004241219074753013030246
008241219074755013020723
009241219074756015020647
004241219074758012150091
003241219074758013010505
008241219074759012110367
006241219074800011000740
001241219074801012030350
004241219074802015030371
009241219074802012100432
003241219074803013010007
006241219074805013030188
009241219074805012080408
003241219074805015010687
002241219074806019050026
004241219074807015030368
008241219074808012100432
003241219074808013010759
002241219074808012140474
004241219074808015030465
002241219074809012130343
004241219074811012160282
003241219074812012010364
002241219074814012150250
009241219074814012120395
004241219074814012170077
003241219074815012060384
006241219074816013010321
008241219074819012110474
002241219074822019050230
003241219074824012040442
003241219074826013010726
008241219074828013020858
009241219074830012120484
001241219074833014010573
008241219074836013020821
006241219074839011000601
008241219074839013020824
001241219074840012020228
001241219074843015010669
008241219074843012100006
004241219074844014030334
001241219074845012010410
001241219074847012040433
006241219074847011000445
002241219074848019020383
008241219074848012100411
008241219074851012090302
002241219074852019060095
001241219074852014010600
006241219074852011000735
008241219074855014020523
002241219074856019040035
006241219074858011000735
003241219074859012030403
002241219074902019070014
001241219074903012030333
006241219074904011000086
002241219074906019060122
008241219074906015020029
001241219074906014010570
004241219074907012170144
008241219074908013020606
001241219074909015010758
002241219074909019050220
006241219074909011000736
004241219074910012180171
008241219074912012090248
004241219074913012130341
006241219074914012070006
008241219074914015020679
003241219074915013010695
002241219074915019020211
004241219074916012160075
002241219074917014030325
008241219074917012100423
004241219074918013030622
008241219074919012110466
006241219074919011000730
009241219074919013020818
008241219074925014020486
008241219074930014020611
004241219074934013030516
002241219074936015030455
002241219074936019020061
008241219074938013020753
002241219074939019060119
006241219074941011000713
001241219074941019020340
002241219074943016000123
002241219074945014030421
008241219074945012110494
006241219074945011000713
002241219074945019100063
001241219074949012020324
004241219074950015030343
009241219074950015020652
001241219074951012050285
004241219074952012180276
001241219074954014010440
004241219074955013030498
008241219074957013020850
001241219074958016000126
003241219074958012010309
001241219075000016000126
002241219075001012170305
002241219075001019040001
004241219075002012140466
001241219075003016000062
002241219075004013030518
003241219075004012040469
002241219075006013030627
004241219075006015030443
008241219075007012110404
006241219075009011000687
004241219075010012140435
008241219075015012100327
006241219075015013030003
001241219075016012050213
002241219075016019020301
001241219075018015010787
006241219075018012020340
008241219075019015020545
006241219075021015090608
001241219075021012040425
003241219075021012050308
009241219075022012080267
008241219075023013020749
006241219075024015090608
003241219075025012020348
009241219075025015020630
001241219075027016010050
003241219075028013010772
003241219075030013010624
006241219075030011000722
004241219075031014030426
008241219075031012070244
009241219075032019020387
001241219075032013030157
004241219075033014030423
008241219075033012100134
006241219075034015090627
002241219075034014030365
001241219075035014010563
008241219075036013020542
004241219075036013030356
002241219075037019060107
001241219075038012060405
009241219075039013020868
004241219075039012180284
008241219075039012080456
009241219075040013020868
009241219075041013020868
008241219075041012080375
001241219075041012040461
001241219075043018010067
009241219075043012100434
003241219075043012030372
004241219075043012150318
002241219075043019020404
006241219075044015090621
008241219075044014020606
009241219075045012100434
002241219075045012150278
008241219075047012070387
009241219075047012110454
001241219075047012040462
008241219075048012100436
008241219075050013020823
009241219075050014020088
008241219075052012120425
004241219075053012180251
008241219075055012120470
001241219075056012040403
009241219075057012120476
008241219075058013020755
006241219075058011000728
003241219075059013010541
004241219075059013030366
006241219075102011000710
004241219075103012170257
009241219075103012100451
008241219075104012120482
002241219075105014030159
004241219075106012170178
003241219075106012030036
002241219075108012130327
008241219075109012090335
001241219075109018010054
001241219075109012060383
002241219075110014030458
009241219075110012120479
006241219075111011000678
004241219075111012140462
002241219075112015030469
003241219075112013010577
008241219075112012100312
001241219075112012050344
009241219075112012100416
009241219075113012100416
001241219075115014010316
002241219075115012160259
008241219075115012100257
006241219075115011000203
001241219075117012040444
006241219075118011000729
008241219075118012120412
003241219075120013010770
006241219075120011000727
001241219075120018010059
002241219075120012160300
001241219075120015010632
008241219075121015020502
003241219075122012060378
004241219075122012150196
006241219075123011000651
008241219075123013020780
001241219075123018010059
003241219075124012050254
006241219075126011000700
008241219075126012110410
003241219075127012010327
001241219075128012010341
008241219075128015020658
004241219075128012160313
009241219075128015020676
003241219075130012040473
001241219075131012030404
008241219075131012070414
004241219075131013030508
003241219075132012030399
002241219075132015030410
001241219075133015010781
001241219075134015010797
008241219075135012100223
009241219075135013020188
004241219075136012140434
002241219075137013030339
002241219075137019050247
006241219075138011000686
008241219075138014020589
009241219075138013020797
001241219075139012060397
004241219075139012140388
008241219075141012090383
001241219075142019110051
003241219075143012040447
009241219075143012100400
004241219075143012160271
009241219075145019050244
003241219075145013010714
008241219075146012070441
001241219075146015010785
004241219075146012150270
009241219075147012110397
002241219075148019020353
008241219075148012090417
004241219075149012170195
008241219075150013020836
009241219075150015020640
002241219075152015030337
003241219075152019110043
009241219075153013020763
002241219075154019020377
004241219075154012160088
002241219075155014030489
008241219075156014020623
003241219075156012020396
002241219075157019050246
006241219075157011000120
008241219075159012100284
006241219075159011000694
003241219075159012050315
001241219075200015010678
003241219075200012060379
002241219075201019110050
006241219075202011000715
008241219075202012070384
003241219075202012060374
004241219075203012150128
001241219075204013020180
002241219075204012170308
001241219075204012060095
002241219075205012150135
009241219075205014020554
006241219075205015090620
004241219075206012150203
003241219075206012040337
008241219075206012090411
002241219075208015030434
001241219075208013010712
006241219075208013020240
002241219075208019050212
008241219075209014020525
003241219075209015010716
004241219075209012150320
003241219075210012010173
001241219075211015010692
009241219075211015020639
002241219075211013030592
006241219075211013030176
004241219075212012160285
008241219075212014020562
002241219075213019020186
001241219075213013010176
009241219075214012110488
006241219075214012040300
002241219075214012150203
004241219075215012160163
001241219075216015020500
002241219075216014030226
008241219075216014020417
002241219075218019050239
004241219075218012150241
003241219075218012060427
001241219075218014010357
009241219075218012070448
008241219075219015020686
003241219075220013010199
004241219075220012140472
001241219075221015010753
002241219075221014030482
008241219075222012110484
004241219075222012170146
003241219075222013010347
009241219075223013020599
002241219075224019100068
004241219075224013030644
006241219075224011000283
009241219075225013020778
003241219075225012040376
004241219075226013030504
008241219075226015020469
001241219075227014010103
003241219075227012040367
004241219075228013030084
002241219075228019020127
009241219075228015020688
001241219075229015010763
003241219075229012050366
004241219075230014030305
009241219075230012080431
003241219075232012050368
006241219075232011000490
004241219075233012130214
009241219075233015020675
003241219075234012010422
006241219075234012110164
008241219075235013020877
004241219075235013030458
003241219075237013010799
002241219075237014030331
001241219075237012050343
006241219075238011000041
008241219075239012120434
004241219075239015030246
001241219075239015010693
003241219075240012040382
002241219075241019020079
003241219075242012040353
006241219075243015090580
008241219075243012120256
002241219075244012130250
009241219075244012090351
008241219075245012120242
006241219075246011000639
009241219075247012090267
002241219075247012130339
008241219075248012080220
006241219075248011000598
009241219075250013020841
003241219075250015010704
004241219075251013030641
008241219075251012080452
006241219075251011000498
002241219075252012140379
002241219075253019100061
006241219075254011000408
001241219075254012010361
008241219075255012100318
003241219075256012030366
006241219075256011000724
003241219075258014010607
008241219075258012110491
001241219075258014010011
004241219075259012150073
003241219075301012020288
008241219075301012100322
004241219075301012150307
006241219075301012080131
009241219075301013020879
002241219075302014030100
002241219075304019100008
006241219075304012020137
008241219075304013020387
003241219075304012040478
004241219075304012180266
008241219075306013020769
003241219075307013010580
004241219075307013030571
001241219075308012040346
008241219075309013020873
001241219075310012050309
004241219075311014030440
006241219075311011000408
008241219075311012080463
001241219075312012040458
002241219075313014030404
003241219075313015010751
001241219075313012020366
009241219075313014020608
008241219075313013020745
002241219075313019050217
004241219075315012150287
008241219075316014020594
003241219075316012040414
001241219075316012060407
009241219075316014020636
006241219075317011000525
003241219075317013010413
004241219075318013030448
008241219075318013020726
001241219075319014010592
003241219075320012060421
006241219075320014030056
008241219075320012080466
002241219075320019040024
001241219075320018010065
001241219075321012020285
003241219075321012010375
004241219075321012170253
004241219075322013030482
001241219075323013010797
003241219075323012050028
002241219075323019020346
008241219075323012110455
006241219075324011000410
009241219075325012070148
003241219075326012030386
009241219075326012070148
008241219075326012090256
004241219075326014030393
001241219075326012040354
002241219075327019110002
008241219075328012090256
006241219075329011000627
003241219075329013010190
009241219075330012070331
002241219075331019020149
003241219075331012020402
008241219075331014020622
006241219075332011000677
002241219075332019020149
009241219075333013020808
003241219075334013010575
006241219075334012020037
001241219075334013010549
008241219075335015020646
009241219075336012080462
003241219075336012030304
004241219075336012180271
001241219075337012020345
008241219075338014020563
006241219075338011000594
003241219075338014010338
009241219075339012070444
004241219075340013030634
001241219075340012010376
003241219075341012060414
006241219075341015090632
008241219075341014020598
004241219075342012160301
009241219075342014020592
006241219075342011000739
008241219075343013020685
001241219075343014010493
003241219075343013010763
009241219075344012090379
004241219075344012130290
001241219075344014010571
006241219075345011000276
003241219075345013010560
001241219075346016000167
002241219075346019040034
009241219075347013020017
004241219075347012150198
006241219075347011000731
003241219075348012040459
001241219075348014010571
009241219075349012110178
004241219075350012130319
002241219075350019020221
003241219075351012040452
008241219075351012080350
006241219075352011000573
009241219075352012110143
002241219075352012130288
008241219075354012110446
006241219075354012160012
003241219075354015010690
001241219075354012020385
003241219075355012050345
002241219075356019020007
001241219075356014010502
008241219075356013020574
002241219075357015030466
003241219075357012050313
008241219075358013020644
004241219075358012170290
006241219075359011000262
003241219075400012010387
002241219075400019100044
001241219075400012010389
002241219075401012170293
004241219075401012170194
008241219075401012100403
003241219075402013010808
008241219075404013020411
002241219075404013030647
009241219075405012090407
006241219075405011000231
001241219075406014010157
008241219075406012070264
003241219075406012040465
009241219075408012070421
008241219075408012070432
002241219075408015030458
001241219075408012040355
004241219075409013030348
006241219075409011000517
003241219075409012050310
008241219075410013020758
001241219075410014010605
009241219075411012070428
001241219075411012060364
006241219075412011000717
008241219075412013020766
003241219075412012030342
008241219075414012070193
003241219075414012040453
001241219075414013010747
002241219075414019100028
003241219075415012050363
006241219075416011000574
001241219075417015010766
004241219075417012150293
008241219075418014020501
003241219075418015010668
001241219075419012060416
008241219075419012070368
002241219075419019020230
001241219075420015100557
004241219075420012150312
008241219075420012070368
006241219075421011000741
003241219075421013010732
008241219075422012100047
003241219075422012020008
004241219075423013030573
006241219075423015090618
009241219075423012120494
001241219075424013010762
003241219075424013010737
002241219075424019020389
009241219075425012120491
001241219075425012140149
008241219075425014020625
001241219075425013010604
006241219075426013020412
009241219075426012080297
004241219075427012170193
003241219075427013010806
001241219075427012010011
008241219075428013020747
006241219075428013020397
001241219075428013010700
002241219075429019010135
003241219075430012020368
009241219075430014020493
001241219075431013010700
004241219075431013030551
008241219075431014020597
006241219075431011000440
002241219075432014030375
004241219075432013030469
003241219075432012040454
008241219075432014020597
009241219075433014020567
001241219075433012050217
008241219075434012090300
003241219075435015010761
009241219075435012110424
004241219075435012170219
002241219075436012160215
008241219075437014020504
002241219075437019100002
009241219075437013020819
003241219075437012060229
006241219075437019100008
003241219075439012020086
002241219075439015030362
008241219075439012120473
009241219075440012080123
003241219075441013010727
002241219075441012160253
002241219075441019050224
008241219075442012080135
004241219075442012140154
009241219075443014020231
002241219075444014030077
006241219075445012110223
001241219075445015010793
008241219075445012080457
002241219075446015030362
009241219075446012110412
006241219075448011000654
001241219075448014010526
009241219075448014020542
008241219075448012090345
002241219075449019060097
002241219075449013030648
001241219075450012060349
008241219075451012100446
002241219075451016000144
009241219075451012070417
006241219075452012180106
001241219075452012020383
004241219075452013030398
002241219075452019040028
001241219075453013010059
002241219075453014030418
009241219075453015020660
008241219075454012100394
003241219075454012080007
006241219075454011000670
009241219075455012110443
004241219075455012180249
002241219075456019040036
001241219075456012060353
008241219075456012100334
009241219075457012100424
001241219075458014010593
001241219075459015010682
006241219075459012130286
004241219075500012130345
003241219075500012010162
008241219075500012080459
002241219075500019020124
001241219075501012030242
009241219075501015020618
002241219075502014030444
009241219075502015020618
002241219075503019020394
003241219075503012050123
001241219075503016000064
006241219075503011000726
004241219075503012150100
008241219075503012110351
009241219075504015020535
002241219075504015030187
001241219075505014010569
008241219075505013020468
006241219075506011000681
003241219075506012030401
002241219075506014030480
009241219075506013020866
004241219075506012130075
008241219075507012120368
001241219075507014010460
009241219075508012110477
003241219075508012030377
001241219075509015030454
001241219075510012060005
003241219075510012010237
002241219075510012160307
006241219075511012050057
009241219075511012110373
004241219075512012150098
003241219075512013010787
002241219075513019020382
001241219075513013010035
003241219075514013010520
009241219075514013020832
001241219075515014010578
009241219075516012120354
006241219075517015090617
004241219075517012170218
002241219075518012180157
009241219075518012110481
003241219075518013010735
001241219075518013010021
006241219075520011000668
003241219075520012040437
001241219075520015100546
001241219075520014010580
009241219075521013020833
002241219075521019040023
004241219075521012170265
002241219075522012140389
001241219075522012050358
006241219075522012130120
003241219075523012030344
009241219075524012080430
001241219075524014010510
003241219075524015010721
004241219075524013030535
006241219075525011000343
002241219075525014030289
008241219075525012070382
001241219075526014010581
002241219075526019110005
002241219075526012160279
006241219075527013010151
002241219075527019110005
009241219075527012100252
003241219075527013010646
004241219075527013030590
008241219075528014020581
002241219075528012160280
006241219075529011000718
001241219075529018010069
003241219075529012050351
002241219075530012140475
004241219075530012140456
008241219075531012090350
001241219075531015030112
003241219075532012040273
006241219075532015090611
001241219075532013010446
004241219075533012140422
001241219075533013030071
009241219075534014020593
006241219075534013010294
003241219075534012060166
008241219075534013020795
008241219075536013020874
003241219075536012050195
004241219075536012180212
002241219075537012180275
006241219075537013020068
004241219075537012170231
009241219075537014020435
002241219075537019050091
003241219075538012040467
008241219075539013020878
001241219075539018010047
002241219075539012140458
001241219075539015010802
002241219075540019010116
009241219075540013020831
004241219075540012160287
003241219075541013010693
008241219075542012110487
009241219075542013020862
001241219075542012070449
004241219075543013030507
003241219075544012050266
006241219075544012140043
009241219075544015020669
001241219075545019020282
008241219075545015020580
001241219075546015010790
003241219075546012010414
004241219075546013030379
006241219075547013020154
001241219075547016000166
008241219075547012110480
002241219075548019020275
001241219075548014010432
009241219075548014020551
004241219075549014030478
003241219075550012010329
001241219075550013010213
006241219075550011000732
008241219075550013020812
004241219075551012180278
001241219075551015100560
003241219075551013010777
001241219075552014010617
002241219075552015030461
002241219075552019020326
008241219075553014020618
003241219075554012050225
001241219075554013010798
006241219075554011000566
004241219075555012140446
008241219075556012100425
003241219075556012040443
002241219075556019050242
006241219075557011000586
004241219075557012140086
001241219075557014010494
003241219075558014010003
009241219075558012070308
008241219075559012090344
001241219075600013010011
004241219075600012130344
003241219075601013010803
008241219075601013020793
004241219075602012180272
006241219075602013020326
002241219075602015030431
001241219075602016000168
001241219075602012040446
003241219075602012050364
004241219075603013030576
001241219075604012030356
008241219075604012080413
003241219075605013010780
002241219075605014030388
009241219075605012080078
004241219075606012180220
001241219075606015010807
001241219075606016000168
009241219075607012120415
003241219075607014010452
001241219075607012040468
008241219075607012110442
004241219075608013030550
001241219075608012010377
003241219075608014010603
002241219075609019060084
001241219075609013020226
008241219075610012100380
001241219075610014010538
004241219075611014030430
003241219075611012030261
002241219075612014030488
001241219075612016000101
001241219075612012050360
004241219075613014030160
003241219075613013010682
002241219075614019050148
004241219075614012180258
003241219075614012020286
001241219075615016000003
004241219075615015030356
001241219075615015010752
006241219075616014030087
002241219075616019100052
002241219075616014030448
003241219075617012050204
001241219075617016000003
002241219075617012140442
008241219075617015020655
004241219075618012150255
003241219075619012030400
009241219075621013020504
008241219075621012110340
003241219075621012040423
004241219075621012150260
006241219075621016010086
002241219075621019050029
003241219075622013010776
001241219075622013010006
008241219075623012110353
004241219075623015030445
002241219075623012160291
006241219075624014010053
004241219075625013030325
009241219075625014020524
003241219075625013010730
001241219075625014010424
008241219075626012100329
003241219075627012030355
001241219075627012010421
006241219075627013020274
009241219075628012090423
004241219075628012150286
003241219075628013010522
008241219075629013020748
001241219075629012060415
006241219075629011000534
009241219075631012090041
004241219075631012060309
002241219075632019100018
006241219075632011000065
003241219075632012040445
008241219075632013020825
001241219075632013010606
002241219075633013030642
009241219075633012070427
004241219075633013030606
006241219075634013020581
003241219075635012020392
008241219075635012070344
004241219075636012180277
002241219075636019110046
003241219075637012030405
006241219075637012160085
008241219075637012080419
004241219075638012130280
003241219075638012010413
001241219075638015010683
008241219075639012080225
009241219075639014020424
003241219075640012040397
002241219075641014030425
004241219075641012180206
001241219075642014010614
008241219075642013020848
006241219075642011000682
006241219075643011000706
003241219075643012040222
002241219075643013030618
004241219075644012150304
009241219075644015020685
008241219075645013020767
002241219075645012140148
003241219075645013010550
004241219075646014030021
004241219075647013030496
006241219075647015090628
002241219075647015030389
003241219075647012040477
008241219075648012090279
004241219075649012130210
002241219075649012150314
003241219075649012010420
008241219075650012070360
003241219075651014010539
004241219075651012180307
006241219075651012160114
002241219075652014030475
008241219075652012110354
004241219075653012140452
003241219075654012030390
008241219075655012090333
006241219075655012020002
002241219075655012130338
002241219075656012180253
002241219075657019020286
003241219075657013010767
004241219075657013030636
002241219075658015030477
009241219075658012080453
003241219075658013010529
008241219075658013020761
004241219075659012180314
002241219075659015030478
006241219075659013030199
001241219075700012030376
003241219075701012020390
008241219075701014020443
001241219075702013010804
004241219075702012160224
006241219075702011000690
002241219075702012150226
003241219075703012010393
008241219075704012070443
004241219075704012180185
002241219075704012130316
006241219075705012110087
009241219075705013020610
003241219075705013010625
001241219075705014010613
008241219075706014020630
004241219075706012170207
009241219075707015020667
001241219075707012010408
003241219075707012060410
002241219075707019110037
001241219075708012030352
006241219075709012130223
008241219075709012110378
001241219075709015010473
003241219075709015010783
004241219075709012130295
002241219075710012130333
009241219075710014020617
002241219075711019020363
006241219075711012130091
008241219075711012070438
004241219075711013030617
003241219075712015010550
008241219075712013020781
001241219075712012010277
001241219075713013010734
002241219075713012160230
004241219075713013030460
006241219075713014030109
008241219075714012090424
009241219075715013020198
004241219075715014030490
002241219075715012170271
003241219075715012010247
001241219075715015010596
001241219075716014010615
002241219075716019100065
009241219075717012100224
004241219075717012130322
008241219075717015020386
001241219075717018010070
002241219075717019100065
006241219075717011000277
001241219075717012030266
004241219075718015030438
003241219075718013010807
002241219075718015030459
002241219075718019050243
003241219075719014010208
001241219075719015010784
008241219075719012110461
009241219075719014020416
004241219075720012140444
009241219075720012080383
002241219075721013030639
004241219075721012160298
008241219075721015020680
006241219075721013010358
003241219075721012060434
001241219075722019020373
006241219075722011000725
002241219075723019100065
003241219075723012060432
004241219075724015030437
008241219075724012110414
001241219075724014010596
006241219075725012060015
002241219075725014030424
009241219075726014020351
002241219075726012140453
003241219075726012010293
004241219075727015030395
006241219075727012010292
001241219075727015010129
008241219075727014020626
002241219075728014030290
004241219075729012150303
008241219075729014020180
001241219075729012040410
001241219075730016000008
003241219075730015010717
006241219075730011000723
008241219075731012100405
001241219075731013010331
003241219075732013010733
009241219075732013020810
001241219075732018010072
001241219075733014010033
006241219075733011000581
003241219075734015010615
008241219075734012080284
004241219075734013030066
009241219075734012120143
001241219075735012080448
002241219075735012170264
006241219075736012020162
003241219075736012030353
002241219075736019050126
001241219075736012020111
009241219075737014020620
008241219075737015020057
006241219075738011000568
004241219075738014030438
003241219075739015010769
002241219075739014030356
009241219075739014020426
004241219075740014030471
002241219075740013030563
008241219075740014020574
003241219075741012030230
009241219075741012080464
002241219075742019060001
008241219075742012120461
006241219075742012080163
009241219075743013020820
004241219075743013030456
002241219075743015030262
003241219075744013010774
002241219075745019050183
006241219075745012050129
004241219075745015010791
002241219075745012160292
009241219075746013020882
001241219075746015010796
002241219075746012140235
001241219075747012050279
004241219075747012140363
008241219075747015020591
006241219075747013010015
003241219075747013010785
002241219075748012180287
009241219075748013020882
001241219075748013010688
004241219075748013030608
003241219075749012060356
001241219075749014010457
004241219075750012180259
003241219075750013010631
004241219075751012140469
002241219075751012170309
009241219075751012080427
006241219075751013010392
001241219075751012030363
002241219075752012170277
001241219075752012020311
004241219075752013030412
008241219075753013020882
009241219075753013020867
001241219075754014010241
002241219075754015030388
003241219075754012020400
004241219075754015030467
006241219075754011000691
008241219075756014020633
001241219075756012040450
009241219075756014020512
006241219075756014020288
004241219075757012140461
003241219075757014010436
002241219075757012170266
001241219075757014010575
001241219075757015100546
006241219075758011000026
004241219075758012140470
009241219075758014020007
003241219075759013010567
004241219075759013030619
009241219075759014020394
008241219075759013020738
004241219075800012170127
002241219075800013030649
001241219075800013010805
006241219075801011000648
004241219075802012130205
008241219075802015020478
009241219075802014020546
003241219075802012020398
001241219075803012020382
006241219075803011000026
008241219075803015020531
009241219075804012110485
006241219075805011000662
009241219075805014020411
008241219075805012110483
002241219075805012140449
003241219075805013010653
004241219075806014030437
008241219075807015020568
003241219075807012060221
001241219075807014010599
009241219075807012090406
002241219075808019040032
008241219075808012120499
004241219075808012150294
006241219075808011000663
008241219075809012120499
003241219075809015010794
009241219075810015020654
001241219075810014010612
006241219075811015090616
002241219075811019020212
004241219075811013030162
002241219075811014030250
003241219075812012050365
008241219075812012080454
004241219075812012140465
009241219075812015020643
001241219075813012010348
003241219075813012040429
002241219075813015030244
004241219075813013030441
001241219075814012020322
002241219075814012160296
009241219075814012080017
001241219075814015100559
006241219075814011000422
008241219075815013020843
001241219075815012060253
009241219075815015020659
002241219075816015030279
003241219075816013010739
004241219075816012180292
006241219075817011000738
004241219075817013030479
001241219075817014010537
003241219075818013010793
001241219075819012040417
008241219075819012080345
002241219075819012170056
004241219075819013030119
001241219075819015100543
006241219075820011000719
001241219075820015010800
002241219075821019020379
004241219075821012180312
002241219075821014030369
003241219075821013010662
009241219075821013020860
003241219075822012060360
006241219075822011000001
001241219075822019030050
002241219075822014030279
002241219075823019050237
008241219075823012070410
002241219075823014030031
004241219075823012140464
009241219075824012100443
006241219075824011000263
008241219075825012110467
004241219075825012150297
003241219075825012050194
001241219075826012040464
004241219075826012140426
002241219075826012150315
001241219075827016000163
009241219075827012120393
006241219075827012020013
003241219075827012050303
002241219075828012170303
008241219075828012100350
002241219075829012130263
006241219075829011000704
004241219075829012140088
003241219075829013010454
009241219075830013020763
004241219075830013030354
001241219075830016000163
003241219075831012030256
002241219075832012120481
004241219075833014030390
009241219075833012070447
008241219075833013020674
006241219075833011000632
003241219075834012050311
004241219075834013030633
008241219075835012070440
002241219075835019060124
009241219075835013020837
003241219075836012050009
001241219075836012030381
002241219075836013030596
006241219075837012020274
004241219075837013030523
009241219075837014020528
001241219075838014010522
002241219075838013030484
003241219075838013010460
008241219075838012080468
002241219075839014030381
004241219075839012130336
009241219075840014020603
006241219075840011000398
003241219075840013010724
002241219075841014030450
001241219075841012050234
008241219075841012100364
004241219075841013030603
003241219075842014010444
002241219075843012130303
004241219075843013030425
002241219075844019100072
001241219075844012030300
008241219075844012100431
003241219075845014010525
004241219075845012130059
002241219075845014030427
009241219075845014020553
002241219075846015030470
008241219075846012110382
003241219075847012050238
004241219075847012160293
009241219075848014020631
002241219075848012150305
002241219075848019050238
008241219075848012110382
002241219075850014030467
008241219075850014020511
009241219075850014020043
004241219075850012160236
001241219075850013010023
002241219075851019110048
004241219075852012130264
001241219075852014010558
009241219075852015020410
008241219075853012080364
006241219075854011000640
008241219075854012080364
001241219075854013010751
003241219075854012050357
002241219075854019110040
004241219075854012170297
009241219075854013020282
003241219075855012050334
001241219075855016000154
001241219075855012030368
002241219075856019040021
001241219075856016000154
001241219075856015010017
009241219075856015020013
004241219075856012140429
002241219075856014030476
008241219075856012080380
001241219075857014010250
004241219075857014030267
006241219075857011000733
008241219075858012120433
003241219075858013010515
002241219075859019030032
004241219075859012140473
002241219075859012180310
009241219075859015020577
006241219075859011000674
001241219075900013020881
008241219075901013020835
003241219075901012020399
004241219075902012150170
002241219075902019050240
009241219075902013020883
001241219075902014010536
003241219075902012020403
002241219075903012130116
008241219075903013020826
006241219075903012050085
009241219075903014020398
004241219075904013030605
002241219075904019020273
003241219075904013010769
001241219075904012030397
009241219075905015020451
001241219075905019030046
004241219075906015030475
003241219075906013010781
006241219075906012010201
008241219075906012090401
002241219075907012150261
001241219075907014010535
009241219075907012110406
002241219075908019020349
003241219075908012060359
009241219075908012110421
006241219075909015020199
004241219075909012170217
008241219075909013020838
004241219075910012170298
002241219075910019050196
009241219075911015020623
001241219075911019030046
004241219075912012140460
003241219075912013010710
002241219075912014030416
008241219075912012120493
009241219075913012110486
006241219075913011000555
003241219075913012020381
008241219075914012090339
001241219075914019030046
002241219075914019030022
004241219075914012140374
004241219075915013030558
001241219075915012050179
002241219075915015030475
009241219075915012090414
003241219075915012030327
008241219075916012070404
009241219075916012070286
004241219075917012130271
003241219075917012050356
004241219075918013030346
006241219075919011000636
001241219075919012150311
002241219075919019020327
008241219075919012090396
009241219075919012120486
003241219075920012010010
009241219075920015020678
001241219075921012150311
004241219075921012170235
008241219075921013020572
003241219075922013010244
002241219075922019020095
006241219075922011000388
004241219075923012180313
009241219075923012120477
009241219075924012110375
006241219075924012160104
008241219075924012090394
003241219075925014020020
004241219075926012140127
009241219075927014020615
008241219075927012100398
003241219075927012020404
003241219075928012050307
002241219075928013030587
009241219075928012090368
006241219075928011000388
002241219075928019020397
001241219075929012040131
008241219075929012120399
004241219075929013030562
003241219075930012030396
002241219075930014030485
004241219075930012130298
002241219075931019020335
006241219075931011000388
009241219075931014020006
001241219075931015030106
008241219075932014020404
004241219075932012160190
009241219075933015020681
003241219075933013010795
008241219075934013020811
003241219075934012050350
001241219075934018010066
004241219075934012150171
002241219075934019010109
006241219075934011000388
004241219075936015030306
001241219075936014010411
002241219075937014030486
008241219075937014020565
003241219075937015010610
006241219075937011000388
001241219075937016000058
009241219075937013020822
004241219075939014030470
009241219075939012080366
008241219075939013020536
006241219075940011000388
003241219075940012020391
009241219075941012090380
004241219075941014030299
001241219075941015100556
004241219075942015030457
008241219075942014020607
001241219075943018010071
008241219075943013020813
009241219075943012120350
003241219075944013010702
001241219075944015010789
006241219075944011000388
004241219075945013030538
002241219075945014030465
009241219075945012080470
006241219075946011000656
008241219075946013020701
002241219075947014030459
009241219075947014020545
003241219075947012050183
004241219075948013030577
009241219075948012100347
008241219075948012080373
001241219075950014010555
001241219075950016000157
008241219075950012080394
004241219075950012170073
002241219075950013030240
001241219075951014010604
002241219075952013030222
006241219075952012120124
004241219075952012130335
001241219075953016000139
009241219075953012100169
008241219075953013020689
003241219075953013010666
002241219075954012160306
009241219075955012070442
001241219075955016000139
008241219075955012120402
004241219075955012160315
003241219075956013010791
002241219075956019040012
006241219075956012030282
009241219075956012070415
002241219075957012180297
004241219075957012160256
001241219075957014010068
006241219075958012060389
003241219075958012020300
009241219075958015020022
008241219075958012090220
004241219075959012170304
002241219075959019050193
002241219075959013030308
001241219075959019030038
003241219080001013010259
004241219080001012160233
009241219080001016000147
002241219080001012140405
004241219080002012130314
008241219080003012120444
001241219080003012010415
003241219080003012040373
006241219080003012020010
009241219080003012080358
004241219080003012160143
001241219080004012080458
003241219080005012010372
002241219080005012130276
008241219080005012100358
009241219080005012100441
006241219080006012170053
004241219080006012160231
002241219080007013030510
008241219080007012080414
001241219080007012080458
003241219080008012010337
004241219080008012140443
009241219080008015020664
008241219080009012070426
002241219080009013030584
001241219080010016000088
009241219080010012120464
006241219080010012090150
003241219080010015010792
001241219080010012060431
002241219080011015030383
009241219080011012070236
008241219080011013020660
001241219080012012020325
002241219080012019040009
004241219080012013030530
003241219080013013010598
009241219080014014020534
002241219080014013030509
006241219080014014010295
004241219080014012140421
008241219080014012100307
001241219080015012030196
001241219080016014010309
008241219080016012100430
004241219080016014030398
009241219080016012120497
003241219080017015010786
009241219080017012120421
006241219080017015090631
002241219080017012130326
004241219080018015030441
001241219080018013010743
009241219080019013020880
006241219080019012080127
002241219080019014030466
008241219080019012070390
004241219080020012160272
001241219080021014010594
002241219080021014030453
008241219080021012070376
004241219080022013030024
002241219080022019040033
009241219080022014020529
006241219080022019100071
001241219080023018010048
003241219080023012030317
008241219080023012090357
002241219080024012180308
006241219080024015030168
009241219080024013020859
001241219080025015010407
008241219080025012120483
004241219080025012160149
006241219080026011000720
003241219080026012010425
009241219080026014020413
002241219080026012160228
002241219080027019050209
001241219080027012050348
004241219080027012150290
003241219080028013010765
009241219080028012090291
008241219080028014020627
002241219080029013030630
004241219080029012150069
002241219080029013030541
001241219080029015010795
009241219080030014020619
002241219080031012140468
008241219080031014020634
009241219080032012090416
001241219080032012010005
004241219080032014030336
002241219080033012180263
004241219080033012130334
003241219080034012050210
009241219080034012110489
006241219080034012080114
008241219080034012080428
001241219080035014010377
002241219080035015030442
004241219080036012170209
008241219080036013020876
002241219080036019040030
002241219080037013030465
009241219080037014020538
006241219080037011000439
001241219080037015020563
008241219080038012120301
002241219080038019040030
001241219080038012040338
004241219080039012130242
002241219080039014030387
002241219080040019010136
003241219080040012010401
009241219080040014020586
008241219080040013020409
004241219080040012180144
001241219080041012060259
006241219080041012150195
001241219080042014010587
002241219080042014030158
004241219080042012140471
009241219080042012090377
002241219080043012150309
004241219080043012130285
008241219080043015020657
003241219080043013010542
009241219080044012100419
006241219080044012010190
002241219080044012130329
001241219080044014010608
001241219080044015100551
008241219080045012090408
003241219080045015010805
002241219080045019020398
006241219080046011000600
004241219080046012160243
002241219080047012130337
009241219080047013020586
008241219080047012110416
001241219080047015010804
002241219080048019050171
008241219080048012110416
001241219080048014010267
002241219080048012160302
003241219080048012050341
009241219080049012110438
004241219080049012130270
008241219080049012080425
006241219080050012020016
009241219080050015020638
001241219080050014010564
004241219080051012160311
001241219080051012040471
003241219080051012040406
008241219080052012080346
002241219080052013030263
009241219080052014020628
008241219080053012100445
004241219080053012170054
009241219080053013020857
003241219080054013010650
008241219080055012070366
001241219080055014010590
009241219080055012100381
004241219080056012160289
009241219080056015020598
006241219080056012030293
002241219080057013030485
006241219080057015020540
009241219080058012100439
008241219080058012070411
001241219080059014010610
003241219080059012030351
008241219080059012070392
004241219080059012170222
006241219080100015020461
009241219080100012110478
004241219080100012170286
001241219080101014010066
002241219080101019050195
003241219080102012060388
004241219080102012140408
009241219080102014020578
008241219080102012100418
002241219080103012140409
008241219080104014020582
001241219080104012010014
009241219080104012120414
003241219080105012050359
002241219080105019070038
006241219080105013010296
004241219080105013030567
002241219080106014030447
008241219080106014020540
009241219080106012120498
001241219080106012030010
003241219080107014010492
009241219080107013020554
004241219080107015030101
008241219080108013020783
003241219080108013010740
002241219080108012170307
004241219080109014030088
002241219080109019050152
001241219080109012010403
009241219080110012070357
003241219080111012030303
002241219080111012130254
001241219080111012040405
006241219080112012130049
004241219080112013030104
008241219080112012100442
001241219080112015010808
009241219080112012110409
002241219080113015030386
003241219080114012020269
008241219080114013020706
001241219080114016000164
004241219080114013030548
002241219080114019060114
001241219080115013010783
009241219080115012070433
002241219080116012180154
003241219080116014020025
004241219080116012150273
001241219080116016000164
009241219080117012110160
008241219080117014020489
004241219080117012150263
001241219080117012060403
008241219080118014020489
001241219080118014010597
002241219080118019050241
008241219080119012120474
001241219080119012050224
009241219080120012110160
003241219080121012060398
004241219080121012180260
009241219080121012110160
002241219080121012180261
008241219080121012070358
002241219080122019020372
002241219080122015030426
001241219080122015010774
009241219080123012100449
008241219080124013020721
009241219080125012070321
003241219080125012030338
001241219080126016000112
008241219080126013020515
004241219080126013030187
009241219080128014020532
008241219080128013020515
003241219080128012030194
004241219080129012170019
003241219080129013010473
001241219080129019030043
008241219080129012090402
009241219080130013020643
002241219080130014030399
008241219080131012110458
009241219080131014020571
004241219080132012140437
003241219080132013010004
006241219080133014020055
002241219080133013030631
001241219080133018010068
004241219080134015030439
009241219080134016000124
009241219080135013020803
003241219080135012020389
002241219080135019050205
002241219080136012130271
001241219080136016000161
003241219080136012080131
004241219080137012130014
008241219080137014020536
009241219080137013020773
002241219080138012140428
002241219080138019020307
001241219080138019010128
001241219080139012020367
009241219080139013020840
004241219080139014030150
003241219080140015010780
004241219080141012180262
008241219080141012070338
001241219080141012010382
002241219080142019050213
006241219080142012120196
002241219080143012140428
001241219080144013010761
008241219080144014020502
009241219080145015020624
002241219080145019050214
006241219080145012130102
002241219080146015030468
002241219080147019020065
002241219080148015030426
004241219080149015030451
008241219080150013020852
009241219080150012080266
002241219080151014030481
004241219080151014030452
001241219080151014010200
003241219080151014010524
002241219080152019020368
009241219080152013020863
006241219080153012010028
004241219080153012160087
008241219080154012070431
002241219080154012130302
008241219080155012070431
008241219080156012120465
002241219080156019050245
002241219080156012180257
006241219080157013020428
004241219080157012170228
002241219080159012130330
002241219080159019110013
002241219080201019040006
006241219080201012090035
009241219080201012070439
002241219080201012140425
004241219080202012150301
008241219080202012100367
002241219080202015030402
001241219080203018010018
002241219080204012180305
009241219080204012080447
001241219080204015010731
006241219080205012060241
008241219080205014020414
004241219080206012130317
008241219080207012080424
006241219080208015090633
009241219080208013020799
002241219080209019020378
008241219080209013020619
001241219080209019060076
001241219080210013010641
009241219080210012090348
002241219080211014030001
009241219080212012080418
008241219080212013020626
001241219080213012010338
002241219080213014030022
008241219080214012120306
009241219080214014020566
003241219080216012010385
006241219080217013010117
002241219080220015030247
006241219080220012110004
008241219080222012080361
002241219080222012170299
009241219080223015020641
002241219080223014030487
008241219080225012070403
006241219080225012160222
009241219080226013020817
008241219080227012080429
006241219080228011000169
009241219080230012110479
008241219080230012120419
009241219080231012120401
004241219080231013030075
002241219080234012150271
009241219080234013020425
003241219080235012030328
004241219080235012180159
001241219080235012100385
002241219080241019010094
002241219080243014030373
003241219080244012030095
001241219080245012050367
009241219080245015020541
001241219080245018010055
002241219080246019010118
004241219080249012150299
002241219080249019040015
002241219080250014030449
006241219080251012010405
004241219080252012140225
002241219080253014030484
001241219080253012050347
008241219080253012120431
006241219080253015090629
009241219080253012090343
004241219080254013030399
006241219080255012030316
002241219080256014030217
008241219080256012090272
001241219080256012030329
002241219080258012170295
004241219080259013030609
008241219080259014020616
006241219080301013010215
002241219080301013030623
009241219080304012120463
001241219080305012030361
009241219080306013020640
008241219080308014020331
001241219080309012070090
004241219080311012170267
008241219080313014020513
004241219080314012140337
002241219080316012140430
003241219080316012040420
009241219080316014020036
004241219080316013030440
002241219080317012170280
008241219080317012120475
002241219080318019090016
006241219080319014020550
001241219080319016000169
008241219080320012090388
004241219080322012170291
008241219080323012110464
003241219080324012010398
009241219080325012120440
009241219080328012090410
004241219080328012020358
002241219080330019020150
001241219080331012030385
008241219080332012090391
004241219080332014030368
004241219080336012140463
002241219080336019040016
001241219080338014010133
009241219080339015020674
003241219080340013010284
008241219080343014020570
003241219080345012030406
001241219080346012060368
001241219080349012010423
009241219080353016000149
008241219080354012090413
004241219080355012130278
009241219080356012090419
002241219080356012170275
002241219080359019010134
004241219080400013030331
009241219080400012070450
002241219080402014030176
008241219080406014020120
002241219080407019020393
004241219080410013030591
001241219080410012030305
008241219080415012100201
009241219080415014020568
004241219080416012130267
008241219080418012090309
008241219080422012080469
004241219080422012150295
004241219080425012180301
001241219080428014010611
002241219080429019020323
002241219080438019070001
004241219080439013030614
002241219080442019050234
002241219080446012140431
003241219080447012050353
002241219080454019030042
004241219080517012170310
008241219080524013020870
004241219080533012140420
001241219080537014010508
009241219080541012120448
009241219080553012070197
004241219080601012150310
008241219080603012100428
006241219080612014030096
002241219080613019020353
002241219080619019040020
002241219080625019010008
008241219080633013020790
009241219080637012120454
002241219080638019050170
009241219080638012120454
009241219080639012120454
009241219080642015020663
001241219080710012050147
004241219080720012150201
008241219080728014020470
008241219080729014020470
008241219080730014020470
009241219080747012090399
004241219080752013030610
002241219080803012140447
002241219080804019010072
002241219080809019020065
002241219080902015030474
009241219080922014020530
003241219080932012040411
002241219080942019110049
009241219080943012110476
008241219081108012080438
001241219081127016000007
001241219081129016000001
002241219081152019010131
009241219081202012120488
003241219081236012010424
002241219081240019020263
006241219081249019100013
006241219081254019100013
002241219081553019020103
001241219081811016000012
004241219081818012140441
002241219081836019010133
003241219081845013010794
001241219082014012060387
002241219082045019010074
001241219082109016000052
002241219082111019020392
002241219083812019010111
002241219083818019010031
002241219085223019010108
002241219095224019030033
002241219103105019010067
001241219121054014010618
001241219121056014010620
001241219121057012020405
001241219141454014010619
002241219145010019070031
004241219161807012180315
004241219161829000001234
004241219162238012150321
003241219162500012010413
003241219165139013010716
008241219165457013020812
001241219165500016000112
001241219165509016000157
009241219165509012070187
001241219165514016000139
004241219165534013030516
006241219165611011000388
006241219165615011000388
006241219165618011000388
004241219165633013030372
004241219165636012140167
004241219165652012130290
004241219165707013030346
001241219165708012010408
004241219165719013030460
001241219165825013010805
004241219165827013030644
004241219165842012160298
006241219165844011000517
003241219165913013010734
002241219165948019020286
002241219165954019050171
006241219170007011000600
006241219170020011000343
004241219170022012140464
006241219170033011000741
004241219170035012160228
008241219170048012120431
006241219170107011000498
001241219170109018010018
006241219170129011000686
006241219170220011000439
006241219170257013020581
008241219170313012090309
001241219170332012040426
004241219170408012180277
006241219170424011000648
006241219170506015090631
004241219170520012180259
009241219170524013020860
009241219170528013020859
009241219170531013020198
004241219170608013030591
008241219170644012090350
006241219171133011000065
006241219171136011000568
002241219171300013030648
003241219171529012030293
004241219172541012170277
002241219172818019020323
001241219173448019060076
001241219173452019060076
002241219173551019020230
002241219175440019090016
002241219180052019100061
002241219181228019010072
002241219181552019060124
008241219181818013020793
002241219182123019030045
002241219182251019010131
002241219182254019010133
001241219182824016010123
001241219182948016010071
001241219183122016010127
001241219183838016010077
001241219183912019010125
002241219184453019010111
002241219184607019010118
006241219184636016010086
002241219184734012130286
002241219184819019050029
001241219185113019010128
002241219185116019030032
001241219185118016000073
002241219185142019040023
001241219185145019110051
003241219185149012040346
002241219185213019030047
002241219185221019040015
002241219185225019050243
002241219185319019030042
001241219185333019030046
001241219185423012010420
004241219185430012130295
003241219185437012060015
004241219185438013030504
004241219185446012140374
002241219185447012130250
004241219185448012150073
002241219185449019010094
001241219185449012140149
002241219185454019010008
004241219185502013030479
004241219185503013030066
004241219185506013030646
004241219185509012130295
004241219185512012130264
002241219185513014030449
004241219185515012140431
002241219185520019040020
002241219185524019040006
006241219185524015020540
001241219185526015010763
002241219185527019040034
008241219185528013020411
009241219185530013020837
008241219185530013020685
008241219185533013020850
002241219185533019040012
008241219185536013020749
008241219185537013020644
002241219185538019040033
008241219185540013020536
008241219185542013020824
001241219185543012010348
002241219185543019040030
009241219185543013020778
008241219185545013020843
002241219185545019040030
001241219185547012030363
004241219185547012170280
008241219185548013020683
002241219185548019040028
001241219185549012060397
003241219185550012030397
002241219185550013030325
003241219185551012020016
001241219185551012010028
008241219185551013020542
003241219185552012020366
002241219185552019040036
004241219185553013030496
001241219185553012040468
009241219185554013020833
008241219185554013020767
001241219185555012080458
003241219185555012020340
004241219185556013030356
002241219185556013030339
003241219185557012060229
001241219185557012080448
004241219185557013030617
009241219185557013020586
002241219185558012140430
002241219185558019110027
003241219185559012040443
009241219185559013020763
008241219185559012080284
004241219185600012150255
003241219185601012040273
002241219185601012140235
001241219185601012050310
004241219185602013030523
008241219185602012120419
003241219185604012010329
001241219185604012010201
008241219185604013020619
009241219185604012080408
002241219185605012160300
004241219185605013030607
001241219185605012010247
003241219185605013010777
008241219185605013020821
004241219185606013030608
009241219185606012090041
001241219185607012060007
002241219185607012160306
004241219185608013030104
003241219185608012010309
009241219185608013020703
008241219185608012110442
009241219185609012080431
001241219185610012060397
003241219185610012040442
002241219185611012130330
004241219185611012150260
009241219185611012070437
003241219185612012040397
008241219185612013020689
001241219185613012020345
004241219185613012170019
004241219185613013030546
008241219185613013020848
001241219185614012010237
002241219185614012140127
009241219185614013020504
003241219185615012020399
009241219185615013020884
001241219185616012060403
004241219185616013030546
003241219185616012010372
008241219185616013020810
003241219185617012030399
009241219185617013020855
004241219185618013030348
002241219185618012140409
001241219185619013010747
008241219185619013020851
009241219185619012110454
004241219185620013030545
002241219185621013030509
001241219185621012050179
003241219185621012030316
009241219185621012110373
001241219185622012050195
002241219185622012150261
004241219185622012140408
003241219185622012020400
009241219185622012080464
002241219185623012130329
008241219185623012070426
004241219185624012140434
003241219185624012030261
009241219185624013020868
001241219185625012050179
009241219185625013020868
003241219185626012030386
002241219185626012140428
008241219185626013020397
001241219185627013010804
006241219185627013020412
003241219185628012060364
004241219185628012170279
002241219185629012130303
001241219185629012020388
008241219185629013020255
003241219185630012060359
004241219185630012170054
006241219185630012130223
001241219185631012020325
002241219185631013030649
008241219185631013020758
004241219185632012170218
003241219185632012060421
008241219185632013020849
001241219185633012050210
002241219185633012150305
003241219185634012060388
004241219185634013030567
001241219185634012020286
001241219185634019030038
008241219185634013020766
009241219185634013020532
002241219185635012140441
001241219185636012020383
003241219185637012020288
004241219185637013030162
001241219185637013020180
008241219185637012120399
002241219185638013030647
001241219185638013010783
006241219185638013020240
002241219185639012140472
001241219185639013010798
003241219185639012050359
001241219185640012040425
004241219185640012150098
002241219185641012170293
003241219185641012030342
008241219185641013020823
001241219185642012050308
004241219185642013030558
009241219185642013020643
001241219185643013010712
003241219185643013010625
008241219185643012120425
001241219185644012040471
002241219185644012180305
004241219185644012150170
009241219185644013020017
003241219185645013010567
009241219185645015020669
008241219185645012090383
004241219185647012180220
002241219185647013030573
003241219185647013010793
004241219185648013030331
008241219185648012120483
009241219185648012120354
002241219185649012150314
002241219185649019040032
008241219185649013020701
004241219185650013030625
003241219185650013010460
001241219185650012030385
003241219185651013010769
009241219185651012070429
006241219185651012060241
004241219185652012170291
002241219185652012180261
001241219185652013010743
008241219185652012080350
002241219185653012150274
004241219185653012180263
009241219185653012070236
003241219185654013010795
009241219185654012070197
006241219185654012030282
002241219185655012130102
008241219185655013020748
004241219185656013030443
008241219185656013020836
009241219185656012070415
003241219185657013010190
002241219185657012150128
004241219185657013030629
001241219185657013020226
006241219185658013030176
003241219185659013010426
004241219185659013030609
009241219185659013020831
008241219185659013020825
002241219185700012180271
003241219185700012050009
001241219185701012040464
006241219185701013030003
004241219185702012160136
008241219185702013020874
002241219185703012140425
003241219185703012010337
004241219185703013030441
001241219185703012050331
009241219185703013020188
001241219185704013010751
004241219185704013030382
002241219185705012130288
004241219185705013030619
003241219185705012050254
006241219185705013030084
008241219185705012100284
001241219185706012020322
003241219185707012020404
001241219185708013010688
004241219185708013030425
008241219185708013020844
004241219185709013030507
002241219185709012140428
001241219185710012050367
003241219185710012060396
009241219185710012110143
008241219185710012100411
006241219185711013010015
002241219185712012130316
004241219185712013030425
009241219185712012110412
003241219185713012010293
008241219185713015020657
003241219185714012030349
009241219185714013020864
004241219185715013030603
004241219185716013030507
003241219185716012060221
001241219185717012050367
009241219185717013020863
008241219185717015020679
003241219185718012010401
009241219185719013020692
008241219185719012080419
004241219185720013030458
003241219185720013010724
002241219185720012130327
004241219185721012140420
001241219185721012040411
003241219185722013010560
006241219185722011000730
008241219185722012100318
002241219185723012150309
004241219185723012180144
001241219185723012010005
009241219185723012070264
008241219185725013020755
004241219185726013030354
003241219185726012050194
002241219185726012130276
009241219185726013020841
001241219185727012060372
002241219185727012130302
008241219185728013020726
004241219185729013030551
002241219185729012150091
003241219185729013010791
001241219185730012010403
008241219185730013020878
003241219185731012060389
009241219185731012110477
004241219185732012150318
002241219185732012160302
009241219185732012070417
008241219185732013020790
004241219185734012130335
003241219185734012020002
009241219185734012070433
003241219185736012020358
008241219185736013020870
002241219185736019110050
009241219185736012110486
006241219185736013030199
004241219185737012130344
004241219185738013030622
008241219185738012070376
009241219185738012090377
003241219185739012020392
003241219185740012040355
002241219185740012130297
008241219185740012090344
004241219185741012180212
009241219185741013020832
006241219185742012130091
009241219185742012090399
003241219185743013010577
008241219185743013020068
004241219185744013030571
003241219185745012050225
004241219185745013030577
009241219185745012110409
003241219185746012010405
008241219185746012070344
004241219185747013030576
001241219185748012020382
008241219185748012080425
009241219185748012110375
003241219185749012040437
008241219185749012070338
004241219185750012140422
001241219185751012050285
003241219185752012040453
008241219185752013020769
004241219185753013030240
008241219185754013020409
009241219185754012100416
004241219185755013030624
003241219185755012010414
009241219185757012120494
004241219185758013030538
003241219185758012060374
008241219185758012070193
004241219185759013030633
002241219185759012150271
009241219185759012070442
003241219185800013010244
003241219185801012050238
004241219185801012130210
009241219185801012100416
008241219185801013020811
002241219185801019010116
003241219185803012040192
009241219185803012080418
004241219185804012170207
003241219185805012050303
009241219185805012100224
001241219185806012020324
004241219185807012130285
008241219185807013020808
003241219185808013010001
009241219185808013020818
001241219185809012040462
002241219185809019110040
003241219185810012040466
004241219185810012150301
002241219185811013030541
009241219185811012110488
008241219185811012100367
003241219185812012020389
004241219185812013030634
001241219185812012030305
009241219185813013020640
001241219185814012040461
004241219185814012140462
003241219185815012010426
006241219185815013020326
009241219185815012090414
008241219185815013020572
001241219185816012040354
004241219185816013030119
002241219185817013030263
001241219185818013010641
002241219185818013030484
003241219185818013010693
008241219185818012110443
009241219185818012090414
004241219185819013030379
009241219185819013020840
002241219185820013030627
008241219185820013020274
001241219185821012020405
003241219185821012060426
004241219185822013030222
008241219185822012120491
004241219185824012180313
002241219185824013030592
001241219185824012020405
008241219185825012080220
003241219185826012060253
002241219185826013030630
009241219185827013020425
004241219185828013030605
001241219185828012020385
004241219185829012140444
008241219185829013020154
003241219185830012060427
009241219185830012070357
004241219185832013030565
008241219185832012080459
009241219185832013020820
002241219185833013030263
001241219185833013010023
009241219185833012110178
009241219185834012120491
004241219185836012160313
002241219185836013030263
008241219185836012090300
001241219185837012020398
009241219185837013020857
003241219185838013010259
009241219185838012120414
004241219185840012160311
008241219185840013020747
009241219185841012100449
004241219185842012140154
009241219185843012120448
003241219185845013010710
004241219185845012130314
008241219185845013020674
001241219185846012010421
009241219185846013020817
003241219185847012050307
008241219185847012100405
003241219185850013010413
008241219185850012110416
004241219185851013030610
006241219185851012150195
008241219185852013020858
001241219185853012050224
003241219185853012050334
009241219185854013020866
003241219185855012050028
002241219185855013030639
008241219185855013020826
004241219185857012130312
008241219185857012110466
009241219185857012100311
001241219185858012060378
003241219185858012040467
009241219185858012100311
002241219185900013030308
004241219185901012150312
003241219185901013010542
001241219185901012010327
008241219185901012120301
008241219185902012120482
001241219185903012010377
002241219185904012130312
004241219185904012150241
003241219185904013010781
002241219185906013030631
008241219185906013020873
009241219185906013020819
004241219185907012140457
001241219185907012020086
003241219185907012030390
002241219185908013030563
009241219185908013020773
004241219185909012180262
008241219185909012080468
003241219185910012050085
009241219185910013020803
008241219185910012120242
002241219185911015030187
009241219185912012120479
003241219185913013010726
003241219185914013010672
004241219185914012170056
002241219185914013030631
009241219185914012120479
008241219185914012080346
002241219185916013030563
008241219185916012110427
009241219185917013020880
003241219185918012050341
004241219185918012180171
002241219185919013030466
003241219185920013010515
008241219185920012110491
002241219185920019040021
004241219185921013030187
009241219185921012120489
009241219185922012120497
008241219185922012100428
004241219185923013030398
009241219185924012120497
004241219185925012180314
001241219185925012010423
003241219185925015010791
008241219185925013020745
009241219185926013020862
008241219185928012100446
004241219185929013030482
003241219185929013010624
009241219185929013020723
003241219185930012040423
008241219185930013020610
004241219185932013030448
009241219185933013020797
008241219185933013020468
001241219185935012020396
008241219185935012080394
004241219185936012170253
009241219185936012080383
001241219185938012030404
009241219185938012090348
004241219185939013030508
002241219185939019050171
008241219185940013020877
009241219185941013020599
001241219185942012020368
002241219185942019050171
004241219185943012150135
008241219185943013020554
009241219185944012070443
004241219185945013030188
009241219185946012090348
008241219185946013020876
009241219185947012080447
004241219185948014030440
002241219185948019050212
008241219185948012120377
008241219185949013020781
004241219185951012160287
008241219185952012090345
002241219185953012130317
004241219185954012160114
009241219185954012120454
003241219185955012020137
002241219185956013030548
008241219185956013020428
004241219185957012150286
009241219185957012120454
008241219185957013020428
009241219185958012120454
003241219185959012040376
004241219185959012150321
008241219185959012080361
002241219190000012120481
003241219190001015010751
008241219190001013020780
002241219190002012140363
009241219190002012110496
003241219190003015010792
004241219190003012130341
008241219190003012110494
001241219190004012060360
002241219190004012140446
004241219190005012160293
003241219190005012040477
009241219190005012070308
008241219190005013020515
002241219190007015030431
009241219190007012100450
004241219190008012160285
008241219190008012120493
003241219190009012040445
009241219190010012080427
004241219190011012130059
008241219190011012110164
003241219190012013010473
002241219190013012130049
009241219190013012100450
008241219190013012080127
001241219190014012050315
004241219190014012160149
009241219190014012110478
008241219190015012070441
003241219190016013010284
009241219190017012110483
009241219190018012110478
003241219190019012060166
008241219190019012080225
009241219190021012110483
003241219190022013010550
008241219190022013020660
009241219190023012100450
001241219190024012020121
002241219190024013030642
003241219190025013010733
002241219190026013030623
009241219190026012120395
008241219190026012080225
004241219190027015030467
009241219190027012110483
001241219190028012020285
003241219190028012040373
004241219190029012140465
008241219190029012080114
003241219190030012050368
002241219190031012160243
003241219190031012050350
009241219190031012090267
008241219190031012120444
001241219190034012030365
009241219190034012090419
008241219190035012070410
001241219190036012020269
008241219190037012080456
001241219190039013010700
003241219190040015010769
009241219190040012080017
006241219190040012080163
001241219190041013010762
001241219190042013010604
009241219190042012080430
008241219190042012080345
008241219190044012100445
008241219190047013020067
003241219190048012050266
009241219190049012100439
003241219190050013010737
001241219190052012050343
003241219190054015010731
008241219190054012070440
001241219190056013010021
008241219190056012080135
009241219190058012070414
008241219190058012080007
004241219190059012170257
001241219190059013010059
001241219190101015010737
003241219190102013010650
004241219190102013030440
008241219190103012110353
008241219190105012100280
008241219190109012080457
001241219190110012050279
008241219190111012100323
001241219190113012050234
003241219190113013010732
004241219190114012160231
008241219190114012070358
002241219190116012180257
003241219190116013010771
008241219190116013020606
004241219190117012130214
008241219190119012110474
003241219190120013010580
008241219190122012110382
004241219190124013030550
008241219190124012070360
001241219190125012100385
003241219190126012030372
008241219190128012090394
006241219190130011000491
004241219190131012150320
008241219190132015020681
003241219190139015010690
002241219190140019020061
004241219190141012170222
002241219190142012130267
004241219190143013030535
004241219190146019020149
004241219190149012130267
003241219190153013010808
008241219190153012120350
001241219190156013010213
008241219190156012080414
003241219190158012040417
004241219190159012130336
004241219190200012180301
004241219190202012130336
003241219190202012030381
002241219190207013030597
002241219190208012140475
003241219190215015010704
008241219190219013020799
002241219190219019040001
008241219190221012080469
003241219190224012050057
003241219190227013010296
008241219190231012110464
006241219190231011000704
004241219190233012150201
006241219190233011000490
006241219190236011000704
006241219190237011000283
008241219190240012110297
006241219190241011000691
006241219190246011000690
006241219190248011000725
004241219190250012130345
006241219190252011000690
004241219190254012150319
006241219190255011000598
008241219190258012110446
006241219190300013020543
008241219190301012110400
006241219190303011000534
008241219190306012110480
006241219190307011000651
008241219190308012110487
006241219190309011000662
006241219190312011000636
006241219190321011000663
003241219190323012040353
009241219190323012100451
002241219190326012150250
006241219190326011000231
004241219190327012160236
006241219190332011000566
008241219190332012110414
004241219190333013030157
004241219190338013030614
006241219190338011000581
003241219190340012040452
004241219190341012150171
003241219190343012040478
006241219190343011000740
004241219190345012170275
006241219190348011000733
003241219190349013010646
003241219190359013010606
002241219190400019050193
006241219190400012080131
004241219190404012140337
009241219190410015020681
006241219190411011000595
008241219190411012080343
002241219190413019020150
002241219190418019020383
003241219190420013010392
009241219190420012080462
003241219190423013010651
003241219190428012050360
001241219190432012040338
008241219190435012120124
008241219190447012080428
002241219190448019060101
001241219190505016000161
001241219190507016000161
006241219190508011000203
003241219190509013010772
003241219190512012050313
001241219190513016000164
001241219190516016000164
006241219190524011000678
002241219190524019010109
009241219190537019020387
002241219190537019050230
003241219190609013010529
008241219190612015020660
003241219190622013010800
002241219190634019040016
002241219190638019040035
008241219190655015020639
002241219190657019020318
002241219190729019060084
001241219190755015010761
002241219190800019020095
001241219190823012030350
002241219190859019020124
002241219190941019020007
004241219191020013030530
002241219191124019050164
006241219191127019100046
003241219191140012030366
001241219191140019020282
008241219191206012080366
009241219191209012080366
002241219191234019100039
004241219191312013030246
002241219191329019020221
008241219191457012080454
002241219191512019020397
004241219191551012140445
002241219191556019020392
002241219191559019020398
001241219191600019050188
002241219191620019030001
002241219191621019030001
002241219191641019020127
002241219191714019010136
002241219191840019110046
002241219191925019050234
002241219191931019050246
002241219191944012140379
002241219192018019050195
004241219192115012140447
002241219192206019050084
002241219192242012140435
006241219192432019100063
006241219192436019100013
006241219192441019100013
001241219192447016000167
002241219192513019040009
002241219192732019070001
002241219192903019050239
001241219193020016010100
001241219193036016010100
001241219193040016010131
001241219193041016010131
002241219193052019060003
001241219193110016010032
001241219193114016010095
001241219193118016010106
001241219193127016010119
001241219193131016010073
001241219193135016010121
001241219193139016010122
001241219193151016010082
001241219193157016010045
001241219193202016010090
001241219193207016010098
001241219193210016010081
002241219193218019010087
002241219193251019050091
002241219193330019050209
002241219193333019050094
001241219193336016010124
001241219193450016010080
001241219193455016010050
001241219193459016010048
001241219193503016010084
001241219193510016010130
001241219193519016010130
002241219193526019050148
001241219193528016010105
001241219193617016010079
001241219193621016010125
001241219193632016010110
001241219193705016010056
008241219193713016010129
002241219193715019100052
002241219193718019050217
002241219193724019040024
002241219193854019050196
002241219193907019110005
002241219193921019050225
002241219194005019050170
002241219194121019020374
009241219194133019050244
002241219194238019020301
001241219194255016000008
009241219194656015010696
001241219194704015010668
001241219194722015010800
001241219194834019030043
001241219194838019030050
009241219194859014020416
009241219194906014020588
009241219194909014020088
009241219194915014020631
008241219194916014020351
009241219194919013020867
009241219194921015020643
009241219194923015020667
009241219194924015020647
009241219194925015020647
009241219194927015020647
009241219194928014020554
009241219194931015020659
009241219194932015020604
009241219194933015020674
009241219194935014020620
009241219194936014020565
001241219194938015020500
001241219194939014010157
009241219194939014020616
009241219194941015020641
009241219194943014020619
009241219194945015020598
009241219194948015020663
009241219194951015020685
009241219194954014020594
008241219194956014020331
009241219194956014020574
009241219194957013020783
009241219194958013020783
008241219194959014020630
009241219194959014020607
001241219195001014010565
001241219195002015010669
008241219195002015020410
009241219195002014020553
001241219195004015010129
003241219195004015010687
001241219195005015010781
008241219195005015020478
009241219195005015020461
008241219195006015020057
001241219195007015010473
003241219195007015010678
008241219195007015020655
009241219195007014020615
002241219195008019020394
008241219195009015020591
009241219195009014020622
001241219195010014010200
009241219195012016000147
008241219195013014020606
001241219195014014010432
009241219195014015020199
008241219195015014020489
001241219195017014010570
008241219195017014020443
003241219195018015010716
009241219195018014020603
008241219195018014020443
001241219195019014010592
001241219195020015020563
009241219195020015020531
001241219195021014010592
008241219195021014020020
001241219195023015010407
003241219195024015010798
009241219195024014020523
008241219195024014020611
001241219195025015010683
008241219195027014020581
009241219195027014020524
001241219195028014010571
008241219195029014020536
009241219195030014020586
001241219195031015020469
009241219195032014020625
008241219195032014020486
001241219195034014010250
009241219195034014020501
008241219195035014020504
001241219195037014010587
001241219195037014010569
008241219195037014020502
009241219195038016000124
008241219195039014020597
001241219195040014010066
009241219195040014020288
008241219195042014020562
008241219195043014020562
002241219195102019070038
002241219195104019020335
008241219195106013020761
001241219195113015010807
001241219195113015010802
009241219195114014020231
008241219195117013020626
001241219195118014010502
009241219195118015020652
008241219195124014020404
008241219195126014020404
008241219195128014020120
009241219195133014020530
008241219195133014020417
002241219195140019050026
009241219195141015020675
002241219195153014030373
001241219195155013010797
009241219195201014020424
009241219195207014020571
001241219195208015010790
009241219195211014020633
009241219195214014020567
001241219195216014010493
001241219195217014010440
009241219195217014020542
001241219195219015010017
001241219195219014010536
008241219195219012090357
009241219195220016000149
001241219195221014010555
001241219195225014010612
009241219195226013020460
002241219195226019050128
001241219195227015010796
002241219195227014030158
001241219195230014010068
001241219195232014010535
001241219195233014010011
001241219195234012040450
001241219195236016000169
001241219195238014010460
002241219195239019110014
001241219195241014010411
001241219195243015010788
008241219195243012070390
006241219195247019100028
009241219195249012070435
001241219195250014010615
002241219195301014030480
002241219195302013030349
008241219195305014020055
001241219195307015010793
009241219195307014020550
003241219195309012040403
008241219195309014020513
001241219195310014010053
009241219195310014020414
001241219195313014010538
001241219195314015010766
008241219195321012120473
009241219195323014020608
001241219195327012010341
001241219195330012030353
002241219195330019020404
001241219195333015010797
001241219195335015010693
003241219195337013010806
001241219195337015010632
009241219195338012110482
001241219195340012070449
001241219195343012050147
001241219195346016000064
003241219195346013010774
001241219195349014010357
003241219195352019110043
001241219195354014010617
003241219195354012040447
008241219195354012120402
008241219195356012100403
001241219195357012060353
009241219195358014020617
001241219195359014010539
008241219195359014020525
001241219195401012010011
009241219195401015020630
008241219195402012070403
008241219195406012100429
009241219195406014020546
003241219195408012020274
009241219195409015020676
009241219195410014020435
001241219195411012010338
008241219195411012100400
001241219195414014010525
009241219195415014020413
008241219195415014020511
003241219195416012050345
001241219195416015010001
009241219195416012100347
001241219195418015010692
009241219195418012100006
001241219195421015010795
009241219195422012100169
001241219195424012010415
009241219195426012100381
003241219195428012030344
003241219195429012030401
001241219195429015010596
008241219195432012100329
003241219195433013010215
003241219195435015010805
002241219195436014030289
008241219195436012100425
003241219195437012030403
001241219195438014010444
002241219195438014030387
006241219195438019100067
001241219195439014010452
003241219195440012030403
008241219195440012100201
001241219195441014010573
006241219195441019100067
002241219195442014030456
001241219195443014010614
008241219195443012100398
001241219195444014010338
003241219195444013010575
002241219195444014030475
003241219195445012020037
001241219195447014010607
003241219195448013010730
001241219195449012020111
008241219195449012100418
003241219195450012030396
001241219195451012040405
001241219195452012040458
003241219195453013010321
001241219195454014010605
008241219195454012090401
003241219195455012020274
001241219195455014010578
008241219195457012100307
003241219195458012030276
001241219195458012020228
009241219195458014020540
001241219195459012030010
008241219195459012100430
009241219195500012100134
001241219195501012020311
009241219195501012100134
001241219195502014010457
008241219195502012100430
009241219195502014020578
001241219195503012010410
008241219195503012100430
001241219195505013020881
009241219195505014020532
008241219195506012100218
003241219195507012030335
008241219195507012100307
001241219195508012030196
009241219195508013020883
003241219195509012020402
001241219195509012060416
008241219195510012100358
003241219195511012020300
008241219195511012100358
001241219195512013020881
001241219195513013010755
003241219195513012050353
008241219195513012100322
001241219195515012010376
003241219195515012010277
008241219195515012100322
001241219195517013010006
003241219195518012010393
008241219195518012100223
009241219195519012090405
001241219195520012060383
008241219195520012100327
003241219195521012060309
001241219195521012030368
009241219195522012090405
003241219195523012030036
001241219195523012030376
006241219195523011000687
008241219195523012100312
001241219195524012030335
008241219195524012120475
001241219195525015010682
003241219195526012030328
001241219195527015010786
008241219195527012100257
003241219195528012050357
001241219195529014010510
008241219195529012100431
001241219195530012030266
006241219195530011000564
003241219195531012040293
001241219195532012060005
009241219195532012070421
006241219195533011000262
008241219195533012090396
003241219195534015010780
001241219195534015010752
009241219195534012090291
002241219195535016000144
001241219195535015010717
008241219195536015020658
006241219195536011000408
009241219195536014020570
003241219195537012050311
001241219195537012060407
002241219195538015030388
001241219195539012060095
008241219195539014020627
001241219195541012060387
003241219195541013010759
008241219195542012120465
003241219195543012060379
006241219195543011000408
001241219195544012030361
003241219195544015010783
002241219195544015030473
001241219195545012010019
008241219195545012100442
002241219195547014030418
003241219195547013010765
008241219195548013020879
001241219195549015010789
002241219195549015030468
003241219195550013010598
008241219195552012100047
002241219195553014030458
009241219195553015020640
009241219195554015020640
008241219195554012090035
003241219195555012030355
002241219195555014030279
009241219195556015020640
003241219195557015010721
008241219195557012100364
002241219195558014030159
004241219195600014030369
003241219195600013010739
001241219195600012060368
008241219195600012090035
002241219195601014030444
001241219195602013010347
002241219195603014030031
003241219195603015010550
008241219195603012100380
008241219195605014020470
002241219195606012130319
003241219195606013010767
009241219195607012100443
008241219195607014020470
009241219195608012100443
006241219195609011000723
001241219195610012060259
008241219195610013020838
002241219195612014030448
001241219195612012030352
004241219195612014030490
003241219195612012040406
006241219195612011000727
009241219195612012100434
008241219195612012100334
001241219195614012060349
006241219195614011000723
002241219195615014030447
004241219195615014030430
003241219195615012040454
001241219195615015010615
008241219195615013020562
009241219195616014020626
004241219195617014030331
001241219195617014010208
008241219195617013020835
006241219195617011000728
003241219195619014010524
002241219195619014030365
001241219195619014010103
009241219195620012110406
008241219195620013020738
003241219195621012030095
006241219195621019100071
001241219195622012030300
009241219195622012120484
003241219195623014010584
004241219195623012150190
002241219195624014030369
001241219195624012010382
006241219195624011000359
009241219195625014020563
008241219195625012120470
003241219195626013010735
001241219195626012020367
002241219195627014030418
001241219195627012010162
008241219195627013020852
003241219195628014010575
009241219195628012100441
004241219195629012150263
001241219195630012010375
008241219195630014020634
006241219195630019100008
003241219195631012030338
004241219195631012130014
009241219195632015020013
001241219195633013010358
006241219195633019100008
008241219195633012090248
009241219195633012100443
002241219195634014030109
003241219195634013010785
003241219195635012020391
009241219195635015020687
001241219195636014010241
001241219195636012050348
002241219195636012130116
008241219195636012090404
002241219195638014030452
003241219195638012050364
009241219195638014020582
001241219195639014010241
004241219195639012180106
003241219195639012040476
009241219195639014020628
008241219195639012090330
001241219195639012040131
002241219195640014030471
003241219195641012030256
001241219195641014010424
004241219195641014030021
009241219195642015020535
006241219195642011000445
001241219195643014010267
002241219195643014030450
008241219195643012110087
003241219195644012020381
009241219195644015020577
004241219195646015030445
001241219195646014010492
003241219195647012040473
006241219195647015090620
008241219195647013020795
009241219195647012090388
001241219195648014010563
008241219195648012090408
004241219195649012140461
003241219195649013010631
009241219195649012070450
002241219195650012140452
001241219195651014010537
006241219195651011000683
009241219195651012120393
001241219195652013010446
008241219195652012110160
002241219195653012140389
009241219195653012090375
004241219195654012150100
001241219195654014010604
006241219195654011000682
003241219195655012050347
002241219195655012130075
008241219195655012070411
001241219195656012040209
009241219195656012090351
003241219195657012030400
001241219195657014010603
008241219195657012070438
004241219195658012130280
002241219195658012140458
003241219195659012030405
001241219195659014010295
002241219195659019100068
009241219195659012110476
008241219195700012110340
003241219195701012040337
002241219195701014030489
004241219195701012150196
006241219195701011000713
009241219195701012070447
001241219195702012040465
002241219195703014030366
008241219195703012090393
009241219195703012120476
004241219195704012170073
002241219195704013030638
003241219195704012060432
001241219195704012040410
006241219195704011000670
002241219195705015030442
001241219195705014010580
008241219195705012110404
009241219195705014020589
001241219195706013010331
003241219195706015010794
006241219195706011000713
002241219195707015030383
003241219195707012040382
008241219195707013020387
009241219195707012120440
002241219195708015030478
001241219195708014010526
008241219195708012090391
004241219195709012140470
009241219195709014020180
003241219195710012010422
001241219195710013010035
001241219195710015100543
002241219195711014030088
004241219195711012130278
008241219195711012120306
001241219195712012040222
009241219195712013020882
003241219195713013010807
004241219195714015030443
009241219195714012070366
006241219195714011000675
008241219195714012120412
001241219195715012010014
002241219195715012140471
004241219195715012150297
001241219195716015010808
003241219195716012010387
003241219195717013010682
008241219195717012110455
009241219195717015020541
001241219195718015010785
004241219195718012140225
002241219195718014030426
009241219195718015020541
003241219195719012060434
002241219195719014030423
008241219195719012120474
004241219195720015030457
003241219195720013010653
001241219195720015100556
001241219195721012010425
008241219195721012110461
009241219195721013020882
003241219195722012050366
002241219195722014030299
004241219195723012150303
001241219195723015100559
008241219195723012110458
002241219195724012130338
001241219195724012020162
004241219195724012180046
009241219195724015020688
006241219195724011000735
003241219195725012050354
002241219195725012150283
008241219195725012080373
001241219195725015100560
002241219195726015030466
004241219195726012180315
009241219195726012070148
003241219195727012050204
009241219195727012090410
004241219195728012150293
002241219195728015030262
008241219195728012120499
002241219195728019050216
009241219195728012090410
003241219195729012050351
002241219195729019050216
006241219195729011000635
001241219195729015100557
008241219195729012090302
001241219195730012050123
008241219195730012090413
003241219195731013010004
002241219195731014030160
009241219195731014020618
006241219195732011000120
003241219195733013010520
002241219195733015030337
001241219195733012050358
009241219195733012120463
004241219195734012180258
002241219195734019050126
006241219195735011000635
003241219195736012020390
002241219195736014030438
009241219195736012100424
002241219195738014030174
003241219195738013010014
004241219195738012180249
008241219195738012080380
002241219195739015030279
002241219195739019050241
009241219195739012090380
002241219195740012160230
008241219195740014020598
009241219195740012090368
004241219195741012170305
003241219195741013010768
002241219195742015030434
004241219195742012180275
008241219195742012120461
008241219195743012080452
009241219195743012120415
006241219195743011000732
003241219195744013010151
009241219195744012120143
004241219195745012180157
002241219195745014030476
002241219195745019050241
001241219195746012010361
002241219195747015030244
004241219195747012180307
008241219195747012100436
009241219195748012070439
001241219195749015010804
003241219195749013010505
008241219195749012080466
003241219195750013010007
002241219195750014030478
009241219195750012070444
004241219195751012170219
002241219195752015030101
003241219195752012060410
004241219195752014030055
009241219195753013020282
002241219195754015030458
004241219195754014030267
009241219195754013020282
001241219195755012010419
002241219195755012180310
009241219195755012070286
003241219195756013010677
001241219195756012150311
008241219195756012100350
002241219195757012170308
004241219195757014030398
001241219195757012150311
009241219195758012100432
003241219195759013010740
002241219195759012170309
008241219195759012090424
004241219195800014030096
002241219195800012180308
003241219195801013010770
008241219195801012110004
009241219195801015020623
006241219195801015090620
002241219195802012180157
008241219195802012070431
004241219195803015030371
002241219195803012180275
006241219195803011000726
004241219195804015030246
003241219195804012020403
001241219195804014010003
009241219195804015020678
003241219195805012020010
002241219195805015030461
006241219195805019100066
002241219195806015030343
004241219195807014030478
001241219195807013010761
002241219195807015030451
001241219195807015100551
008241219195807012110495
006241219195807011000398
002241219195809014030368
009241219195809012090372
001241219195810012050309
003241219195810013010780
004241219195810015030395
006241219195810011000720
002241219195812012160224
009241219195812012120490
008241219195812012110467
003241219195813013010763
009241219195813012080358
006241219195813015090629
001241219195814012010398
002241219195814013030587
004241219195814015030439
006241219195815015090628
008241219195815012090405
001241219195816012010389
002241219195816015030402
004241219195816012160301
003241219195816013010758
002241219195818014030374
004241219195818012180206
003241219195818015010610
008241219195818012110351
006241219195818011000737
002241219195819015030410
004241219195821013030584
002241219195821015030475
006241219195821011000165
001241219195821018010065
008241219195821012110378
004241219195822012150198
009241219195823012070448
008241219195823012080429
002241219195824016000123
004241219195824015030438
009241219195824012070448
006241219195824015090611
002241219195825015030477
001241219195825015010758
001241219195826018010069
001241219195827012010364
003241219195827013010702
004241219195827015030389
006241219195827011000738
004241219195828012150310
002241219195828015030476
009241219195828012070448
001241219195829012050213
001241219195829018010067
006241219195829015090616
004241219195830012130242
001241219195831015010774
002241219195831012150226
006241219195831011000710
003241219195832012050217
001241219195832018010066
001241219195833015010753
004241219195833012160224
002241219195833012130263
006241219195834015090618
002241219195835012170286
001241219195835012030304
004241219195835012140388
002241219195835019110002
008241219195836012100394
009241219195836012070392
006241219195836011000710
004241219195837015030410
009241219195837012100252
001241219195837015030112
002241219195838014030470
001241219195838012050344
004241219195839012150273
006241219195839011000041
002241219195840014030250
003241219195840012040300
001241219195840014010581
001241219195840018010048
002241219195841019050213
003241219195842013010799
004241219195842012170144
008241219195842012070445
009241219195842012090406
004241219195843012180299
001241219195843012020013
006241219195843015090627
004241219195845012130270
001241219195845018010054
003241219195846012060431
002241219195846012140405
004241219195846012170209
008241219195846014020623
003241219195847012030327
006241219195847011000674
002241219195848012150069
008241219195848013020813
004241219195849012180284
006241219195849011000699
009241219195849013020822
001241219195849018010068
008241219195850012070404
003241219195851012030230
001241219195851018010047
004241219195852012140463
001241219195852015010787
006241219195852011000277
004241219195853012150287
003241219195854012030377
006241219195854011000681
001241219195855012010424
008241219195855013020574
003241219195856013010454
004241219195856012140429
001241219195856018010071
009241219195856012090407
004241219195857012180312
006241219195857015090568
002241219195858012130165
001241219195858012010010
009241219195858015020638
006241219195859011000440
004241219195900012180272
001241219195900018010070
008241219195900012090335
001241219195901012010340
006241219195901011000473
009241219195901012070407
004241219195902012180276
002241219195902014030356
001241219195903013010199
003241219195903013010727
008241219195904012090417
002241219195905012170266
004241219195905012160272
009241219195905012120256
003241219195906014010436
001241219195906014010613
008241219195906015020635
001241219195907014010608
008241219195907012120433
006241219195907011000722
002241219195908019070014
009241219195908012070010
004241219195909012160271
009241219195910012120500
006241219195910011000719
002241219195911012150315
003241219195911012040459
009241219195911012120500
001241219195912012040444
004241219195912012140437
002241219195913012160307
006241219195913011000001
004241219195914012150294
001241219195914012040446
008241219195914012070384
009241219195914012070321
002241219195915013030596
001241219195915018010059
009241219195915012120486
003241219195916012060398
004241219195916013030641
001241219195917014010613
002241219195917012140468
008241219195918015020545
009241219195918012090343
006241219195918011000573
001241219195918018010059
002241219195919012170299
001241219195919012040446
003241219195920012040469
004241219195920012170178
002241219195921014030087
006241219195921011000525
004241219195922012170265
003241219195923012030303
002241219195923019100070
002241219195924012170193
006241219195924011000169
003241219195925012030194
004241219195925012140456
009241219195925012120421
004241219195926013030071
002241219195926012160012
006241219195927011000573
008241219195927012090279
006241219195928011000574
004241219195929012180159
009241219195930012090220
008241219195931012080438
006241219195931011000026
001241219195932012020348
009241219195932012090220
006241219195933011000668
001241219195934012010190
004241219195934012160163
008241219195935012090272
003241219195936013010176
006241219195936011000715
001241219195937013010011
006241219195938011000632
001241219195938018010008
001241219195939013010549
004241219195940012180287
008241219195940012110223
001241219195941013010176
006241219195941011000677
001241219195941018010008
002241219195942015030459
003241219195943013010776
004241219195943012150307
009241219195943012110485
004241219195944012180185
008241219195944012090256
006241219195944011000525
009241219195945012080467
008241219195946012090150
009241219195946012110397
006241219195947011000525
004241219195949012170267
006241219195949011000724
008241219195949012110484
009241219195949012110479
002241219195950012180297
004241219195951012180158
008241219195951012110367
006241219195952015090608
009241219195952015020664
002241219195952019010108
002241219195953012180253
004241219195954012170292
009241219195954012120498
006241219195954011000715
003241219195956012040420
002241219195956015030474
002241219195956019050152
004241219195957012160315
006241219195957011000718
009241219195957015020618
002241219195959015030247
001241219195959018010072
003241219200000013010787
002241219200001012140148
004241219200001012180278
009241219200001012120487
009241219200002012070331
006241219200002015090580
008241219200002013020438
001241219200002018010072
003241219200003013010666
001241219200003012010385
004241219200003015030306
004241219200004012140460
002241219200005012160296
009241219200005015020624
006241219200005011000706
009241219200006012120464
004241219200007014030056
003241219200008012050363
001241219200008015030454
006241219200008012170053
008241219200008012120434
002241219200009013030618
009241219200009015020654
004241219200010012130334
006241219200010011000555
009241219200010012110489
003241219200011012050183
008241219200011012110354
002241219200012012150203
004241219200012014030437
006241219200013011000594
009241219200013012090416
002241219200013019100002
008241219200013015020568
003241219200014013010117
002241219200015012160280
006241219200015011000639
008241219200015012070090
009241219200015015020646
001241219200016018010055
003241219200018013010794
002241219200018015030426
002241219200018019100072
008241219200018015020386
009241219200018012090423
004241219200019012160256
006241219200019011000086
001241219200021012040367
004241219200021012170194
008241219200021012070244
009241219200021012090379
008241219200022012120196
003241219200023013010009
002241219200023019110037
009241219200023015020029
002241219200024012140043
006241219200024011000717
004241219200025012150203
009241219200025015020668
008241219200026012120368
002241219200027014030150
009241219200027015020580
003241219200028012030406
004241219200028012140421
008241219200029012090411
009241219200030015020671
006241219200030015090621
003241219200031013010522
004241219200031012140088
006241219200033015090617
009241219200034012120401
002241219200035012170127
002241219200035019110033
008241219200035019050183
006241219200036011000692
003241219200037013010662
008241219200037012080364
002241219200039012140469
008241219200039012080364
004241219200040012180251
009241219200040015020686
008241219200041012120199
003241219200042012050365
002241219200043012140086
006241219200043011000263
002241219200046012170228
008241219200046015020686
006241219200046011000263
009241219200048015020022
002241219200049012170077
003241219200049012030293
006241219200049011000736
004241219200050015030437
002241219200050012170235
002241219200050019050237
009241219200051014020592
008241219200052012070006
004241219200053012160291
002241219200053015030386
009241219200053012080297
004241219200054012180252
009241219200054012080297
006241219200054011000051
003241219200055013010270
002241219200055012170271
009241219200055012080453
004241219200056012140442
006241219200057015090632
004241219200058012150299
009241219200058012110438
002241219200100012170298
004241219200100012140442
009241219200101012110437
006241219200102011000731
004241219200103013030562
001241219200103012030333
008241219200103012090333
001241219200104012040438
006241219200104011000739
009241219200104012120488
002241219200106014030425
004241219200106012180266
006241219200106011000410
009241219200107012120488
002241219200108019020273
001241219200109012060415
004241219200109012170195
002241219200109014030424
006241219200109011000422
002241219200111014030381
004241219200112012150295
006241219200112011000422
002241219200114014030390
004241219200114012160233
006241219200115012050129
004241219200116012160087
002241219200117014030453
004241219200119012130205
003241219200119013010714
006241219200119011000656
004241219200120012160104
002241219200121014030416
001241219200121012030329
004241219200122012160143
008241219200122013020706
006241219200122011000656
002241219200123014030484
004241219200124014030454
008241219200124013020753
006241219200124011000586
004241219200126013030498
002241219200126014030077
006241219200126011000627
003241219200128013010294
008241219200129012080463
006241219200129011000627
002241219200130014030305
004241219200130014030393
004241219200133012140474
008241219200133012080375
006241219200133011000627
003241219200134013010695
002241219200134014030336
004241219200135012140473
002241219200137013030485
004241219200138014030334
006241219200138015090633
002241219200139014030325
003241219200143013010803
002241219200145012170295
002241219200145019110049
009241219200145012110481
009241219200149015020502
004241219200151012140466
001241219200151015030106
002241219200152019050242
002241219200153012130254
008241219200153012090402
003241219200155012040429
006241219200155019100032
008241219200156012110151
009241219200157015020677
006241219200159019100018
001241219200200012040433
008241219200200012110410
008241219200202012110421
006241219200202011000654
004241219200203012170297
001241219200203019020402
008241219200204012080424
006241219200205019100065
001241219200206015010784
003241219200207012060384
001241219200208012060368
006241219200209015090579
004241219200211012170217
006241219200211011000276
004241219200215012160021
008241219200215013020721
003241219200216012060356
006241219200216011000694
001241219200217012010292
004241219200218013030590
006241219200218011000666
001241219200219012020008
008241219200220012070382
003241219200221013010788
006241219200221011000601
008241219200223012080413
003241219200225012060414
006241219200225011000258
003241219200226012010173
002241219200227012150304
004241219200227012160088
001241219200227012030387
006241219200228011000640
002241219200230013030518
001241219200230012060405
004241219200230012160282
003241219200231013010541
008241219200231015020680
002241219200232012130322
006241219200232011000640
001241219200233012030242
004241219200233012130343
008241219200234012090339
001241219200236012030356
004241219200237012150304
006241219200237011000078
003241219200238012030317
002241219200239019110048
009241219200240012080123
004241219200242012160085
009241219200242015020451
004241219200245015030356
009241219200245012070432
004241219200246012170146
002241219200247015030368
003241219200248012060369
009241219200248012070428
004241219200250015030168
004241219200254015030368
008241219200254012110424
002241219200255015030423
002241219200255019020372
002241219200258012150290
009241219200258012080078
002241219200300019020349
002241219200301012160222
009241219200301012110377
008241219200303012080189
004241219200305012150270
002241219200305019020389
002241219200307019020275
002241219200309015030470
004241219200309012160075
002241219200310019050228
002241219200311015030362
004241219200316012140443
008241219200319012080267
002241219200320015030455
002241219200323015030444
002241219200328019100044
001241219200332019020340
002241219200339019020263
001241219200341019020373
002241219200342019020103
002241219200356019010135
002241219200402015030469
002241219200407019020079
009241219200408012120477
009241219200410012120477
004241219200413012180260
002241219200417019020212
001241219200419012030402
003241219200421012030351
002241219200421019020307
002241219200424019020368
003241219200427013010365
002241219200435012130337
002241219200447014030459
002241219200522015030465
002241219200525015030441
002241219200528019020353
002241219200530019020326
002241219200541019020363
002241219200545019060123
004241219200548012170310
002241219200549019060107
004241219200551012170310
002241219200552019060119
002241219200556019060095
002241219200602019060120
002241219200710019020403
002241219200716019020393
002241219200722019020377
002241219200725019020313
002241219200728019020231
002241219200731019020211
002241219200742019020260
002241219200745019020186
002241219200749019020379
002241219200810019020401
002241219200832019020327
002241219200834019020382
002241219200859019010132
002241219200944019020378
002241219200954019020399
002241219201035019060001
002241219201104019050112
002241219201201016000090
002241219201449019110013
002241219201945019050220
002241219201948019050214
002241219201950019050240
002241219201956019050247
002241219202129019050235
002241219202134019050205
002241219202642019010119
002241219202750019030048
002241219203430019060097
001241219203446016010120
001241219203500016010024
002241219204351019060114
002241219204355019060122
002241219211444019010134
001241219231804016000154
001241219231806016000154
002251219064504019030048
001251219070058016000003
001251219070101016000003
001251219070116016000058
001251219070118016000058
001251219070213016000168
001251219070215016000168
001251219070217016000168
001251219070219016000008
001251219070223016000164
001251219070225016000164
001251219070229016000062
001251219070231016000062
001251219070234016000126
001251219070236016000126
001251219070237016000101
001251219070239016000101
001251219070241016000154
001251219070243016000154
001251219070245016000154
001251219070249016000161
001251219070250016000161
001251219070253016000163
001251219070256016000163
001251219070259016000163
001251219070302016000163
001251219070305016000163
001251219070311016000088
001251219070313016000088
002251219070715019060114
002251219070851019030022
001251219071300016010128
002251219071349019030047
001251219071545016010079
001251219071704016010081
001251219071912016010098
001251219071913016010098
001251219071950016010045
001251219071955016010119
001251219072012016010130
001251219072023016010056
002251219072112019060101
002251219072122019010135
001251219072136016010095
001251219072216016010105
001251219072312016010110
002251219072324016000090
001251219072420016010050
001251219072425016010082
001251219072429016010106
001251219072511016010071
001251219072641016010077
001251219072709016010073
002251219072719019010087
001251219072755016010100
001251219072800016010131
001251219072831016010084
006251219072831013020543
001251219072853016010122
002251219072906019110027
002251219072913014030055
008251219072916016010129
001251219072930016010080
001251219072937016010125
002251219072956019060003
001251219073010016010090
001251219073018016010024
002251219073021019020083
003251219073029012030402
001251219073032016010124
002251219073034015030444
002251219073037015030444
003251219073051013010768
006251219073156011000051
002251219073306019030001
002251219073319019020401
001251219073320019010125
002251219073324019020401
008251219073346012070445
002251219073352019020402
001251219073421016010032
001251219073426016010121
002251219073453012130165
004251219073518013030546
002251219073534019100046
006251219073537013020067
002251219073553019020318
002251219073601019050188
008251219073641015020671
006251219073743011000491
003251219073757012040466
003251219073803012060396
002251219073809014030374
002251219073811015030473
002251219073814015030476
002251219073820019020399
002251219073830019020399
008251219073850012080189
001251219073855012060369
004251219073916013030625
009251219073921012110373
009251219073931012100432
003251219073932013010771
008251219073936012100432
008251219073939013020255
006251219073943012160021
008251219074018013020849
009251219074022013020532
003251219074031012040293
002251219074031019020231
002251219074035019050239
008251219074047014020451
009251219074059012120489
006251219074100013010001
001251219074101012040438
006251219074103013010014
002251219074113019050094
008251219074132012100429
003251219074139014010565
002251219074143019040035
003251219074202013010365
004251219074204012150190
002251219074205019050084
008251219074221014020501
004251219074227013030624
002251219074233019020061
001251219074243014010584
002251219074248019020374
009251219074259012110482
001251219074301012020388
002251219074323013030509
008251219074326013020387
004251219074328013030509
004251219074340012150091
003251219074343012010019
004251219074344012150274
009251219074345014020588
006251219074349013010009
008251219074353012120500
008251219074356012110151
008251219074402013020438
003251219074407013010007
004251219074408012160136
006251219074409013010270
003251219074410013010505
003251219074418013010677
004251219074426012130312
002251219074428019050112
009251219074429015020687
006251219074429011000165
004251219074431012140167
006251219074433011000675
003251219074434012060426
004251219074441012170279
003251219074443012060384
002251219074444014030239
004251219074448015030443
009251219074452013020855
001251219074453016010120
002251219074456014030421
008251219074504012090404
002251219074504019060113
001251219074506012030333
001251219074508012010410
002251219074511012140445
008251219074519012070437
002251219074520013030466
004251219074520013030443
004251219074523013030386
003251219074524012060007
001251219074527012060372
006251219074527011000359
004251219074528013030545
002251219074528019020103
003251219074530012030387
001251219074530014010618
009251219074530014020635
002251219074531012160075
004251219074532012170292
006251219074532011000692
001251219074533014010618
001251219074533016000073
003251219074541012040447
006251219074542012070006
003251219074545013010672
009251219074547015020676
003251219074548013010651
008251219074549012110443
003251219074552013010800
008251219074555013020844
008251219074557013020873
009251219074558012080343
003251219074601012030349
009251219074601013020692
001251219074605019020340
008251219074606012090267
003251219074607013010726
004251219074610012180299
004251219074615012140457
003251219074618012010426
001251219074618015010797
002251219074618019020313
004251219074619012140466
001251219074621016000157
002251219074624019050195
001251219074625012030350
009251219074630012080467
001251219074631012030335
002251219074632019050230
009251219074633015020640
002251219074637019020372
008251219074640012080375
006251219074643013010321
003251219074646012030355
008251219074648013020562
009251219074651013020818
006251219074651011000568
002251219074652019050026
009251219074656012120476
006251219074657014030174
002251219074658019020149
009251219074701015020647
004251219074703013030565
002251219074703019100039
008251219074705015020029
004251219074707012170144
002251219074708019100070
008251219074709013020851
004251219074712012130341
008251219074713012100323
002251219074713019020211
001251219074715012020324
004251219074716012180171
002251219074717019060123
001251219074718012050331
008251219074718012110367
009251219074719012120479
002251219074719019050128
009251219074723015020620
008251219074723013020821
009251219074726012090375
008251219074726015020668
008251219074727015020635
008251219074730012100218
002251219074731019070014
006251219074731011000740
004251219074732013030646
003251219074732012010364
002251219074739012130250
008251219074741013020683
009251219074743012090405
006251219074743011000276
008251219074744012100411
009251219074746012090405
001251219074747012060405
008251219074747012110297
004251219074750015030343
008251219074750013020824
008251219074755012110437
001251219074759014010570
004251219074801012180251
008251219074801012070414
002251219074801019050164
006251219074803011000445
001251219074804016010127
004251219074805012130280
004251219074808013030246
003251219074809012040423
004251219074811012160282
006251219074811011000573
002251219074811019030045
004251219074812012170218
004251219074816015030465
004251219074819012170178
008251219074824012080350
003251219074825013010426
002251219074825019020363
003251219074827013010759
008251219074827012080452
003251219074830013010772
001251219074830013010176
008251219074831012110427
001251219074832014010201
003251219074834012050315
004251219074835013030629
002251219074835019100013
006251219074836011000736
003251219074839015010704
004251219074840012180046
001251219074841015010758
009251219074841012100450
003251219074843012050368
001251219074843012050308
009251219074843012100450
004251219074845012150196
002251219074845019040001
003251219074851013010662
008251219074851012070429
006251219074853014030087
008251219074854013020858
008251219074857012080463
008251219074900012090248
002251219074903019050235
008251219074904015020679
009251219074905012090372
006251219074906011000651
001251219074907014010615
002251219074909019100008
006251219074911011000710
004251219074912014030305
002251219074915012150283
004251219074915012160134
002251219074915019020393
006251219074915019100066
008251219074915012070010
008251219074916014020025
001251219074917014010558
001251219074918013030157
009251219074918013020831
002251219074920019020383
009251219074922012100006
006251219074925011000473
004251219074930012170195
003251219074933012030276
004251219074934012170258
003251219074936012010309
002251219074940013030518
003251219074943012010375
004251219074943014030267
006251219074947011000722
008251219074949015020502
001251219074952015010787
008251219074952012080457
006251219074952011000683
006251219074955011000713
008251219074956013020542
001251219074958013010700
009251219074958012080431
006251219074958011000729
003251219074959012020121
004251219075001015030368
009251219075001012110454
006251219075002011000713
001251219075003016010123
008251219075003012070384
003251219075004012050254
004251219075005014030426
001251219075006015010788
006251219075006011000586
002251219075006019100063
009251219075006012120487
004251219075009012160088
001251219075010015010737
009251219075011012120490
003251219075012013010695
001251219075013015010001
003251219075014015010687
002251219075015012160291
009251219075020012100424
008251219075020014020523
002251219075021019050242
002251219075022014030366
006251219075024015090621
002251219075025013030592
001251219075025013010549
003251219075025015010798
008251219075025012090330
004251219075026012150270
002251219075026019050246
003251219075028013010770
008251219075028012090393
004251219075029014030334
002251219075029019060095
001251219075029016010048
008251219075031012080456
004251219075033012150203
003251219075033012020348
008251219075034013020823
002251219075035019060095
008251219075036012120425
003251219075038013010624
008251219075038012100134
009251219075038013020723
004251219075040012130214
003251219075041012060364
001251219075043015010669
002251219075043012150203
003251219075046012040382
004251219075046014030021
009251219075046012120498
004251219075049013030571
002251219075049019010133
002251219075050015030434
008251219075050012100284
001251219075051015010752
004251219075052012180158
001251219075054012020345
008251219075054014020625
004251219075055013030339
006251219075055019100008
008251219075057013020574
002251219075057019020307
004251219075059012160280
006251219075100011000699
009251219075100012070441
001251219075102012020228
002251219075104019020377
001251219075105012040433
001251219075105019030046
006251219075105015090579
006251219075109015090580
003251219075110012040469
009251219075110013020703
001251219075111013020226
002251219075113015030423
006251219075113015090568
008251219075115012100403
001251219075116015100557
002251219075117015030423
008251219075117013020766
008251219075118013020836
001251219075119012050213
003251219075120012010387
001251219075121012060005
009251219075121015010696
003251219075123013010347
001251219075124012050285
006251219075126011000595
003251219075127013010541
001251219075128012030242
009251219075128012110377
008251219075129012110378
006251219075129011000258
003251219075131013010758
001251219075131015010632
008251219075132012110474
003251219075133012060374
001251219075133014010619
006251219075134012040209
003251219075136012060414
008251219075136013020878
006251219075138013030188
001251219075141014010619
009251219075141015020675
002251219075143012180252
001251219075143015010781
006251219075143012040300
003251219075144013010529
009251219075144013020868
002251219075145012130339
008251219075145012110494
001251219075146012040458
002251219075146019100028
002251219075147012170305
009251219075147012110424
003251219075148013010776
002251219075149012130297
002251219075149019100061
008251219075149015020545
002251219075151014030226
001251219075151012040444
002251219075152019060107
008251219075152015020658
003251219075153012040192
003251219075154012030266
001251219075154012020383
002251219075155012140458
003251219075156012060379
001251219075157012010419
008251219075157012110491
003251219075158013010787
006251219075158011000639
004251219075159013030348
003251219075201012040473
002251219075201019100032
002251219075202014030159
006251219075204012020037
004251219075205013030356
003251219075207013010199
009251219075207013020188
004251219075208013030622
006251219075208011000737
002251219075208019050216
001251219075209012050217
006251219075209011000724
002251219075211012140474
001251219075211015010693
004251219075211012140462
003251219075212012040453
006251219075212011000408
003251219075213012060378
009251219075213012070407
001251219075214012030404
002251219075214019060103
003251219075215012050363
001251219075215018010054
006251219075215011000408
004251219075216012150320
001251219075217014010411
006251219075217014010053
003251219075218013010799
004251219075219012140435
008251219075220014020594
001251219075221014010316
006251219075221011000735
003251219075222013010580
003251219075223012030036
006251219075224012020340
008251219075225012090383
001251219075226012010340
004251219075226014030331
009251219075226015020535
002251219075227019110002
006251219075228014010241
008251219075228014020622
003251219075229013010646
004251219075229013030507
003251219075230012040477
009251219075230013020864
006251219075231011000686
008251219075231013020874
001251219075232018010059
003251219075233013010714
002251219075233019110005
004251219075235014030478
001251219075235018010059
003251219075236012030372
008251219075236012100322
004251219075237012180276
006251219075237015090627
002251219075238019020186
004251219075240013030498
006251219075240013030003
003251219075241012040465
001251219075241012040462
002251219075243014030478
002251219075243019100068
006251219075243011000598
001251219075244012040461
004251219075244013030641
009251219075245012090406
008251219075246013020606
009251219075246012120143
001251219075247013010712
003251219075247013010606
002251219075248019050225
008251219075248014020486
001251219075249012030365
003251219075250013010795
002251219075251019050217
003251219075252012030400
006251219075252012110164
008251219075252013020606
003251219075255012030405
008251219075255013020468
006251219075255011000120
001251219075256014010011
002251219075256019020124
008251219075257012120368
003251219075258015010751
009251219075258013020599
001251219075259012060095
004251219075259013030644
006251219075259011000700
003251219075301012030403
004251219075302014030077
001251219075302014010600
006251219075302011000594
003251219075303012030386
009251219075303015020688
001251219075305013010021
009251219075305013020797
006251219075305015090620
008251219075305012090417
004251219075306012180292
003251219075306012050028
004251219075307012140434
001251219075308012030356
009251219075308012100311
006251219075308011000203
002251219075308019040024
006251219075310011000525
009251219075311013020820
002251219075313014030325
009251219075313012110481
006251219075313011000086
003251219075314012010329
006251219075315011000681
009251219075315015020604
008251219075315012080466
004251219075317015030437
003251219075317012010162
009251219075317014020088
006251219075318011000440
002251219075319012150135
001251219075319012010376
003251219075319013010803
002251219075320019030033
008251219075320015020646
004251219075321012170290
004251219075322015030356
001251219075322014010563
003251219075323013010413
003251219075324014010605
008251219075325012070244
003251219075326012050345
006251219075326013020412
002251219075326019030033
004251219075327012170019
002251219075327014030399
009251219075327012090420
008251219075327012110410
003251219075328012060421
009251219075328012090420
008251219075329012110354
003251219075330013010727
004251219075330012170253
002251219075330015030424
002251219075330019050029
006251219075331012160114
009251219075331012090423
008251219075332012120412
009251219075333014020636
003251219075334013010727
001251219075334012020285
006251219075334011000677
008251219075335012120434
002251219075336019050091
009251219075336012110496
009251219075337012110496
006251219075337013010015
008251219075338012100318
006251219075340014030056
004251219075341015030246
003251219075341012030342
008251219075341012100380
001251219075343014010033
001251219075343015010763
006251219075343011000283
003251219075344012040222
002251219075344019110033
008251219075344012090401
004251219075345012180271
002251219075345015030410
009251219075345013020832
008251219075345013020781
006251219075345012010292
001251219075346012040354
003251219075346012030377
008251219075348013020610
003251219075349012020390
009251219075349012110178
006251219075349011000566
004251219075351012160285
008251219075351013020745
001251219075353014010440
006251219075353012020137
008251219075353013020879
004251219075354012170146
006251219075354012130120
008251219075355012120377
001251219075355013020180
004251219075356013030084
002251219075356019050205
001251219075357013010762
003251219075357012040337
001251219075357015030112
008251219075358012080413
003251219075359012040376
002251219075359013030648
004251219075400012170193
006251219075400016010086
008251219075400015020531
001251219075400018010047
001251219075401013020881
004251219075401013030504
002251219075401014030404
003251219075402012040353
008251219075403012100446
006251219075403011000670
002251219075404019050238
003251219075405014010432
002251219075405012160259
001251219075405015100546
008251219075405012080428
006251219075406015090617
004251219075407012160287
001251219075407012010377
008251219075407013020850
003251219075409012040478
009251219075409015020639
006251219075409011000640
008251219075410012080459
001251219075411012020008
004251219075411012150318
003251219075412012050195
006251219075412011000717
002251219075413015030337
004251219075413012140463
008251219075413015020677
009251219075414013020017
006251219075414011000687
002251219075416013030638
003251219075416014010607
008251219075416012110455
002251219075416019020286
006251219075416013020240
001251219075417014010502
009251219075417014020633
004251219075418012140463
003251219075419013010693
006251219075419015090632
002251219075419019020346
008251219075419012110353
002251219075420013030627
001251219075421012050360
003251219075421013010777
004251219075421013030606
009251219075421013020866
002251219075422019020346
008251219075422012090256
006251219075422011000564
001251219075422012140149
001251219075423012020366
002251219075423014030031
009251219075423013020819
004251219075424015030467
006251219075424011000739
003251219075425012020402
008251219075425014020511
009251219075425013020841
002251219075426015030262
001251219075426014010493
003251219075426013010625
004251219075427012150293
006251219075427011000517
009251219075427012070331
002251219075428012140379
001251219075429012050344
004251219075429012180266
003251219075429013010577
008251219075429012120256
001251219075430012040403
008251219075430012120256
003251219075431012050364
009251219075431013020778
006251219075431011000231
004251219075432013030366
001251219075432012060407
003251219075433013010515
006251219075434019100067
009251219075434012080462
008251219075434012090220
004251219075435012150100
004251219075436012180315
003251219075436015010678
008251219075436014020562
009251219075437014020512
006251219075437019100067
004251219075438013030516
003251219075438012060434
009251219075438014020512
001251219075438013030071
001251219075439014010157
008251219075439013020685
002251219075439019100002
006251219075439011000601
003251219075440014010539
004251219075441013030379
008251219075441013020758
006251219075441011000041
001251219075441019020282
003251219075442012030366
002251219075442012130327
002251219075442019040023
006251219075443011000694
004251219075444012170257
008251219075444013020644
004251219075445012150307
001251219075445014010573
009251219075445014020231
003251219075446015010690
006251219075446011000723
008251219075446013020411
004251219075447013030558
003251219075448012060359
001251219075449015020500
004251219075449013030573
009251219075449012100416
006251219075450011000666
009251219075450012100416
004251219075451012140388
002251219075452019020403
003251219075453012020288
008251219075453012090302
006251219075453011000715
004251219075454015030371
001251219075454013010797
002251219075455019020349
002251219075456012140472
003251219075456012010393
006251219075456011000731
008251219075456013020761
004251219075457012150303
001251219075457012040411
002251219075457012180275
009251219075457012090341
004251219075458013030382
006251219075459011000262
002251219075459019020221
001251219075500012080448
004251219075500012180272
008251219075500012080220
004251219075501012150268
006251219075501011000678
001251219075502013010059
002251219075502019040033
009251219075503012070444
004251219075504015030445
001251219075504015010129
002251219075504019050228
002251219075506012160253
009251219075506013020763
008251219075506012120473
003251219075507013010740
004251219075507013030562
002251219075508019100044
001251219075509012060353
004251219075509013030346
008251219075509012110404
003251219075510012030399
001251219075510014010599
009251219075511013020504
004251219075512012150073
008251219075512012110466
001251219075513014010620
002251219075514013030349
001251219075514018010070
009251219075514012080267
003251219075515014010452
008251219075515012070344
002251219075516014030375
004251219075516013030530
009251219075516013020460
001251219075517012010277
004251219075517012150294
008251219075517013020769
002251219075518012150278
001251219075518014010617
003251219075518013010794
002251219075518019050243
009251219075518013020460
004251219075519012150128
009251219075519012070427
008251219075519014020598
002251219075520016000144
002251219075521012160215
003251219075521013010781
001251219075521015010692
009251219075521014020007
004251219075522012180307
008251219075522012090335
001251219075523012020385
003251219075523012030344
002251219075523012130288
006251219075523012130091
009251219075523012110397
002251219075523019020389
004251219075524012160301
001251219075524012030352
002251219075525012140148
003251219075525012030401
004251219075526012130059
006251219075526012120199
008251219075526015020580
009251219075526012110143
003251219075527012030261
001251219075527012020111
009251219075527012110143
002251219075528012130279
004251219075528012140446
002251219075528019050247
001251219075529013010755
008251219075529012070428
003251219075530012050365
004251219075530012130210
002251219075531013030642
003251219075531015010721
009251219075531012070148
008251219075532012110143
002251219075532019110050
001251219075533014010575
002251219075533013030649
006251219075533012110087
004251219075533012060309
003251219075534012050310
002251219075535019110050
004251219075535014030440
006251219075535011000574
002251219075536014030290
008251219075536013020554
004251219075536013030633
003251219075538013010788
002251219075538012160275
009251219075538012100400
008251219075539012070435
006251219075539011000738
004251219075539013030608
001251219075540015010796
002251219075540014030489
002251219075540019020007
008251219075541014020626
009251219075542013020882
004251219075542012150304
001251219075543015010766
003251219075543013010575
002251219075543014030444
006251219075543013030176
001251219075544015010753
008251219075544013020780
006251219075545011000727
009251219075545013020882
004251219075545012160163
001251219075546014010460
006251219075546012130286
008251219075546012100436
003251219075547012010414
004251219075548013030508
008251219075549012080135
006251219075549012080163
003251219075550012030304
001251219075550014010569
004251219075550012130322
008251219075550012100423
001251219075552012060415
002251219075552019060120
004251219075552013030496
001251219075553015010784
003251219075553013010732
004251219075553012160298
008251219075553012100312
003251219075555012040452
002251219075555019110014
008251219075555012100257
006251219075555015090611
001251219075557015010793
004251219075557012130075
003251219075558012050266
001251219075559014010492
006251219075559011000490
004251219075559012140088
008251219075559014020618
009251219075600015020667
001251219075601019110051
003251219075601012020368
002251219075601019050241
008251219075601015020655
002251219075602014030448
009251219075602012090379
008251219075602012090424
004251219075602013030551
003251219075604014010436
002251219075604019020212
009251219075604012100451
006251219075604012050129
001251219075605014010571
003251219075605012020086
002251219075605015030469
008251219075605013020706
004251219075605014030490
009251219075606012070193
003251219075607013010542
004251219075607014030423
006251219075607011000498
008251219075607012110484
002251219075609012180253
009251219075609012080383
003251219075610012040414
008251219075610013020753
004251219075610014030454
006251219075610011000065
002251219075610019110037
003251219075611013010737
002251219075611019110037
002251219075612012150226
009251219075612012120494
004251219075612012170194
003251219075613012050123
008251219075613013020749
002251219075613019020230
001251219075614014010578
002251219075614012130333
006251219075614011000741
009251219075614014020567
004251219075614012150198
004251219075615012150321
003251219075616012030390
008251219075616012120242
002251219075617013030618
001251219075617015010683
009251219075617012080123
006251219075617011000663
001251219075618012060253
003251219075618014010003
004251219075618012170304
002251219075619013030484
002251219075619019020127
009251219075619012070448
008251219075619012070387
002251219075620012140235
003251219075620012100442
006251219075620011000690
004251219075620012170265
001251219075621014010619
002251219075622012170271
008251219075622012120493
002251219075622019020323
009251219075622012100224
003251219075623015010761
004251219075623012160243
006251219075623013020068
009251219075624014020411
002251219075625014030475
004251219075625012130319
008251219075625014020606
003251219075626012050204
009251219075626014020416
006251219075626011000730
002251219075627012130343
004251219075627013030458
008251219075627012070382
006251219075627015090618
001251219075629014010592
003251219075629015010716
004251219075629012180249
002251219075630012170308
001251219075630015010682
003251219075630012040373
008251219075630012090339
006251219075630011000730
009251219075630014020493
002251219075631019100052
003251219075632012040367
006251219075632012140043
004251219075632012140421
002251219075633013030639
001251219075633013010734
004251219075633013030550
008251219075633012110446
009251219075633015020013
002251219075633019050126
003251219075634012060427
001251219075634012060349
008251219075634012090344
002251219075635014030418
006251219075635011000627
009251219075635014020578
001251219075636013010798
002251219075636019010116
004251219075636012130242
003251219075637012040467
006251219075637015090616
008251219075637012070440
001251219075638012050343
003251219075638013010560
002251219075638015030461
009251219075638015020618
001251219075639012040425
004251219075639013030075
008251219075639012100418
002251219075640014030482
009251219075640015020618
004251219075640013030636
006251219075640013010294
001251219075641015010473
008251219075641014020404
009251219075641013020862
003251219075642013010785
002251219075643015030455
001251219075643015010785
004251219075643012160271
002251219075643019010119
008251219075643014020589
003251219075644012040454
009251219075644014020524
004251219075645012140363
006251219075646011000343
002251219075646019060119
003251219075647013010735
002251219075647012160313
001251219075647012010389
004251219075647015030438
009251219075647013020833
008251219075647014020597
001251219075648013010604
001251219075648012010011
003251219075649013010682
004251219075649012140444
008251219075649012090411
002251219075649019060097
009251219075649013020884
001251219075650012010348
002251219075650014030488
004251219075651012180313
003251219075651014010338
006251219075651013020154
009251219075651015020669
001251219075652012040450
002251219075652019040028
003251219075653014010537
009251219075653012110476
008251219075653015020685
002251219075654019040028
004251219075655012150260
003251219075655012020269
001251219075655014010596
009251219075655014020538
002251219075656015030431
004251219075656013030482
008251219075656014020417
002251219075656019100072
001251219075658012010341
003251219075658012060432
009251219075658012100439
006251219075658015090608
002251219075659016000123
004251219075659013030448
008251219075659014020581
009251219075659014020435
001251219075700016000167
001251219075701013010747
003251219075701012060356
009251219075701014020435
006251219075701015090608
004251219075702012180284
001251219075702014010424
002251219075702012140405
009251219075702014020435
008251219075702012110421
003251219075703013010522
009251219075703012080430
004251219075704012150287
001251219075704013010804
008251219075704012070443
003251219075705014010603
002251219075705012160307
002251219075705019040036
009251219075705012120354
004251219075707013030523
001251219075707012040468
008251219075707012110442
006251219075707012020002
009251219075707012070236
004251219075708012140374
002251219075708019010132
003251219075709013010650
009251219075709014020592
004251219075710015030475
001251219075710015100546
006251219075710011000654
008251219075710012110351
003251219075711012040437
001251219075712014010510
008251219075712013020536
009251219075712013020198
001251219075713015100560
009251219075713015020630
001251219075714014010357
003251219075714013010520
006251219075714011000704
009251219075715012090414
008251219075715012110487
001251219075716012010327
008251219075716012100280
002251219075717014030279
003251219075717013010460
001251219075718012020398
003251219075718012050225
009251219075718012110477
001251219075719012020322
006251219075719011000706
008251219075719013020812
004251219075720012140473
003251219075720012050366
008251219075720012080425
002251219075721019020260
009251219075721014020351
001251219075722013010035
003251219075723012010413
008251219075723012100201
002251219075724015030279
001251219075724012010247
003251219075724012040429
004251219075724014030342
001251219075724015030106
009251219075724014020553
008251219075725012080454
009251219075725012110485
002251219075726019010136
003251219075727012040442
004251219075727013030119
001251219075727014010613
008251219075727015020686
006251219075727011000635
009251219075727015020652
003251219075728012050311
006251219075729015090628
001251219075730012060431
004251219075730013030456
009251219075730014020551
008251219075730014020611
001251219075731014010581
004251219075731012180312
003251219075731012010422
009251219075732012110412
008251219075732013020795
006251219075732011000719
003251219075733012010420
001251219075733012060360
004251219075733012180259
009251219075734012120415
002251219075734019040015
001251219075735014010580
008251219075735013020767
006251219075735013020397
004251219075736013030066
003251219075736012010293
009251219075736012080453
001251219075737013010213
002251219075737019050214
004251219075738012170127
006251219075738012180106
008251219075738012070368
009251219075738012080017
003251219075739013010807
002251219075739012140425
001251219075739014010457
004251219075740012170073
009251219075740015020591
001251219075741012060383
003251219075741012050351
002251219075741019100065
006251219075741011000668
008251219075741012100430
003251219075742013010653
004251219075742013030576
001251219075743012040417
008251219075743012100307
009251219075743012080078
004251219075744012140086
001251219075744012040355
002251219075744019060086
001251219075745014010494
003251219075745013010730
006251219075745015020199
009251219075745014020542
008251219075745014020623
002251219075746012130116
009251219075746014020565
001251219075747012010421
004251219075747014030088
003251219075748012030230
002251219075748015030187
006251219075748011000026
009251219075748019020387
008251219075748012080419
008251219075749014020563
001251219075749015100543
004251219075750012130205
001251219075750013010805
009251219075750014020528
004251219075751013030603
002251219075751019060086
008251219075751012100405
004251219075752012140426
001251219075752015010807
002251219075752012130338
009251219075752012120395
006251219075752011000078
001251219075753014010538
002251219075753019020397
004251219075754012180185
008251219075754012070264
006251219075754011000720
003251219075755012060166
009251219075755015020577
004251219075756014030425
001251219075756015010790
002251219075757019060001
009251219075757013020810
006251219075757011000398
008251219075757012090350
004251219075758012180258
003251219075758012050238
001251219075758013010011
006251219075758012060015
002251219075759015030351
009251219075759015020643
008251219075759012080380
002251219075800019050212
004251219075801012130264
009251219075801012070442
008251219075801012080424
006251219075802013020428
001251219075803012030300
004251219075803012170231
003251219075803013010550
009251219075803015020660
008251219075804013020726
002251219075804019100065
006251219075804011000581
004251219075805012140422
001251219075805014010068
002251219075805019100065
009251219075805015020664
003251219075806013010454
002251219075806013030541
008251219075806013020877
001251219075807012060416
009251219075807012120393
006251219075807012130049
003251219075808012020391
001251219075809012070449
004251219075809012130345
008251219075809012110461
002251219075810013030263
004251219075810012160149
003251219075810012060410
006251219075810011000732
009251219075810019050244
001251219075811012040464
002251219075811019020079
002251219075812015030458
003251219075812013010806
009251219075812015020623
008251219075812012100223
004251219075813015030389
002251219075813012170309
001251219075813012040446
006251219075814011000277
004251219075814013030398
002251219075814019110048
002251219075815012160300
003251219075815013010763
001251219075815012060397
009251219075815012100441
008251219075815012090300
002251219075817012160306
006251219075817011000726
009251219075817014020426
008251219075817013020848
004251219075817012160296
003251219075818012020392
002251219075818019050148
003251219075819015010794
001251219075819015010802
002251219075819013030630
004251219075819012180314
009251219075820013020808
008251219075820012100327
006251219075820011000410
002251219075820019050240
003251219075821012030256
002251219075821014030100
001251219075821018010066
006251219075821012130223
004251219075821012180278
008251219075822012100398
002251219075822019060122
004251219075822012140452
002251219075823014030388
003251219075823013010791
001251219075823014010250
009251219075823012090041
006251219075823012050057
008251219075824013020409
004251219075824012170056
002251219075825014030480
009251219075825014020546
003251219075826012040273
001251219075826014010522
006251219075826011000534
003251219075827012040397
004251219075827012140456
002251219075827019020263
008251219075827013020674
002251219075828013030631
003251219075828012060229
004251219075829012170219
006251219075829011000422
009251219075829014020424
002251219075830014030485
008251219075830013020748
003251219075831012050009
002251219075832014030486
009251219075832012070439
004251219075832013030584
008251219075832012080284
003251219075833015010615
001251219075833014010526
004251219075833012130271
002251219075834012150305
004251219075834013030619
001251219075834018010065
003251219075835012020404
008251219075835013020738
002251219075836012180308
008251219075837012090272
004251219075837012170298
006251219075837011000691
002251219075837019020335
003251219075838015010717
006251219075839012130102
008251219075839012120433
004251219075839012150312
001251219075839018010069
003251219075840012010424
002251219075840019110046
006251219075841013030199
002251219075842014030356
003251219075842013010598
001251219075842015010791
004251219075842012140127
008251219075842015020386
003251219075843012040459
006251219075844011000001
008251219075844012100329
002251219075845015030279
003251219075845012050303
004251219075845014030438
001251219075846012010424
008251219075846013020783
003251219075847012050350
009251219075847012100419
006251219075847011000728
002251219075848015030477
003251219075848015010783
004251219075848013030425
008251219075848012090333
009251219075849014020634
006251219075849012170053
002251219075851012140389
003251219075851013010259
004251219075851012180277
008251219075852012110416
009251219075852015020478
002251219075853014030424
008251219075853012110416
004251219075853012130278
001251219075854012040346
003251219075854013010710
008251219075854012110414
006251219075855011000439
009251219075855014020608
008251219075855012110414
003251219075856012040443
002251219075856015030466
004251219075856012150255
002251219075857012180154
001251219075857014010208
004251219075857014030470
008251219075857012080345
009251219075857014020180
006251219075857012120196
003251219075859013010774
008251219075859015020568
004251219075859012140464
002251219075900014030289
002251219075900019060084
009251219075900012070415
004251219075901012140461
006251219075901015090629
008251219075901012100334
001251219075902014010612
003251219075902013010780
002251219075903012160279
006251219075903013020581
009251219075903015020641
004251219075903012180144
001251219075904016000169
008251219075904012100394
003251219075905012020400
008251219075905013020515
009251219075905015020674
004251219075905014030398
002251219075906014030476
003251219075907012030327
001251219075907012010005
006251219075907014030109
009251219075907012090419
001251219075907015100559
004251219075907013030441
008251219075908012110467
003251219075909012020389
006251219075909011000648
004251219075909012170286
002251219075910013030548
001251219075910014010377
009251219075910012080297
006251219075911012160104
004251219075911012160236
008251219075911012100047
003251219075912012050194
009251219075912014020631
006251219075912015090633
001251219075913014010535
002251219075913013030563
003251219075913012020286
002251219075913019110040
004251219075914015030395
008251219075914012110400
009251219075914014020554
006251219075915013020274
003251219075916012060398
008251219075916012120402
003251219075917012010372
004251219075917012170297
006251219075917012020162
009251219075917014020586
002251219075918012140449
001251219075918019060076
003251219075919012050354
004251219075919014030471
008251219075919014020627
002251219075920015030244
009251219075920014020593
003251219075921012050313
001251219075921014010614
008251219075921014020630
006251219075921012160085
002251219075922012140453
004251219075922013030325
009251219075922012120488
006251219075923012080114
001251219075923018010071
004251219075923014030471
001251219075924012050279
002251219075924012130316
003251219075924012040445
008251219075924015020657
001251219075925013010688
009251219075925012070357
008251219075925012110495
006251219075926012160012
004251219075926012170264
001251219075927015010800
009251219075927012120464
008251219075927013020572
002251219075927019100018
004251219075927012160233
003251219075928012020381
002251219075929015030459
004251219075930012050183
003251219075930012020403
001251219075930014010103
009251219075930012090351
006251219075930013010392
008251219075930013020755
002251219075931012170303
009251219075931012110483
001251219075931019030038
004251219075932014030160
001251219075933013010006
008251219075933012090396
009251219075933012120484
002251219075934012140442
003251219075934012020399
003251219075935015010550
004251219075935012150098
001251219075935012050309
009251219075935014020394
006251219075935019100071
009251219075936014020394
008251219075936012110340
004251219075937014030437
002251219075937014030250
009251219075937014020617
001251219075938014010066
002251219075938019040006
006251219075938012050085
004251219075939015030457
008251219075939014020607
009251219075939013020883
008251219075940013020701
006251219075940011000725
002251219075941012170266
009251219075941012120491
004251219075942012150286
001251219075942013010446
003251219075942012080007
002251219075942019050170
009251219075942012100443
008251219075942013020835
006251219075944012090150
009251219075944015020022
008251219075944012080394
003251219075945012010173
001251219075945012020382
004251219075945012170228
009251219075945013020837
002251219075946015030470
008251219075946014020331
004251219075947012130336
001251219075947012030381
009251219075947014020545
003251219075948013010767
002251219075948019010131
006251219075948012010028
008251219075948014020331
001251219075949014010555
008251219075949015020469
002251219075949019010131
009251219075949012120421
004251219075950012170217
001251219075950018010048
006251219075950015030168
003251219075951013010190
002251219075951012180287
001251219075951013010783
008251219075951014020525
009251219075951014020398
004251219075952013030607
009251219075952014020398
001251219075953012010361
006251219075953012080131
004251219075954012140465
008251219075954012120399
002251219075954019050237
009251219075954012090380
009251219075955014020574
003251219075956012030317
001251219075956015010808
008251219075956012100350
009251219075956012120497
002251219075956019040012
006251219075956012150195
004251219075957013030479
002251219075958012160302
008251219075958012100364
009251219075958013020863
001251219075958012150311
001251219075959012030376
003251219075959012020396
001251219080000012150311
001251219080001012030368
003251219080001014020020
002251219080002013030647
004251219080002014030336
003251219080002013010739
009251219080002015020678
001251219080003013010743
002251219080003019050245
006251219080003015090631
008251219080004013020811
009251219080004012090410
003251219080005012010010
004251219080005012130344
002251219080005019020275
002251219080006012130326
006251219080006014020288
008251219080006012070421
009251219080006012110478
004251219080007013030024
003251219080007012010337
002251219080008019040032
008251219080008012090279
004251219080009013030104
002251219080009012150314
006251219080009011000632
009251219080009015020654
003251219080010013010733
001251219080010015010596
008251219080010012090345
009251219080010012110406
003251219080011012060221
006251219080011011000600
008251219080011012120499
009251219080012014020413
002251219080013014030381
001251219080014012030010
002251219080014014030456
009251219080014012100381
008251219080015013020843
004251219080016012150069
009251219080016012080266
006251219080016011000662
001251219080017012030397
008251219080017013020689
002251219080017019050196
002251219080018014030390
004251219080018013030609
009251219080018014020620
003251219080019012010237
004251219080020013030617
002251219080020019050209
008251219080020013020838
009251219080020013020282
006251219080020011000674
003251219080021014010604
001251219080021015010017
001251219080021018010072
002251219080021019050209
002251219080022014030465
002251219080022019040021
008251219080022012080225
006251219080023011000636
002251219080024012150271
003251219080024013010808
004251219080024012140470
008251219080024012100431
009251219080024012090309
001251219080025012040131
008251219080026012090408
009251219080026012080358
002251219080027012180157
004251219080028012140469
001251219080029012040410
004251219080029012140154
003251219080029012020300
002251219080029015030362
008251219080029012070426
009251219080029012110438
009251219080030013020803
002251219080030019050223
002251219080031012150250
008251219080031014020504
004251219080032012180206
006251219080032012110223
009251219080032013020773
001251219080032015100556
008251219080032012070438
002251219080033019050183
009251219080033012100252
002251219080034015030388
009251219080035012110489
008251219080035012120461
004251219080036013030634
002251219080036013030465
001251219080036014010609
009251219080036014020571
008251219080036012120301
001251219080037019030050
002251219080038012160292
006251219080038014030096
004251219080039012160190
009251219080039012080408
004251219080040012130314
003251219080040013010793
008251219080040013020876
009251219080040012110486
002251219080041012130303
002251219080042014030001
006251219080042013010117
008251219080042012110382
004251219080043013030577
001251219080043019010128
009251219080043012090348
003251219080044015010769
002251219080044019060124
002251219080045014030453
001251219080045012030363
006251219080045012170077
008251219080045012100358
009251219080045015020663
002251219080046012130329
003251219080046013010244
004251219080046014030393
006251219080047013010151
009251219080047012080464
001251219080048012030196
002251219080048019020382
001251219080048018010008
004251219080049012150171
002251219080049014030487
003251219080049013010631
001251219080049014010608
002251219080050012130330
008251219080050012070404
001251219080051014010267
009251219080051014020615
002251219080052013030308
004251219080052014030459
003251219080052012030328
008251219080052012120483
004251219080053012130270
001251219080053012050224
009251219080053013020857
001251219080054014010536
006251219080054012090035
008251219080054012120419
002251219080055012130263
004251219080055012160289
003251219080055013010567
008251219080055012120419
004251219080056012150297
001251219080056012010408
002251219080056014030458
009251219080056012070308
004251219080057015030306
002251219080057014030447
001251219080057013010331
006251219080057012120124
009251219080057012070197
008251219080057012080364
002251219080059015030478
008251219080059013020826
003251219080100015010805
004251219080100013030469
009251219080100015020410
002251219080100019050220
001251219080100018010067
002251219080101012180305
006251219080101015020461
004251219080102012170209
009251219080102014020006
006251219080102012010201
008251219080102012070376
003251219080103015010786
002251219080103012130337
001251219080104014010597
008251219080104012110458
009251219080104015020057
004251219080105012180220
008251219080105015020680
002251219080106014030467
009251219080106013020880
004251219080107013030440
001251219080107014010593
001251219080107012050147
003251219080108013010284
001251219080109012020311
001251219080109018010018
004251219080110012160272
002251219080110014030466
001251219080111012050179
002251219080112019010108
009251219080112013020425
008251219080112012080373
004251219080113012150241
001251219080113014010200
001251219080113012070090
004251219080114013030187
003251219080114012050359
002251219080115019020301
008251219080115012110480
001251219080116015010789
006251219080116012020013
009251219080116013020822
004251219080117014030299
008251219080117012110464
002251219080117019050193
003251219080118014010444
009251219080118014020043
004251219080119012180159
006251219080119012020010
003251219080120014010525
008251219080120012080429
002251219080120019010109
001251219080121014010611
008251219080121012080429
009251219080121014020036
003251219080122012030396
009251219080122014020036
008251219080122012070360
006251219080122011000733
006251219080123011000555
002251219080123019040009
004251219080124012150290
003251219080124015010668
008251219080124013020813
009251219080124012070321
001251219080125014010564
002251219080126012160230
003251219080127012010425
004251219080127013030567
001251219080127014010587
009251219080127012090377
008251219080127014020540
002251219080127019040030
009251219080128012090291
002251219080128019040030
004251219080129012160293
008251219080129013020825
002251219080130012150309
009251219080130015020638
008251219080130014020470
009251219080131015020638
004251219080132013030485
006251219080132015020563
001251219080133013010023
009251219080133015020624
008251219080133012120444
009251219080135012120414
008251219080135012070403
004251219080135012020358
001251219080136012060259
003251219080136012010401
009251219080136012120350
002251219080137019110013
004251219080137012150301
001251219080138015010774
003251219080138015010610
008251219080138012080361
009251219080138012100347
002251219080139012170299
001251219080139018010068
004251219080139012150201
009251219080140015020681
008251219080140012070338
001251219080141015010795
002251219080141014030449
003251219080141012040476
002251219080141019020095
008251219080142012080438
009251219080142012100449
001251219080143012010014
004251219080143013030354
002251219080144014030365
009251219080144012120440
006251219080144013010358
002251219080145019010134
004251219080145012140460
008251219080145014020502
001251219080146014010610
002251219080146012140475
009251219080146013020867
004251219080147015030101
008251219080147013020660
003251219080148012030194
006251219080148012110004
009251219080148013020859
001251219080148015100551
001251219080149014010590
008251219080149014020628
004251219080150012140437
008251219080151012090413
009251219080151014020532
002251219080151019050171
004251219080153012160224
009251219080153013020860
004251219080154012130285
009251219080154012110409
006251219080154014010295
008251219080154013020747
001251219080155012050234
003251219080155014010524
002251219080155019010008
008251219080156012100445
009251219080156012120463
009251219080157012070392
004251219080157012140408
001251219080158013010641
008251219080158012070432
002251219080159012130014
009251219080159015020598
009251219080200015020659
006251219080200011000169
008251219080200012080346
004251219080200012180262
001251219080201016000064
002251219080201012140471
008251219080201012080346
001251219080202012050348
004251219080203012130298
008251219080203012070410
009251219080203012100169
001251219080204012010382
002251219080204015030383
004251219080204015030439
008251219080205012090402
006251219080205013010296
009251219080205012080366
001251219080206012020367
002251219080206015030442
008251219080206012120482
001251219080207012020325
002251219080207015030383
004251219080207014030368
003251219080208012060388
001251219080209015010731
004251219080209012130317
009251219080209012070286
002251219080210012180261
003251219080210012050210
001251219080210015010804
006251219080210013030240
004251219080210015030441
008251219080210014020582
001251219080212013010761
003251219080213012030353
002251219080213012180297
002251219080213019020326
008251219080213014020536
004251219080213012160311
003251219080214012050334
008251219080214012120474
004251219080214012160143
001251219080215015010407
002251219080215014030450
009251219080215012120448
002251219080216014030369
008251219080216012120431
004251219080216013030605
001251219080217012080458
006251219080217012160222
004251219080218012130335
002251219080219012140428
003251219080219015010792
009251219080219012110479
004251219080219012170267
008251219080219012070358
009251219080220015020451
003251219080221012030303
002251219080221015030402
008251219080221013020852
004251219080222012180260
009251219080222012120454
003251219080223015010780
002251219080224012140428
008251219080224012070411
001251219080224019030043
004251219080224012160315
006251219080224014020550
003251219080225012010398
002251219080225019020327
001251219080226012010415
002251219080226012140409
004251219080226012170291
008251219080226012100367
003251219080227012030351
002251219080227012140431
006251219080227012060389
009251219080228012100169
008251219080228014020120
004251219080228012160231
002251219080229012150261
006251219080230012030316
004251219080230012130334
002251219080232015030468
004251219080233014030430
001251219080234012010385
002251219080235014030176
003251219080236012040406
009251219080236013020586
004251219080236013030614
002251219080238013030596
003251219080238013010473
004251219080238014030452
006251219080239012080127
009251219080239016000124
002251219080240012180257
004251219080240012170054
009251219080240014020619
002251219080241014030022
001251219080241012010403
003251219080242012030338
004251219080243013030610
008251219080243012070431
009251219080243012120486
002251219080243019020273
002251219080244014030427
001251219080244015030454
009251219080245012110375
002251219080246019020379
008251219080246012070366
006251219080246011000718
002251219080247014030481
009251219080247012120401
004251219080248012150170
001251219080250019020373
009251219080251016000147
006251219080252012030282
001251219080253012010338
009251219080254012090399
004251219080255012180212
001251219080258018010055
002251219080258019010118
001251219080259012050367
009251219080300012110160
001251219080301013010751
001251219080301012100385
004251219080301012140337
003251219080302012040420
002251219080303019070038
002251219080305012160228
002251219080305019050213
004251219080305012130295
003251219080307013010765
008251219080307012100425
002251219080308015030386
006251219080308011000656
004251219080309012140443
002251219080310015030426
001251219080311012060403
006251219080311011000656
002251219080312012180257
001251219080312012060368
009251219080313012070447
008251219080313014020414
001251219080314014010594
008251219080314012090394
004251219080314013030162
001251219080315014010309
009251219080316012090368
004251219080317012170222
002251219080317019020353
008251219080318014020616
001251219080321012050358
008251219080321012120465
002251219080321019050152
002251219080322012130302
004251219080323014030150
009251219080323013020643
008251219080324013020626
002251219080325013030623
002251219080325019040016
002251219080326012180310
004251219080326012160087
002251219080327019010072
008251219080327012070390
004251219080328012160256
009251219080328014020603
003251219080329019110043
002251219080330014030217
001251219080332012030305
002251219080332019090016
009251219080332012070450
003251219080333013010702
004251219080333013030399
009251219080333012080418
002251219080335012150273
004251219080335013030412
008251219080336013020799
009251219080336012090343
006251219080337012060241
001251219080338012040426
002251219080338012140468
009251219080338016000149
004251219080338015030451
004251219080339012170310
002251219080341012170293
009251219080341013020817
003251219080342013010004
002251219080343012170280
004251219080345012170207
006251219080346014020055
003251219080347012050357
009251219080347014020568
001251219080348014010508
008251219080350012100428
009251219080351015020541
008251219080353013020721
009251219080354012090416
003251219080355012050353
001251219080355012030385
008251219080356013020619
001251219080358013010716
004251219080400012150299
008251219080403012120306
002251219080403019010094
002251219080405014030484
006251219080407013010215
002251219080408014030416
006251219080408015020540
008251219080408014020489
004251219080410012150319
003251219080413012030406
001251219080414012020405
004251219080416013030590
003251219080417012050341
008251219080417013020790
004251219080419013030331
009251219080420013020840
004251219080421012130267
002251219080422014030373
009251219080422013020640
002251219080423019020392
004251219080425012150295
002251219080426012120481
008251219080431012120475
001251219080433012040405
001251219080436014010133
009251219080441012070433
002251219080443019020333
002251219080447015030247
004251219080452012170235
002251219080452019020150
009251219080455014020566
001251219080506012030329
002251219080506013030587
004251219080510013030510
003251219080511013010666
006251219080511012010405
002251219080512019040034
008251219080514014020513
009251219080517012090388
003251219080522012030095
004251219080528012140420
002251219080530019020368
002251219080532012130254
006251219080543013020326
001251219080544012030361
004251219080552013030222
008251219080556012080469
008251219080605012090391
002251219080609019050234
001251219080620012040338
002251219080621012130276
001251219080622012040471
004251219080624012140225
006251219080626012030293
009251219080632012100434
009251219080642012070417
008251219080645013020870
008251219080647014020570
002251219080650012140430
004251219080650012140441
002251219080653012170275
004251219080657013030535
002251219080657019080001
002251219080713019020065
002251219080725019010074
002251219080739019040020
002251219080749019020398
002251219080752019020398
001251219080753012010423
002251219080801019070001
003251219080804012050307
002251219080807012170307
009251219080813014020530
002251219080840019110049
002251219080842012170295
006251219080849012020274
002251219080851019020378
009251219080901012120477
008251219080906012120477
004251219080908013030538
004251219080910012150310
004251219080912012180301
002251219080918012140447
006251219080921011000263
008251219080959012090357
001251219081035012060387
006251219081113012010190
008251219081200012090407
002251219081227015030474
009251219081253012080470
008251219081254012120470
001251219081351016000058
001251219081556016000012
001251219081714016000052
002251219081735012150263
001251219081804016000161
001251219081848016000007
001251219081851016000001
