001281219071626016010128
001281219071639016010130
002281219071703019030022
001281219071716016010098
002281219071733019010116
001281219071843016010045
001281219071851016010081
001281219071909016010119
001281219071939016010079
002281219072040016000090
001281219072040016010024
001281219072111016010095
001281219072118016010071
001281219072251016010105
001281219072352016010056
001281219072407016010110
001281219072434016010090
002281219072444019010087
001281219072514016010032
001281219072521016010132
001281219072523016010132
001281219072527016010132
001281219072528016010132
001281219072602016010121
001281219072646016010050
008281219072717016010129
001281219072741016010106
001281219072754016010080
001281219072826016010073
001281219072852016010131
001281219072855016010100
001281219072858016010100
001281219072901016010084
002281219072904019110027
001281219072906016010125
001281219072911016010082
001281219072918016010124
001281219072924019010125
002281219072954014030055
002281219073027012160275
002281219073122019020083
001281219073130016010122
001281219073135016010120
006281219073228011000051
002281219073242015030444
001281219073309016010048
003281219073357012030402
002281219073408019020402
006281219073430013020543
003281219073443013010768
002281219073453014030374
003281219073611013010771
002281219073627019010124
002281219073634015030476
002281219073636015030473
001281219073730016010127
008281219073749013020849
004281219073816012170279
001281219073822012010410
004281219073823013030624
006281219073826012010019
008281219073835013020255
008281219073840012080463
002281219073845019050188
002281219073852019100046
002281219073904019060123
002281219073911014030421
008281219073929014020501
004281219073950013030625
006281219074028011000675
009281219074031014020588
002281219074040019100039
002281219074047019020231
001281219074056015010001
002281219074056019020313
001281219074056013030157
006281219074131011000359
008281219074135013020821
009281219074141012100432
009281219074143012100432
002281219074147019020260
008281219074156012100218
002281219074157019020103
006281219074214012160021
009281219074215013020703
008281219074216014020451
004281219074223012160282
001281219074224012030333
003281219074228013010700
009281219074237012090407
003281219074238012040466
002281219074243019050216
006281219074246011000692
004281219074254012140167
009281219074303015020647
001281219074319013010479
002281219074328013030466
001281219074329013020180
003281219074331012060007
001281219074332016000073
008281219074333012120500
002281219074334014030489
002281219074339012130297
004281219074344012180046
008281219074348012120501
004281219074353012170178
003281219074354013010677
002281219074359019050094
001281219074359014010584
006281219074402013010014
004281219074403013030565
008281219074405012070445
006281219074407013010001
008281219074418012110437
006281219074418011000683
006281219074425011000639
004281219074434012160136
004281219074435013030653
008281219074437013020562
004281219074440013030653
008281219074441013020873
002281219074442013030349
006281219074443019100066
004281219074444012160075
006281219074448013010009
004281219074449012170292
002281219074451012170305
009281219074451013020692
004281219074452012150190
009281219074454013020855
009281219074456012120489
008281219074500012070429
001281219074500016010123
009281219074505012110482
008281219074506015020657
009281219074509013020818
008281219074515013020683
008281219074520012080189
003281219074521013010007
002281219074523019060120
006281219074524011000737
009281219074524015020620
008281219074525013020755
003281219074525013010505
009281219074526015020640
003281219074528013010365
008281219074528015020668
001281219074528015010797
009281219074529012090375
006281219074529011000729
001281219074529018010067
008281219074530013020851
003281219074532012050363
004281219074534012180299
009281219074535013020841
006281219074537011000491
004281219074537012130312
003281219074537013010672
002281219074539019020383
001281219074541016000152
004281219074542012150283
002281219074548014030239
003281219074550013010800
001281219074552013010755
003281219074553012060384
002281219074558019020180
006281219074559014030174
001281219074602015010632
003281219074603012060396
009281219074603015020687
002281219074604019060122
008281219074608013020844
006281219074609011000165
003281219074609012030349
002281219074609019100070
004281219074611013030386
006281219074612011000165
002281219074614019060107
004281219074614013030246
003281219074615012030335
009281219074616012080467
002281219074620019030048
004281219074621012140445
008281219074622012070006
002281219074625019020401
008281219074626015020671
003281219074630012030276
009281219074631012070437
001281219074632012040444
002281219074633019050026
008281219074634015020658
008281219074638012110494
002281219074639013030638
009281219074643013020532
002281219074643019060103
006281219074647011000473
002281219074653019030001
004281219074655013030443
004281219074659013030516
006281219074701011000078
009281219074705012110377
003281219074705013010601
003281219074707013010695
002281219074709012130250
003281219074711012050313
002281219074713012130165
001281219074713015100546
001281219074721012060369
002281219074723019060102
003281219074726015010687
001281219074726012060397
004281219074728015030368
003281219074729012010364
009281219074732012090372
009281219074735012100434
003281219074736012040192
002281219074736019020061
006281219074737011000445
009281219074739013020832
008281219074740012080375
009281219074741012070148
002281219074742019020318
001281219074743012010419
008281219074745012090404
002281219074747012160313
009281219074748013020864
001281219074749012040433
002281219074749019050246
001281219074751012010409
009281219074751012090405
008281219074752013020723
001281219074752012040438
002281219074753019020301
009281219074754012090405
008281219074755012070244
008281219074800012070435
003281219074802012060364
008281219074802013020823
002281219074803019040001
009281219074803012070444
004281219074804012140457
008281219074806012120425
008281219074807012120425
004281219074808012180158
004281219074812013030571
002281219074814019020211
008281219074826015020679
006281219074826011000710
008281219074830012090248
004281219074830013030651
001281219074831013010176
009281219074832012110377
008281219074832012110151
009281219074835012080343
001281219074838018010054
003281219074839013010347
008281219074839012070452
004281219074840013030644
003281219074841012050254
006281219074841011000258
001281219074844015010787
003281219074844012030342
002281219074844019070014
003281219074846012020333
002281219074851019110005
003281219074851012010387
003281219074855012020348
004281219074858012150274
008281219074858012100429
002281219074858015030343
001281219074900016000062
006281219074902011000723
004281219074902013030545
003281219074903013010772
003281219074905013010759
003281219074908013010199
008281219074909012110446
006281219074911011000717
001281219074911012030404
008281219074912012100411
004281219074914012150091
008281219074917012110427
004281219074918019050128
006281219074921013030003
006281219074923013030176
004281219074925015030465
009281219074925012110454
006281219074929011000736
002281219074930012140474
001281219074932019110051
008281219074937013020438
006281219074939011000594
008281219074941013020858
006281219074942011000169
003281219074942012040293
003281219074944012040447
008281219074944015020029
004281219074945012180276
001281219074946012020324
004281219074947013030498
003281219074948012060434
008281219074948012100423
001281219074949014010622
004281219074951012180171
008281219074951014020523
002281219074951015030434
002281219074953019100061
001281219074954015010758
003281219074954012030372
008281219074954015020502
001281219074956014010573
006281219074958011000086
008281219074958015020635
009281219074959015020688
008281219075001012110466
004281219075001013030440
006281219075002012040209
004281219075003013030507
003281219075003012040469
009281219075004015020639
006281219075005011000595
008281219075005013020542
004281219075007014030334
006281219075008011000651
004281219075008013030382
001281219075010012050308
009281219075011015020535
006281219075012011000735
008281219075013012070428
002281219075017012160259
008281219075017013020387
006281219075017015090580
003281219075019013010758
001281219075019015010669
008281219075020012080457
006281219075021011000713
001281219075021015010788
001281219075021016000163
003281219075022013010788
002281219075023014030366
008281219075023012090330
006281219075024012010292
003281219075024012030036
001281219075025016000163
001281219075025012080458
009281219075026012090267
003281219075027015010751
001281219075027012020228
006281219075027013030188
001281219075029016000163
001281219075029014010563
003281219075031012060427
002281219075031013030627
006281219075031011000595
008281219075032012120256
003281219075033012060374
008281219075033012120256
006281219075033011000713
004281219075036012140434
003281219075036013010580
003281219075038013010624
008281219075038012080350
006281219075039015090579
002281219075040012160291
004281219075041013030652
008281219075042015020545
002281219075044019020374
008281219075046013020769
001281219075046014010316
006281219075047011000699
008281219075049012110297
004281219075050012130319
002281219075051013030509
003281219075051013010529
001281219075052015010781
008281219075053012100284
003281219075053012030266
004281219075053012160316
001281219075054014010424
002281219075054019020353
006281219075055011000724
009281219075055014020635
004281219075056013030622
006281219075057015090568
009281219075058014020351
004281219075059012160163
006281219075101014010053
004281219075102013030641
009281219075103015020652
004281219075103012150312
002281219075104019050228
006281219075105014010241
004281219075106013030607
003281219075106012020121
002281219075107014030159
009281219075109015020667
004281219075111012150320
009281219075113013020460
001281219075113012040458
001281219075113016000101
006281219075114011000740
002281219075114019040024
003281219075115012050351
001281219075115016000101
003281219075117012050356
009281219075117013020188
002281219075117019020399
008281219075118012080452
004281219075119012130341
001281219075119014010618
001281219075122014010619
008281219075122012110353
003281219075122013010550
006281219075123015090620
004281219075123012170144
002281219075124019050164
009281219075124013020882
001281219075124014010621
003281219075124012030387
008281219075126013020748
009281219075127013020882
001281219075127012050344
003281219075127013010794
006281219075127011000120
004281219075129012170195
001281219075129012050213
003281219075130014010003
001281219075131012040403
003281219075132012060414
006281219075132013010321
004281219075132013030348
008281219075133012120412
001281219075133013010688
003281219075134014010539
009281219075134014020092
004281219075134012180249
001281219075136012060405
004281219075137012150196
008281219075137014020562
003281219075137012050365
009281219075138013020831
004281219075139015030445
001281219075139013010358
003281219075139014010338
001281219075140015010753
004281219075140013030412
006281219075140012020037
008281219075141013020766
009281219075141012110424
002281219075142012130327
001281219075143014010411
008281219075143012100312
004281219075143012180251
003281219075144013010770
006281219075144011000730
009281219075144012080431
008281219075146012100134
003281219075147013010541
008281219075148013020606
003281219075149012030351
001281219075150012040479
006281219075150012050028
008281219075150013020850
003281219075151013010776
002281219075151019030025
004281219075154013030346
003281219075154012040473
006281219075155011000041
008281219075156012110484
001281219075157014010357
006281219075158015090618
008281219075159013020824
002281219075200019110002
006281219075201011000666
003281219075201012050315
002281219075202014030482
001281219075202012060005
004281219075202012170257
002281219075203019100063
006281219075204011000687
001281219075205012060416
002281219075206019020186
003281219075207013010577
001281219075207012010355
006281219075208011000566
001281219075209012010348
008281219075210014020632
002281219075211019050112
001281219075211013010797
006281219075212012080163
002281219075214019010108
004281219075215013030573
003281219075215012030403
006281219075216012130091
001281219075216013010712
004281219075217013030448
001281219075217012030350
002281219075217019040035
003281219075218012010426
002281219075219019020275
004281219075219013030482
006281219075220011000586
001281219075220013010021
009281219075220012090351
003281219075220012050368
008281219075221012090394
001281219075222012050331
004281219075222012160285
001281219075224012020383
009281219075224012120464
004281219075224012170146
002281219075225019050235
006281219075225012110164
008281219075225012080424
001281219075225016000167
009281219075227012110481
004281219075227012150249
006281219075227011000678
009281219075229013020599
001281219075230012050224
008281219075230012090383
004281219075230012160243
003281219075231013010662
009281219075231013020797
006281219075231011000343
001281219075233012050217
008281219075233012080466
004281219075233014030426
009281219075233012100416
003281219075234012020390
009281219075235012100416
001281219075235012040405
004281219075235013030546
006281219075235011000677
008281219075236013020879
003281219075237012050307
003281219075239012060229
001281219075239012010341
009281219075239012120484
002281219075239012130339
001281219075240013020226
008281219075241012070193
002281219075241012130343
003281219075242012030386
004281219075242012170219
001281219075242013010762
003281219075244012030399
001281219075244014010460
009281219075245015020675
004281219075245012170218
004281219075247012180272
003281219075247012040373
008281219075248013020753
006281219075248011000203
009281219075248012090379
004281219075250012130345
003281219075250012040337
009281219075251015020604
002281219075251012160215
008281219075251013020536
006281219075252016010086
003281219075253012040273
004281219075253012140435
008281219075254013020878
002281219075254019100008
003281219075255012010309
004281219075255013030634
006281219075256011000231
003281219075257012040376
004281219075257013030629
001281219075257014010570
008281219075257012090345
002281219075259019050225
004281219075259013030084
004281219075300013030629
006281219075301012040300
002281219075301015030469
002281219075302019100028
009281219075303012120476
004281219075303014030325
002281219075305019020079
003281219075305012010162
009281219075305012120479
002281219075306019020079
006281219075306015090632
002281219075307014030465
004281219075307014030342
001281219075308012020385
002281219075309019020404
003281219075309012040461
006281219075310013020241
004281219075310012180292
008281219075311013020758
004281219075312012170194
006281219075313012020340
003281219075315012020344
006281219075317011000739
001281219075319012060349
003281219075319012020008
002281219075319012150135
009281219075321014020532
001281219075321012020366
006281219075321011000643
001281219075322015010737
002281219075322015030262
008281219075322012110414
002281219075323019030049
003281219075323012020086
001281219075324015010752
001281219075324016000141
002281219075325015030337
001281219075326016000141
001281219075326014010033
001281219075327014010599
001281219075328016000168
002281219075328014030424
006281219075328011000490
001281219075329012080448
003281219075330012040453
002281219075331019020007
006281219075331013020240
001281219075331012060095
008281219075332013020795
001281219075333014010157
001281219075333016000168
003281219075333013010732
004281219075334013030456
003281219075335012060359
009281219075335012080123
008281219075335012070441
002281219075335019050242
006281219075335011000722
004281219075336013030550
001281219075337015010129
006281219075338011000262
008281219075338012070384
001281219075338018010059
003281219075338013010606
009281219075339012080078
006281219075340011000681
004281219075340012130290
001281219075340014010440
003281219075341012010375
001281219075341012010340
001281219075341018010059
008281219075341012100418
002281219075342013030592
009281219075342013020017
001281219075343015010693
006281219075343011000731
001281219075344019030050
008281219075344012080413
003281219075344015010716
002281219075344019100072
001281219075345012040425
003281219075345013010777
009281219075346012080267
006281219075346011000670
004281219075346014030440
009281219075347012120143
001281219075347014010200
008281219075347012110491
003281219075348013010787
002281219075348019110050
001281219075349014010600
006281219075349015090627
003281219075349012060379
008281219075350012090339
009281219075350012080430
004281219075350012160280
001281219075351014010620
002281219075351019050217
003281219075353012010329
009281219075353013020868
008281219075353012090256
006281219075353011000517
002281219075354013030563
001281219075354016000025
003281219075354012050345
008281219075355015020655
009281219075355013020868
001281219075356016000025
003281219075356013010803
001281219075357019020340
002281219075357019110037
002281219075358015030410
008281219075358013020644
009281219075358014020538
003281219075359012030300
008281219075401013020411
009281219075401014020608
002281219075402019100068
006281219075402011000715
003281219075402015010798
001281219075403014010592
008281219075403012100323
004281219075404013030441
003281219075404013010799
009281219075404014020636
008281219075405012080364
009281219075405012070286
002281219075405012170293
002281219075406019050239
006281219075406012020137
003281219075407013010724
009281219075407012080453
004281219075408014030478
008281219075409014020606
004281219075409012140388
003281219075410012040478
008281219075410014020626
009281219075411012080462
002281219075412012180271
004281219075412015030246
008281219075413015020646
006281219075414011000741
003281219075414013010807
004281219075415012060309
009281219075415015020654
003281219075416014010208
008281219075416012070360
001281219075417013010549
006281219075417011000715
006281219075418011000276
008281219075419012110455
004281219075419013030606
003281219075419014010603
001281219075420012060383
008281219075421013020685
003281219075422012040367
004281219075422012170265
002281219075422019020382
009281219075423014020594
006281219075423013020412
004281219075424012170073
003281219075424013010693
008281219075425012080454
001281219075425014010526
006281219075426011000408
003281219075426015010792
009281219075426012070421
008281219075427014020622
009281219075428014020571
003281219075429012050354
008281219075429012090411
002281219075429019050214
006281219075430011000408
009281219075430012100403
008281219075431012080425
009281219075432012070448
001281219075433015010793
008281219075433012080394
004281219075433014030454
006281219075433011000440
002281219075434019060095
001281219075434015030454
008281219075435012100380
003281219075435015010668
006281219075436013010015
001281219075436015010596
009281219075436014020546
008281219075437012110416
003281219075437012040459
004281219075438012140446
006281219075440011000581
009281219075440012120393
008281219075440014020486
003281219075440012050366
002281219075441019100032
001281219075441014010011
004281219075441013030646
009281219075442012110496
009281219075443012110496
004281219075443013030636
001281219075444012040355
003281219075445012030405
002281219075445019020149
006281219075445013010151
001281219075445013010604
008281219075446013020877
006281219075446011000598
004281219075446012170290
009281219075447012070407
001281219075448012050285
002281219075449019020127
006281219075449019100008
004281219075449013030024
008281219075450012080284
001281219075451012050309
006281219075451011000694
004281219075451015030356
003281219075452013010575
008281219075452012080456
004281219075453015030443
006281219075454011000564
008281219075455012080396
001281219075456016000008
004281219075456015030371
003281219075456012040477
008281219075457012100364
006281219075457011000662
001281219075457013010734
004281219075458012170258
003281219075459014010605
002281219075459014030484
004281219075500012130280
009281219075500012110178
008281219075500012120242
006281219075501011000663
002281219075501019020394
002281219075501014030375
003281219075501013010727
001281219075502014010510
008281219075503014020611
004281219075503012160271
002281219075504019070031
003281219075504012060420
009281219075504012110483
008281219075505012110442
004281219075505012130059
001281219075506015100560
006281219075506011000732
004281219075508013030530
008281219075508012120434
006281219075508011000388
003281219075510012050225
002281219075510012140460
009281219075510012120354
008281219075510012100322
006281219075511013020397
001281219075511012010361
004281219075511012140462
009281219075512013020862
003281219075512012050204
008281219075513012120473
001281219075513012050358
003281219075514012030355
004281219075514012130295
002281219075514019050184
006281219075514015090608
001281219075515014010575
008281219075516012110351
006281219075517011000573
003281219075517013010646
004281219075517012150307
009281219075517014020554
001281219075517015010766
003281219075519013010714
008281219075519015020680
001281219075519012020111
009281219075520012100451
006281219075520011000686
004281219075521012170193
008281219075522012100431
009281219075522012120488
006281219075523011000525
009281219075524012090406
004281219075524012130214
008281219075524012090393
001281219075524015030112
002281219075525012140389
004281219075525014030021
003281219075525015010550
001281219075526012060407
006281219075526015090617
008281219075527012070451
009281219075527013020833
004281219075528013030551
001281219075528015010683
002281219075528012150305
003281219075528012060421
006281219075528011000388
001281219075530012060415
008281219075530014020581
009281219075530012100257
006281219075531014030056
008281219075532013020767
001281219075532014010581
004281219075532014030088
009281219075533014020634
004281219075533015030437
006281219075533012050222
003281219075534012010247
002281219075534014030450
008281219075535013020835
001281219075535012010376
002281219075535019050091
006281219075536011000601
003281219075536015010704
004281219075537012180307
009281219075537014020524
008281219075537012100327
004281219075538014030423
006281219075539011000388
009281219075540012090420
004281219075540013030458
008281219075540013020745
002281219075540019050237
006281219075542011000388
004281219075542013030504
003281219075542013010460
009281219075543013020808
001281219075543014010502
003281219075544012020288
008281219075544015020686
002281219075544019060119
001281219075544014010617
006281219075545011000388
009281219075545013020820
004281219075546013030496
001281219075546015020500
008281219075547012110400
003281219075547012010422
006281219075548012180106
009281219075548012070447
008281219075548012110354
002281219075548013030639
004281219075548014030476
001281219075549013010059
002281219075549019020389
002281219075550016000144
003281219075550013010520
009281219075550019020387
006281219075551011000720
008281219075551012100436
001281219075551013010804
009281219075551014020633
004281219075552012140422
001281219075552016000166
002281219075552019040028
008281219075553012110404
002281219075553015030459
009281219075553012090343
003281219075553012030261
001281219075554014010613
006281219075554011000026
008281219075555012120482
009281219075555014020592
003281219075555015010717
002281219075555019040036
002281219075555012180154
004281219075555013030372
001281219075556013010011
003281219075557013010413
008281219075558014020331
006281219075558011000640
004281219075558013030356
001281219075558015010785
002281219075558014030031
009281219075559012090423
003281219075600012050266
001281219075601012040354
008281219075601012110474
001281219075601018010047
009281219075601012110488
006281219075601011000640
003281219075602012060166
004281219075603013030590
006281219075603011000733
009281219075603012120477
008281219075604014020417
004281219075604012140452
001281219075604014010538
003281219075604015010721
009281219075605012070010
002281219075605015030244
006281219075606011000700
001281219075606012060353
001281219075606015100557
008281219075606014020443
004281219075607014030393
003281219075607012020269
002281219075607019020377
002281219075608012140148
009281219075608014020493
009281219075609014020598
001281219075609014010614
008281219075609012090417
006281219075609011000635
002281219075609012140442
003281219075610012060432
009281219075610012100006
001281219075610019020282
004281219075610012130284
001281219075611014010452
006281219075611011000568
008281219075612014020563
001281219075612012010408
004281219075612012180220
003281219075613012040452
009281219075613014020631
004281219075614012180296
006281219075614011000065
008281219075614012090302
003281219075615012020403
008281219075615013020874
001281219075616018010072
009281219075616015020676
004281219075617013030366
006281219075618011000574
008281219075619013020749
009281219075619014020551
002281219075619019030042
004281219075619012150073
003281219075620012040454
006281219075620012140043
009281219075621013020819
004281219075621015030438
009281219075622012120491
001281219075622016000169
008281219075622012120493
006281219075623011000283
004281219075623013030576
001281219075623016000126
003281219075623013010710
002281219075624014030456
002281219075624019050029
003281219075624012040382
001281219075625012040410
001281219075625016000126
008281219075625013020468
004281219075625012130210
009281219075625014020567
006281219075626011000728
003281219075626012040353
004281219075627012150310
008281219075627013020610
001281219075627014010536
002281219075627015030388
009281219075628015020685
006281219075628019100067
003281219075628013010781
001281219075629013010213
004281219075629014030490
008281219075629012120368
003281219075630012050310
009281219075630012080427
006281219075630110000743
002281219075631012180157
009281219075632014020574
008281219075632012070382
001281219075632015010800
003281219075632013010793
004281219075632013030339
003281219075633012040397
002281219075633012130333
006281219075633019100067
004281219075633013030619
008281219075634012090424
009281219075634019050244
001281219075634014010492
004281219075636012160287
003281219075636012040465
006281219075636013030199
002281219075636019050084
008281219075637013020825
009281219075637013020504
001281219075637012030376
004281219075638013030379
003281219075638013010763
008281219075639014020623
001281219075639015010784
009281219075639014020617
004281219075640012140086
003281219075640012020400
001281219075641012010389
009281219075641013020866
002281219075641012170264
008281219075641012100334
003281219075642012030401
001281219075643012060253
006281219075643011000498
004281219075643012150287
002281219075643012130316
009281219075643012110143
003281219075644012010393
002281219075644012140379
001281219075644012060372
008281219075644015020580
008281219075645013020781
009281219075645015020674
002281219075645019100018
004281219075645012180315
002281219075646012160279
001281219075646013010006
002281219075647012140235
003281219075647012020368
006281219075647011000627
004281219075647013030066
009281219075647014020416
008281219075648013020761
001281219075649013020881
002281219075649013030618
003281219075650012030400
004281219075650015030479
009281219075650012100424
006281219075650011000627
002281219075650019100052
001281219075651012010277
008281219075651012110378
002281219075652014030475
008281219075652013020836
001281219075653012050357
002281219075653019110048
009281219075653014020593
004281219075653014030077
003281219075653012030390
006281219075654013020154
008281219075654012110487
003281219075654015010615
009281219075654012110486
001281219075655018010070
001281219075655015010807
002281219075655012170266
004281219075656012160224
008281219075657014020625
002281219075657012150299
009281219075657012120486
003281219075657012040445
006281219075657011000668
003281219075658015010794
001281219075658012020352
002281219075658019050247
004281219075658012150198
002281219075659013030642
008281219075659014020597
001281219075659012040417
009281219075659014020528
001281219075700012030381
006281219075701011000691
003281219075701012050195
009281219075701014020007
004281219075701012140444
002281219075702015030461
008281219075702014020525
004281219075703012150128
003281219075703012030344
009281219075703015020013
001281219075703015010802
006281219075704011000534
002281219075704012170280
008281219075705014020036
004281219075705012180185
003281219075705013010653
009281219075706015020630
002281219075706012170019
004281219075707012160301
009281219075707015020669
008281219075707012100329
003281219075708012030377
006281219075708011000726
001281219075708014010571
002281219075709012160307
001281219075709014010607
003281219075710012020392
008281219075710012070264
009281219075710012100450
004281219075710013030240
006281219075711012050129
002281219075711014030289
009281219075712015020618
008281219075712012110410
004281219075712012180284
003281219075712013010737
001281219075712012030352
009281219075713015020618
004281219075713013030608
001281219075714014010580
003281219075714013010740
009281219075714014020618
002281219075714012150226
008281219075714012080380
006281219075715015090621
003281219075716015010761
004281219075716013030460
002281219075716019050245
004281219075717012180314
006281219075717012170077
001281219075717013010747
009281219075717013020763
008281219075717015020568
002281219075717014030365
009281219075718013020763
003281219075718013010774
002281219075718012130263
008281219075719015020478
009281219075719015020057
006281219075720011000738
004281219075720013030398
002281219075721019050196
009281219075721014020542
003281219075721013010733
002281219075721012130338
001281219075721014010578
008281219075722012080135
003281219075722012050123
006281219075723012110223
004281219075723013030535
009281219075724014020435
003281219075724012030256
004281219075724012180258
001281219075724013010446
002281219075724014030290
008281219075725012100446
002281219075726012130330
004281219075726012140461
003281219075726012040476
006281219075726011000654
001281219075726013030071
009281219075726015020577
002281219075727019040034
004281219075727012150294
009281219075728013020867
008281219075728012100223
003281219075728012060221
004281219075729013030425
002281219075729014030449
003281219075729012060356
001281219075729014010068
001281219075729018010065
006281219075729011000719
006281219075730011000555
009281219075730012120415
008281219075731012080419
001281219075731012020396
002281219075732013030518
006281219075732012080131
004281219075732013030562
003281219075732012040443
009281219075732015020591
002281219075733019050193
001281219075733018010066
001281219075733015010692
006281219075734015030168
009281219075734012070331
008281219075734012100047
002281219075735019060113
004281219075735014030438
003281219075735013010780
001281219075735015010796
002281219075735014030453
008281219075736012070387
004281219075736012160296
001281219075736014010250
009281219075736012110397
009281219075737012080358
002281219075737012160253
006281219075737012160114
003281219075737013010682
008281219075737013020574
001281219075738014010494
004281219075738012180278
003281219075739012040222
002281219075739019020363
001281219075740018010071
009281219075740012110477
006281219075740015090611
002281219075740012160292
004281219075740013030614
008281219075740012090350
003281219075741012010425
002281219075742014030388
004281219075742012170286
006281219075742012110087
002281219075742019020212
009281219075743012100441
004281219075743012180266
008281219075743012080459
001281219075743014010612
003281219075743012030230
001281219075744016000003
002281219075745013030562
009281219075745015020541
008281219075745014020180
001281219075745014010569
006281219075745011000690
001281219075746012150311
003281219075746014010436
006281219075746014030109
004281219075746012150270
002281219075747012150314
008281219075747013020726
009281219075748015020643
001281219075748012150311
001281219075748013010805
004281219075748012140465
006281219075749011000648
003281219075749012010237
004281219075749012140363
002281219075749019060001
002281219075749012130279
001281219075750016000003
009281219075750012120395
008281219075750013020812
003281219075751012040423
002281219075751014030279
001281219075751012010377
001281219075752016000088
006281219075752011000398
008281219075752015020531
002281219075753012180275
003281219075753012020389
006281219075753012060015
008281219075753012100445
009281219075753012100252
004281219075755013030523
001281219075755012050279
003281219075755012050009
009281219075755013020198
001281219075755016000164
006281219075757011000422
009281219075757012110489
001281219075757012040450
003281219075758012020402
001281219075758014010457
008281219075758012100430
002281219075759019020327
003281219075759012050303
009281219075759012120454
004281219075759015030467
001281219075801015100559
002281219075801012140363
006281219075801011000632
008281219075801012100307
003281219075802012010400
009281219075802014020586
003281219075803013010631
001281219075803015010790
002281219075803014030459
008281219075804014020511
009281219075804015010696
006281219075805012170053
004281219075805012160190
001281219075805015100543
003281219075806012010327
001281219075806012030365
009281219075806014020512
006281219075807011000706
008281219075807012090335
002281219075807019040012
002281219075807014030356
001281219075808013010331
009281219075808014020394
003281219075808012030304
002281219075809015030279
004281219075809015030389
009281219075810015020598
008281219075810012120402
006281219075810015020199
001281219075811014010596
002281219075811014030488
003281219075811015010786
008281219075812012100358
006281219075813012160104
004281219075813012160298
009281219075813012080408
002281219075814015030423
003281219075814012060426
009281219075815012090341
008281219075815014020589
006281219075815011000704
001281219075816015010763
003281219075816014010432
002281219075817015030477
004281219075817012160190
008281219075817012110367
009281219075818014020231
002281219075818012130075
006281219075818011000656
003281219075818013010515
008281219075819012110421
002281219075819013030484
009281219075820012100224
003281219075820013010806
002281219075821014030425
008281219075821012070403
004281219075821014030448
006281219075821011000001
002281219075821019060086
009281219075822012090416
003281219075823012010424
006281219075824015090616
008281219075824012090344
002281219075824019110046
009281219075824012090377
002281219075825015030187
003281219075826015010678
008281219075826013020876
006281219075826013020274
009281219075826013020810
002281219075826012150297
002281219075826019050224
001281219075827015010017
002281219075827012160149
004281219075827012160190
008281219075828012070376
001281219075828014010593
003281219075829015010610
002281219075829013030541
009281219075829013020822
006281219075830011000439
002281219075830019020124
001281219075830014010615
001281219075830018010048
002281219075831013030630
003281219075831013010454
004281219075831012150268
009281219075832012070236
002281219075832012120481
008281219075832013020843
002281219075833019050241
001281219075834014010535
009281219075834014020578
006281219075834011000263
002281219075834012170287
008281219075834013020738
003281219075834013010259
008281219075836012100405
006281219075836012020002
009281219075836015020022
002281219075836014030160
003281219075837013010730
009281219075837015020022
002281219075838013030631
003281219075838014010525
008281219075839014020630
009281219075839015020678
001281219075839018010069
001281219075839012050367
006281219075839011000277
002281219075840012150304
003281219075841013010795
009281219075842012090419
006281219075842011000727
008281219075842012100318
001281219075843015010473
003281219075843013010473
009281219075844013020778
008281219075844013020702
006281219075844015090628
002281219075845019050205
002281219075845014030250
003281219075846012040437
008281219075846012100398
009281219075846012080383
002281219075847019010008
002281219075847014030404
002281219075848012130116
009281219075848015020638
001281219075848013010035
003281219075848013010522
008281219075849012090333
002281219075849012130322
004281219075849012160298
006281219075849013010270
001281219075850014010377
003281219075850012050311
009281219075851013020860
002281219075851015030431
006281219075852014020550
002281219075852019050238
003281219075852013010739
008281219075852012100428
002281219075853012140447
009281219075853015020451
003281219075854012050238
008281219075854012120499
006281219075854013020581
002281219075854015030478
001281219075855012010403
002281219075855019110040
009281219075856012110476
004281219075856012150268
002281219075856014030390
008281219075856014020570
003281219075857012020391
009281219075857015020660
006281219075858014030096
002281219075858019040006
008281219075858012070438
002281219075858013030649
003281219075859012010337
002281219075900019050243
002281219075900012150319
009281219075900014020529
002281219075901014030470
006281219075901014030087
008281219075901015020386
003281219075902012050350
008281219075902013020701
004281219075902013030479
002281219075903012170308
006281219075903012160085
009281219075903014020424
003281219075904012040467
002281219075904019050209
001281219075905013010743
002281219075905015030466
008281219075905013020674
006281219075905015090631
009281219075905013020857
002281219075906014030381
004281219075906013030119
003281219075907015010805
009281219075907014020413
002281219075907019060084
002281219075907012160233
003281219075908012060410
002281219075909019100002
001281219075909012020322
008281219075909012080373
009281219075909014020534
002281219075909014030485
002281219075910012180310
006281219075910012130223
008281219075911012110467
002281219075911012130285
003281219075911015010690
006281219075912011000682
009281219075913014020603
003281219075913013010567
002281219075913013030603
004281219075913013030479
009281219075914014020426
008281219075914012120399
006281219075914012120124
003281219075915013010791
001281219075915012030363
002281219075915019020393
002281219075916012130337
008281219075916012070344
003281219075917013010765
009281219075917014020411
002281219075918013030538
001281219075918012030353
002281219075918019020095
006281219075918012020274
001281219075918014010537
008281219075919012090220
009281219075919012100381
002281219075919013030633
001281219075920012020325
003281219075920013010785
008281219075920014020553
003281219075921012010173
001281219075921018010068
002281219075921012180253
006281219075921015090633
001281219075921012010415
002281219075921019040015
002281219075922013030648
001281219075923012050360
003281219075924012050194
001281219075924012040338
002281219075924012140456
008281219075924012100350
001281219075925014010309
009281219075925012090414
001281219075925015100556
002281219075925019020397
003281219075926013010769
002281219075926014030369
008281219075926012070426
001281219075927012030356
002281219075927013030479
002281219075928019010127
003281219075928015010783
008281219075928012070443
009281219075929012080017
002281219075929015030424
001281219075929012040446
004281219075930012180212
002281219075930015030458
006281219075930012130102
009281219075931012110478
001281219075931015020469
008281219075931013020554
002281219075931019020346
002281219075932012130336
001281219075933012040411
003281219075933012020388
009281219075933012120440
002281219075933014030418
006281219075933011000636
002281219075934012180308
004281219075935013030119
009281219075935014020566
001281219075935014010066
002281219075935012150301
008281219075935012110340
008281219075936012120431
006281219075936015020461
001281219075937012040471
009281219075937012070427
003281219075937013010625
002281219075937012140426
009281219075938012080464
002281219075938012150301
004281219075939014030398
001281219075939012020382
003281219075939014010604
002281219075939019040016
002281219075940012150260
009281219075941012090041
002281219075941012160228
003281219075942012040420
006281219075942013020428
001281219075942014010267
002281219075943019040033
002281219075943012140463
009281219075943013020859
003281219075944012030396
001281219075944012060259
008281219075945012090279
009281219075945012100311
004281219075945013030263
002281219075945012170298
009281219075946012100311
002281219075946019050223
001281219075946015010804
006281219075946012090035
002281219075947012140458
001281219075948013010641
008281219075948013020626
003281219075948012030303
009281219075949012120414
002281219075949013030647
002281219075950015030470
008281219075951013020572
002281219075951019100065
002281219075951012140405
004281219075951013030567
009281219075951013020282
008281219075952012070368
003281219075952013010190
006281219075952012020013
001281219075952012030397
002281219075953014030398
008281219075954013020826
009281219075954012080366
003281219075954013010598
002281219075955012150278
001281219075955012030242
004281219075955012140374
003281219075956012040414
002281219075956012180262
006281219075956012120196
008281219075957012110480
002281219075957019060097
002281219075957012170056
006281219075958012090150
001281219075958012010385
009281219075959012100419
002281219075959013030308
003281219075959013010726
008281219080000012100201
002281219080000019050152
008281219080001012120475
006281219080001015090629
002281219080002012180206
002281219080002019050126
003281219080003012040429
009281219080004012110406
008281219080004012110382
002281219080004012160256
001281219080005016000154
002281219080005019050212
006281219080005013010294
002281219080005014030427
003281219080006012030317
009281219080006012120421
001281219080006016000154
002281219080007012140469
006281219080007012020162
003281219080008012040442
008281219080009012070410
003281219080009012050183
006281219080009012130286
002281219080009014030471
009281219080009012120490
002281219080009019070038
009281219080010012070321
001281219080011016000161
006281219080011011000718
002281219080011012150271
001281219080011014010493
008281219080011013020706
003281219080011012020286
009281219080012013020773
006281219080013012130120
009281219080014013020803
003281219080014012010010
002281219080014012150098
008281219080014014020536
004281219080015012150171
006281219080016015020563
008281219080016013020813
002281219080016019020221
009281219080016012100443
002281219080016012160302
003281219080017013010650
001281219080018019030046
006281219080018012130049
002281219080018014030430
003281219080019015010791
009281219080019012080447
002281219080019019040023
008281219080020012080429
004281219080020014030299
006281219080020015020540
002281219080020012160272
001281219080020012050179
002281219080021019050170
001281219080022012030368
008281219080022012120474
006281219080022012080127
002281219080022014030437
004281219080024012170127
002281219080024012160306
008281219080024013020811
001281219080024015010795
008281219080025012120444
006281219080025011000725
002281219080025014030267
002281219080026019050195
009281219080026012090368
004281219080028013030567
006281219080028012110004
008281219080028012090396
002281219080028012170309
003281219080029012040468
002281219080029012140088
002281219080029019020372
009281219080030015020681
002281219080031013030354
008281219080031013020747
006281219080031011000674
009281219080032015020664
003281219080032012020399
002281219080032015030362
002281219080032019050171
008281219080033012080225
002281219080034013030548
001281219080034013010783
004281219080035012170127
009281219080035012100169
002281219080035019020286
008281219080036012070390
002281219080036012130314
002281219080038019040030
008281219080038012070440
003281219080038012050359
009281219080038013020837
002281219080038012150315
001281219080038012060368
001281219080039018010061
002281219080040014030100
008281219080040012120483
004281219080040014030299
002281219080040019040030
001281219080040012050348
009281219080040013020884
003281219080041013010284
006281219080041014020288
002281219080041019040032
008281219080042015020677
002281219080042012170303
002281219080043019020273
004281219080044012140374
002281219080044012170295
006281219080045013010296
001281219080045019010128
008281219080045013020689
002281219080046012130329
008281219080046013020689
009281219080046016000149
002281219080047012130242
001281219080047014010594
003281219080047014010444
008281219080047013020783
006281219080048013020326
002281219080048012180305
008281219080049012120461
003281219080049012010372
002281219080049019010135
006281219080049012080114
009281219080049013020880
002281219080050012130344
004281219080050012140473
008281219080051013020838
001281219080051019060076
006281219080052019100071
003281219080052012010413
002281219080052012130303
009281219080052013020586
001281219080052018010018
002281219080053019010132
002281219080053013030119
008281219080053013020515
001281219080053012020345
009281219080054013020840
004281219080054014030299
002281219080055019020349
002281219080055012130264
001281219080055014010587
006281219080055012150195
008281219080055012090300
009281219080056012110409
001281219080056012040131
003281219080057012050334
002281219080057015030468
001281219080057012020367
001281219080058012010382
004281219080058013030558
008281219080058012120377
002281219080059012130317
006281219080059012010028
009281219080100014020619
008281219080100012110458
002281219080100015030351
001281219080100018010008
001281219080101015010774
004281219080102012140473
008281219080102014020502
001281219080102015100551
006281219080102013020068
001281219080103014010610
002281219080103019020263
002281219080103012160134
009281219080104015020641
008281219080105012090401
003281219080105012030327
002281219080105015030442
001281219080106015010731
002281219080106019020150
009281219080106012120494
006281219080106012010405
002281219080107012180287
004281219080107012150286
009281219080107012120494
009281219080108012090348
002281219080108013030485
008281219080108013020721
002281219080109019020333
002281219080109012180252
009281219080110014020615
002281219080111014030368
009281219080111013020863
008281219080111014020582
004281219080111012170127
003281219080112012060388
009281219080113012070439
002281219080113012140472
002281219080114015030455
008281219080114013020852
001281219080114014010522
004281219080115012150303
002281219080115012160310
009281219080116014020088
002281219080116019020335
002281219080116015030383
006281219080116013030222
008281219080116012090408
001281219080117015030106
002281219080118013030465
009281219080118014020043
008281219080120014020607
003281219080120012010401
002281219080120012160310
009281219080120014020006
004281219080121012150170
001281219080122014010597
009281219080122012120350
002281219080122016000123
008281219080123012070411
009281219080123013020817
003281219080123012100442
006281219080123011000600
002281219080124014030299
002281219080124019010118
002281219080125012140453
008281219080125015020410
004281219080125015030306
002281219080126014030299
002281219080126019040021
009281219080126015020624
008281219080127012110443
002281219080128019020379
002281219080128012140453
001281219080128014010590
009281219080128012090410
002281219080129012170271
006281219080130011000410
009281219080130012120497
004281219080131012130205
001281219080131012010014
008281219080132013020619
002281219080132012160088
001281219080132019030038
009281219080133015020623
002281219080133019100044
002281219080133012150286
002281219080135012140409
003281219080135014020020
008281219080135012070432
001281219080135012030361
004281219080135012140471
009281219080136012100449
006281219080136012160222
002281219080136019060101
002281219080137013030558
001281219080137014010608
001281219080137016000058
008281219080138012090272
003281219080138012010398
004281219080139012150293
009281219080139014020620
002281219080139012170127
002281219080140019040009
001281219080140016000058
003281219080140012020404
008281219080141013020660
002281219080141012130302
002281219080141019010119
009281219080142012070357
002281219080142012140473
004281219080143012140471
003281219080143013010702
002281219080144012170291
002281219080145019030032
009281219080145012090380
002281219080146014030466
002281219080147013030325
008281219080147012100367
003281219080147012030406
009281219080148012110438
004281219080148015030457
002281219080149014030466
009281219080149012110438
002281219080150014030467
008281219080150012070392
002281219080151012130205
006281219080152013010215
004281219080152012150170
008281219080153012090413
001281219080153016000064
006281219080154012060389
009281219080154016000147
002281219080154014030467
002281219080155014030466
002281219080156012160230
004281219080156012140471
002281219080157019020326
001281219080157012060403
002281219080158015030475
006281219080158014020055
001281219080158014010564
008281219080159012080346
003281219080200012030010
002281219080200012150250
004281219080200012130014
003281219080201012030095
008281219080201012070358
001281219080201012140149
009281219080201012100400
006281219080202012060241
009281219080203015020663
003281219080203013010542
001281219080204013010716
008281219080204013020848
002281219080204012150250
002281219080205014030481
004281219080206013030617
008281219080206012100280
009281219080206012120448
002281219080207012130254
001281219080207012030196
002281219080208012150293
008281219080208012080360
001281219080208012100385
009281219080208012090291
001281219080210015010407
002281219080210012130254
004281219080210012170217
009281219080211012080470
008281219080211014020616
002281219080212013030596
002281219080213012140428
008281219080214012080345
001281219080214012010005
003281219080215012020300
001281219080215012020021
004281219080215014030150
002281219080215014030447
001281219080216012030385
008281219080216014020504
002281219080216019080001
009281219080218012100439
008281219080218014020489
004281219080219012150069
002281219080219019110013
002281219080220014030452
002281219080221012140428
008281219080221012070366
002281219080222014030072
003281219080223014010524
002281219080223012170231
004281219080224012180312
008281219080224012110464
002281219080225014030452
009281219080226014020530
002281219080226012140428
003281219080226012030194
002281219080228012180263
004281219080229013030577
009281219080229013020425
002281219080230012140471
002281219080230019050148
002281219080230012130014
003281219080232013010004
002281219080232012140470
004281219080233012150321
008281219080233012090402
006281219080233012050085
002281219080234012140449
001281219080235012050147
002281219080235015030441
003281219080235012050210
003281219080236015010780
002281219080237012170297
001281219080237013010023
004281219080237012160315
002281219080238015030101
006281219080238012060312
002281219080239019020323
009281219080239012080297
001281219080239013010761
001281219080241015010808
009281219080241012110412
002281219080241012180297
004281219080242012160293
002281219080242015030402
002281219080243012140425
003281219080243013010560
001281219080243012020311
008281219080244013020799
002281219080245012160300
006281219080245014010295
009281219080246012110160
004281219080246012160315
002281219080247012170304
006281219080247012030316
009281219080248012110485
002281219080248012140443
001281219080248012070449
008281219080248012080361
002281219080249012140408
003281219080250012050341
004281219080250013030187
009281219080251012080418
002281219080251012180261
003281219080252013010666
001281219080252018010055
002281219080253012150069
002281219080254012140475
004281219080255012160293
002281219080256013030623
003281219080256013010767
006281219080256012010190
001281219080257012010338
002281219080257015030457
009281219080257012120463
009281219080258012120401
008281219080258012070338
002281219080259014030416
004281219080259013030187
003281219080259012020358
006281219080301012020016
002281219080301015030426
002281219080302014030150
008281219080302014020513
002281219080303012170217
003281219080303012020381
008281219080304014020627
006281219080304012010201
004281219080305012130334
002281219080306012140337
008281219080307014020540
009281219080307012070450
002281219080308014030399
002281219080309012160143
004281219080309012180301
009281219080310014020398
002281219080311012140431
002281219080312012170299
004281219080313012160231
009281219080313015020659
001281219080314019030043
008281219080314012090309
004281219080317012130334
009281219080317012080266
002281219080317012130326
002281219080320014030486
004281219080321013030609
002281219080322014030480
008281219080322012080007
006281219080323012160012
003281219080323014020025
008281219080323014020470
002281219080324014030022
002281219080325012130334
002281219080326013030075
004281219080326012180312
002281219080327012130298
001281219080328014010609
009281219080328012090388
002281219080329012130326
004281219080330012130335
002281219080331012160231
002281219080333012130298
004281219080334012150290
002281219080335012140225
008281219080335014020120
001281219080338019020373
002281219080338012150255
004281219080339012130335
002281219080340012170054
006281219080342012020279
001281219080343015010789
003281219080343012020398
002281219080344013030609
004281219080344012180159
008281219080345012070431
009281219080345013020643
002281219080346012130271
003281219080347012050353
002281219080347013030591
004281219080349012180282
002281219080349013030605
002281219080350012170267
008281219080350012120498
002281219080351014030217
002281219080353012170235
004281219080354012130346
002281219080354012140127
002281219080356012180159
003281219080356012010293
008281219080357012110461
002281219080358013030104
001281219080358012030305
002281219080359014030444
003281219080359012030328
004281219080359015030451
006281219080359012070090
003281219080401013010244
002281219080401012140429
002281219080403012130270
004281219080404013030162
003281219080404013010651
002281219080405012160311
009281219080406013020883
009281219080407013020883
008281219080407012090391
002281219080407012130326
004281219080408013030584
002281219080410012170228
008281219080410013020790
004281219080412012140437
002281219080412014030331
002281219080412019050220
008281219080413012120465
004281219080416012180277
008281219080416012120306
001281219080420013010751
004281219080421015030439
002281219080421015030451
008281219080421012080428
001281219080423012050234
003281219080423019110043
002281219080423012180257
002281219080424012130278
009281219080424016000124
008281219080424014020414
002281219080425019050213
004281219080425012170310
008281219080426012070404
002281219080427013030162
004281219080429012150100
002281219080429012170209
002281219080430013030584
002281219080432012140437
004281219080433012170310
002281219080434012180277
002281219080435012140420
002281219080438012130276
004281219080438012170284
006281219080439012120199
002281219080439014030001
002281219080441012150100
004281219080442012140464
008281219080445012120470
002281219080446012170284
004281219080449012170207
006281219080455012150102
004281219080456013030651
001281219080458012040346
002281219080458012150309
009281219080458012070341
001281219080459012040426
001281219080501014010558
001281219080502014010555
004281219080502012150295
002281219080503012170207
001281219080505012030329
002281219080507019070001
004281219080512012180316
006281219080514012020010
006281219080525012030293
003281219080528012050364
002281219080530012160087
002281219080532014030176
002281219080534012160293
002281219080539012150261
002281219080545019060124
004281219080547013030399
002281219080549013030617
002281219080551019020403
004281219080556012180259
008281219080557012110495
001281219080558014010611
002281219080558019020230
001281219080601012010423
002281219080606019010133
002281219080611019010131
004281219080614012140453
009281219080617012100347
002281219080619012150290
004281219080620012160315
002281219080621019010094
004281219080624012170222
004281219080628012160315
004281219080633012170222
004281219080637013030510
002281219080639019020378
002281219080641013030510
003281219080648013010808
001281219080649016000157
002281219080650012170222
004281219080651012160289
001281219080652016000112
006281219080652012030282
001281219080657014010508
002281219080701019020392
004281219080701012160289
001281219080704016000139
001281219080706016000139
004281219080707012180312
004281219080718012160315
002281219080719019020398
002281219080729012130267
004281219080729012160315
002281219080731019090016
009281219080732012120487
004281219080736012180282
002281219080747019020065
009281219080801012070415
003281219080803012060398
002281219080803012180282
009281219080820012090399
003281219080828013010426
002281219080830019050234
002281219080837014030373
006281219080841013010117
001281219080853014010201
002281219080853012140430
002281219080901012160312
002281219080909013030469
002281219080913013030331
009281219080914012110479
008281219080916012080469
001281219080932016000007
001281219080935016000001
002281219080936012180260
001281219080943012020405
008281219080948012090357
002281219081031012170307
002281219081035012150241
002281219081038013030610
009281219081055012070433
002281219081109019010072
008281219081122013020870
002281219081137019010134
003281219081149013010735
002281219081204012140374
009281219081254012070197
009281219081326013020640
008281219081534012110375
006281219081602019100013
006281219081606019100013
001281219081638012060422
003281219081729012030338
008281219081827012120301
008281219082000012120419
001281219082215013010798
001281219082343016000052
001281219082500016000012
002281219082557019110014
002281219082653019010074
002281219082825019010111
002281219082839019010031
009281219083330012070414
002281219084629019030033
003281219085355012060378
002281219092751019090015
003281219092838012060431
006281219092909110000743
006281219092913110000743
001281219094439016000154
002281219103908019010067
001281219113435014010623
001281219113444014010625
001281219113448014010626
001281219113452014010627
001281219113456012060436
001281219113500012060437
003281219113844014010627
003281219113850014010626
003281219113854014010625
003281219113859014010623
003281219113904012060437
003281219113908012060437
003281219113912012060436
003281219114706015010704
002281219133437019060113
002281219134720019020327
001281219140202014010621
002281219150837012180277
001281219155721016000141
001281219155722016000141
002281219161136019020065
008281219165527014020578
001281219165640016000112
001281219165645016000139
001281219165647016000139
001281219165649016000157
002281219165716013030654
002281219165719012170311
002281219165723013030655
002281219165726013030587
002281219165729012150314
002281219165846012160287
002281219165900012140167
002281219165903012140465
002281219165913012150255
008281219165917014020513
003281219165928015010769
002281219165954012170053
002281219170024019020221
003281219170038013010734
002281219170046012170209
002281219170142012140471
008281219170232015020658
002281219170249012140225
002281219170354012140464
009281219170429014020570
001281219170506019030050
006281219170510011000727
008281219170526012110414
009281219170534012110412
009281219170535012110397
006281219170537011000725
009281219170540012110485
006281219170541011000598
006281219170544011000741
008281219170549012110416
008281219170550012110416
006281219170556011000343
006281219170558011000598
006281219170613011000568
008281219170619012110438
008281219170622012110483
006281219170640011000065
002281219170849019110040
006281219170913011000704
002281219171426019100061
001281219171551012060372
008281219171957012070444
002281219175507019010072
001281219175700012030365
002281219175723019010133
002281219180743019010131
002281219180747019010131
001281219180748016000058
002281219182233019020286
001281219182905016010071
002281219182928019010124
002281219183325019040015
002281219183345019090016
002281219183358019010094
002281219183359019010094
002281219183405019090015
001281219183909016010123
002281219183940019020230
001281219184020016010127
001281219184412019010125
002281219184425019010111
002281219184441019010118
002281219184504019010132
006281219184622016010086
001281219185004019110051
002281219185034019050243
009281219185041014020092
002281219185256019010008
001281219185300013010716
001281219185304016000163
001281219185307016000163
002281219185309019110027
001281219185309016000163
001281219185311016000163
001281219185315016000164
001281219185320016000164
001281219185326016000168
001281219185328016000168
001281219185331016000168
001281219185333016000166
001281219185343016000008
001281219185352016000101
001281219185405016000167
001281219185417012020021
003281219185418012020366
003281219185423012040346
003281219185431012010329
001281219185437012040426
001281219185439012010408
001281219185440012010237
002281219185442019030032
001281219185443012080458
001281219185445012010028
003281219185445012030397
001281219185458012010201
001281219185501012050310
001281219185511012060397
003281219185512012060015
003281219185513012040397
003281219185515012050307
009281219185516012090419
003281219185517013010426
003281219185519012020340
001281219185525012020345
002281219185527019040016
003281219185529012040442
003281219185529012020399
001281219185529012030363
003281219185531012060359
003281219185534012040453
009281219185539012070437
001281219185540012020325
003281219185541012030316
001281219185544012040468
008281219185544012110454
002281219185546019040035
003281219185549012040473
009281219185550013020837
003281219185553012010309
001281219185553012050308
003281219185555012050254
003281219185557012050195
008281219185558013020824
003281219185559012060396
009281219185559012070435
008281219185600013020821
003281219185601012060388
009281219185601012070338
008281219185602013020749
003281219185603012030349
008281219185604013020685
008281219185606013020850
009281219185606012070368
003281219185607012040406
008281219185608013020536
003281219185609012040273
001281219185610012080448
003281219185611013010672
008281219185611013020767
003281219185612012060241
008281219185613013020411
009281219185613012070448
003281219185614012030386
003281219185616012030261
008281219185616013020438
009281219185616013020619
001281219185617012050279
009281219185618012070415
008281219185619013020606
003281219185619012050210
008281219185621013020644
001281219185622012040411
001281219185623012050179
008281219185623013020154
003281219185623012060364
009281219185623012070410
003281219185625012060421
001281219185625013010006
008281219185625013020542
009281219185626013020848
001281219185628012030305
008281219185629013020843
003281219185629012050359
009281219185629012070429
001281219185630013010804
003281219185631012040355
008281219185631013020748
001281219185632012050331
009281219185632012090341
001281219185634013010798
003281219185634013010793
008281219185634013020674
009281219185634012090420
008281219185636013020874
001281219185637013010747
009281219185637012080350
001281219185638013010783
008281219185638013020879
009281219185640013020692
008281219185641013020838
008281219185642012090383
008281219185643012090383
009281219185644012070426
008281219185645013020747
003281219185646013010560
001281219185647012040410
008281219185647013020769
009281219185647012110477
003281219185649013010769
008281219185650013020825
009281219185650013020778
001281219185652013010549
008281219185652012100318
003281219185652013010625
009281219185652013020855
009281219185654012070360
008281219185655012080284
001281219185656013010023
003281219185656012060437
006281219185656013020581
006281219185657013020412
009281219185657012090377
008281219185658013020844
009281219185659013020819
003281219185701012020016
008281219185701013020781
009281219185701013020803
002281219185701012160306
008281219185702013020835
003281219185703012060437
006281219185703012030282
009281219185704013020808
008281219185705012090344
009281219185705012110004
006281219185706013020241
003281219185706012050225
008281219185707012120306
009281219185707013020773
008281219185709012090309
009281219185709012080408
006281219185710013020240
003281219185710013010712
009281219185710012080408
001281219185711013010743
009281219185711013020198
008281219185712013020683
002281219185713012130329
009281219185713013020198
008281219185714013020790
009281219185714013020810
008281219185715013020878
001281219185716012010389
001281219185717018010067
008281219185717013020766
009281219185717013020017
002281219185717014030480
003281219185718012050194
008281219185719012070376
001281219185720013020226
009281219185720013020817
008281219185721013020758
009281219185722013020841
008281219185724013020726
009281219185724012080431
003281219185725013010567
008281219185727013020812
009281219185727013020831
001281219185728012010409
002281219185728012160228
009281219185729013020188
008281219185730013020755
009281219185730013020860
009281219185732012120401
001281219185733012040131
008281219185733013020068
009281219185735012070357
006281219185736012020037
009281219185736012120350
001281219185737015010763
003281219185737012050356
008281219185737013020701
009281219185739013020763
003281219185740012050341
008281219185740012110461
009281219185740013020763
009281219185741013020859
008281219185742013020836
006281219185743013020543
008281219185744013020873
009281219185744012070010
008281219185746013020689
009281219185746012070449
008281219185747013020811
009281219185747012100381
001281219185748012040461
008281219185749013020849
001281219185749012040462
009281219185750013020818
001281219185751013010751
008281219185752013020572
001281219185752013010688
009281219185752012100439
008281219185753012110474
003281219185753012060427
009281219185754013020863
001281219185755012010423
001281219185755013020180
002281219185755012140435
003281219185756013010460
009281219185756012110178
008281219185757013020870
001281219185757013010805
009281219185758012110143
003281219185759013010759
001281219185759012040354
009281219185800012100347
001281219185801013010762
003281219185801012030399
008281219185802012100411
009281219185802013020703
003281219185803013010730
002281219185804012130330
008281219185805012100284
009281219185805012120440
003281219185806012010426
001281219185806013010700
009281219185807012120143
003281219185808013010808
008281219185808013020574
001281219185808012040438
009281219185809013020586
001281219185811012050367
008281219185811013020255
009281219185811012080464
006281219185812013030222
003281219185813012020288
009281219185813012110488
008281219185814013020851
002281219185815013030516
003281219185816012030335
009281219185816012110476
008281219185817012110340
009281219185817012120497
003281219185818012010355
008281219185820012070390
009281219185820012080017
001281219185821019030038
008281219185822013020397
009281219185822012100400
008281219185823012110466
008281219185825012120377
002281219185825013030577
009281219185825013020643
001281219185827016000126
008281219185828012110494
001281219185828013010641
002281219185828013030460
009281219185828013020504
009281219185829013020884
008281219185830012120474
001281219185830016000126
003281219185831013010244
002281219185831013030458
009281219185832012100419
002281219185833012130339
001281219185834016000088
008281219185834012120461
009281219185834013020864
002281219185835013030356
008281219185836012120399
003281219185836012030342
002281219185836012170019
009281219185836012110496
009281219185837012110496
008281219185838012110378
009281219185838012120354
002281219185838012170291
001281219185839016000088
003281219185839012040443
008281219185840012070404
002281219185840013030356
009281219185841013020857
002281219185842012130298
002281219185842019030042
008281219185843012110491
009281219185844012110160
006281219185845011000730
002281219185845013030504
009281219185845012070433
008281219185846012120419
003281219185847012020002
009281219185847012080427
002281219185847013030576
008281219185848013020876
009281219185848012110437
003281219185849012020333
002281219185850013030571
009281219185850012070197
008281219185851012070387
002281219185851012130223
003281219185852012020002
008281219185852012120483
001281219185853012020111
003281219185853012060229
002281219185853012170290
008281219185854012120431
006281219185855013030199
003281219185855012050360
008281219185856012110354
002281219185856013030649
009281219185856012090414
002281219185857013030507
009281219185857012090414
008281219185859012120444
003281219185859012020402
002281219185859013030655
009281219185900012080418
002281219185901012170280
003281219185902012030338
001281219185902012040338
002281219185902013030647
009281219185902013020866
002281219185903013030264
008281219185904013020428
002281219185904013030647
009281219185904013020880
008281219185905013020428
002281219185905013030538
003281219185906012010372
002281219185906012150128
009281219185906013020868
008281219185907015020657
009281219185907013020868
009281219185908013020532
002281219185909012170279
008281219185910012070366
002281219185910013030496
002281219185911013030605
009281219185911013020862
008281219185912015020679
003281219185913012040467
002281219185913013030523
009281219185913013020833
009281219185914015020669
003281219185915013010774
002281219185915012170304
009281219185916015020669
002281219185916013030546
008281219185917013020795
003281219185918012060426
009281219185918015020620
002281219185918013030104
009281219185919015020620
008281219185920013020610
009281219185920013020797
002281219185920012160313
003281219185921013010624
006281219185921012080114
009281219185922013020820
008281219185923013020745
002281219185923012160298
003281219185924013010413
002281219185924013030162
001281219185925018010059
002281219185925013030642
009281219185925013020832
008281219185926012110351
001281219185927018010059
003281219185927013010580
002281219185927012130327
009281219185927012120498
008281219185928013020562
002281219185928012170293
002281219185929013030162
009281219185930015020681
001281219185932012040425
008281219185932012070411
001281219185932018010066
003281219185932012020367
002281219185932013030551
006281219185933013020274
008281219185934012120301
002281219185934013030425
009281219185935012100169
001281219185936018010054
002281219185936012140434
008281219185937013020468
002281219185938012170293
008281219185940013020877
003281219185940013010693
006281219185940012130102
009281219185940012110424
001281219185941018010069
003281219185942013010151
008281219185943012110495
002281219185943012180261
009281219185943012110377
003281219185945013010785
001281219185945018010065
006281219185946011000632
008281219185947012110382
003281219185947013010693
008281219185948012110382
008281219185949012110382
006281219185950012150195
001281219185951018010018
008281219185952013020723
009281219185952012110479
002281219185952013030354
001281219185953013010761
008281219185953013020799
003281219185954012040466
008281219185955012120425
003281219185956013010776
001281219185956018010061
002281219185956013030629
002281219185957012130297
008281219185958013020823
003281219185958013010740
002281219190000012150305
001281219190001018010070
009281219190001013020599
002281219190002012180046
008281219190003012080007
003281219190003013010763
002281219190003012140420
008281219190004012100367
009281219190004012110478
002281219190005012130297
001281219190006018010047
002281219190006012140472
003281219190007012050009
006281219190007012120124
008281219190008012120493
002281219190008012140408
001281219190009018010068
003281219190009012060356
002281219190009012140409
008281219190010012070384
002281219190010013030565
009281219190010013020425
002281219190012012180308
001281219190013018010071
008281219190013012070441
009281219190013012110484
002281219190013012140472
002281219190014012180157
008281219190015012110400
001281219190016018010048
009281219190016013020840
002281219190016012150073
002281219190017012140363
009281219190017013020840
008281219190018012110446
002281219190018012170219
003281219190019012010377
008281219190019012070090
009281219190019013020640
001281219190020015100560
002281219190020012140363
008281219190021012080135
009281219190021012080383
002281219190021012140422
003281219190022013010515
001281219190023015030454
002281219190023012170219
008281219190024012110410
009281219190024012090267
002281219190025012180220
008281219190026012080127
002281219190026012140363
001281219190027018010008
008281219190028013020826
002281219190028012180299
003281219190030013010682
001281219190030018010072
002281219190030012120481
008281219190032013020554
006281219190032012130286
002281219190032012140446
002281219190033019050029
001281219190034018010072
002281219190034012150286
009281219190035012100416
008281219190036012090394
009281219190036012100416
002281219190036012140388
002281219190038012140437
002281219190039013030631
003281219190040013010213
002281219190041013030623
001281219190042013030157
002281219190043013030655
002281219190045012180258
008281219190046012090391
006281219190047013030084
002281219190047013030563
008281219190048012070445
009281219190050015020688
003281219190052012040445
002281219190053012180296
008281219190054012110404
008281219190055012110404
003281219190055013010550
009281219190056012080343
002281219190056012150293
009281219190058012080447
002281219190058012140458
008281219190059012080459
002281219190059014030440
001281219190102015100551
008281219190102012080394
002281219190102012180262
001281219190104013010035
008281219190104012110367
002281219190105012160280
006281219190106011000517
008281219190107012080361
001281219190107013010021
006281219190107011000490
003281219190108013010781
002281219190108012150170
008281219190109012080345
006281219190110011000600
003281219190110013010529
008281219190110012080345
001281219190111015100557
002281219190111012150297
006281219190112011000581
008281219190112012110151
009281219190112012070421
003281219190113013010732
001281219190113018010055
002281219190113012140337
003281219190115013010601
006281219190116011000643
002281219190116012160280
008281219190117012090408
003281219190118013010710
003281219190120012040447
006281219190120011000720
009281219190120012100224
003281219190122013010505
001281219190122016000025
006281219190123011000720
001281219190124016000025
003281219190124013010007
002281219190125012140452
006281219190126011000691
001281219190127015100543
008281219190127012120465
003281219190127013010695
006281219190129011000690
009281219190129012070321
003281219190130013010795
001281219190130015100546
002281219190131012170311
001281219190132015100559
002281219190132012140425
003281219190133013010190
006281219190133011000283
002281219190135019050171
002281219190135013030412
002281219190136012170311
003281219190137013010726
006281219190137011000686
002281219190137012130210
002281219190138012170311
006281219190139011000662
002281219190139019050171
003281219190140013010454
002281219190140013030412
002281219190141012140425
009281219190141012090372
002281219190142012130316
002281219190144013030119
002281219190146013030509
006281219190147011000636
002281219190147012140127
006281219190151011000651
002281219190151013030509
002281219190153013030119
002281219190155012170127
002281219190156012140379
008281219190158012120475
002281219190158012180275
002281219190159012170127
008281219190201012080456
006281219190201011000439
002281219190201012180259
009281219190201012120454
002281219190202012170127
009281219190203012120454
002281219190204013030412
003281219190205013010259
002281219190206012130205
009281219190206012120464
002281219190208012140379
002281219190210012160136
003281219190211012030372
002281219190212013030609
008281219190213013020387
003281219190215013010765
002281219190215012150307
006281219190217011000740
003281219190219013010001
002281219190219012150319
008281219190220012120494
002281219190221012180263
003281219190222012040476
009281219190222012080297
002281219190223012140148
009281219190226012080297
002281219190226012170284
002281219190227012160233
006281219190228011000595
002281219190228013030331
003281219190231013010014
002281219190231012160293
002281219190233012140463
001281219190235016000161
002281219190236019050128
002281219190236012140473
008281219190237012080428
002281219190237012160293
001281219190239015100556
002281219190239012170056
008281219190241012070414
002281219190242012140473
002281219190244012140389
002281219190244019020061
002281219190246012160311
003281219190248013010733
001281219190249016000062
002281219190249012150098
006281219190250013030003
003281219190251013010650
008281219190251012080346
002281219190251012130336
002281219190252012170257
003281219190254013010606
008281219190254012080364
002281219190254013030558
008281219190255012080364
006281219190255011000719
002281219190256013030263
002281219190257013030379
002281219190258013030638
002281219190301012170308
002281219190302013030379
008281219190303012080396
002281219190303012130276
001281219190305013010059
002281219190305012160149
003281219190306013010771
002281219190307012150171
002281219190307019030001
002281219190309012150283
006281219190310011000681
008281219190310012120242
002281219190311012150196
002281219190312012150091
006281219190313011000681
008281219190314013020660
002281219190314013030634
002281219190315012150274
003281219190317013010296
006281219190317011000656
002281219190317012150301
006281219190320011000656
002281219190320012150100
002281219190322012150301
006281219190323011000648
003281219190324012030381
002281219190325012170305
003281219190326012040417
008281219190327012090345
002281219190327012150301
003281219190329012040420
002281219190329013030263
002281219190330013030443
001281219190332016000073
003281219190333012050350
002281219190333012180282
002281219190334012130341
001281219190335019010128
002281219190336012180282
006281219190339011000410
002281219190339012170193
002281219190341012160289
003281219190342013010800
002281219190342019080001
002281219190343012130049
002281219190345015030467
002281219190347013030614
003281219190348012060374
002281219190348019030025
002281219190349013030610
003281219190350013010270
002281219190352012180212
002281219190354012160256
003281219190356013010004
002281219190356012180305
002281219190359012180292
002281219190402012130343
002281219190403012150309
009281219190405012120476
006281219190406012080131
002281219190409012140430
002281219190414012140426
009281219190415015020618
002281219190419012150318
003281219190420012060253
006281219190421011000731
002281219190422013030624
002281219190425012150287
003281219190426015010690
006281219190427019100065
003281219190429012030293
002281219190430012160231
002281219190438012150271
002281219190441012130285
002281219190443013030607
002281219190447012150268
003281219190448012020400
002281219190449012150312
001281219190456019030046
002281219190458012160310
002281219190501012160114
008281219190514015020635
002281219190541015030431
002281219190546012140475
009281219190550019020387
001281219190553012040450
002281219190602012140428
002281219190607019050164
002281219190612019050224
009281219190703012090348
002281219190709013030530
002281219190720012160021
008281219190723015020604
002281219190733019050196
002281219190757013030246
002281219190817019020301
009281219190842013020883
002281219190844019050195
002281219190921019020124
008281219190936015020686
002281219190957019050241
002281219191008019020397
002281219191012019020007
002281219191040019020095
002281219191048019050223
002281219191053019020383
002281219191059019020150
002281219191102019020318
002281219191105019020392
002281219191114019050091
002281219191118019020083
002281219191132019060102
002281219191139015030441
002281219191218019020127
001281219191228019050188
002281219191245019050094
002281219191254015030455
002281219191258019050217
006281219191311019100046
002281219191317019050239
002281219191321019050148
003281219191346013010777
002281219191616019030048
002281219191628019050193
002281219191632019050246
002281219191644019060084
002281219191652019050170
002281219191749019040020
002281219191758019020404
002281219191804019100044
009281219192057012080462
003281219192101013010714
002281219192145019050238
006281219192341011000491
002281219192353019050212
003281219192523012010392
001281219192529012010392
002281219192542019060103
002281219192823019050234
002281219193018019050209
002281219193056019040023
001281219193106016010082
001281219193111016010121
002281219193114019040033
001281219193115016010098
001281219193118016010090
001281219193123016010081
002281219193124019040012
001281219193126016010095
002281219193128019040021
001281219193130016010106
001281219193135016010032
002281219193137019040034
002281219193220019040028
002281219193223019040006
002281219193228019040036
002281219193241019010116
001281219193312016010080
001281219193323016010056
001281219193327016010048
001281219193330016010130
001281219193335016010050
001281219193339016010084
001281219193343016010079
002281219193356019040030
002281219193401019040030
001281219193416016010100
001281219193420016010073
002281219193437019040032
001281219193445016010128
001281219193449016010124
001281219193456016010131
001281219193459016010105
001281219193503016010119
006281219193508019100063
001281219193508016010045
001281219193512016010125
001281219193519016010110
008281219193544016010129
001281219193557016010122
002281219193727019040001
001281219193836016010132
001281219193842016010132
002281219193850019110046
002281219193914019020374
002281219194027019050235
002281219194234019110050
002281219194325019020389
002281219194404019050225
009281219194447016000149
009281219194449016000124
009281219194453014020542
009281219194506014020633
002281219194524019110005
002281219194529019100052
002281219194808019040024
009281219194815014020530
009281219194817014020571
009281219194856015010696
009281219194859016000147
009281219194902015020659
009281219194905014020088
009281219194908014020546
009281219194913014020608
009281219194915014020231
009281219194917014020416
009281219194921014020631
009281219194926014020351
009281219194927014020351
002281219194931019010108
009281219194933014020524
001281219194934019030043
009281219194936014020588
009281219194940014020435
008281219194942014020180
009281219194942014020628
008281219194945014020616
009281219194950014020554
009281219194953015020647
009281219194955015020674
006281219194956019100066
008281219195001014020632
009281219195001014020620
008281219195004014020582
009281219195004014020424
009281219195007012090041
008281219195007014020504
008281219195008014020589
009281219195010014020603
008281219195011014020563
009281219195012014020617
001281219195015015020500
008281219195016014020502
008281219195018014020586
009281219195019014020550
008281219195021012070006
009281219195022015020663
009281219195025014020540
008281219195025014020634
009281219195026014020540
008281219195027014020489
009281219195028014020501
009281219195029014020619
008281219195030014020486
009281219195031015020663
002281219195032019050216
008281219195033014020607
009281219195034014020532
009281219195038014020630
009281219195042014020553
008281219195044014020055
009281219195047014020567
008281219195048013020783
001281219195050014010609
002281219195050019030043
001281219195051014010587
008281219195051014020615
009281219195052014020594
001281219195053014010609
002281219195055019050126
009281219195055014020606
009281219195056014020331
008281219195056014020536
008281219195058014020443
008281219195101014020581
001281219195103014010569
008281219195104014020020
009281219195106015020410
008281219195108013020761
009281219195109015020057
009281219195115015020685
009281219195117014020622
009281219195119015020652
008281219195120015020591
008281219195130014020597
009281219195130015020667
002281219195130019100013
009281219195134015020598
009281219195136015020655
008281219195139015020540
009281219195142015020675
001281219195143014010570
008281219195143014020523
002281219195147019050026
009281219195147015020461
001281219195148014010250
001281219195150014010571
009281219195151015020199
009281219195153015020199
001281219195154014010432
009281219195154015020531
009281219195158015020641
003281219195159012020388
001281219195200014010592
008281219195200014020288
009281219195202012070236
008281219195203014020611
008281219195206014020562
009281219195206013020626
001281219195208014010200
009281219195210014020574
006281219195213011000728
006281219195216011000687
001281219195219012020352
009281219195222015020643
001281219195226015010001
002281219195228019030033
008281219195228014020417
002281219195232014030159
002281219195235014030369
001281219195238013010797
009281219195238015020630
002281219195239014030447
009281219195240015020676
001281219195243014010357
006281219195244011000165
001281219195247014010493
001281219195248014010555
001281219195249014010440
009281219195249014020414
008281219195249015020478
001281219195251014010536
008281219195252014020625
001281219195253014010460
001281219195256014010535
001281219195259014010612
008281219195300014020525
001281219195301014010011
003281219195302012030355
001281219195304014010411
001281219195305016000169
001281219195308016000064
009281219195313013020460
006281219195314019100068
003281219195317015010783
009281219195317014020511
003281219195321012030405
009281219195322014020413
003281219195325013010806
003281219195328012030403
009281219195328014020626
009281219195333012070264
003281219195334012020228
003281219195338012050028
001281219195343012060387
003281219195347012020390
001281219195348012030196
003281219195352012060221
003281219195355012030303
001281219195358015010737
008281219195400012080425
002281219195403012140431
006281219195406011000564
003281219195408012020300
008281219195410012100434
003281219195411013010321
006281219195412011000445
008281219195413012090302
001281219195415012020383
006281219195415011000683
003281219195415013010631
002281219195415014030450
003281219195416012020381
003281219195419013010577
002281219195419015030424
002281219195421014030072
006281219195422011000203
008281219195424012100405
002281219195424015030442
002281219195426014030373
001281219195428012010376
003281219195429013010791
002281219195429015030383
001281219195430012030385
002281219195432014030456
008281219195433012120473
003281219195438013010768
008281219195438012090357
008281219195441014020618
001281219195442012060407
006281219195443013020326
009281219195444019050244
008281219195444012100312
001281219195445014010502
003281219195446015010805
001281219195447012010341
008281219195447012100257
002281219195447016000144
009281219195448014020120
003281219195449012030036
008281219195450014020598
003281219195451012020358
002281219195451016000123
003281219195454012060379
001281219195454012010338
008281219195454012110467
002281219195455014030289
001281219195456012060405
003281219195458012020274
001281219195458014010617
008281219195459014020120
001281219195501014010066
009281219195501013020867
002281219195501012140374
006281219195503011000388
009281219195503012100006
001281219195504015010766
008281219195504012090401
009281219195504012100006
002281219195505019100070
003281219195506013010575
001281219195506014010615
006281219195506011000723
009281219195507012110409
008281219195508012070344
006281219195509011000715
002281219195510012160292
009281219195510012120491
003281219195511013010598
008281219195511012100218
006281219195513011000715
003281219195514013010215
008281219195515012110487
003281219195516012010401
001281219195516012050222
006281219195516011000732
002281219195516012130288
003281219195518012020010
006281219195519011000525
006281219195520011000717
002281219195520014030452
006281219195522011000525
002281219195523014030368
006281219195524011000675
008281219195525014020627
002281219195525012130264
006281219195526110000743
001281219195526012010011
006281219195528011000722
002281219195529013030618
006281219195530015090618
003281219195530012050311
002281219195530013030349
001281219195531012060431
003281219195532012030276
006281219195532011000534
002281219195532012130059
002281219195533012130120
001281219195535012010247
003281219195535012050345
006281219195535110000743
002281219195535014030423
003281219195536013010727
006281219195538011000594
002281219195538014030430
008281219195539014020470
006281219195540011000534
001281219195540012020286
009281219195540012110482
002281219195540012130271
003281219195541013010117
002281219195542014030299
006281219195543011000639
003281219195543015010792
002281219195544014030021
003281219195545012040376
006281219195546011000700
002281219195546013030440
003281219195547015010780
006281219195547011000682
006281219195549011000729
003281219195549012030256
002281219195549014030449
003281219195551012060166
002281219195551014030160
006281219195552011000555
003281219195552012060414
006281219195553011000724
002281219195553014030471
003281219195554015010687
001281219195554012010424
002281219195555014030267
006281219195556015090620
002281219195556014030055
003281219195557015010794
001281219195558012060095
002281219195558014030426
006281219195559011000718
003281219195559012040192
002281219195559014030374
006281219195601011000262
003281219195601012060436
001281219195601012030350
002281219195601014030490
002281219195603014030475
006281219195604011000733
003281219195604013010772
001281219195604015010731
002281219195604012130116
002281219195605019050220
006281219195606011000713
001281219195606012030376
003281219195606012060436
002281219195606015030445
009281219195606012120393
001281219195608012010415
003281219195608012010425
002281219195608014030374
006281219195609011000670
001281219195609012030368
002281219195609014030398
006281219195610011000713
001281219195610012010403
009281219195610012090375
002281219195610019050214
001281219195611012020311
003281219195611012050266
009281219195611012090375
002281219195611014030459
001281219195613012060353
003281219195613012020368
006281219195613015090631
002281219195613012180271
002281219195614012160300
003281219195615015010761
006281219195615011000678
001281219195615012020382
008281219195615012110480
003281219195616012030406
008281219195616012090424
002281219195616014030478
001281219195617012040478
003281219195618013010520
006281219195618014030109
008281219195618012100280
001281219195619015010786
001281219195620015010017
002281219195620014030476
003281219195621012030396
008281219195621012100323
002281219195621012180287
006281219195622011000566
001281219195622012060005
002281219195623019010135
002281219195623013030584
003281219195624012030401
001281219195624015010800
008281219195624012100134
002281219195625014030088
006281219195626011000231
003281219195626012060312
001281219195626015010752
001281219195627012050147
002281219195627012130319
008281219195627012090396
001281219195628012060422
003281219195629012020392
002281219195629019060086
008281219195629012100358
002281219195630015030478
001281219195631012060383
006281219195631012180106
002281219195631014030088
003281219195632012030344
001281219195632012060416
008281219195632012090330
009281219195632012090291
003281219195634013010780
001281219195634012020322
002281219195634015030478
008281219195634012100327
006281219195635011000663
002281219195635014030174
003281219195637012020404
001281219195637012050309
008281219195637012100364
002281219195637014030478
006281219195638011000408
001281219195639015010796
003281219195639012020389
008281219195639012100322
002281219195640012150303
003281219195642012010387
001281219195642012060309
006281219195642014030096
008281219195642012070244
003281219195644012040373
001281219195644012030404
008281219195644012100201
002281219195644012130250
001281219195645013010755
002281219195645012150310
003281219195646012060389
006281219195647011000359
001281219195647012050348
003281219195647013010666
008281219195647012090393
002281219195647015030337
001281219195649014010068
002281219195649014030444
003281219195650013010735
001281219195650013010604
002281219195650014030250
008281219195650012090279
006281219195651011000408
008281219195651013020515
002281219195651014030279
003281219195652012030010
001281219195652012060259
001281219195653012010385
002281219195653012180158
003281219195654012040405
008281219195654012110458
001281219195655012040209
003281219195656015010751
001281219195656012010382
009281219195656012110486
002281219195656012150303
008281219195656012120470
002281219195656019050213
006281219195657011000663
001281219195657012010019
009281219195657015020660
003281219195658013010787
002281219195658014030489
001281219195659012060368
008281219195659012070440
001281219195700012020385
002281219195700019020273
008281219195701012120501
009281219195701012110486
002281219195701012180310
006281219195702011000408
003281219195702013010807
001281219195702015010717
009281219195702015020660
003281219195703012050238
002281219195703014030366
008281219195704012120482
009281219195704012120448
003281219195705012050123
001281219195705012010327
006281219195705011000408
002281219195705015030279
001281219195707012020405
002281219195707015030343
003281219195708012050085
008281219195708013020858
001281219195709012030266
002281219195709012130302
009281219195710012110489
002281219195710014030366
003281219195711012040478
001281219195711014010525
008281219195711012100403
002281219195712012130312
006281219195713012130091
001281219195713012020086
009281219195713012070439
003281219195714013010662
008281219195714012100418
002281219195714015030473
001281219195715015020563
001281219195716012020121
003281219195716012040353
002281219195716015030388
009281219195716012070286
002281219195717015030426
008281219195717012120499
009281219195718012120486
002281219195718015030476
003281219195719012010293
001281219195719015020469
006281219195719011000674
008281219195719012100307
003281219195720012010337
002281219195720015030461
009281219195720012100424
001281219195721015010785
008281219195721012100430
001281219195722012060378
009281219195722012120421
006281219195723011000710
009281219195723012120421
001281219195724012020324
003281219195724015010798
003281219195725012040437
008281219195725012110164
002281219195725015030458
009281219195725012090406
001281219195726014010580
002281219195726012180307
009281219195726015020013
006281219195727011000710
009281219195728012090388
008281219195728012090248
001281219195729012040458
003281219195729012030194
002281219195729012150260
006281219195731011000120
001281219195731015010802
009281219195731012100311
002281219195731015030187
003281219195732012030095
009281219195732012100311
006281219195733011000398
001281219195733015010795
009281219195733012120463
001281219195734012150311
003281219195735013010541
001281219195735012150311
001281219195735012020398
009281219195735012120395
002281219195735012180307
008281219195735012080419
009281219195737012070357
002281219195737015030468
003281219195738012060432
008281219195738012100334
001281219195739012020396
009281219195739015020664
003281219195740012020403
006281219195740015090611
009281219195740012120479
002281219195740015030458
001281219195741013010446
008281219195741012100380
003281219195742012020137
001281219195742012150311
001281219195742012040446
009281219195742012110406
002281219195742015030466
001281219195743012060415
003281219195744012050313
001281219195744012040403
009281219195744012110443
002281219195744012180159
008281219195744013020852
006281219195745015090616
001281219195746014010622
009281219195746012120414
002281219195746014030087
003281219195747013010724
008281219195747013020738
001281219195748014010621
009281219195748015020678
002281219195748012180272
002281219195749013030535
003281219195750012060398
001281219195750012010361
008281219195750012080457
002281219195751012140442
009281219195751012070450
002281219195752014030425
001281219195753012040446
009281219195753012080358
001281219195754012060007
002281219195754012180158
001281219195755013010677
009281219195755015020535
002281219195756014030390
001281219195757012050224
003281219195757013010653
009281219195758012100449
002281219195758012180276
008281219195758012090404
001281219195759012040479
003281219195759012040477
002281219195759014030425
001281219195801015010758
002281219195801014030454
009281219195801012100441
003281219195802013010767
002281219195802014030424
001281219195803012060403
006281219195803011000635
009281219195803015020624
008281219195803015020687
002281219195803013030603
003281219195805012060434
001281219195805012030352
002281219195805012130278
008281219195805012120368
006281219195806011000277
009281219195806015020640
001281219195807012030353
002281219195807014030424
003281219195808012030328
002281219195808012180276
002281219195808019110048
001281219195809013010347
008281219195809012120412
009281219195809012080430
001281219195810012050315
002281219195810015030451
009281219195810012080467
003281219195811013010758
008281219195811012100329
001281219195812014010539
003281219195812012040337
002281219195812012160275
001281219195813015010807
006281219195813019100071
002281219195813015030246
009281219195813015020623
003281219195814012060410
008281219195814012110442
001281219195815012010410
002281219195815015030371
006281219195816019100008
003281219195816013010739
009281219195816012100443
001281219195817012010419
002281219195817019110049
002281219195817015030475
003281219195818012060420
002281219195818015030451
001281219195819014010575
002281219195819015030244
009281219195819012090343
003281219195821013010331
001281219195821014010606
002281219195821019100028
002281219195821012140474
009281219195822012070331
001281219195823015010668
002281219195823012180206
001281219195825014010492
003281219195825015010791
001281219195826012030361
006281219195826011000699
002281219195826015030434
002281219195827012130014
006281219195828011000739
003281219195828012050366
002281219195828014030077
001281219195829014010537
003281219195830012040423
002281219195830013030550
001281219195831012010014
008281219195831012090035
003281219195832012020391
006281219195832011000276
001281219195833012010277
002281219195833013030550
006281219195834011000026
003281219195834013010770
009281219195834012070447
002281219195834015030438
001281219195836015010678
002281219195836015030389
001281219195837012030300
006281219195837011000573
009281219195837012090380
003281219195838012030390
002281219195838013030485
008281219195838012090035
006281219195840011000668
001281219195840012020348
003281219195840012030400
001281219195841012100385
001281219195841015010788
008281219195841012110421
009281219195841013020282
002281219195841014030438
003281219195842012010393
001281219195843015010797
006281219195843011000586
002281219195843012130242
009281219195843012120500
008281219195843012120196
003281219195844012010398
002281219195844019110013
006281219195845011000738
001281219195845013020881
002281219195845015030402
003281219195846012040382
008281219195846012090413
003281219195847013010646
001281219195847014010584
006281219195849011000574
003281219195849014010003
002281219195849015030402
001281219195850012050234
001281219195851012040465
003281219195851012010375
002281219195851012130284
003281219195852013010737
001281219195852015010632
006281219195852011000726
008281219195852012100432
001281219195853015010693
009281219195853012090405
002281219195853014030334
006281219195854014030087
003281219195854012050368
008281219195854012110353
001281219195855015010784
003281219195856012010375
009281219195856012090405
002281219195856014030381
001281219195857012010162
002281219195857012180171
003281219195858012020279
008281219195858012110087
003281219195859012020162
006281219195859011000041
001281219195859015010789
009281219195859013020822
008281219195900012080225
002281219195900015030101
003281219195901012030327
009281219195901012100432
001281219195902015010753
003281219195902013010454
002281219195902012170235
001281219195903014010208
006281219195903011000666
003281219195904012050353
001281219195904013010176
002281219195904012170258
008281219195904012100446
009281219195904012090399
003281219195905012050303
001281219195906014010444
006281219195906015090627
002281219195906015030410
003281219195907013010473
008281219195907012110223
009281219195907012120488
001281219195909012050285
003281219195909012040300
006281219195909011000737
008281219195909012100398
009281219195909012080453
001281219195910015010669
003281219195911013010799
002281219195911014030470
009281219195911015020577
001281219195912015010407
006281219195912015090617
009281219195912012090368
008281219195912012090333
001281219195913012040471
003281219195914012040293
002281219195914014030448
008281219195914012090333
009281219195914012090416
001281219195915013010011
006281219195916011000473
008281219195916012100223
006281219195917015090568
001281219195917015010683
002281219195917012130295
009281219195917012120489
006281219195919015090608
003281219195919012050204
002281219195919012130290
008281219195919012100431
009281219195919012120484
001281219195920012010400
003281219195920012050217
001281219195921015010615
008281219195921012070438
009281219195921012120477
003281219195922012050351
006281219195922011000169
001281219195923012050344
006281219195924015090608
001281219195924015010781
008281219195924012120434
001281219195925015010774
006281219195925015090632
002281219195925019110014
002281219195925014030470
009281219195925012090150
008281219195925012070358
003281219195926012040452
001281219195926013010479
009281219195927012090220
001281219195928012050213
006281219195928015090579
008281219195928012120199
003281219195929019110043
001281219195929015010682
009281219195929015020580
002281219195930014030470
008281219195930012110455
006281219195931011000739
001281219195931014010573
002281219195931012160134
009281219195931015020668
008281219195931012110455
006281219195932011000706
001281219195932014010510
003281219195933015010716
002281219195933014030325
008281219195933012100442
001281219195934015010804
009281219195934015020029
006281219195935015090632
002281219195935012130075
001281219195936013010358
009281219195936012090410
008281219195936012100436
009281219195937012090410
002281219195937012170265
006281219195938011000498
003281219195938012060384
001281219195939014010338
008281219195939012090256
002281219195939012180284
001281219195941014010623
003281219195941013010009
009281219195941012090379
008281219195942012090339
001281219195943014010563
008281219195943012070452
009281219195943012080266
002281219195943012140445
003281219195944014010316
002281219195944014030150
001281219195945013010199
002281219195945012170299
006281219195946015090629
003281219195946012030387
002281219195946014030150
008281219195946012080466
009281219195946012080470
002281219195946019040009
001281219195947014010627
006281219195948015090616
002281219195948012160302
001281219195949014010424
003281219195949014010241
002281219195949015030459
008281219195949012070451
002281219195950012170299
009281219195950015020541
001281219195951012030304
006281219195951011000654
008281219195951012080463
002281219195951019070038
006281219195952011000398
003281219195952013010803
002281219195952015030477
001281219195953015010692
002281219195953014030365
008281219195953012080375
001281219195954014010053
006281219195955011000677
002281219195955012140462
008281219195955012100428
001281219195956015010129
002281219195956019050242
009281219195956015020568
003281219195957013010788
006281219195957011000440
002281219195957014030448
001281219195958014010267
002281219195959014030399
008281219195959012090417
009281219195959015020671
006281219200001011000001
002281219200001012160291
001281219200002014010604
003281219200002013010702
009281219200002012090351
002281219200003012150135
006281219200004011000086
002281219200004014030418
008281219200004014020623
009281219200004015020502
003281219200005012010173
001281219200005012010364
002281219200006019100008
002281219200006013030518
006281219200007011000735
001281219200007014010524
002281219200007014030031
009281219200007013020882
008281219200007012080452
003281219200008012040414
001281219200009014010626
002281219200009015030466
008281219200009012090272
003281219200010012040444
006281219200010011000422
009281219200010013020882
001281219200011014010603
002281219200011012180312
008281219200011012100350
009281219200011015020545
003281219200012012040454
001281219200013014010607
006281219200013011000627
009281219200013015020677
002281219200013019050228
006281219200014011000422
002281219200014012130338
008281219200014012070403
003281219200016015010596
001281219200016015010787
006281219200016019100032
002281219200016014030484
009281219200016012120487
008281219200016015020386
001281219200017012050334
002281219200017012150250
006281219200019011000627
008281219200019012100445
002281219200019012170054
009281219200019012090423
003281219200020012010422
001281219200021015010793
008281219200021012100429
009281219200021012090407
001281219200022014010295
006281219200022011000640
002281219200022012180312
003281219200023013010365
008281219200023012110464
001281219200024015010790
009281219200024012110375
008281219200024012110427
006281219200025011000051
002281219200025012150299
002281219200026012170267
008281219200026012080380
001281219200027013020881
003281219200028012030317
006281219200028011000640
001281219200029012060349
002281219200029012160243
008281219200030013020813
002281219200030014030416
006281219200031015090580
001281219200032014010625
003281219200032013010794
008281219200033012100047
002281219200033012130280
001281219200034012040222
002281219200034019100002
003281219200035013010284
006281219200035011000736
002281219200035012170054
008281219200036012070382
001281219200037012050183
006281219200038015090628
002281219200038012130263
003281219200039013010542
008281219200039012080267
001281219200040014010578
006281219200041012140043
008281219200041012080163
002281219200041019100072
002281219200041012180312
003281219200042013010294
006281219200042012160012
001281219200043014010613
002281219200044013030071
008281219200044013020702
002281219200044019050237
001281219200045014010526
002281219200045012170073
003281219200046012010405
002281219200046015030443
003281219200047012050354
006281219200047012160085
001281219200048014010605
002281219200048012160143
001281219200049012050358
003281219200050014010436
002281219200050012160296
001281219200051014010457
002281219200051012140461
006281219200052015090633
002281219200053012160296
001281219200054015010473
002281219200054012130267
006281219200055011000694
002281219200056012160296
006281219200057011000601
002281219200058012160272
002281219200059015030457
006281219200102011000263
002281219200102012150241
003281219200103012010413
002281219200104012160282
006281219200105011000263
008281219200105012090411
002281219200106012160285
006281219200108015090621
002281219200108012130314
002281219200109012140457
008281219200109012080424
003281219200110013010651
002281219200110019050205
006281219200111015090621
002281219200111012160282
001281219200112014010581
002281219200112012130254
003281219200113013010522
006281219200114011000692
001281219200114012030402
008281219200114012120256
002281219200114012160163
003281219200116012040429
002281219200116012130254
001281219200117012020013
002281219200118015030423
006281219200119011000258
008281219200120012120256
002281219200121015030262
008281219200123012080469
009281219200123015020639
001281219200125012030329
002281219200125012130270
009281219200127012120415
008281219200128012090350
002281219200128012130270
002281219200130012130334
001281219200131012020285
008281219200131012090335
008281219200134012080360
009281219200136012100450
008281219200138015020680
003281219200141012030230
001281219200141012040367
002281219200141012170146
008281219200142013020706
002281219200143012170295
008281219200145013020753
002281219200145012170222
008281219200148012110297
002281219200150012130317
008281219200151012090402
002281219200152012160230
001281219200153014010157
003281219200154012040459
002281219200154012140405
003281219200156012040469
001281219200158012020008
002281219200159012150190
001281219200201012020269
002281219200202012140405
002281219200202019050152
001281219200204014010614
006281219200205011000078
001281219200206012030242
001281219200208012020344
002281219200208012160307
006281219200210019100018
002281219200210012150190
001281219200211012010292
009281219200211015020654
002281219200212012140405
009281219200212015020654
008281219200212012120402
009281219200216012110481
002281219200217012150226
008281219200218012080429
002281219200219019020275
002281219200219013030596
002281219200221012160312
003281219200222012030351
002281219200222012160190
008281219200222012080189
002281219200223012140086
002281219200226012130317
008281219200227015020451
002281219200227012130335
002281219200229012140086
001281219200230015010721
008281219200230012100451
009281219200231012080123
002281219200231012130335
003281219200233012050365
002281219200233019110002
002281219200233013030562
001281219200234012030356
009281219200234012080078
002281219200235012170228
001281219200236015010550
002281219200237012140444
001281219200239012010340
002281219200240012130345
001281219200241015030112
003281219200242012030377
002281219200242012130165
002281219200243012150304
002281219200245012170194
008281219200245012100394
002281219200247012150069
001281219200248012010010
002281219200249012160271
001281219200251019020282
001281219200251014010452
002281219200251012130322
001281219200253012030356
002281219200253012180278
002281219200255012140460
001281219200256012140149
002281219200258015030469
002281219200300014030437
002281219200301012170217
002281219200306012160301
008281219200306013020721
002281219200308012170297
002281219200310012180251
008281219200310012080454
002281219200312012160104
008281219200313012080413
002281219200314012160087
002281219200315015030306
009281219200315012100252
002281219200316012180266
008281219200317015020680
002281219200318012170286
002281219200319015030368
003281219200320012030366
002281219200321012170286
002281219200322015030437
002281219200324012170207
002281219200325012160088
002281219200329012160222
002281219200331012140088
002281219200333012140470
002281219200335015030306
002281219200337012140088
002281219200340012130214
002281219200341012170298
002281219200344012170178
002281219200346013030641
002281219200346019100018
002281219200349012170195
002281219200352014030056
002281219200353012150294
001281219200355012060369
002281219200355012180253
002281219200356019020363
002281219200357012150290
002281219200400013030498
002281219200401019020372
002281219200402012150315
002281219200404013030590
002281219200407012180252
002281219200408012180185
002281219200410012140443
002281219200411015030356
002281219200413012170303
001281219200415015010808
002281219200417012170266
002281219200419015030168
002281219200426012140456
001281219200427012050129
003281219200429015010610
002281219200429012170287
009281219200429015020022
002281219200431015030465
002281219200434012170144
002281219200434019110037
002281219200437012170292
002281219200440014030393
002281219200442015030470
001281219200444015030106
002281219200444012170271
002281219200446012150249
001281219200447015030106
002281219200449014030356
001281219200456019020373
002281219200457012160075
002281219200459019020394
002281219200500015030351
002281219200503012140469
002281219200506015030444
002281219200508012170077
002281219200508019020377
002281219200511012180260
002281219200513012160224
002281219200515012150102
002281219200517012180257
002281219200520012140468
001281219200523019020402
002281219200523012140447
002281219200526015030362
002281219200528012130337
002281219200531013030597
002281219200535019070014
009281219200536012120490
002281219200540012160224
002281219200542012150270
002281219200546012140468
006281219200547012160075
002281219200548019020379
002281219200551013030597
002281219200558019050245
002281219200603019020260
003281219200611012050357
003281219200614012050363
003281219200618012050364
001281219200630012040433
001281219200635019020340
002281219200725019020353
002281219200727019020326
001281219200740014010608
002281219200740019020398
002281219200741012170264
002281219200743013030636
001281219200746019020340
002281219200750019020349
002281219200757019020349
002281219200801019020079
001281219200901019060076
008281219200921012080366
009281219200929012080366
002281219200936019020378
009281219201009014020592
002281219201014019020335
002281219201041019050247
001281219201109019060076
002281219201127019060120
001281219201134019020373
002281219201158019020103
002281219201209019060122
002281219201329019020403
002281219201332019020393
002281219201449019020373
002281219201629019050084
002281219201747019060107
002281219201752019060123
002281219201756019060119
002281219201950019070031
002281219202017019020211
002281219202020019020212
002281219202107019020180
002281219202109019020382
002281219202122019020333
002281219202124019020382
002281219202126019020327
002281219202301019020313
002281219202307019020231
002281219202313019020401
002281219202319019020401
002281219202327019070001
002281219202332019020186
002281219202837019030049
002281219202909019020399
002281219202956019020263
001281219203603016010120
001281219203614016010024
002281219203642019020323
002281219204132019010134
002281219204848019060001
009281219205945012070443
008281219205950012070193
009281219205957012080373
009281219205958012080373
009281219210005012070407
009281219210006015020638
009281219210040012070427
009281219210047012070392
009281219210058012070148
002281219210158019060124
009281219210200012070428
009281219210202015020646
008281219210204012070432
002281219210207019060125
002281219210607019020346
002281219210614019060097
002281219210620019050112
002281219210833019030022
002281219210837019060101
002281219210842019010087
002291219071105019030049
002291219071137019010124
001291219071531016010120
001291219071538016010081
001291219071600016010121
001291219071610016010098
001291219071611016010098
001291219071628016010045
001291219071636016010119
001291219071643016010130
002291219071653016000090
001291219071654019030046
001291219071731016010056
002291219071736019010116
001291219071856016010090
002291219072002019040015
001291219072034016010095
001291219072143016010071
001291219072147016010105
001291219072326016010079
009291219072348016010129
001291219072349016010125
001291219072419016010048
001291219072423016010122
001291219072559016010050
002291219072607019030001
001291219072611016010110
002291219072613019060086
006291219072615013020543
001291219072615016010132
002291219072658014030055
001291219072705016010131
001291219072709016010124
001291219072715016010106
001291219072735016010084
001291219072752016010080
002291219072756015030444
002291219072800015030444
001291219072814016010032
001291219072902016010024
001291219072937016010073
001291219072949016010100
001291219072953016000152
002291219073000019020402
001291219073002019010125
001291219073008016010077
001291219073013012060369
002291219073027019110027
002291219073035014030374
006291219073039011000051
003291219073105012050225
001291219073112016010082
002291219073113019020083
002291219073137014030421
002291219073139019020399
002291219073237013030624
002291219073306019060123
002291219073307019060123
003291219073514013010771
006291219073611011000675
002291219073613019020061
002291219073616013030466
002291219073630013030625
002291219073637015030473
002291219073640015030476
002291219073655019100046
006291219073657011000491
009291219073702013020255
002291219073714019030045
002291219073721012160275
003291219073724012050363
002291219073728019050188
002291219073729012130297
009291219073736014020451
002291219073739019010087
003291219073745013010672
002291219073746019020401
009291219073754013020849
001291219073801016010127
003291219073814014010565
006291219073819011000165
006291219073822011000165
003291219073838013010365
002291219073849019050216
003291219073859012030335
001291219073900015010001
002291219073900019020393
003291219073905012060396
003291219073908012030349
002291219073921019020231
001291219073937016000073
002291219073940013030546
006291219073941013010009
009291219073942014020588
002291219073951019060114
001291219073957018010054
003291219074004012010019
003291219074008012040466
002291219074026012160163
003291219074034013010758
009291219074042013020532
003291219074044012060384
002291219074048019060095
002291219074102012150190
009291219074106015020635
002291219074114019100032
006291219074118015090568
002291219074120019050094
009291219074123012110482
009291219074133013020438
002291219074135019060101
003291219074139012040293
009291219074151012120489
006291219074204011000692
003291219074205013010800
002291219074205019020374
001291219074213012010410
006291219074228012160021
003291219074233012060007
006291219074236015090579
006291219074240011000729
006291219074243011000359
003291219074244014010625
008291219074244013020683
002291219074245019100070
001291219074249012050331
001291219074252013010479
008291219074253012110437
001291219074257012020333
002291219074257012170279
002291219074259019020211
002291219074300012170178
003291219074302012050364
008291219074304014020501
002291219074304013030386
001291219074305013030157
001291219074308014010625
002291219074312019050228
006291219074315013010014
002291219074317019020180
006291219074319013010001
002291219074321019020318
001291219074323015010737
001291219074327012060405
003291219074332013010759
002291219074332012160136
002291219074337019060103
008291219074338013020844
002291219074341012140462
008291219074341013020606
002291219074343012150249
001291219074346012040438
009291219074347012070148
001291219074350012040433
009291219074350015020660
006291219074355011000594
003291219074357012020121
006291219074401011000730
003291219074404013010677
002291219074405012160075
006291219074410019100066
006291219074418011000078
002291219074419019050084
009291219074420012090372
003291219074421012060426
008291219074422014020562
008291219074424012090372
002291219074425019100039
002291219074426012170219
002291219074427019100039
002291219074429012180299
003291219074430013010768
002291219074432013030509
002291219074433019040001
002291219074434015030465
002291219074436012130312
001291219074437015010797
009291219074437015020687
008291219074438012070429
002291219074440012140457
002291219074441019010135
009291219074443013020864
009291219074446015020640
002291219074449014030404
008291219074450012080189
002291219074452013030565
003291219074501013010601
002291219074505019010136
003291219074507012050368
002291219074507012130214
009291219074511012070437
002291219074511019010136
006291219074513011000388
002291219074514015030343
006291219074516011000388
001291219074516014010584
003291219074517013010505
009291219074518012080343
006291219074519011000388
003291219074519013010007
001291219074520013010358
009291219074520013020818
003291219074522012050303
009291219074523014020567
008291219074523012110454
006291219074525011000388
009291219074526012100434
001291219074527015010632
002291219074527019020383
006291219074528011000388
003291219074530012030276
001291219074530012030350
009291219074530012070435
008291219074530015020658
001291219074533013010011
002291219074533019020403
002291219074534012130339
008291219074536015020029
008291219074538012070414
003291219074539015010798
001291219074539014010581
009291219074539012100311
008291219074542012120500
003291219074545012040192
001291219074551012010419
002291219074552019050235
003291219074555012010426
002291219074557013030516
006291219074559011000740
008291219074600013020824
002291219074600013030629
001291219074603016010123
008291219074603012100429
001291219074607013010755
003291219074608012030387
002291219074608012160313
002291219074611012180046
008291219074611012090330
006291219074613011000086
003291219074615014010606
001291219074616012040444
003291219074617012030402
002291219074618013030545
006291219074620013010321
003291219074620013010347
008291219074621012070010
002291219074621012150135
003291219074622012010173
002291219074623019020313
008291219074627012100394
002291219074630012170292
003291219074631013010522
002291219074634019030048
009291219074637013020692
009291219074640013020703
003291219074641012040414
002291219074643014030426
008291219074645012110427
002291219074647013030627
009291219074647013020832
008291219074648012080375
002291219074649019100063
002291219074649012150283
008291219074650012080350
001291219074653016000008
001291219074653015010692
002291219074653014030239
008291219074654013020755
001291219074656014010620
008291219074656012110353
002291219074657013030379
002291219074658019050091
008291219074659013020745
008291219074701012070445
002291219074703019010119
009291219074704015020647
002291219074705012150312
002291219074709012130343
002291219074714012170305
009291219074715014020635
003291219074716012030351
002291219074716019050026
008291219074716013020873
003291219074719013010199
002291219074720019070031
009291219074722013020855
002291219074724019110002
003291219074728012020388
002291219074728013030075
008291219074728012090404
006291219074729011000573
008291219074731012090248
003291219074732012030372
008291219074733015020679
006291219074734011000683
002291219074734012130250
003291219074735012050204
006291219074738011000737
008291219074738012100006
006291219074743015090627
001291219074743014010618
002291219074743019110014
009291219074744012120491
008291219074746013020821
006291219074747011000651
001291219074752015010758
009291219074752012080467
006291219074753011000445
002291219074753013030346
003291219074756013010695
008291219074757012110297
009291219074757012120484
003291219074800012040473
002291219074801019110005
002291219074802014030305
008291219074803015020671
006291219074805011000666
002291219074805012160134
001291219074808013020180
002291219074808014030489
009291219074808012100432
006291219074810011000388
002291219074811012160282
008291219074812013020858
006291219074813011000388
009291219074813012090405
003291219074816014010537
009291219074816012090405
008291219074817013020823
006291219074818011000388
003291219074819013010806
001291219074820012020324
008291219074820012120425
009291219074820013020831
006291219074821013020240
002291219074823019070014
009291219074823012070448
003291219074825014010537
008291219074825013020758
009291219074826015020535
003291219074828013010788
006291219074828011000388
001291219074829016000062
002291219074829019020353
008291219074829013020878
001291219074830013010176
003291219074833013010550
002291219074834012180171
008291219074834014020523
002291219074836012140474
003291219074837012040478
001291219074839014010614
002291219074842012140445
001291219074843012030242
003291219074843012050351
001291219074843016000163
002291219074844012130341
001291219074846014010558
006291219074846011000717
003291219074846012050315
001291219074847016000163
002291219074847012170144
008291219074847012100323
003291219074848012050313
002291219074848019060120
001291219074850016000163
008291219074850013020793
002291219074851013030246
002291219074851019020301
003291219074852012010309
001291219074852012030356
002291219074854012160259
001291219074855014010619
008291219074856012090344
002291219074856014030290
006291219074857014030174
002291219074858015030246
008291219074858012090302
006291219074900011000699
003291219074901013010567
008291219074901012100442
002291219074903012150274
001291219074904012040458
008291219074904013020879
009291219074905013020862
002291219074905015030443
002291219074908012180251
002291219074909012140442
008291219074910012120242
006291219074911011000718
008291219074913012100411
006291219074915013030188
003291219074916012010364
008291219074916012100334
002291219074917019040024
003291219074920012020402
008291219074920012080220
002291219074920012180276
006291219074921013030084
009291219074922012110496
008291219074923013020723
002291219074923013030498
003291219074924013010732
001291219074925015010787
006291219074926011000490
008291219074926015020657
003291219074927013010795
009291219074927013020884
001291219074928014010424
008291219074929012100312
001291219074930014010201
008291219074931012100257
003291219074932014010627
002291219074932012150091
001291219074933014010563
001291219074934012020228
003291219074934012060364
006291219074935014010053
002291219074935012170257
008291219074935013020562
001291219074938012050308
009291219074938015010696
002291219074938019010132
002291219074938014030334
006291219074940014010241
001291219074940014010621
002291219074941013030646
002291219074943012180252
009291219074943013020188
006291219074946011000663
002291219074946012180252
008291219074946013020542
003291219074947013010772
002291219074947015030434
008291219074949012070344
002291219074950015030445
006291219074951011000736
002291219074952013030638
003291219074953012030304
002291219074954013030634
006291219074955011000710
003291219074956012060434
002291219074956019020363
001291219074957015010669
009291219074957012110143
008291219074957013020877
006291219074958011000258
009291219075000012110412
003291219075001012040469
008291219075001012110400
006291219075002011000498
008291219075003012110474
003291219075004013010651
001291219075005012050344
006291219075005012010292
002291219075005012150318
008291219075006012100423
002291219075008013030592
001291219075009012050213
006291219075009015090580
002291219075009012140434
008291219075009012110466
003291219075010012040423
006291219075011013030176
001291219075014016000168
006291219075015013030003
003291219075015013010624
001291219075016016000168
002291219075016014030077
009291219075016015020676
001291219075017012010409
001291219075018012050279
001291219075019013010688
006291219075019011000026
001291219075021013010762
002291219075021013030448
006291219075023012120199
001291219075023012040461
003291219075024013010426
002291219075024012140167
001291219075025012040462
009291219075025012070449
006291219075027011000065
009291219075027012080408
002291219075027013030339
001291219075028014010570
003291219075028013010770
008291219075028012080457
002291219075029013030641
001291219075030012030397
006291219075031011000343
001291219075031012020366
008291219075032012080135
002291219075033012150196
006291219075034011000687
008291219075034015020677
002291219075035019050243
006291219075037011000715
008291219075037012120482
003291219075039012030342
006291219075039011000724
001291219075039014010592
002291219075039012180158
008291219075039015020545
003291219075041013010577
008291219075041012110151
006291219075042011000715
009291219075043012070244
006291219075044011000595
003291219075044012060427
008291219075044012110494
006291219075045012040209
008291219075047014020486
006291219075048011000727
003291219075048015010751
002291219075048019100018
001291219075049016000101
008291219075049013020387
002291219075050019100018
001291219075051016000101
006291219075051013020412
002291219075051019050164
003291219075052012030036
001291219075052015010788
008291219075052012100134
006291219075053011000713
003291219075054012020008
008291219075054015020469
006291219075056011000120
008291219075057015020680
002291219075057019050112
006291219075059011000713
002291219075059012160291
008291219075059015020686
002291219075102019020007
002291219075102012160224
008291219075102012090256
002291219075104019050220
002291219075104012170293
006291219075105012070006
002291219075105013030440
008291219075106012080396
009291219075106012120487
006291219075108015090611
003291219075108012020344
002291219075109014030342
008291219075109012120412
001291219075111019020282
009291219075111012100450
001291219075112012010376
002291219075112013030443
009291219075113012080453
003291219075114012030377
002291219075114014030325
002291219075115012140435
001291219075116012030404
009291219075116012070407
003291219075117015010792
001291219075118013010712
002291219075118019110050
002291219075118012170195
001291219075120015010781
009291219075120013020868
002291219075120013030644
008291219075121012090333
009291219075121013020868
001291219075122013020226
002291219075122012140472
006291219075123011000677
001291219075123014010622
002291219075124014030482
001291219075125013010716
003291219075125013010580
009291219075125012110424
001291219075127012010340
008291219075127012110410
002291219075127012160287
006291219075128011000681
002291219075128012130333
001291219075129014010600
003291219075130012040447
008291219075130012090339
002291219075130012170290
001291219075131014010316
006291219075133013010151
002291219075133014030366
009291219075133015020639
008291219075134014020525
001291219075135012040410
002291219075135013030518
006291219075136015090621
002291219075136013030412
008291219075137013020644
009291219075137015020652
006291219075139013020581
002291219075139012180157
001291219075140012020383
003291219075140013010693
008291219075140013020411
002291219075140013030482
009291219075141015020675
008291219075142013020685
002291219075142013030655
003291219075143012050345
009291219075144019050244
006291219075145011000408
002291219075145013030398
008291219075145012080284
002291219075146019110048
006291219075148011000203
002291219075148015030337
009291219075149015020604
008291219075150012120473
006291219075151011000408
009291219075152014020608
003291219075153013010454
008291219075153012080452
002291219075154012130319
006291219075155011000262
002291219075155019100002
008291219075155012110416
001291219075156012020285
002291219075156012170146
008291219075157012110416
009291219075157015020667
001291219075159012050217
006291219075159011000473
002291219075159019020398
002291219075159012160285
009291219075200014020007
001291219075202014010493
003291219075203012020086
001291219075204013010797
002291219075205014030159
001291219075207012020405
002291219075207015030410
001291219075208014010011
008291219075208015020502
009291219075209013020460
006291219075211011000598
003291219075214012020400
009291219075214012080123
001291219075215012010341
008291219075215012100284
009291219075216014020593
002291219075216012140429
003291219075217012040445
001291219075217015010693
006291219075217011000598
008291219075217014020632
009291219075219012110377
008291219075219012100318
001291219075220013010023
006291219075221011000722
003291219075222013010794
001291219075222014010571
009291219075222012090267
008291219075222012120501
006291219075223012160114
002291219075223013030571
008291219075225012120377
009291219075225012080431
001291219075226015100557
006291219075226016010086
003291219075226012040453
009291219075228012080462
008291219075228012120434
006291219075229011000568
003291219075229012040465
002291219075229012130288
003291219075230012060410
008291219075231012110455
009291219075231012070444
002291219075231013030507
006291219075232015090608
001291219075232013010734
002291219075232019050225
008291219075233012070452
002291219075234012170193
006291219075235015090608
003291219075235013010787
002291219075235019020373
003291219075237015010668
002291219075237012130290
008291219075237012070193
002291219075239012150270
003291219075240013010646
006291219075240012050028
009291219075241013020017
003291219075242014010603
002291219075242012180271
001291219075243014010460
009291219075243012080383
001291219075244014010440
008291219075244012070384
002291219075244015030368
003291219075245012020288
006291219075245012110164
002291219075245019060084
002291219075246012150128
009291219075246012120490
002291219075247013030382
009291219075247013020778
001291219075248015010802
003291219075248013010541
008291219075248012070441
001291219075249014010157
006291219075249011000735
009291219075250012080267
002291219075250012150303
002291219075250019020103
003291219075251012050254
003291219075252015010687
006291219075252011000735
008291219075252012110446
009291219075252014020092
002291219075252015030441
006291219075254019100068
008291219075254012080456
003291219075255013010520
001291219075255015010682
002291219075255014030475
008291219075257015020655
009291219075257014020351
006291219075258011000741
003291219075258012050310
002291219075258012130327
002291219075259019050148
009291219075300013020866
003291219075301012010387
002291219075301012130263
008291219075301012100201
006291219075302012170077
002291219075303019100028
002291219075303012170311
008291219075303013020701
003291219075304013010529
006291219075305011000682
001291219075305015010796
008291219075305013020766
003291219075306013010724
001291219075307012040403
002291219075308012160271
008291219075308012080463
002291219075308019050195
003291219075309015010678
009291219075309012120479
006291219075310011000640
003291219075310012030399
008291219075310013020848
002291219075310013030349
003291219075311012040459
009291219075312012070331
002291219075312019060107
002291219075313012140088
008291219075313012110484
006291219075314011000231
009291219075314012120476
002291219075314019020392
002291219075315015030458
003291219075316013010785
008291219075316014020511
003291219075317012060359
009291219075317012070286
002291219075317013030504
006291219075318011000686
002291219075318012160215
003291219075319012030261
009291219075319012090375
001291219075320018010048
009291219075320012090375
001291219075321013010021
001291219075321012020352
002291219075321019020263
002291219075321012180284
006291219075322012170077
008291219075322015020646
009291219075322012110481
003291219075323013010606
001291219075323014010599
006291219075324015090618
002291219075324012150073
009291219075325012110178
006291219075326012020340
001291219075326012020385
009291219075327015020654
002291219075327015030469
001291219075328014010573
008291219075328013020835
009291219075329019020387
009291219075330013020797
002291219075330012170258
003291219075331014010452
002291219075331019100061
008291219075331012100322
006291219075332013010270
001291219075332012040425
008291219075333012100218
009291219075333012100416
006291219075336012110087
009291219075336013020763
002291219075336013030356
008291219075336013020850
002291219075337019020149
001291219075338015030112
009291219075338012100224
009291219075339012100224
008291219075339012070428
002291219075341019050242
009291219075341015020577
008291219075341012080163
003291219075342012040376
002291219075343012180277
006291219075344015090632
008291219075344012090383
003291219075345012040337
001291219075346014010578
002291219075346013030348
008291219075346012090345
003291219075347013010776
006291219075347011000739
002291219075347019020404
001291219075348012040405
003291219075348012050123
002291219075348013030576
009291219075349013020833
006291219075350011000731
002291219075350012170265
008291219075350012080419
003291219075351012020368
002291219075351019100013
001291219075352015010129
009291219075352012110488
008291219075352012100398
006291219075353012080131
003291219075353012030403
002291219075353012140422
008291219075354014020626
001291219075355015010763
009291219075355013020820
003291219075356012050266
006291219075357011000041
003291219075357012060379
008291219075357012120493
002291219075357013030606
001291219075359012040479
003291219075400013010662
001291219075400012050224
009291219075400012080078
006291219075401015090617
003291219075401012050307
008291219075401014020563
009291219075402014020416
003291219075403012060421
008291219075403012090335
006291219075404011000694
003291219075405012060166
001291219075405012060407
002291219075405012160243
001291219075406012040446
009291219075406014020636
006291219075407012180106
003291219075407012030366
002291219075407012140453
002291219075408012140389
009291219075408014020592
008291219075408012080466
001291219075409012060349
003291219075409013010737
002291219075410012140379
003291219075411012030355
006291219075411012020137
008291219075411012070382
001291219075412012040354
002291219075412013030648
006291219075413011000706
001291219075413018010047
008291219075413012090394
009291219075413015020591
001291219075414013010798
003291219075415012040353
009291219075415014020426
001291219075416012030376
002291219075416013030606
008291219075416012100418
003291219075417012040382
001291219075418012030368
009291219075418015020663
002291219075418014030100
006291219075419015090628
001291219075419016000126
008291219075419012110491
001291219075420013010446
003291219075421012020348
001291219075421016000126
009291219075421014020411
002291219075421015030371
001291219075422012080448
002291219075422012180258
008291219075422013020874
003291219075423012020396
001291219075424014010502
002291219075424012150314
002291219075424019060001
009291219075424012110483
006291219075425011000566
008291219075425014020611
003291219075426012030405
001291219075426014010033
002291219075426013030496
002291219075427014030449
003291219075428014010623
001291219075428014010605
002291219075428019050246
008291219075428014020618
006291219075429011000632
002291219075429012140465
006291219075430011000276
003291219075430012040373
001291219075431013010700
008291219075431012100327
002291219075431015030424
003291219075432014010626
001291219075433012010355
002291219075433012170019
006291219075434015090629
002291219075434019110037
008291219075434012070387
002291219075434014030250
001291219075435016000167
002291219075435013030264
001291219075436014010524
003291219075436012040452
008291219075436012070264
006291219075437011000586
002291219075437014030375
009291219075438013020822
003291219075439015010716
006291219075439015090620
002291219075439019050247
008291219075439012090424
002291219075439012160310
009291219075440014020636
001291219075441014010613
003291219075441012050009
006291219075441011000283
002291219075441014030424
006291219075442012020037
003291219075443014010539
001291219075443012040346
002291219075443016000144
009291219075443012120494
008291219075443012100431
002291219075443019050171
003291219075445012060229
001291219075445013010549
002291219075445012140446
003291219075446014010208
006291219075446011000564
008291219075446012080447
002291219075446019060122
009291219075446013020808
001291219075447015010753
001291219075447015100546
002291219075447016000123
006291219075449011000601
003291219075449012030390
002291219075449013030372
008291219075449013020795
009291219075449014020512
001291219075450012080458
009291219075450014020512
003291219075451012010375
006291219075451011000574
009291219075451012080464
002291219075451012140388
001291219075452015010804
002291219075452019050245
008291219075452013020753
003291219075454012060437
009291219075454012090423
006291219075455013020397
002291219075455015030423
008291219075455013020536
002291219075455019040035
003291219075456012060374
006291219075456011000678
009291219075456012070439
001291219075457018010072
008291219075457014020540
002291219075457019020275
006291219075458012110223
009291219075458013020867
003291219075459015010615
002291219075459019010008
002291219075459012160088
001291219075500015030454
008291219075500013020468
003291219075501013010575
006291219075501110000743
009291219075501015020688
002291219075502014030356
003291219075503012020381
002291219075503019020382
002291219075503013030622
009291219075503015020013
006291219075504011000700
003291219075505012040222
009291219075505012070447
002291219075505015030262
008291219075506012120256
001291219075507014010617
003291219075507012040454
006291219075507011000670
002291219075507019050238
002291219075507015030467
009291219075507012080358
001291219075509015010793
006291219075509011000517
009291219075509013020640
001291219075510018010059
001291219075510014010604
008291219075510012080459
002291219075510019020323
002291219075510013030538
006291219075511011000725
003291219075511012010329
009291219075511012110443
008291219075511012120368
001291219075512012060372
002291219075512013030240
003291219075513012060414
001291219075513018010059
002291219075513012180185
008291219075513012100405
006291219075514013020068
009291219075514012100424
003291219075515012050356
001291219075515013010747
002291219075515012160253
001291219075516012040426
009291219075516014020394
008291219075516012110442
002291219075516019020394
006291219075517012130223
002291219075517012150307
001291219075518012040411
003291219075518012030386
008291219075518014020574
002291219075519015030478
009291219075519013020882
001291219075520014010538
006291219075520011000639
003291219075520012030401
008291219075520012110487
002291219075520019030022
002291219075520013030563
009291219075520012110486
003291219075522012010247
001291219075522014010432
009291219075522014020435
008291219075522013020574
002291219075522014030021
006291219075523011000728
001291219075523012020111
001291219075523019030050
006291219075524012130120
002291219075524013030558
002291219075524019050237
003291219075525015010610
002291219075525015030438
009291219075525012100441
008291219075525012120461
006291219075527011000668
001291219075527012010011
008291219075527013020882
006291219075528014030109
003291219075528012050366
002291219075528013030633
001291219075529019020340
008291219075529012120470
003291219075530013010682
001291219075530014010596
002291219075530012130165
001291219075531012030266
006291219075531011000643
002291219075531019060097
002291219075531014030440
003291219075532013010473
001291219075532014010535
009291219075532014020493
008291219075532013020812
002291219075533012150294
001291219075534019110051
008291219075534014020594
002291219075534019020150
003291219075535012020404
006291219075535012050129
009291219075535015020620
002291219075535013030642
001291219075536014010580
008291219075536013020769
001291219075537015010473
006291219075537012060015
001291219075537018010066
009291219075537012100347
003291219075538013010190
002291219075538019050239
001291219075539012030352
002291219075539014030279
008291219075539012080454
006291219075540012140043
003291219075540013010413
008291219075540012120499
009291219075540012120440
001291219075541012050309
002291219075541012130279
003291219075542012060221
001291219075543018010071
002291219075543013030535
009291219075543012090343
008291219075543013020825
001291219075544012050179
003291219075544014010338
009291219075544015020669
002291219075545014030226
001291219075546015010683
003291219075546012010393
008291219075546013020749
006291219075547012020013
002291219075547019100072
002291219075547014030031
001291219075548012040417
001291219075548016000139
008291219075548014020589
009291219075548014020633
003291219075549012060356
001291219075550016000139
003291219075550013010284
002291219075550012150226
009291219075550015020669
006291219075551011000525
001291219075551014010357
001291219075551016000157
002291219075551012150287
008291219075551014020623
003291219075552014010607
009291219075552015020669
001291219075553013010804
009291219075553014020571
001291219075554016000025
001291219075554012040355
008291219075554013020851
002291219075554012130338
003291219075555012050311
001291219075555014010615
002291219075555012170073
009291219075555014020231
001291219075556016000025
001291219075557012010162
002291219075557019050217
002291219075557013030639
003291219075558013010714
009291219075558013020841
008291219075558014020622
001291219075559014010267
001291219075559016000003
002291219075559014030331
008291219075559014020625
003291219075600012030256
002291219075600019020333
001291219075601016000003
009291219075601013020504
002291219075601014030490
001291219075602012010277
003291219075602015010794
002291219075602012140463
008291219075602015020668
001291219075603014010510
002291219075603013030484
001291219075604016000088
006291219075604012170053
008291219075604012100364
009291219075604014020542
003291219075605012060420
002291219075605013030631
003291219075606012010425
009291219075606015020674
001291219075607015100560
002291219075607013030618
003291219075608015010721
008291219075608012100446
001291219075609014010250
002291219075609014030438
001291219075610015020500
008291219075610013020767
009291219075610014020524
001291219075611012060360
003291219075611014010492
002291219075611012150170
009291219075611012090406
001291219075612012040468
002291219075612019020286
001291219075613013010213
002291219075613012180307
008291219075613012090417
003291219075614012040397
006291219075614019100008
003291219075614012030400
009291219075614014020546
001291219075615015010807
008291219075615012070410
002291219075615013030649
006291219075616011000555
003291219075616013010791
009291219075616012090379
002291219075616019060102
001291219075617015010785
002291219075617015030437
003291219075618015010791
002291219075618019020260
008291219075618012090400
009291219075618015020022
001291219075619014010536
002291219075619012170194
006291219075620011000738
008291219075620013020781
009291219075620015020022
001291219075621015010784
003291219075621013010735
002291219075621014030450
002291219075621019070038
009291219075622012100451
008291219075622013020748
001291219075623013010006
006291219075623011000732
003291219075623012050354
002291219075623014030478
009291219075624012120395
002291219075624019040036
006291219075625011000410
001291219075625012060353
002291219075625019040036
008291219075625013020674
003291219075626012010237
002291219075626012160301
006291219075627015090616
002291219075627019040028
002291219075627014030484
009291219075627013020810
001291219075628012060383
003291219075628012030303
008291219075628014020502
002291219075628014030478
001291219075629012060415
009291219075629013020198
006291219075630012020274
003291219075630013010793
008291219075630013020761
006291219075631011000440
001291219075631015010800
009291219075631014020598
002291219075631019060119
001291219075632014010526
008291219075632012110404
009291219075632012100403
003291219075633015010717
002291219075633015030461
009291219075633013020599
002291219075634019020327
009291219075635012100252
008291219075635015020568
003291219075636012040273
008291219075636013020554
002291219075636019050230
002291219075636014030478
003291219075637013010777
006291219075638011000635
002291219075638012170277
008291219075639015020580
003291219075640012010398
001291219075640012050285
002291219075640012130075
009291219075640012090341
006291219075641012160104
008291219075642013020726
003291219075643012040367
001291219075643014010377
002291219075643014030393
006291219075644014030056
003291219075644013010727
002291219075644014030465
002291219075644019020186
008291219075645012110382
009291219075645015020410
002291219075645015030187
001291219075646012020345
003291219075647013010733
002291219075647012140363
001291219075648012030381
006291219075648011000726
002291219075648012140235
008291219075648012110421
002291219075649012140469
003291219075650012030344
008291219075650014020443
006291219075651013020274
002291219075651019020127
009291219075651012070421
002291219075651012180206
001291219075652014010200
008291219075652012100329
003291219075653012060309
009291219075653014020615
002291219075653014030430
006291219075654013030199
008291219075654015020531
003291219075655012020269
002291219075655013030573
008291219075656012090411
002291219075656013030619
009291219075656012120415
002291219075658019010108
008291219075658014020606
002291219075658013030441
006291219075700015020199
001291219075700016000112
009291219075700012080413
001291219075701012050360
008291219075701012080424
002291219075701013030550
002291219075702014030390
009291219075702014020180
003291219075703013010803
008291219075703013020738
001291219075704013010604
006291219075704014030087
002291219075704015030426
009291219075704012080266
001291219075705014010494
002291219075705013030551
002291219075705019050126
003291219075706013010631
001291219075707018010065
009291219075707015020685
002291219075707012160279
006291219075708012040300
002291219075708019030042
008291219075708012110351
009291219075709012080430
002291219075709014030488
008291219075710012100047
002291219075710012140460
003291219075712013010763
008291219075712012110354
009291219075712014020036
001291219075713018010069
002291219075713014030488
003291219075714012050238
009291219075714012120350
002291219075714013030541
008291219075714014020553
002291219075714019050209
002291219075716012180154
003291219075717012020390
009291219075717013020819
002291219075717013030630
006291219075718019100071
001291219075718012060416
002291219075718014030423
008291219075718014020581
001291219075719015100556
009291219075719012120354
002291219075719014030444
003291219075720012060432
006291219075720019100044
001291219075721012010421
002291219075721014030418
008291219075721015020478
003291219075722012010389
001291219075722015100543
006291219075722012050222
009291219075722012110438
002291219075723014030158
008291219075723013020409
009291219075723012110438
002291219075723019110046
003291219075724013010560
006291219075724013010015
002291219075724012150100
009291219075724012080017
001291219075725015010790
009291219075725012080017
008291219075725012070426
009291219075726012080297
003291219075727013010781
002291219075727013030458
008291219075727012110495
006291219075728012130091
002291219075728019020377
002291219075728013030366
003291219075729012040443
001291219075729012010005
009291219075729012110489
002291219075729012130337
008291219075729012120402
006291219075730014010295
003291219075731012030353
009291219075731015020643
001291219075732013030071
001291219075732014010564
006291219075733011000719
009291219075733014020088
008291219075733012070443
002291219075733012130337
002291219075734019030042
008291219075734013020610
001291219075735012060431
003291219075735012040467
002291219075735013030603
009291219075735014020043
006291219075736011000581
001291219075736012040450
002291219075736019020372
002291219075737019020372
002291219075737012140449
003291219075738013010780
008291219075738012100380
009291219075738014020554
002291219075738013030562
006291219075739011000169
002291219075739019020326
001291219075740013010331
009291219075740013020859
002291219075740012150263
001291219075741014010457
003291219075741013010460
001291219075741016000166
008291219075741012100430
006291219075742011000001
002291219075742012160306
002291219075742019110040
009291219075742014020617
003291219075743012080007
008291219075743012070440
001291219075744015010795
002291219075744015030388
006291219075745011000422
009291219075745012100400
008291219075745013020811
003291219075746012060436
001291219075746012050347
002291219075746012140449
006291219075747012020002
008291219075747014020597
003291219075748013010740
001291219075748014010593
002291219075748014030476
009291219075749016000147
008291219075749013020836
006291219075750011000277
002291219075750012140405
009291219075750012110406
001291219075751014010569
008291219075751012100358
006291219075752011000720
002291219075752012170309
002291219075752019040032
002291219075753012160300
003291219075754015010550
001291219075754013010805
008291219075754012100223
002291219075754013030187
006291219075755013020428
002291219075755019020397
001291219075756015100559
009291219075756014020551
002291219075756012130345
006291219075757012020162
008291219075757012100350
002291219075758012140461
002291219075758019050223
009291219075758014020603
001291219075759012060397
003291219075759012050341
006291219075800011000704
008291219075800013020702
002291219075800015030356
009291219075801012120454
002291219075801014030289
001291219075803014010068
002291219075803019050241
002291219075803014030470
008291219075803013020747
003291219075804015010596
006291219075804011000733
009291219075804014020528
002291219075804013030607
001291219075805012050358
002291219075806019020079
002291219075806012180272
003291219075807012040437
009291219075807012120454
001291219075808015010407
003291219075809012010422
006291219075809014030096
008291219075809013020843
002291219075809019050152
001291219075810012060095
002291219075810012180275
009291219075811012110477
002291219075811012180296
003291219075812015010769
006291219075812011000640
001291219075812012050348
001291219075813019030043
002291219075813019050029
002291219075813012140458
001291219075814014010612
002291219075814014030388
006291219075815011000398
003291219075815013010807
008291219075815012070431
009291219075815012090420
001291219075816018010061
002291219075816012160233
003291219075817013010542
006291219075817012020016
002291219075817019050214
002291219075817014030485
009291219075818015020630
008291219075818014020417
002291219075818012150098
003291219075819013010625
006291219075820011000691
002291219075820019060125
002291219075820014030486
009291219075820014020634
008291219075821012100436
006291219075822011000662
003291219075822015010690
002291219075822012170228
008291219075823012110367
001291219075824012010403
002291219075824012150304
006291219075825011000690
003291219075825012010010
002291219075825019100065
002291219075826014030088
008291219075826013020826
003291219075827013010765
006291219075827011000600
001291219075827016000058
001291219075827015010017
002291219075827012140468
002291219075828019040012
003291219075829012030327
009291219075829014020424
008291219075829012080373
002291219075829012150250
001291219075830016000058
006291219075830011000627
001291219075830015010789
002291219075830015030459
006291219075831015020461
008291219075831012110461
002291219075831012160149
001291219075832013020881
001291219075832016000164
003291219075832012050365
009291219075832012070427
001291219075833012020322
008291219075833014020607
009291219075833012090041
002291219075833019050234
002291219075833014030453
006291219075834011000654
003291219075835012010293
006291219075835012120124
001291219075835016000164
002291219075835012130336
003291219075836014010003
001291219075836014010575
009291219075836015020681
002291219075836015030279
002291219075837019040016
008291219075837012090220
002291219075837015030442
006291219075838015030168
003291219075838012050195
002291219075838014030448
008291219075838015020057
001291219075839012020382
002291219075839012140452
002291219075840019020221
009291219075840012070321
003291219075841012020399
006291219075841011000534
008291219075841012110340
002291219075841013030456
001291219075842012010361
001291219075842018010067
003291219075842012020286
002291219075842015030477
006291219075843011000263
002291219075843012140374
009291219075843013020883
003291219075844013010739
001291219075844015010752
008291219075844012090401
002291219075844019020212
002291219075844014030427
006291219075845011000627
003291219075846012020389
001291219075846014010066
002291219075846014030381
008291219075846012080225
006291219075847012130049
009291219075847012110478
008291219075848012090350
009291219075848013020837
002291219075848019020124
002291219075848014030425
003291219075849012030317
006291219075849011000648
001291219075850016000064
002291219075850012160307
006291219075851013010117
008291219075851012110414
003291219075852012020391
001291219075852014010608
009291219075852012120498
002291219075852012180278
002291219075852019020379
001291219075853012040131
002291219075853012170267
008291219075853012120444
003291219075854015010786
006291219075854011000723
009291219075854012120143
006291219075855012030282
008291219075855012120431
009291219075855015020664
002291219075855013030587
003291219075856015010761
001291219075856014010609
002291219075856014030336
006291219075857012160085
001291219075857018010008
008291219075857013020706
003291219075858012040476
009291219075858015020618
006291219075900013020154
008291219075900012110480
003291219075901012040477
009291219075901012120393
008291219075901012110480
002291219075901012170271
006291219075902015020540
003291219075902012050183
002291219075902012180308
002291219075902019110013
001291219075903013010035
008291219075903012080380
009291219075903014020413
002291219075903014030072
002291219075904014030456
003291219075905012010413
001291219075905012040471
008291219075905012090279
006291219075906012080114
002291219075906019050196
009291219075906014020529
002291219075906012130316
003291219075907012010337
001291219075907014010597
008291219075908012120475
002291219075908019050224
009291219075908014020530
003291219075909013010726
001291219075909012050357
006291219075909011000656
009291219075910014020566
008291219075910012080428
002291219075911012150278
006291219075912012130102
003291219075912012020300
001291219075913012020403
002291219075913012130116
008291219075913013020783
009291219075913012080366
003291219075915013010650
006291219075915012120196
009291219075915012090291
008291219075915012070360
002291219075915015030455
006291219075917012130286
002291219075917012170056
008291219075917012110378
009291219075917014020398
001291219075918012010408
003291219075918013010598
002291219075918019030025
002291219075918012160292
003291219075919013010730
009291219075919014020619
008291219075919012080394
001291219075920018010018
006291219075920012090035
008291219075920012080394
002291219075920012180220
002291219075921019050193
003291219075922014010436
002291219075922012130242
009291219075922012100439
008291219075922012110467
001291219075923014010611
001291219075924014010555
001291219075924019060076
002291219075924012160302
002291219075924019100052
008291219075924013020572
003291219075925019110043
001291219075926012030300
003291219075926013010515
008291219075926012100307
002291219075926012130264
009291219075926012090377
002291219075927012130322
008291219075928012120399
003291219075929013010259
002291219075929019040033
002291219075929012130303
003291219075930014010525
002291219075931012170266
008291219075931013020838
009291219075931015020678
002291219075932019020335
003291219075933012030194
006291219075933012090150
008291219075933012100428
003291219075935013010774
002291219075935019010094
008291219075935014020630
006291219075936015090631
001291219075936012040338
002291219075936012130329
002291219075936019010094
001291219075937014010309
008291219075937012120474
002291219075937013030162
003291219075938013010710
001291219075938014010594
003291219075939013010653
008291219075939014020331
001291219075940018010068
001291219075941014010444
002291219075941013030636
003291219075942015010805
006291219075942014020288
008291219075942012080346
009291219075942012100419
002291219075942012130330
001291219075943012050367
002291219075943013030636
002291219075944019030032
009291219075944012100169
001291219075945012010014
003291219075945012010424
008291219075945012080345
009291219075945012120414
002291219075946012150305
006291219075947012150069
001291219075947012010348
008291219075947013020660
009291219075947012100443
002291219075947012170280
002291219075948012130330
001291219075949013010743
009291219075949012100443
002291219075949019050212
008291219075949015020598
002291219075950013030590
009291219075950015020638
001291219075951014010411
008291219075951013020876
002291219075951019010118
006291219075952012080127
002291219075952013030530
009291219075952012090414
003291219075953012020392
002291219075953013030590
001291219075954012060403
009291219075954012100449
008291219075954012120419
006291219075955012050085
002291219075955013030530
001291219075956015010766
003291219075956012060388
002291219075956012160256
002291219075956019040030
009291219075956012110409
002291219075957013030530
002291219075958019040030
009291219075958013020840
001291219075959014010590
001291219075959015030106
006291219075959011000636
002291219075959012150299
008291219075959014020582
001291219080002015010766
006291219080003014030160
009291219080003014020586
008291219080003014020628
002291219080003013030479
001291219080004018010070
003291219080004012010372
008291219080004012100280
002291219080004013030308
009291219080005013020586
008291219080006012070368
002291219080006012150286
009291219080006013020773
003291219080007012020398
002291219080007019020095
009291219080008013020803
002291219080008012180312
008291219080008013020813
008291219080010013020626
002291219080010013030066
009291219080011013020282
001291219080012013010783
002291219080012012140428
009291219080012012100381
002291219080012019040020
008291219080013014020504
003291219080014012010401
002291219080014012140425
002291219080014019050170
009291219080015014020532
002291219080015012140086
008291219080015012090272
002291219080016012180305
008291219080016012120483
006291219080017012150195
009291219080017013020857
003291219080018013010769
002291219080018012140086
008291219080019014020627
003291219080020012010400
002291219080020015030470
008291219080020013020515
009291219080020014020631
003291219080022012040406
002291219080022012140473
002291219080023012140086
002291219080023019010127
008291219080023013020619
009291219080023012090380
001291219080024019030038
006291219080024011000439
003291219080024015010783
001291219080025012050234
009291219080025012120497
008291219080026012070366
002291219080026012140426
002291219080027012160228
003291219080028012040420
001291219080028015010731
006291219080028015020563
009291219080028012070442
008291219080029012090300
002291219080030019060124
009291219080030012120421
003291219080031012030338
003291219080032012050350
008291219080032015020386
008291219080033012090408
002291219080033012170264
003291219080034012030396
009291219080034014020006
002291219080035012140086
008291219080035012070376
003291219080036012040429
001291219080036012060259
002291219080036019020273
001291219080037014010587
009291219080037015020386
008291219080037013020689
002291219080037014030447
002291219080038012180310
003291219080039012040442
008291219080039012080429
002291219080040012140086
009291219080040015020541
002291219080040019040023
006291219080041012010028
003291219080041014020020
008291219080041012070403
002291219080042012140426
003291219080043013010004
008291219080043012100445
001291219080044019010128
002291219080044013030584
002291219080044019040021
002291219080045012170303
009291219080045012070415
002291219080046012130285
008291219080046012090357
006291219080047012010254
009291219080048012080470
002291219080048015030466
008291219080049012120301
002291219080050014030369
003291219080051013010244
008291219080051012100367
002291219080051012150315
002291219080052012130314
008291219080053012090396
006291219080054012010201
002291219080054012170298
009291219080055013020860
002291219080056015030475
008291219080056012070432
009291219080057014020534
002291219080057019040006
001291219080058012010385
002291219080058012130254
002291219080059012170304
009291219080100012070357
003291219080101012050334
002291219080101013030647
002291219080102015030362
009291219080102013020863
003291219080103012030095
009291219080103015020623
006291219080104015090633
002291219080104013030596
002291219080105015030306
009291219080106014020538
008291219080107012090413
002291219080107015030431
002291219080108014030365
009291219080108012110160
001291219080109015100551
001291219080109013010761
002291219080109013030596
009291219080109012070236
006291219080110013010215
002291219080110014030416
002291219080110019010133
001291219080111016000161
009291219080111012090368
001291219080112012010338
002291219080112012130210
008291219080113012070358
009291219080113015020451
001291219080114012050147
001291219080114016000161
002291219080114019010131
002291219080114012160296
003291219080115012050194
009291219080115015020659
002291219080115015030431
008291219080116014020489
001291219080117014010522
002291219080117012180305
009291219080117015020641
002291219080118015030431
008291219080118012070338
002291219080119014030481
002291219080119019040009
009291219080119012090416
001291219080120014010610
006291219080121012160222
002291219080121012170127
009291219080122014020620
002291219080122014030387
002291219080123014030481
002291219080124014030387
008291219080125012080361
009291219080125013020643
002291219080126012170299
001291219080127012060368
002291219080127013030263
002291219080128012180287
002291219080129014030481
008291219080129012080364
001291219080130012030361
006291219080130012020279
002291219080131012150271
003291219080132012060398
002291219080133015030383
006291219080134012160012
002291219080135013030548
009291219080136015020624
002291219080137014030459
008291219080137014020414
002291219080138012160280
008291219080139012120465
002291219080140014030452
008291219080140012070438
009291219080141013020425
002291219080142012170127
001291219080143012010377
002291219080143012160298
009291219080144012090309
002291219080145015030468
001291219080146012030196
006291219080147012060241
001291219080147012020325
002291219080147012140471
009291219080147012120463
008291219080148013020852
002291219080149012160190
001291219080150015010808
002291219080151013030465
002291219080152019080001
002291219080152012180261
001291219080154013010641
008291219080154012110458
002291219080154013030465
002291219080155012140471
003291219080156012050359
006291219080156013030222
002291219080156012130295
002291219080157012180261
009291219080159012120448
002291219080159013030465
002291219080200012140471
008291219080200012070392
009291219080200016000124
003291219080201012060378
006291219080202012060389
009291219080202013020817
002291219080203012150203
001291219080204012010423
006291219080204012030293
002291219080204014030487
003291219080205012050210
002291219080206012170054
003291219080208015010780
001291219080208012030363
002291219080208012130270
008291219080208012080425
008291219080212014020470
002291219080213019040034
001291219080214012020311
008291219080215012120306
002291219080215012160230
002291219080216012170286
003291219080217012030406
002291219080218012140431
002291219080219012160272
001291219080220012020367
006291219080220014020550
008291219080221014020513
002291219080221012130270
009291219080221016000149
001291219080222012010382
001291219080222012070090
009291219080223012120401
002291219080223014030466
003291219080224012020358
008291219080224012070411
002291219080224012140409
001291219080225018010055
002291219080225012140470
008291219080226012070404
002291219080226014030466
002291219080227012160143
006291219080228013020326
002291219080229012130334
009291219080229012110476
008291219080230013020721
002291219080231012120481
002291219080233012140148
003291219080234013010767
002291219080234014030299
008291219080235014020536
002291219080235012170217
008291219080237012090402
002291219080237012120481
006291219080238012060312
002291219080238014030150
009291219080239012070197
002291219080240012130284
008291219080240013020799
009291219080241012080418
002291219080242012140437
009291219080243012110375
002291219080243013030614
006291219080245012030316
009291219080246012070450
002291219080246012130344
001291219080247016000169
002291219080247013030119
009291219080248012090348
006291219080249013010296
002291219080249012130280
001291219080250013010059
002291219080250014030454
002291219080252014030217
008291219080253012110464
002291219080254012180292
003291219080255012030328
002291219080256015030351
002291219080257012130317
003291219080258012050353
002291219080258015030351
006291219080259012110004
002291219080259019010111
002291219080300013030623
003291219080301013010666
002291219080301012130317
002291219080302013030485
002291219080303019010031
002291219080304012170297
001291219080305015010774
001291219080306012030385
008291219080306012070451
002291219080306012150301
002291219080308014030467
001291219080309016000141
001291219080309012030329
002291219080309013030325
006291219080310012150102
002291219080310012150301
001291219080311016000141
002291219080311012170209
001291219080313012150311
002291219080313014030399
001291219080314012150311
002291219080314014030466
001291219080316012150311
002291219080316015030244
002291219080318012150309
002291219080320012180253
001291219080321012100385
002291219080321012130335
002291219080323013030460
002291219080325012130335
002291219080326019050213
002291219080328014030267
002291219080330012170284
009291219080331012120488
002291219080332012140225
001291219080333012030010
002291219080336012140464
002291219080338013030399
001291219080340012010415
002291219080340012140456
001291219080341014010508
001291219080344012060253
001291219080346013010751
002291219080346012150261
008291219080348014020616
002291219080348012130205
002291219080350012180263
003291219080353014020025
002291219080353014030176
002291219080355012160231
002291219080357012150297
002291219080358019020230
002291219080359012130278
002291219080401019050205
002291219080401014030373
002291219080402013030617
006291219080404011000674
009291219080404012070341
002291219080405014030001
002291219080407013030354
001291219080409012140149
008291219080409012080360
002291219080410012130267
009291219080411012070433
002291219080416012130302
002291219080418012180257
002291219080421012130326
006291219080424014020055
002291219080424012140430
002291219080426012170235
002291219080430012140425
002291219080432012170291
002291219080435012140431
008291219080435013020790
001291219080436012020021
002291219080436012150319
002291219080438012150260
002291219080438019090016
002291219080440012150203
002291219080442012150268
002291219080444015030457
008291219080445014020120
002291219080446012170222
009291219080446012090388
002291219080448012160311
002291219080450012160231
002291219080452012170231
002291219080453013030577
002291219080455012140127
008291219080455012090407
002291219080456013030605
002291219080458012150293
002291219080459015030402
009291219080500012090419
002291219080501013030104
002291219080503013030523
002291219080504012170287
002291219080506013030590
002291219080507014030471
002291219080508012150290
002291219080509014030299
002291219080510012180212
002291219080513014030299
002291219080514012140441
002291219080515015030101
002291219080515019050128
002291219080516012150304
002291219080518012170207
002291219080519019010134
002291219080520013030610
009291219080522012090410
002291219080522013030591
002291219080524015030247
001291219080525012030305
002291219080525012160289
002291219080526019010072
003291219080527013010702
002291219080527012150310
002291219080530014030368
008291219080530012090391
002291219080531012150255
009291219080532012120477
002291219080533012140475
002291219080534012150295
002291219080536012160190
002291219080538013030469
002291219080539012180159
002291219080543014030478
002291219080545012130014
002291219080547013030609
002291219080547019020349
002291219080549013030425
009291219080550013020880
002291219080550012140408
002291219080552015030389
002291219080554015030451
002291219080630014030437
002291219080632012180282
002291219080637012140420
006291219080638012020010
008291219080638013020870
002291219080639019020378
002291219080639012130298
003291219080640013010808
009291219080643012120464
002291219080645013030567
002291219080647019020346
002291219080648013030024
002291219080650012140337
002291219080653012130059
003291219080653012060387
008291219080657012080469
002291219080659013030331
002291219080741013030608
002291219080746019070001
002291219080750012170295
002291219080757012160087
001291219080801016000007
001291219080806016000007
001291219080809016000001
001291219080812016000001
002291219080853015030480
002291219080855012140444
002291219080858012140443
002291219080902015030480
002291219080957012150241
002291219081005012160293
002291219081008015030480
002291219081013012140447
003291219081015012010327
002291219081203012170307
009291219081234012090399
002291219081334012180266
002291219081529019020065
001291219082003012030333
002291219082023019030033
001291219082033016000012
001291219082142016000052
002291219082246019010074
002291219083411019090015
