001281119000254016000168
001281119000256016000168
001281119000257016000168
001281119000259016000168
001281119000300016000168
001281119000320016000168
001281119000322016000168
001281119000323016000168
002281119002031019050084
002281119002417019010008
002281119003937019110043
001281119004851016000058
002281119015212019030022
001281119041607016000141
001281119041608016000141
001281119041706016000058
001281119041721016000154
001281119041724016000154
001281119041815016000163
001281119041818016000163
001281119041820016000163
001281119041837016000062
001281119041951016000088
001281119042203016000008
001281119042252016000161
002281119042508019030049
002281119044138019030033
002281119071110016000090
002281119071118019010124
001281119071252016010090
001281119071304016010081
001281119071655016010098
001281119071659016010121
001281119071816016010045
001281119071820016010119
001281119071825016010095
001281119071830016010125
009281119071831016010129
001281119071841016010130
001281119071858016010056
001281119072140016010106
001281119072145016010105
001281119072249016010084
001281119072255016010079
001281119072325016010080
001281119072329016010050
001281119072406016010120
001281119072427016010048
001281119072430016010032
001281119072530016010082
001281119072602016010071
002281119072606019020378
001281119072706019010125
002281119072720019020083
001281119072755016010110
002281119072802019010119
001281119072803016010073
001281119072812016010128
006281119072825013020543
002281119072841019060003
001281119072902016010077
002281119072924014030055
002281119072932014030374
002281119072933015030428
001281119072946016010124
001281119072957016010100
001281119073000016010131
002281119073005019060123
001281119073007016010122
009281119073016013020255
003281119073039012030402
003281119073044014010606
001281119073046016010024
003281119073053012040466
002281119073100019110027
003281119073103012040293
009281119073104015020671
003281119073133013010768
006281119073207011000359
009281119073227012090422
002281119073251012160275
002281119073316015030444
002281119073318019060101
001281119073351016010127
002281119073418019020399
004281119073428012180158
006281119073429012010019
002281119073445019060114
002281119073512012130165
002281119073513019050237
001281119073524016000152
009281119073530013020849
002281119073532019050094
009281119073537012070187
002281119073546019020061
002281119073552019020061
001281119073600018010067
003281119073604013010771
009281119073633012070437
009281119073637015020668
009281119073641013020851
002281119073702019020392
003281119073705012030335
002281119073705019020275
006281119073712011000491
008281119073715014020451
003281119073729012030349
003281119073733012060396
003281119073736013010365
002281119073737019100032
001281119073740013010479
004281119073754012160136
004281119073814013030625
002281119073820019050084
002281119073827019010132
002281119073837019030042
004281119073840012180299
002281119073853019020231
003281119073853012060433
001281119073855015010737
006281119073856012160021
006281119073904011000675
009281119073905012110482
001281119073915016000073
002281119073916019010116
001281119073918012060369
003281119073919012060426
001281119073922012010410
001281119073924012060372
002281119073925019050195
002281119073934015030473
002281119073936015030476
002281119073939019050239
004281119073939013030624
006281119073943011000692
002281119073943019020401
008281119073945012110437
002281119073947019050184
008281119073947012110437
002281119074006012150203
003281119074012012020008
004281119074012012150203
003281119074017013010732
002281119074033013030466
002281119074034019100046
006281119074036013010009
002281119074046019020180
001281119074102013010802
003281119074108012030276
002281119074115012180252
008281119074117012100218
004281119074124012160224
008281119074134015020658
001281119074140014010584
004281119074147012140167
002281119074150019100018
004281119074152012130312
003281119074152014010565
002281119074156019020400
002281119074204019030047
001281119074210012010361
008281119074218012070387
004281119074219012180046
009281119074224014020525
002281119074229019020065
001281119074230015010632
009281119074230013020855
003281119074237012020121
002281119074238012150135
004281119074239014030421
009281119074243015020687
001281119074245016010123
004281119074247012150274
002281119074251019100039
004281119074254012150190
002281119074257012150091
009281119074301012080467
006281119074305013010014
003281119074305014010598
006281119074310013010001
003281119074313013010800
002281119074314019110006
009281119074318014020588
001281119074319012030333
009281119074321012120489
004281119074324012150203
006281119074324013020067
009281119074325013020599
003281119074327012020344
009281119074331015020675
003281119074332013010677
002281119074333019060115
009281119074335012070444
009281119074345012110377
003281119074356012060434
008281119074358012090405
002281119074358019010087
008281119074401012090405
003281119074403012060007
004281119074404012170292
008281119074405013020683
009281119074407013020532
001281119074408015010797
001281119074413012040438
002281119074414013030509
004281119074418013030509
008281119074422012110367
002281119074422019060095
002281119074423019060095
009281119074424013020703
002281119074425012180305
009281119074427015020640
003281119074429012040442
009281119074430013020692
006281119074432011000343
004281119074433013030443
002281119074433019020340
002281119074436019060107
004281119074437012180284
004281119074440014030342
003281119074440013010199
002281119074441012130282
004281119074442012150310
004281119074445015030465
008281119074447013020438
002281119074447014030424
001281119074453012020324
006281119074454015090621
001281119074456012020366
002281119074456012130343
006281119074457015090621
002281119074458012140474
008281119074503012070426
002281119074504014030458
009281119074508013020881
008281119074508012090248
001281119074509018010054
004281119074510012170178
002281119074511012130250
008281119074511015020679
009281119074512013020881
003281119074512013010550
008281119074514013020861
002281119074521019050112
003281119074526012020376
004281119074526012150249
009281119074527012120490
002281119074528012140445
002281119074529012130297
009281119074530012120487
002281119074532013030638
004281119074538012130341
001281119074538013010755
009281119074542012120484
004281119074542012170144
004281119074545012180251
009281119074545012100434
004281119074548012170279
006281119074551012020340
002281119074552019050216
002281119074556019020079
002281119074557014030226
006281119074601011000573
008281119074602012080189
002281119074602019020374
002281119074604019020374
008281119074606012070414
002281119074608019020353
008281119074610012110484
003281119074610012050363
003281119074612012060374
002281119074613019100013
006281119074615012050129
009281119074618012080343
008281119074619015020635
002281119074621019050128
009281119074626012100450
009281119074629012090351
008281119074629013020387
009281119074630013020818
003281119074633012060384
004281119074633012180276
001281119074634012060397
009281119074634013020882
008281119074634014020404
004281119074635013030498
009281119074637013020797
001281119074637012040444
004281119074638015030463
003281119074639012010364
003281119074640015010798
004281119074641012160075
002281119074643015030466
004281119074645013030606
002281119074646015030434
008281119074647012070010
004281119074648013030590
008281119074649012070435
002281119074649019030001
004281119074650013030565
004281119074653012130214
006281119074653015090618
008281119074653013020821
009281119074655012110489
004281119074656012140472
002281119074657019110033
004281119074658015030246
004281119074700012180272
006281119074702011000258
001281119074702015010800
002281119074702019050026
001281119074704014010570
004281119074704015030343
008281119074706012100429
003281119074706015010801
001281119074707013030157
001281119074710014010201
009281119074711012120476
008281119074711012100006
002281119074714019030045
009281119074714012120479
003281119074715012040192
006281119074715011000687
009281119074716012120479
003281119074718013010505
009281119074721015020604
002281119074721019050228
003281119074722013010426
001281119074722012010419
008281119074722012080375
002281119074724012160291
002281119074724019020286
004281119074724012140456
001281119074725014010563
008281119074725012070429
003281119074725012050254
002281119074726012140457
003281119074728012030387
004281119074728012170218
008281119074729013020723
008281119074732012090404
003281119074737012020348
008281119074737013020858
002281119074737019050244
003281119074740012050009
008281119074741013020651
002281119074742014030366
004281119074743012170258
002281119074743019070014
006281119074747015090611
003281119074748013010693
009281119074748012090375
008281119074749015020683
009281119074749012090375
006281119074749015090608
002281119074750019020363
002281119074752014030489
008281119074752012070244
006281119074752015090608
002281119074753019020394
009281119074753015020620
003281119074753013010577
008281119074754012070428
009281119074756013020864
006281119074757011000651
008281119074757013020758
006281119074800019100066
002281119074804019050235
003281119074804012040447
006281119074804011000666
001281119074807014010592
008281119074807012120482
001281119074809012030242
006281119074809011000573
008281119074811012090420
001281119074811015010669
006281119074812013020068
009281119074814012090379
001281119074814013010021
002281119074814019050243
006281119074815011000490
002281119074816019050243
009281119074817012110454
004281119074817013030545
008281119074819013020766
002281119074820019020318
003281119074821014010003
008281119074822012100423
003281119074824013010541
008281119074826012110466
003281119074828012040469
006281119074828012110223
004281119074829012140458
003281119074830012020390
006281119074831013020240
001281119074832012030404
002281119074833019020346
009281119074833013020840
001281119074836012030356
006281119074836015090568
003281119074839013010651
006281119074840012040300
008281119074840012110297
003281119074842013010601
006281119074844011000683
009281119074844015010696
001281119074846015020500
002281119074847019050246
006281119074847011000445
004281119074848012150283
006281119074849015090620
002281119074850015030469
004281119074851013030584
001281119074852013010700
006281119074852013010321
002281119074853013030541
008281119074853012090267
002281119074853019080001
004281119074854012170280
008281119074854012090267
001281119074854012010011
006281119074854011000722
002281119074856013030592
002281119074856019050220
004281119074858012150270
003281119074859012040476
004281119074901014030368
002281119074902019100008
003281119074902013010795
004281119074903012150318
004281119074905014030077
006281119074906011000699
003281119074907013010788
002281119074907019100070
004281119074907012140421
008281119074908012120473
004281119074910012140435
008281119074911013020824
003281119074911012050364
009281119074911012070415
002281119074911019110005
006281119074912014030174
004281119074913013030507
008281119074914015020029
006281119074916011000086
002281119074917012180157
006281119074918011000717
001281119074921012040433
006281119074921011000498
004281119074923013030246
008281119074924013020780
002281119074925019020313
006281119074925011000640
006281119074929012020037
008281119074929014020504
001281119074931013010035
002281119074931019110002
003281119074933012040423
008281119074934013020755
001281119074934019020282
002281119074934015030455
006281119074937011000713
004281119074938012140466
009281119074938015020577
006281119074940012070006
004281119074941012170073
001281119074942013010213
003281119074943012050313
009281119074944013020859
004281119074944012160163
008281119074944012070384
003281119074945012050345
008281119074946012070407
006281119074946011000713
009281119074947013020841
004281119074948012170146
001281119074948012020228
008281119074950012100398
004281119074950012160285
006281119074951011000525
008281119074953012070441
003281119074953012020404
004281119074953012160088
002281119074953019050217
008281119074955012100312
001281119074955015010758
006281119074955011000729
003281119074956012050366
002281119074956014030400
002281119074956019020383
004281119074956012170257
009281119074957012080408
006281119074958011000694
004281119074959012180171
009281119075000013020808
003281119075000012050315
003281119075001012040477
008281119075001012080424
004281119075002012150196
002281119075002019020211
003281119075003013010776
002281119075004019020186
008281119075004012110400
009281119075004012080383
001281119075004012050344
004281119075005012160271
004281119075006013030629
008281119075007012070360
001281119075007012050213
001281119075007015100546
002281119075008019020150
001281119075009015010001
006281119075010011000564
008281119075011012090272
001281119075011012050279
006281119075012011000408
002281119075012019050164
004281119075012012150312
001281119075013012060005
008281119075013013020850
003281119075014012060364
008281119075015012110410
002281119075016019110048
006281119075016011000408
001281119075016012040461
003281119075016012050028
001281119075017012050308
008281119075018012080457
003281119075019012030386
006281119075020011000041
003281119075021013010770
008281119075021012110474
009281119075021013020017
002281119075023019020095
006281119075023011000408
004281119075024013030546
003281119075024012030400
002281119075025014030456
009281119075025013020831
008281119075025014020501
003281119075026012060359
002281119075026019020397
006281119075026011000408
008281119075027012100411
003281119075027012050350
009281119075028015020535
002281119075029019050152
003281119075030012020402
006281119075030011000517
001281119075030013010006
008281119075030012120493
003281119075032012030036
002281119075032019100072
008281119075033015020502
006281119075033013030188
001281119075033012040468
009281119075034015020654
003281119075034012040452
001281119075035013010798
002281119075036019020124
008281119075036012120478
001281119075036015010807
006281119075036011000677
003281119075037012040382
009281119075037015020652
004281119075038012150100
001281119075038012010389
009281119075039012070448
003281119075039012010162
008281119075039013020542
006281119075040019100008
002281119075041019050148
003281119075042013010646
008281119075044014020417
003281119075044012060360
009281119075045013020868
006281119075045015090579
001281119075046012040403
003281119075046012060381
008281119075047012120377
003281119075049013010772
006281119075049012040209
008281119075049012100403
009281119075049012110481
009281119075050012100416
003281119075051013010759
002281119075051019050245
008281119075052012110151
009281119075053012110483
006281119075055011000165
003281119075055013010794
004281119075055013030482
009281119075055013020867
008281119075055012070443
002281119075057019040015
008281119075057012100322
004281119075058013030386
002281119075059012170293
008281119075100012100284
009281119075100012080448
006281119075100012130223
003281119075100012030372
001281119075100015100556
004281119075101013030448
001281119075101012060383
003281119075102015010780
001281119075103013010176
002281119075103019100063
006281119075103011000730
008281119075103012090393
004281119075104012170290
003281119075105015010716
008281119075106014020486
004281119075106012160282
006281119075107011000643
008281119075109014020523
006281119075109011000715
009281119075110013020188
004281119075110012150098
006281119075111011000724
008281119075112012100431
004281119075113012170195
002281119075113014030239
006281119075114015090632
004281119075114012160134
009281119075114012100424
008281119075115013020877
001281119075115014010157
004281119075116014030305
003281119075116012040429
002281119075116014030404
009281119075117015020386
008281119075117014020630
006281119075118011000718
001281119075118015010693
008281119075119014020632
009281119075120013020778
006281119075121012160114
009281119075122012110412
008281119075122012080220
006281119075124014010053
004281119075125013030506
008281119075125012110427
009281119075126014020092
002281119075128019020263
003281119075128013010520
008281119075128013020468
004281119075128013030551
008281119075130012120368
006281119075131013030176
004281119075131012130319
003281119075131015010704
006281119075132013030003
008281119075132015020677
004281119075134012140462
003281119075134013010624
001281119075135015030454
001281119075135015010752
006281119075135012150102
008281119075135012080284
004281119075136012140388
001281119075136015010787
003281119075137013010808
002281119075137019050029
004281119075138013030608
003281119075138015010751
008281119075138013020769
001281119075139012060353
008281119075140012100134
002281119075140012170271
001281119075141012040462
006281119075141014010241
004281119075141013030646
003281119075141013010735
001281119075143012030350
003281119075143013010654
002281119075143012150309
001281119075144013020180
006281119075144016010086
008281119075145015020591
003281119075146015010678
001281119075146012040425
008281119075147012080452
006281119075147011000686
002281119075148019050242
001281119075148012010327
003281119075149012030342
004281119075149014030160
009281119075149015020639
003281119075150013010777
001281119075150012050285
008281119075150012070432
003281119075151012050307
006281119075151015090580
001281119075152015010682
009281119075153012110143
001281119075154012050224
002281119075154019110050
003281119075154013010787
008281119075154012100364
009281119075155015020666
004281119075156014030440
008281119075156012090302
001281119075156012030365
003281119075156012010420
006281119075156011000203
009281119075157012100257
008281119075158013020836
001281119075158015010753
006281119075159012130091
004281119075159012160310
003281119075200012060309
009281119075200013020832
001281119075201012040346
008281119075201015020545
006281119075202011000727
001281119075202014010597
004281119075203012160280
003281119075203014010432
009281119075203014020567
008281119075204015020686
006281119075205011000078
001281119075205014010608
004281119075205014030426
002281119075205013030647
003281119075205012010400
003281119075207012050368
002281119075207019020307
001281119075208012050343
008281119075208012080135
006281119075208011000574
004281119075209012180262
008281119075210014020594
009281119075210014020524
003281119075210012010375
001281119075211012060095
003281119075211014010208
009281119075212019020387
006281119075212014030087
008281119075213014020622
003281119075214012060363
004281119075214015030368
009281119075215013020883
009281119075216013020883
008281119075217012090383
009281119075217012080431
006281119075217013010151
001281119075217015010786
004281119075218013030398
009281119075219012110488
001281119075220015010692
003281119075220012040437
002281119075220019010109
006281119075220011000595
002281119075221012150108
008281119075221012120412
003281119075221012010422
004281119075221012170193
009281119075221012090017
001281119075223015010763
001281119075223012010409
008281119075224012110455
002281119075224019040028
009281119075224013020763
001281119075225013010446
003281119075226012020288
009281119075226014020231
006281119075226011000594
008281119075226012080463
002281119075226019100028
002281119075226012170277
001281119075227014010526
006281119075227013020412
004281119075227013030641
003281119075229013010606
008281119075229012110414
002281119075230019050225
004281119075230013030607
001281119075230015010788
009281119075230012120350
006281119075231011000598
001281119075231012010355
002281119075232014030480
008281119075232013020823
003281119075232012040337
003281119075233013010727
001281119075233012010348
006281119075233012020002
004281119075233015030445
009281119075234012120494
008281119075234015020469
002281119075234019020127
001281119075235012050217
006281119075235011000731
003281119075236012040478
009281119075236013020460
008281119075237012090350
001281119075237016000126
002281119075237019050091
008281119075238013020515
004281119075238013030379
002281119075238012130333
001281119075239012040354
003281119075239012030366
009281119075239012100432
001281119075239016000126
003281119075240012040376
006281119075240011000120
002281119075240019030025
002281119075241012160259
001281119075241016000126
001281119075241014010599
009281119075242012090368
003281119075243013010799
002281119075243019020377
006281119075243011000726
001281119075244015100557
009281119075244015020630
003281119075245015010687
008281119075245012100436
003281119075246012040454
009281119075247012110373
006281119075247011000732
002281119075247019020212
004281119075248013030508
008281119075248012100334
003281119075248012060166
001281119075249014010548
001281119075251014010502
003281119075251013010580
002281119075251012130327
003281119075252012040222
006281119075252011000663
004281119075252013030576
008281119075253013020706
001281119075253013010413
002281119075254015030423
003281119075254012040353
004281119075255013030636
001281119075255013010797
002281119075256012130305
006281119075256012010292
002281119075256019020368
009281119075256015020674
003281119075257013010682
008281119075257014020598
002281119075258019020327
001281119075258012020345
003281119075259012030399
008281119075259012080345
002281119075300014030159
004281119075300012140463
009281119075300012120392
006281119075300011000601
003281119075301012030261
008281119075302013020753
006281119075302011000710
004281119075303012180277
003281119075303013010560
001281119075303018010065
002281119075305015030244
008281119075305013020761
004281119075305012140086
006281119075306013010015
003281119075306012030344
009281119075307012070331
008281119075307013020874
004281119075308012150271
002281119075309012170309
006281119075309011000262
003281119075309013010758
009281119075309013020880
001281119075310016000167
004281119075311012140443
003281119075311012030266
009281119075311012120415
001281119075311012040458
008281119075312012120427
006281119075312012080131
003281119075312013010806
002281119075313013030649
001281119075313012050367
004281119075314012160243
009281119075314012070447
006281119075315011000670
002281119075315012180308
001281119075315012020111
008281119075315012080396
003281119075315013010791
004281119075316015030443
006281119075317015090617
003281119075318012050311
001281119075318015010781
004281119075319013030622
006281119075319011000276
001281119075319012040426
002281119075320019020103
008281119075320013020610
001281119075321012030381
006281119075322012080163
004281119075322013030339
008281119075323015020657
001281119075323014010011
003281119075323014010607
002281119075324019110029
006281119075325011000681
008281119075326012120402
004281119075327013030516
002281119075327013030484
003281119075327012060420
008281119075328013020681
003281119075328012050238
001281119075329014010424
004281119075330014030390
002281119075331019100061
008281119075331012070445
006281119075331014020055
003281119075332012040470
009281119075333015020667
008281119075334012080419
004281119075334012160287
002281119075334015030431
006281119075334011000440
009281119075334015020667
001281119075334015010791
002281119075334019110043
003281119075335012020086
002281119075336013030630
004281119075337012140470
001281119075337018010072
008281119075337012070264
003281119075338015010717
002281119075338019040035
006281119075339015090629
008281119075339013020411
002281119075339014030450
003281119075340012030304
004281119075341015030437
003281119075342013010672
009281119075342012100439
008281119075342014020562
006281119075343012110164
002281119075344019020389
001281119075344014010411
002281119075345019020373
009281119075345012120491
003281119075345012020392
008281119075345013020644
001281119075346013030071
006281119075346011000388
008281119075346013020685
001281119075347014010569
009281119075347012080078
003281119075347012040273
002281119075347015030458
002281119075348019020372
003281119075349013010746
004281119075349012170253
001281119075349014010033
006281119075350011000566
009281119075350014020538
004281119075350013030346
002281119075350012160300
001281119075351015010793
008281119075351012120434
003281119075351012050266
002281119075352019020382
008281119075353013020767
001281119075353014010477
006281119075353011000678
004281119075354014030325
003281119075354013010714
002281119075355019070038
008281119075356012080304
002281119075356019070038
003281119075356013010347
002281119075356015030337
006281119075356011000065
004281119075357013030441
004281119075358013030619
003281119075358014010492
002281119075359019020260
009281119075359012080462
006281119075359011000410
008281119075400012120256
002281119075401012170264
003281119075401015010610
001281119075401014010613
004281119075401012170228
009281119075402012110424
006281119075402012160012
003281119075403012030355
001281119075403012060349
008281119075403015020646
006281119075404011000723
002281119075404015030262
001281119075404014010604
002281119075404019010135
009281119075404014020534
003281119075405012060414
004281119075405012150260
008281119075406012070382
009281119075406012120143
002281119075407012130276
001281119075407012020385
004281119075407014030454
003281119075407013010781
006281119075408011000568
003281119075409014010605
004281119075409013030084
008281119075409013020789
009281119075409012110178
001281119075409012050358
009281119075410012080464
006281119075410011000706
003281119075411013010803
004281119075412013030530
002281119075412015030410
008281119075412013020781
006281119075413011000720
003281119075413015010792
002281119075414014030476
009281119075414013020810
004281119075415012170268
008281119075415014020634
003281119075416012050310
006281119075416011000627
001281119075416012010170
008281119075417012090330
004281119075417012160256
002281119075417012150226
001281119075417014010590
009281119075418012100449
003281119075418012050225
002281119075419015030471
001281119075419014010600
004281119075419015030467
003281119075420012050123
001281119075421012060253
006281119075421013020154
008281119075422012100380
002281119075422012170231
004281119075422012130075
002281119075422019100068
003281119075423012040414
006281119075423011000586
002281119075424012130316
003281119075424012060400
001281119075424012040405
004281119075424012130290
004281119075425013030469
009281119075425012090416
002281119075425019020007
003281119075426012040465
001281119075426012060407
008281119075426012100047
004281119075427012150198
002281119075427013030631
009281119075427012080470
002281119075428014030088
001281119075428014010575
002281119075428019020326
008281119075429013020721
003281119075429012060379
006281119075429011000632
004281119075429014030491
001281119075429014010571
009281119075429013020866
003281119075431012010393
001281119075431014010573
002281119075431015030247
004281119075431012140434
002281119075431019070031
001281119075432015030112
006281119075432011000728
009281119075432015020676
008281119075433012090333
002281119075433015030371
004281119075433013030264
003281119075434013010625
004281119075434013030356
009281119075435015020688
003281119075435015010794
009281119075436014020394
006281119075436011000735
002281119075436015030426
008281119075437013020793
003281119075437012040467
004281119075437014030430
009281119075438014020394
002281119075438014030290
008281119075439012080425
003281119075439013010763
002281119075439019050230
004281119075439014030423
001281119075440015010473
006281119075440011000277
009281119075440014020493
004281119075441015020655
002281119075441012150304
003281119075442013010726
008281119075442013020562
002281119075442015030459
004281119075443012130322
001281119075443012010277
006281119075443013030199
003281119075443013010695
009281119075443012070236
002281119075443019110037
009281119075444012070417
008281119075444012100323
004281119075445014030438
001281119075445012030353
002281119075445013030642
003281119075446013010739
002281119075447014030482
009281119075447012080461
001281119075447012040473
006281119075448013010392
001281119075448014010440
004281119075448012180260
008281119075448012080242
003281119075448013010662
002281119075449012140468
009281119075449012090041
004281119075450012140444
003281119075450013010724
009281119075450012070148
008281119075450014020563
002281119075451013030548
001281119075451013010549
006281119075451014030056
004281119075452013030348
001281119075452013010712
003281119075452012030389
009281119075452012070148
004281119075453012140363
008281119075453012110353
009281119075453015020647
002281119075453019050214
009281119075454012070427
002281119075454014030484
001281119075454012060416
003281119075454012050356
008281119075455012080466
001281119075455012010377
009281119075456012070427
002281119075456012140453
004281119075456013030440
001281119075456012020306
009281119075457012080123
003281119075457012030401
003281119075458012020393
001281119075458016000163
001281119075458012030352
008281119075458012100418
002281119075458019110046
002281119075459012150201
001281119075459013010011
004281119075459012150307
003281119075500012060229
009281119075500012080297
002281119075501012130263
008281119075501014020589
001281119075501012010340
004281119075501013030496
009281119075501012070449
001281119075501016000163
006281119075502014030096
002281119075502019050205
001281119075502014010264
002281119075503012150278
009281119075503014020351
008281119075503013020738
004281119075503012140465
001281119075504012030368
009281119075504014020351
003281119075504012030390
002281119075505012130339
008281119075505012120242
003281119075505015010615
009281119075506014020528
001281119075506012010415
001281119075507016000157
009281119075507012100381
002281119075507012160215
004281119075507012140461
003281119075507012030405
002281119075508014030356
002281119075508019060120
009281119075509012120414
004281119075509012150303
001281119075509016000139
008281119075509014020581
001281119075510014010617
002281119075510012160230
003281119075510013010460
002281119075511019100052
001281119075511016000139
009281119075511012120354
003281119075512014010452
004281119075512012180307
008281119075512012110487
001281119075512019110051
002281119075512012130288
006281119075513012120199
009281119075513012070442
001281119075514012020383
001281119075514015100551
002281119075514012130279
008281119075514012110446
003281119075515012060331
009281119075516012110409
004281119075516015030306
008281119075516012100405
002281119075516014030418
002281119075517019030048
009281119075517014020633
004281119075517012150294
004281119075518015030356
003281119075518012050204
006281119075518012180106
002281119075518014030289
001281119075519015010785
009281119075520013020198
002281119075520012180154
003281119075520012060421
002281119075521019040032
006281119075521011000700
001281119075521012040446
002281119075522012180287
009281119075522014020416
004281119075522013030366
001281119075523014010377
003281119075523012010237
008281119075523013020795
002281119075524019020273
004281119075524012180220
009281119075524015020644
006281119075525012140043
001281119075526014010357
008281119075526014020597
009281119075526014020426
002281119075526013030639
003281119075527013010294
008281119075527014020597
002281119075527019040032
004281119075527012150319
001281119075528012050360
009281119075529012120447
008281119075529012080456
004281119075530012150293
008281119075530012080413
002281119075530013030563
006281119075530011000398
003281119075530012060427
006281119075531011000555
009281119075531014020578
008281119075531012110354
001281119075531015100561
004281119075532012180304
003281119075533012020396
003281119075533012050303
002281119075533014030488
008281119075534012070421
004281119075534013030504
009281119075534012120393
006281119075534011000639
009281119075535015020643
002281119075536014030453
003281119075536014020020
009281119075537015020013
008281119075537013020843
006281119075537013010358
004281119075537013030644
002281119075538014030031
003281119075539013010515
004281119075539012170265
001281119075539015010129
009281119075540013020869
002281119075540014030250
006281119075540012130286
004281119075540012180144
003281119075540013010270
008281119075540012110461
004281119075542012140446
006281119075542012110087
001281119075542013020226
008281119075542015020568
003281119075542015010721
009281119075543013020833
004281119075544015030460
009281119075545012080017
006281119075545011000231
003281119075545012020389
001281119075545012020368
008281119075545013020674
002281119075545014030072
004281119075546012140460
001281119075547015010683
003281119075547013010793
004281119075548012180258
008281119075548014020626
004281119075549012180249
003281119075549013010575
002281119075549012150299
001281119075550014010537
008281119075550012120475
006281119075550015090627
003281119075551012010247
002281119075551012170305
008281119075552012080468
004281119075552012130336
001281119075552015100560
006281119075552013030240
003281119075553015010550
009281119075553014020606
001281119075553015010796
001281119075554014010267
002281119075554012130338
004281119075554014030490
008281119075555013020726
006281119075555011000690
002281119075556019070001
004281119075556012130210
008281119075556015020680
003281119075556013010529
001281119075556013010804
002281119075556014030375
009281119075556013020857
006281119075557011000704
001281119075558012050357
009281119075558012100224
004281119075558015030438
002281119075558016000144
008281119075559014020511
003281119075559012040445
003281119075600012010309
006281119075600012020137
009281119075600014020180
004281119075601013030535
001281119075601012010341
002281119075601012160253
006281119075602012130120
001281119075602014010615
003281119075602012060428
009281119075602014020593
004281119075602012160301
008281119075603012100223
002281119075603012140442
001281119075604016000112
002281119075604019010131
009281119075604014020411
006281119075605015020199
003281119075605012080007
004281119075605012140422
003281119075606012010173
009281119075606015020669
008281119075606012090396
004281119075607013030603
006281119075608011000283
001281119075608015010802
003281119075608013010730
009281119075609012120440
002281119075609019020393
006281119075610013020241
004281119075610013030571
008281119075610012100201
001281119075611018010047
009281119075611013020574
004281119075612014030334
008281119075613014020611
006281119075613011000581
002281119075614015030388
009281119075614014020532
008281119075615014020623
006281119075615011000001
004281119075615012130298
003281119075615012060410
003281119075616012050334
002281119075616019060086
008281119075617013020748
002281119075617012140148
009281119075618012120454
006281119075618011000388
004281119075618012140469
006281119075619015090616
002281119075619019060122
009281119075619012120454
002281119075619015030351
008281119075620012100394
003281119075620012040459
004281119075620012150171
001281119075621013010688
009281119075621014020619
004281119075622012170127
002281119075622012160279
008281119075623013020852
001281119075623014010460
002281119075623012160306
003281119075623012050354
009281119075624012100441
004281119075624012130280
003281119075625012050210
001281119075625018010048
002281119075626012180271
006281119075626011000388
008281119075626013020876
009281119075626015020678
001281119075627012010376
002281119075627019020149
001281119075627018010048
004281119075627012130295
008281119075628013020878
002281119075628015030474
003281119075628012040397
004281119075628012140429
006281119075629011000691
009281119075629012100447
001281119075629012040471
003281119075630012040373
002281119075630012170303
008281119075630012120425
004281119075631015030395
008281119075632012080380
009281119075632013020504
006281119075632013020274
001281119075632012030361
002281119075632013030648
004281119075633014030459
002281119075633019100065
003281119075633013010542
001281119075634013010747
008281119075634012110416
009281119075634012100169
002281119075635012140475
003281119075636013010807
002281119075636014030373
006281119075636013020397
004281119075636013030634
001281119075636012040417
004281119075637012140088
008281119075637013020536
001281119075637012010408
009281119075637013020862
002281119075637019010133
003281119075638012030327
009281119075639012090423
001281119075639013010734
002281119075639015030424
003281119075640012030256
008281119075640012070440
009281119075641012090341
004281119075641014030471
001281119075641012060259
002281119075641014030100
003281119075642012040406
008281119075642012110404
006281119075642012080114
004281119075643012130205
009281119075644012120395
002281119075644019050238
001281119075644013010023
008281119075644012090400
003281119075644013010653
004281119075645012180185
002281119075646015030442
003281119075646012050183
009281119075646015020641
008281119075646012080394
001281119075646012040464
004281119075647012130345
008281119075647012080394
009281119075648012080418
001281119075648015010784
002281119075648014030448
006281119075648011000635
003281119075649013010733
004281119075649012160231
009281119075650015020057
008281119075650012110340
002281119075651019010134
002281119075651012140405
003281119075651012020381
006281119075651015090628
008281119075652012070410
004281119075652012150241
001281119075652014010494
009281119075652012080453
004281119075653012150287
002281119075653015030187
001281119075653014010068
009281119075654014020566
002281119075654019040033
003281119075655015010769
008281119075655012100318
001281119075655014010457
002281119075656012180288
009281119075656013020820
008281119075657015020685
001281119075657012050234
004281119075657012180212
002281119075658014030365
003281119075658012010329
004281119075658012140452
006281119075659012170077
009281119075659012100252
001281119075659015010596
008281119075700013020825
003281119075701012040443
001281119075701014010510
002281119075701015030470
004281119075701012180278
009281119075702014020554
008281119075702012100307
003281119075703012060356
001281119075703013010762
001281119075704012030397
004281119075704012160190
009281119075704012090377
008281119075705012120399
004281119075705013030550
006281119075705012090035
003281119075705013010774
001281119075706014010316
009281119075706013020860
008281119075707012100329
004281119075707012160143
003281119075708012030230
002281119075709019110014
008281119075709012100280
009281119075709012100379
001281119075709014010535
004281119075709015030451
006281119075709011000656
002281119075710014030279
001281119075711014010614
003281119075711014010436
004281119075711013030577
008281119075712012100350
002281119075712014030381
006281119075712012060015
002281119075712019050213
009281119075712014020512
001281119075713014010596
004281119075713014030021
008281119075713012120492
003281119075714013010522
009281119075714012120477
001281119075714013010059
004281119075715013030558
006281119075715011000636
008281119075716012100430
002281119075716019020221
002281119075716014030444
001281119075717012040410
003281119075717013010780
004281119075717012130264
009281119075717014020007
009281119075718012090406
001281119075718013010604
002281119075719015030478
008281119075719013020835
009281119075720014020025
004281119075720013030479
001281119075720014010580
008281119075721015020531
004281119075721013030066
006281119075721014030109
003281119075721014010603
009281119075722014020025
001281119075722014010609
002281119075722012180275
008281119075723014020443
003281119075723013010737
004281119075724013030372
009281119075724015020541
002281119075724019050212
008281119075725015020580
004281119075725012180296
009281119075726012100419
002281119075726012160296
003281119075727012060432
008281119075727012110421
008281119075728012090408
004281119075728012160149
001281119075729012040475
002281119075729019030033
009281119075729012080427
004281119075730012150073
003281119075730014010616
009281119075731014020530
002281119075732015030376
008281119075732014020607
004281119075732012180312
006281119075732012120196
008281119075733013020848
009281119075733014020088
006281119075734012130102
004281119075734014030470
003281119075734013010650
008281119075735012080414
009281119075736015020623
002281119075737012170307
006281119075737013020581
004281119075737013030573
003281119075737012050369
004281119075738012170194
008281119075738012080454
002281119075739019050126
002281119075739012130116
006281119075739011000422
001281119075740018010066
003281119075740015010761
001281119075740012020285
009281119075740014020551
008281119075741012070390
004281119075741013030614
006281119075742011000648
001281119075742014010332
009281119075743012120481
004281119075743013030460
001281119075744014010066
008281119075744012100446
004281119075745012180282
008281119075746012120419
002281119075746012160292
006281119075746012020274
009281119075746012090388
003281119075746012020269
001281119075746012040472
009281119075747012090388
002281119075748014030465
003281119075748014010539
009281119075748015020684
008281119075748012070438
004281119075748014030267
001281119075748014010578
006281119075749011000674
004281119075750015030389
001281119075750015010017
009281119075751014020413
008281119075751012110351
004281119075752014030425
003281119075752012020403
006281119075753012020010
008281119075753012090339
009281119075753015020451
009281119075754014020545
004281119075755013030162
002281119075755019020398
001281119075755012030300
001281119075756018010071
008281119075756015020478
006281119075756013010296
004281119075757013030119
001281119075757012010403
009281119075757015020618
003281119075757013010785
002281119075758019110040
008281119075758012070366
006281119075759011000712
003281119075759012030377
001281119075800013010751
002281119075800012170308
004281119075800012150286
008281119075801012090417
001281119075801012020352
003281119075801012020400
004281119075802012150268
009281119075802014020435
001281119075803012020403
009281119075803012090309
008281119075803012090391
002281119075803015030362
004281119075804012170298
002281119075804013030587
002281119075804019050223
003281119075804012050351
002281119075805012170019
008281119075805012080428
008281119075806012070422
001281119075806013010805
004281119075806012150297
009281119075806013020822
009281119075807014020553
003281119075807012050365
002281119075808019100002
002281119075808013030618
001281119075808012040411
008281119075809013020409
002281119075809012160307
004281119075809012130059
003281119075809012020332
001281119075810013010331
009281119075810014020608
009281119075811012110477
002281119075812014030388
002281119075812019010127
004281119075812013030523
003281119075812012030317
008281119075812012090220
006281119075813011000439
009281119075813012080358
002281119075814012140389
003281119075815013010190
004281119075815012130342
002281119075815019060102
009281119075815012110397
008281119075815012090413
001281119075815014010536
001281119075816012040450
002281119075816015030461
008281119075817013020702
004281119075817013030456
009281119075817013020626
002281119075818019040034
002281119075818012140235
009281119075818015020660
003281119075818012020398
006281119075818012170053
004281119075819012180292
002281119075820012170266
008281119075820013020812
003281119075820012020391
001281119075820014010309
009281119075820012070308
004281119075821012130314
001281119075821015030106
008281119075822013020572
002281119075822019040030
009281119075823012110438
003281119075823013010767
002281119075823013030308
001281119075823014010594
001281119075824018010008
002281119075824019060084
003281119075824012010372
004281119075824012140337
008281119075825012090300
004281119075825013030354
009281119075825013020586
006281119075826011000534
002281119075826014030486
003281119075826013010284
002281119075827019030032
004281119075827013030458
001281119075827014010103
009281119075827015020664
008281119075827014020120
004281119075828012150170
003281119075828013010244
008281119075828014020120
001281119075830014010444
004281119075830013030325
002281119075830014030487
009281119075830014020617
008281119075830014020331
002281119075830019060097
003281119075831012050194
006281119075832012020013
002281119075832014030485
008281119075832012100425
009281119075833012080430
004281119075833012170267
006281119075834013020326
009281119075834014020615
003281119075834012060423
008281119075835014020414
001281119075835014010593
003281119075836014010338
004281119075836013030562
008281119075836012080225
006281119075837011000733
009281119075837014020618
004281119075837013030633
001281119075838018010059
001281119075838012050179
001281119075839012060415
006281119075839011000719
002281119075839019020335
008281119075839012070368
003281119075839015010690
009281119075840012120448
004281119075841012180206
008281119075841012110467
003281119075841012050195
001281119075841018010059
006281119075842011000668
001281119075842012060387
004281119075843013030425
009281119075843014020574
008281119075843013020783
001281119075844012010338
006281119075844012010254
002281119075845019050170
008281119075845013020701
003281119075845012060398
004281119075846012150255
006281119075846011000654
009281119075847014020502
001281119075847012050309
009281119075848014020502
002281119075848012140425
008281119075848012080459
003281119075848012010387
006281119075849011000026
001281119075849012020325
003281119075849012010413
009281119075850014020631
006281119075851011000662
008281119075851012070344
002281119075852019060001
003281119075852013010259
001281119075852014010564
004281119075852012130285
006281119075853012050057
001281119075853012020021
008281119075853012100367
002281119075853014030475
009281119075855014020537
006281119075855012080127
004281119075855012130278
003281119075855012020300
001281119075856015010790
008281119075856012070376
002281119075856016000123
003281119075856012030396
004281119075857014030331
008281119075857013020865
001281119075858015100559
003281119075858014010525
001281119075858014010538
006281119075900012050222
009281119075900014020043
002281119075900012130337
004281119075900012170219
003281119075901012060221
008281119075901012110382
001281119075901012010005
009281119075902013020803
004281119075902012160236
006281119075902012160104
003281119075903013010666
009281119075904014020592
008281119075904012090394
001281119075904014010581
002281119075904019050209
006281119075905011000682
003281119075905012030095
004281119075905015020598
001281119075906012050321
008281119075906012100442
001281119075906018010061
009281119075907014020529
002281119075907012170295
006281119075908015090631
009281119075908013020819
003281119075908012010414
004281119075909012130344
008281119075909012100327
003281119075910012030303
002281119075910012160313
001281119075910015010774
009281119075910013020554
002281119075911012140379
009281119075911013020773
008281119075911012120431
001281119075911012040131
003281119075912012020286
002281119075913019020301
001281119075913014010493
008281119075913012100445
002281119075913013030518
009281119075914012070321
004281119075914012140149
003281119075914012030194
008281119075915012090335
001281119075915012010014
006281119075915012130049
002281119075915019050183
002281119075916013030596
001281119075916018010018
003281119075916015010783
001281119075917014010525
009281119075917014020604
008281119075917012070403
006281119075918013010117
003281119075919013010740
004281119075919013030412
008281119075919012110480
001281119075920019010128
008281119075920012110480
009281119075920012110478
002281119075920019040012
008281119075921012120433
006281119075922013020428
009281119075922012100444
001281119075922015010766
004281119075922012160272
008281119075922012120433
002281119075923013030349
001281119075924015100543
009281119075924012110485
008281119075924012070392
006281119075926012090150
008281119075926013020689
009281119075927012090414
004281119075927012170056
001281119075927012070090
006281119075927012120124
008281119075928012090411
004281119075928015030441
002281119075929019040016
001281119075930012030376
004281119075930012170297
008281119075930012090345
002281119075931012150314
009281119075931014020603
008281119075932012100358
001281119075933012010421
009281119075933012070357
003281119075933013010710
004281119075933012170284
001281119075933019030038
003281119075933012020016
001281119075934012020382
004281119075935012130284
009281119075935012110486
002281119075935012150250
008281119075935014020540
004281119075936012130014
008281119075936013020813
002281119075936012170299
003281119075937012040367
001281119075938015010795
008281119075938012120483
009281119075938014020546
004281119075938013030024
002281119075938012140374
002281119075938019050171
004281119075939012140154
009281119075940014020542
001281119075940018010070
006281119075941011000473
004281119075941012130320
008281119075941012070404
001281119075941015010738
009281119075942012120486
002281119075943012130329
008281119075943014020602
009281119075944012120421
003281119075944012060388
002281119075944012130302
004281119075944012130242
008281119075944012090279
009281119075945014020570
002281119075945019010108
004281119075945012170054
006281119075946014020288
008281119075946013020826
001281119075947012040338
003281119075947015010668
004281119075947012150273
008281119075948012080364
006281119075948012150195
009281119075948014020006
002281119075948012140431
003281119075949012030351
009281119075949012070439
006281119075950012110004
002281119075950019050241
004281119075950012140473
002281119075951012140449
008281119075952013020749
001281119075952013010641
009281119075952012080458
002281119075953012170306
006281119075953012010201
004281119075953012140471
003281119075954013010567
002281119075955019050240
001281119075955013010743
008281119075955012120485
004281119075955012180268
002281119075956012180273
006281119075956019100071
004281119075957012150128
001281119075957015010804
008281119075957013020660
002281119075958019040006
009281119075958016000124
004281119075958013030399
006281119075959019100067
002281119075959013030589
001281119075959014010587
004281119080001012130317
002281119080001019110013
002281119080001012130254
006281119080001019100067
004281119080002012160087
008281119080002012080361
003281119080002012050359
009281119080003012090348
002281119080003014030467
002281119080003019110049
009281119080004015020022
009281119080005015020022
008281119080005014020036
004281119080005014030393
006281119080005013010215
001281119080005014010610
003281119080006012010337
002281119080007012130326
009281119080007012120497
008281119080008014020624
009281119080008014020398
001281119080008015010731
002281119080009012160228
006281119080009012010405
004281119080009012160315
004281119080010012140426
008281119080011014020627
009281119080011012110476
002281119080011012130330
006281119080011015020461
002281119080012019040009
008281119080012014020628
004281119080013014030437
009281119080013015020663
002281119080013015030279
004281119080014012170209
006281119080014015020563
001281119080014014010200
002281119080015019050196
008281119080015012120461
006281119080015011000725
003281119080016012010401
002281119080016014030466
009281119080016016000149
002281119080017019050234
004281119080017012160298
003281119080018012020399
008281119080018012120465
006281119080018012050085
002281119080018015030477
001281119080019016000064
009281119080019012090343
004281119080019014030150
009281119080020012120464
003281119080021012010398
008281119080021014020582
002281119080021012180261
009281119080022013020799
001281119080022014010522
002281119080022014030369
004281119080022012140127
003281119080023013010473
004281119080023012150290
008281119080023013020811
009281119080024012090380
002281119080024019020323
006281119080024014020550
001281119080025012040420
008281119080025012090357
004281119080026012170286
004281119080027012170287
009281119080027016000147
003281119080027012030338
002281119080028014030022
008281119080028013020844
009281119080029013020837
008281119080029012070358
004281119080029012140408
001281119080029014010250
002281119080030014030387
009281119080031012100443
004281119080031013030104
002281119080031012180257
008281119080032012090344
003281119080032012050341
001281119080033015010407
009281119080033012090291
008281119080034013020838
004281119080034012140437
001281119080034012020388
006281119080035013030222
001281119080035015010764
004281119080035013030617
009281119080035012070197
002281119080036014030416
008281119080037012080373
004281119080037012170235
009281119080037014020620
009281119080038012110160
006281119080038015030168
008281119080038012120444
002281119080038015030402
002281119080039012180253
009281119080039012110160
004281119080040013030538
008281119080041012090402
009281119080041012110406
002281119080042012130303
004281119080042012170020
001281119080043012020367
009281119080043013020282
003281119080043013010454
001281119080043018010068
004281119080044012130334
001281119080044012010382
009281119080045013020425
008281119080045014020625
002281119080045015030383
008281119080047012110378
001281119080047012010385
003281119080048012030328
003281119080049012030010
004281119080049012130271
001281119080050014010555
002281119080051019050224
008281119080051012070411
009281119080051015020681
004281119080051013030331
006281119080052012060389
001281119080053015010789
004281119080054012170217
008281119080054012100420
009281119080056012110479
004281119080058013030485
009281119080058012080447
001281119080059012050348
008281119080059012070377
002281119080059012140409
002281119080100019040020
004281119080101012160289
001281119080102019030043
003281119080102013010631
002281119080102012180297
008281119080103012070338
004281119080104013030591
009281119080105014020424
004281119080106013030510
002281119080106013030263
003281119080107013010004
009281119080107012090372
001281119080107012020333
006281119080107012020162
008281119080107012100428
002281119080107013030623
001281119080108014010611
002281119080109012160302
004281119080109012130267
009281119080110015020624
008281119080110012120474
004281119080110012020358
002281119080111019020379
002281119080112014030399
008281119080112015020410
002281119080113019020333
009281119080113013020817
008281119080115014020513
002281119080116014030447
001281119080116012060431
002281119080116019040023
004281119080117014030299
009281119080117014020586
008281119080118014020616
004281119080119015030101
008281119080120012080429
002281119080121019030046
004281119080121012160233
008281119080122013020747
001281119080122012010423
009281119080123012100347
006281119080123014010295
004281119080124012150301
008281119080125012110458
006281119080126011000263
008281119080127012080360
006281119080127011000169
004281119080128012170304
008281119080128012080469
009281119080129012120401
002281119080129014030001
004281119080130013030609
001281119080131012060368
008281119080132014020565
006281119080132012010028
004281119080133014030398
008281119080133012110464
001281119080134018010055
001281119080134016000169
004281119080135015030439
001281119080135012060403
003281119080136013010769
009281119080136015020659
002281119080137014030217
004281119080137015030457
001281119080137013010761
008281119080137012080346
009281119080139012080266
003281119080140013010702
002281119080140012170275
004281119080140012160311
008281119080141012110443
002281119080142012140439
004281119080143013030187
004281119080145012140424
006281119080145012160222
002281119080145014030158
001281119080147012050147
002281119080148012180310
006281119080150012060241
004281119080150012160293
002281119080150012130292
003281119080150013010674
006281119080151015020540
002281119080153014030176
004281119080155015030408
002281119080156015030386
008281119080157012110375
008281119080202014020489
004281119080203012170222
009281119080203012080366
001281119080205012030196
001281119080206012030385
001281119080208013010783
006281119080208012030293
003281119080209012050353
008281119080209013020790
004281119080210012180301
006281119080211012060312
008281119080212013020619
008281119080214012120306
001281119080214018010069
003281119080214012060378
008281119080217014020470
002281119080219015030475
002281119080224019060119
003281119080225013010765
004281119080227012150069
002281119080228019020391
004281119080229012180263
001281119080230012030363
009281119080231013020640
001281119080232014010133
004281119080233012170291
001281119080233012150311
001281119080234012150311
004281119080234012180159
002281119080239015030468
002281119080239019060108
002281119080240012140430
006281119080240012030282
002281119080241019060103
003281119080242012010010
002281119080243019060108
001281119080245012030305
004281119080248013030605
009281119080251014020568
004281119080251012150295
009281119080252012070433
004281119080255012140441
009281119080257012070193
001281119080302012060422
001281119080305012030329
008281119080305012080438
004281119080307013030610
003281119080310012050320
008281119080316013020606
003281119080318014010524
008281119080323012100385
001281119080326012040355
001281119080337014010612
001281119080339019060076
006281119080344012030316
004281119080348014030452
008281119080350012090412
009281119080352012090419
002281119080353019010072
008281119080353012090401
001281119080358012050347
009281119080359012070450
002281119080359019090016
008281119080359012070431
002281119080400014030427
008281119080402013020870
003281119080402012010293
009281119080402012090407
002281119080403014030481
002281119080406012140447
008281119080407012090235
003281119080410013010716
002281119080411019010074
009281119080412012090410
008281119080420015020672
002281119080429012150261
003281119080430015010805
008281119080432014020536
009281119080433013020643
004281119080437012140420
004281119080440012160312
002281119080441012150263
002281119080507019010094
009281119080513012120488
002281119080528012170250
004281119080610012180290
004281119080615014030478
004281119080626012130335
009281119080646012090399
009281119080714015020638
009281119080715015020638
002281119080720019020349
001281119080807014010508
003281119080820012010392
008281119080850013020863
001281119080937014010558
001281119080943016000161
006281119081049012010190
008281119081434012120301
001281119081504016000012
001281119081508016000007
001281119081512016000001
001281119081521016000007
001281119081524016000001
001281119081807016000164
001281119081811016000164
001281119081815016000088
001281119081951016000052
002281119082527019010111
002281119082543019010031
001281119082726016000154
001281119082727016000154
002281119082841019010118
003281119084000012020311
002281119085243019010008
008281119085328012120470
002281119090743019090015
001281119091052016000058
001281119092919016000166
004281119093745012180266
002281119125242019030022
004281119125841012180263
002281119130109019060122
002281119130111019060122
004281119130130013030625
001281119132406016000161
001281119134947016000003
001281119134951016000003
001281119135035016000062
001281119135812016000101
001281119135815016000101
001281119140002016000025
001281119140004016000025
001281119140957016000008
001281119141029016000141
001281119141030016000141
001281119141118016000168
001281119142025019020402
003281119152455012020402
009281119155407012100381
002281119155552012130317
001281119155843019110051
008281119155929012120474
001281119162936016010045
001281119162943016010106
001281119163100016010120
004281119163550014030158
009281119165049016000147
008281119165100012070429
008281119165101012080438
001281119165114016000003
008281119165126013020840
008281119165159012090248
001281119165354014010440
008281119165359012090412
001281119165401015010017
001281119165406014010609
001281119165410014010571
001281119165414014010357
001281119165418014010569
001281119165421014010068
001281119165423016000064
001281119165429016000169
001281119165430014010411
003281119165431012060388
001281119165449012060372
001281119165519014010493
001281119165521014010066
001281119165523014010460
001281119165525016000157
004281119165541012150170
001281119165549016000139
001281119165556014010011
001281119165603012010409
003281119165626012010375
001281119165634012010277
001281119165638012010382
001281119165640012020344
008281119165640012090407
009281119165651012070148
001281119165654012010019
009281119165657012090351
001281119165657012010292
001281119165659016000112
001281119165701012010364
006281119165703011000712
001281119165704012010376
001281119165706012020388
001281119165708012010173
003281119165709012060396
008281119165713012090377
003281119165717013010777
008281119165717013020619
003281119165721012050204
001281119165721013010712
001281119165724012010338
001281119165727013010805
004281119165752013030264
003281119165752012010162
003281119165756012040476
001281119165757013010688
003281119165757013010751
004281119165800013030608
001281119165820013010802
008281119165837012090393
002281119165843015030478
001281119165845016010123
002281119165847015030428
008281119165853012120419
003281119165855013010785
008281119165856012120473
009281119165901013020763
008281119165902012120481
001281119165903012010190
009281119165906012120395
006281119165946015090628
001281119165949012010423
001281119165952015010721
008281119165953012120143
008281119165957012100428
008281119165958012120377
009281119165959012120479
009281119170003012120479
008281119170004012120477
009281119170008012120477
008281119170015012090391
009281119170016015020688
009281119170019013020832
001281119170026015010550
008281119170026012120493
008281119170032012120475
008281119170041012120485
009281119170043013020841
008281119170044012120402
009281119170048013020863
008281119170100013020789
003281119170101013010726
001281119170101013010762
008281119170103012120478
008281119170107012090272
009281119170114013020198
009281119170117012080418
008281119170125012120464
009281119170127012120447
004281119170130012150128
008281119170131012120431
009281119170132012120393
008281119170134012120494
009281119170135012120486
009281119170139013020864
008281119170141012120461
008281119170143012120470
009281119170143012120414
009281119170147012090388
008281119170149012090350
008281119170152013020819
008281119170156012120434
009281119170156013020868
009281119170207012120350
008281119170211013020867
009281119170212012120487
008281119170225012120301
008281119170232013020860
008281119170236012120444
009281119170240013020855
009281119170257013020859
008281119170301012080458
009281119170308013020881
008281119170308012120399
009281119170315012120401
003281119170338013010560
008281119170344012080468
009281119170348012120490
008281119170353012120465
008281119170356012080242
009281119170402012090399
002281119170434014030488
008281119170438013020803
008281119170440013020773
008281119170441013020803
008281119170452012080383
009281119170455012090372
009281119170458012120440
008281119170538012080462
004281119170609012160300
008281119170647012110412
002281119170650015030376
002281119170858019020286
006281119171134019100008
006281119171137019100008
002281119173958019010124
002281119175249019060107
002281119175508019020124
001281119175608016010077
004281119175623012170231
004281119175730012170293
002281119175735012140475
002281119175743012180273
002281119175831019020124
002281119180050019010072
004281119180051012130342
001281119180941016000101
001281119180942016000101
002281119181433019010131
002281119181436019010133
002281119181540019030045
002281119181719019020301
004281119181733012150287
002281119181828019090016
002281119182031019040034
002281119182221019020065
001281119182717016010127
001281119182815016010071
001281119183247019010125
002281119183346019010118
002281119183356019010132
002281119183359019090015
001281119183416019060076
001281119183718019060076
002281119183750019060103
002281119183939019010094
002281119184742019050243
008281119184753012090309
002281119184840019010116
001281119185028016000073
006281119185039016010086
001281119185215019010128
008281119185243012090416
009281119185349012090341
003281119185351012020358
009281119185408013020837
009281119185415012070437
009281119185417012090348
002281119185424019040020
008281119185424012090235
001281119185426012010341
009281119185426012080448
009281119185431012070368
009281119185433012070197
008281119185435012070435
009281119185436012080467
002281119185438019040023
009281119185439012090041
008281119185439012070390
003281119185440012020366
003281119185442013010716
001281119185443012040354
003281119185449012060426
008281119185449012080284
003281119185451012060433
008281119185451012080361
008281119185453012080452
008281119185455013020861
008281119185458012100218
003281119185459012030036
009281119185501012070338
008281119185502012100047
001281119185503012010408
003281119185504013010575
003281119185505012020016
008281119185505012100307
002281119185505019040030
009281119185505013020685
009281119185506012070438
002281119185506019040030
009281119185508012080017
008281119185508012100350
003281119185509013010215
008281119185509012100350
002281119185509019040006
009281119185509012080114
009281119185511013020411
008281119185512013020767
008281119185513013020824
009281119185513012070236
009281119185514012080453
002281119185515019040028
009281119185516013020833
008281119185516013020843
009281119185518013020644
008281119185518013020651
008281119185519012100420
008281119185521013020850
009281119185521012120392
009281119185523012090406
008281119185524013020838
008281119185525012100418
009281119185527012100323
008281119185527013020821
008281119185529012070426
009281119185529012100323
008281119185531013020825
009281119185531012100323
008281119185532012100280
008281119185534012100358
009281119185534012100425
002281119185535019060001
001281119185536012010170
008281119185536012100367
003281119185538012060421
008281119185538013020536
009281119185538013020542
008281119185540012100284
009281119185541012090375
009281119185542012100327
008281119185542012100411
009281119185545012080427
008281119185545012100364
009281119185546012080461
008281119185548013020769
009281119185549012100223
008281119185549013020701
006281119185549011000666
009281119185552013020831
008281119185552012080454
008281119185555013020683
008281119185556013020874
006281119185556013020581
009281119185556013020808
006281119185558013020412
008281119185559013020749
009281119185559012090017
009281119185600013020606
008281119185601013020572
009281119185601013020606
008281119185603013020836
009281119185603012080425
001281119185604012020306
004281119185605012170275
006281119185605013020326
008281119185606013020844
009281119185606012070010
002281119185607012160292
001281119185607013020180
009281119185607013020848
006281119185608013020543
002281119185609012140430
009281119185610012120306
008281119185610013020835
009281119185611012120306
002281119185612012160259
001281119185612018010069
009281119185612012110160
002281119185613012160302
009281119185613012110160
008281119185613013020795
003281119185615012020376
008281119185615013020851
006281119185616013020240
009281119185616015020640
008281119185617012070422
009281119185617012120421
002281119185618019040012
009281119185619012070415
006281119185619013020241
008281119185620012090394
001281119185620018010065
009281119185621012090420
008281119185621013020878
008281119185623012100312
009281119185623012070444
008281119185625013020790
009281119185626013020692
008281119185627012100201
001281119185627018010048
003281119185628013010781
002281119185628012160253
009281119185628013020017
008281119185629013020397
008281119185630013020397
009281119185630013020810
003281119185631012010011
009281119185632012080431
008281119185632012090411
001281119185632018010018
003281119185633013010682
008281119185634012100318
001281119185634018010018
003281119185635012030276
001281119185635012020228
009281119185635012070440
003281119185638013010001
008281119185638012090402
001281119185638018010068
004281119185639012160215
003281119185639013010014
008281119185640012090357
009281119185641012070264
003281119185642013010662
003281119185643013010426
008281119185643013020255
001281119185643018010047
002281119185644012160222
009281119185644013020643
008281119185644012090279
004281119185645012130250
009281119185645012070439
003281119185646013010625
001281119185646013020226
008281119185647012090345
003281119185648013010774
009281119185648013020532
002281119185649013030541
001281119185649018010067
002281119185651013030630
003281119185651012040397
009281119185651012100385
008281119185651013020562
003281119185653013010520
009281119185653012070417
008281119185653012080459
001281119185654012010201
003281119185654013010808
003281119185656012020391
008281119185656012100445
001281119185657012030350
004281119185657013030606
003281119185658013010727
008281119185658013020154
001281119185659012030010
003281119185700012040443
004281119185700013030504
003281119185701012050210
002281119185701012180106
001281119185701012030363
008281119185701012070344
004281119185702013030458
009281119185702012070407
008281119185702012080373
003281119185703013010759
001281119185703012020345
002281119185704012130264
001281119185704013010604
001281119185705012040450
004281119185705012130059
009281119185705012070357
008281119185705012090404
001281119185706013010804
003281119185706013010780
004281119185707013030507
009281119185707015020620
008281119185707013020865
002281119185708012130329
003281119185708013010793
009281119185708012080358
008281119185708012070441
001281119185709013010798
004281119185709013030646
002281119185710012130330
008281119185710013020865
003281119185711012020399
003281119185712013010769
004281119185712012140456
001281119185712012030376
009281119185713013020504
008281119185713013020681
004281119185714013030460
002281119185714013030509
001281119185715013010747
003281119185715013010758
004281119185715012130280
008281119185715013020849
002281119185716012130288
009281119185716013020282
004281119185717013030535
003281119185717013010770
004281119185718012160256
001281119185718013010797
008281119185718013020812
009281119185718013020703
002281119185719012130271
003281119185719013010737
009281119185719015020669
001281119185720013010743
004281119185721012150073
008281119185721013020674
009281119185721012070433
006281119185721013020274
003281119185722012060364
001281119185722012040462
001281119185723013010783
004281119185723013030412
006281119185723012020340
001281119185724013010761
009281119185724012100006
003281119185725012060221
002281119185725013030592
008281119185725013020747
004281119185726012170291
001281119185726012040461
003281119185727012060015
009281119185727012080123
008281119185727012070410
002281119185728012130279
001281119185728012040472
004281119185728013030571
003281119185728012030316
001281119185729012050308
008281119185729015020679
004281119185730013030622
009281119185730012080343
003281119185731013010666
002281119185731013030649
004281119185732013030629
002281119185732012170299
003281119185733012010401
001281119185733012040464
008281119185733013020811
009281119185733012100252
004281119185734013030644
008281119185734012120482
002281119185735012150278
003281119185736013010787
004281119185736013030448
001281119185736012030381
009281119185736012090423
008281119185737013020660
003281119185739013010791
004281119185739013030399
001281119185740012060403
008281119185740013020409
002281119185740019020273
002281119185741013030631
003281119185742012050266
008281119185742013020781
004281119185743013030066
003281119185743012060166
001281119185744012020383
004281119185744012140167
002281119185744012170308
008281119185744015020545
003281119185745012040376
009281119185745012100443
004281119185746013030523
002281119185746012140424
003281119185747012060229
004281119185747013030496
008281119185747013020702
004281119185748013030577
001281119185748012060253
002281119185748013030441
009281119185748012100224
003281119185749012030342
002281119185749012160279
008281119185749012080419
004281119185750013030479
006281119185750013010015
002281119185751013030619
004281119185751013030024
009281119185751012100416
002281119185751019110027
002281119185752012140409
003281119185752013010550
004281119185752013030469
009281119185752012100416
001281119185753018010061
008281119185753012100394
002281119185754012140408
009281119185754012080078
003281119185755013010365
004281119185755012130314
002281119185756013030551
008281119185756012100429
001281119185757013010641
004281119185757013030443
001281119185757018010055
003281119185758012050194
002281119185759013030639
008281119185759012120483
002281119185800012180272
004281119185800012170268
002281119185800019050223
003281119185801012040353
008281119185801012120492
004281119185802013030425
002281119185803012140388
006281119185803013030003
003281119185804012030256
008281119185804013020813
002281119185805012130339
009281119185805012120476
006281119185805013030176
004281119185806012140429
003281119185806013010244
001281119185806018010054
004281119185807013030633
002281119185807013030648
001281119185808012020111
008281119185808013020689
009281119185808012070447
003281119185809013010733
006281119185809013030199
002281119185810013030592
004281119185810013030624
002281119185811012170019
003281119185811013010732
008281119185811013020554
001281119185811018010066
004281119185812013030356
009281119185812012080447
002281119185813012170277
003281119185814013010259
004281119185814012170257
001281119185814012030399
009281119185814012070442
008281119185814013020574
004281119185815013030104
003281119185815013010724
001281119185815018010071
002281119185816012130276
001281119185816013010542
009281119185816013020188
008281119185816013020766
002281119185817014030426
002281119185818012130295
003281119185818013010601
004281119185818013030119
009281119185818012100444
001281119185818018010070
008281119185819013020870
002281119185820013030638
003281119185820013010693
004281119185820013030558
009281119185821012070387
008281119185821013020468
002281119185822013030398
004281119185823013030354
003281119185823013010650
008281119185823013020826
001281119185824012040446
004281119185824013030508
006281119185824013010117
009281119185824012070244
002281119185825012150190
001281119185825013010460
003281119185826013010772
004281119185826012180144
002281119185826012130284
008281119185826012080360
001281119185826018010008
009281119185827012100257
003281119185828012050307
004281119185828013030222
006281119185828012010028
001281119185829012040446
008281119185829012080364
004281119185830013030386
002281119185830012170307
001281119185830018010059
003281119185831012030389
002281119185831012140235
009281119185831012090267
001281119185832012050179
004281119185832013030379
008281119185832013020438
004281119185833013030516
003281119185833013010771
001281119185833018010059
008281119185834013020748
009281119185834012100449
004281119185835012180301
001281119185835012030349
002281119185835012170266
003281119185835012030396
001281119185835018010072
003281119185836012050356
001281119185836013010454
004281119185836012130242
008281119185837013020387
002281119185838012170307
004281119185838012160298
003281119185838012050307
001281119185838012050225
009281119185838012090220
004281119185839012180301
009281119185839012090220
002281119185840012160228
003281119185840012030327
001281119185841012040410
006281119185841012020274
004281119185842012150255
003281119185842015010792
008281119185842012080163
009281119185842012070428
001281119185843013010331
003281119185843013010392
002281119185843012180261
004281119185843013030565
008281119185843012080424
006281119185844012160021
002281119185844019030032
003281119185845013010739
002281119185845013030642
009281119185845013020822
001281119185846013010734
004281119185846012170290
003281119185847012040192
006281119185847012050057
002281119185848013030647
001281119185848012030196
004281119185848013030634
008281119185848012120196
003281119185849013010654
001281119185850012040355
004281119185850012170279
001281119185850019030038
003281119185851013010624
009281119185851013020817
002281119185851019060084
002281119185852012150274
001281119185852015010758
008281119185852012110467
004281119185853012180276
001281119185853012030300
009281119185853013020822
002281119185853019020379
003281119185854013010413
002281119185854012130319
001281119185855012020380
004281119185855012130285
002281119185855019030025
003281119185856012030401
008281119185856012110474
004281119185857012130335
009281119185857012080430
001281119185858012030305
002281119185858019030046
008281119185858012090408
004281119185859012180220
003281119185859012060427
002281119185900012130312
006281119185900013010151
002281119185900019030032
008281119185900012110484
009281119185900012070308
004281119185901012170193
001281119185901012060005
008281119185902012120425
009281119185902012080464
002281119185903013030510
003281119185903013010577
001281119185904013010035
002281119185904012130290
009281119185904012110488
008281119185904013020823
004281119185905012140462
002281119185905019030042
004281119185906012140465
003281119185906013010702
001281119185907012040475
002281119185907012130302
008281119185907012090300
004281119185908013030573
001281119185909012050360
004281119185909012140461
003281119185909013010580
008281119185909013020758
001281119185910012040411
002281119185910012150314
003281119185912013010710
004281119185912012150318
001281119185912012040405
002281119185912012180271
008281119185912012090330
003281119185913012020389
002281119185914012150091
004281119185914012150268
001281119185915012050217
008281119185915013020067
009281119185915012080220
004281119185916012170056
003281119185916013010606
002281119185916012170250
002281119185917012140363
009281119185917012080463
001281119185919012020333
003281119185919012040273
009281119185919012080469
008281119185919013020428
004281119185920013030162
002281119185920012130102
001281119185920012050222
003281119185921012050369
004281119185922013030607
009281119185922012080413
008281119185922013020793
002281119185923012180257
003281119185924012050359
001281119185925012010010
004281119185925012150311
008281119185925012100431
006281119185926012150195
003281119185927012040414
004281119185927013030440
003281119185928012040454
001281119185928012010400
001281119185928012040131
008281119185929012100431
002281119185930012130116
001281119185930015010717
004281119185930013030609
006281119185930012010254
003281119185931013010794
009281119185931013020880
008281119185931012080428
009281119185933012090291
002281119185934012130336
004281119185934013030331
003281119185934012020288
002281119185934019080001
004281119185935013030576
003281119185936015010751
009281119185936013020866
002281119185937012140472
003281119185938012050028
008281119185938012110354
004281119185939013030538
006281119185939012130091
002281119185940012150102
003281119185940012030386
008281119185940012070421
004281119185941012180275
001281119185941012060241
004281119185942012170219
002281119185942012150290
008281119185942012080225
003281119185943013010672
004281119185944012160231
009281119185944012070431
008281119185944012120242
002281119185945012150069
003281119185945013010807
002281119185947012130165
004281119185947012180171
008281119185947013020068
003281119185948012020392
002281119185949015030463
009281119185949012080470
004281119185950012130214
006281119185950012130091
002281119185951012180308
001281119185951015010738
003281119185951013010651
008281119185951012120427
009281119185951012080470
002281119185953012180275
004281119185953012150198
003281119185953013010294
009281119185953012100416
008281119185953013020610
003281119185955012030400
002281119185955012150294
009281119185955012100416
002281119185955019020061
004281119185956012150295
001281119185956013010479
008281119185956012090302
009281119185956012120484
002281119185957012180157
001281119185958013010059
002281119185958015030426
002281119185959015030431
003281119185959013010800
009281119190000012110489
001281119190001012040470
004281119190001012160149
008281119190001013020877
003281119190002013010529
004281119190003012160289
009281119190003012110438
002281119190004012130286
003281119190006013010768
004281119190006012180159
001281119190006015010763
003281119190007013010646
004281119190007012150286
009281119190007012090380
006281119190008012020037
003281119190009012060356
002281119190009012160275
004281119190010012170304
001281119190010015030454
001281119190011012040417
002281119190011012160272
004281119190011012180282
003281119190012012040406
004281119190014015030467
003281119190014013010505
002281119190014012160243
003281119190016012040466
009281119190016015020013
004281119190017013030545
008281119190017012110087
002281119190019012180305
003281119190019012060423
004281119190019012180258
004281119190021013030348
003281119190021013010522
002281119190021015030459
008281119190021012110353
009281119190022012120448
001281119190023012060368
002281119190023012150263
004281119190023013030372
001281119190025012040471
004281119190025013030346
002281119190026012160296
009281119190027012120454
002281119190028015030471
001281119190028013010677
004281119190028013030506
009281119190028012120454
009281119190029012120454
008281119190029012080375
002281119190030012160275
004281119190031012170054
009281119190031012120415
002281119190032013030623
004281119190033013030084
002281119190033012140439
002281119190035012160313
004281119190036013030530
002281119190037013030587
004281119190038013030366
002281119190039013030263
003281119190039012030303
004281119190039013030591
001281119190039012050309
008281119190040012080345
004281119190041013030456
002281119190042013030589
003281119190043013010795
004281119190043012150297
004281119190044012130120
002281119190044012150273
008281119190044012070411
006281119190044012090035
004281119190045013030603
002281119190046012160307
003281119190046013010190
004281119190047012180158
002281119190048012140389
004281119190048012140437
009281119190048015020668
001281119190049012040438
003281119190050013010009
009281119190050015020671
004281119190051012150293
002281119190051012180297
003281119190051012030261
008281119190052012080380
004281119190053012130075
002281119190053015030434
009281119190053015020502
003281119190054012060381
001281119190054012050321
001281119190055012050195
009281119190055015020029
003281119190056012030328
004281119190056012150100
001281119190056015100557
009281119190057015020677
003281119190058012040437
002281119190058012170298
001281119190058015100560
003281119190059012020137
004281119190059012150098
001281119190059013010021
001281119190059015100560
002281119190059019050029
008281119190100012110223
004281119190101012180185
009281119190101015020386
001281119190102015100561
004281119190103013030636
002281119190103012170195
009281119190104015020568
001281119190105012040338
003281119190105012040452
008281119190105012120199
002281119190106012150201
004281119190106013030636
003281119190106012030095
001281119190106015100556
001281119190108012040355
003281119190109012050311
002281119190109014030470
004281119190109012180292
009281119190109012070366
003281119190110013010631
004281119190110014030437
009281119190110012070366
003281119190112013010321
002281119190112012140447
008281119190112012080266
003281119190113012050303
004281119190113012130049
001281119190113015100543
008281119190114012070414
001281119190115015100559
004281119190116012160136
009281119190116015020687
003281119190117012030282
001281119190117015100551
002281119190118012140441
004281119190119012160271
003281119190120012060374
002281119190121012180268
001281119190122012050279
004281119190122012180284
009281119190122015020451
003281119190123013010735
002281119190124012170264
003281119190125012050334
004281119190125012160163
008281119190126012080304
004281119190128012170292
009281119190128015020678
002281119190129012130334
008281119190131012080346
004281119190132012160287
004281119190133012140426
008281119190133012080429
002281119190135012140458
003281119190135012060410
009281119190135012080414
003281119190136012030355
002281119190136012150309
004281119190137013030610
004281119190138012130320
008281119190138015020660
003281119190139012050009
002281119190139012150249
009281119190139012070382
004281119190140012150319
009281119190140012070382
002281119190141012160306
004281119190143012160114
001281119190144012030404
004281119190145015030356
002281119190146019110040
009281119190148015020624
004281119190149013030605
002281119190151012130326
008281119190151012080466
004281119190152012150196
002281119190154019030047
001281119190154013030157
004281119190155012160233
002281119190155012130322
009281119190155013020778
003281119190156015010704
004281119190158012170258
004281119190201013030240
003281119190201015010690
002281119190202012170295
008281119190202012080394
006281119190203012020010
001281119190204013010549
002281119190206015030423
008281119190206013020706
001281119190207012020325
009281119190208012080297
003281119190209015010769
008281119190213012080396
004281119190214012150301
002281119190215019020095
004281119190218012150260
004281119190220012170127
002281119190221012140452
002281119190221019040033
009281119190222015020623
003281119190224012040467
003281119190225013010695
004281119190225012140466
004281119190227012160285
003281119190227012050354
004281119190230012160293
003281119190230012010405
003281119190234013010567
004281119190234015030445
002281119190237012140379
003281119190238012040445
003281119190240012040477
004281119190240012130210
002281119190241019020323
008281119190242012070090
003281119190243012040373
004281119190244012180290
002281119190246019040032
001281119190247012010403
003281119190248012040447
004281119190255019050164
003281119190255012050353
008281119190256012080457
003281119190258012030366
004281119190258012150171
003281119190301012060359
002281119190301019020079
003281119190302012050320
008281119190304012080135
002281119190305019040015
003281119190306012040300
002281119190308012160230
003281119190308012030230
001281119190309015010791
003281119190311015010794
004281119190311012180307
003281119190313012060414
008281119190313012080007
004281119190317012160134
004281119190319012160236
001281119190320013010023
006281119190322012080131
001281119190325012050285
001281119190325019020149
009281119190330012120491
004281119190334013030641
001281119190337012020324
003281119190339012060387
004281119190340013030246
004281119190348012140337
004281119190350013030466
008281119190352015020680
004281119190354012140470
004281119190358013030614
009281119190358012070376
003281119190359012050123
001281119190402015010766
004281119190403012140422
001281119190406012060415
004281119190408012140149
002281119190419013030518
004281119190419013030617
008281119190421012100424
001281119190422012020322
002281119190424012170271
004281119190430012160311
001281119190430012050234
009281119190431012100169
004281119190433012140435
002281119190437019020383
002281119190441012160312
002281119190441019020318
003281119190445013010296
002281119190446019020318
004281119190447012130343
002281119190455012140474
004281119190457012130341
001281119190500012020086
009281119190500015020666
003281119190501012060331
001281119190512012050147
002281119190516019050164
008281119190519012080456
002281119190520019020150
008281119190522012080189
003281119190548012030293
002281119190612019020127
003281119190613012050341
001281119190616013010213
002281119190648019040016
001281119190654015010784
001281119190656015010753
008281119190658012100347
004281119190659012140460
004281119190722012140473
002281119190735019070038
002281119190741019040009
002281119190746019070014
003281119190750013010515
002281119190751019020260
008281119190753012100434
004281119190830012180260
002281119190851019050183
002281119190854019010119
004281119190902012160075
002281119190918019020397
002281119190948019050230
004281119191005012180312
004281119191014012160190
009281119191020019020387
009281119191023013020797
008281119191045013020599
001281119191148012050358
003281119191200012050350
002281119191307019020392
002281119191320019060102
002281119191549019020394
002281119191657019040035
002281119191756019020393
002281119191805019050212
002281119191858019040024
002281119192004019020391
002281119192024019020212
002281119192142019050184
002281119192308019110014
001281119192335012010410
001281119192441016000003
001281119192443016000003
001281119192553016000168
001281119192555016000168
004281119192839012180299
001281119193044016010100
001281119193045016010100
001281119193047016010131
002281119193105019050239
001281119193106016010032
001281119193111016010095
001281119193117016010032
001281119193120016010122
001281119193139016010073
001281119193143016010119
001281119193147016010124
001281119193204016000008
001281119193243016010050
001281119193248016010105
001281119193254016010084
001281119193259016010048
001281119193307016010084
001281119193311016010080
001281119193316016010121
002281119193320019050091
001281119193323016010079
002281119193325019050224
001281119193325016010130
002281119193329019050214
001281119193336016010056
002281119193406019050209
008281119193423016010129
001281119193553016010128
001281119193558016010110
002281119193700019050234
002281119193903019020103
002281119194057019010008
004281119194113019020180
004281119194243019030043
001281119194330016000025
001281119194332016000025
002281119194415019050242
001281119194420019030043
002281119194435019110048
002281119194441019050242
002281119194814019050238
002281119194818019020221
002281119194821019050126
002281119194824019050241
002281119194829019050112
009281119194832014020631
009281119194857014020620
009281119194900016000124
009281119194905016000149
009281119194906015020644
008281119194909014020404
009281119194919012090419
009281119194923015020652
009281119194926015020604
008281119194927014020443
008281119194930014020597
009281119194931015020667
009281119194933014020554
008281119194933014020574
008281119194935014020416
009281119194936015020643
009281119194937015020674
008281119194938014020624
009281119194939015020647
009281119194942014020625
008281119194942019050094
009281119194945014020607
009281119194948014020562
009281119194951014020626
002281119194952019050225
009281119194954014020565
008281119194954014020502
009281119194955014020582
008281119194957015020410
009281119194958013020515
009281119195001014020523
008281119195003014020602
008281119195004014020628
009281119195004015020057
009281119195007014020288
009281119195009014020623
009281119195013014020331
009281119195015014020606
008281119195016014020594
008281119195018014020616
009281119195018014020622
009281119195019013020783
008281119195021013020761
009281119195022015020683
008281119195023014020536
009281119195025012070450
008281119195026012090417
009281119195027013020818
009281119195029014020553
009281119195032013020626
008281119195033014020511
009281119195034014020351
009281119195035014020351
009281119195036013020460
009281119195040014020619
001281119195041014010200
008281119195041015020591
009281119195042014020630
008281119195044014020489
009281119195044015020531
008281119195046015020635
009281119195047015020641
009281119195049014020504
008281119195050015020199
008281119195052014020627
009281119195054015020684
008281119195055014020486
009281119195057014020417
008281119195058014020470
009281119195059015020638
008281119195101014020581
009281119195101014020540
009281119195103015020675
001281119195105014010570
008281119195106014020525
009281119195106014020501
001281119195108015010800
009281119195109015020685
008281119195110015020658
009281119195112012070006
009281119195115014020513
001281119195117014010587
009281119195118015020663
001281119195121014010432
009281119195121015020461
008281119195122014020020
009281119195123015020540
009281119195125014020550
009281119195127014020611
008281119195128014020618
001281119195130014010103
009281119195130014020634
009281119195131014020634
003281119195134012040346
001281119195139014010502
008281119195145014020634
009281119195146015020646
008281119195151015020646
002281119195151019050026
008281119195210015020657
004281119195216015030451
002281119195216019030049
004281119195219015030451
002281119195230019020346
003281119195249012050313
009281119195308012080366
009281119195311013020862
009281119195314013020883
008281119195323012070193
001281119195324015010737
001281119195325014010444
001281119195328012010419
001281119195331015010737
009281119195345015020659
002281119195352019050128
003281119195353015010805
009281119195358015010696
009281119195402015020676
003281119195403013010730
009281119195404012070448
003281119195406013010674
008281119195406012120368
009281119195408012070449
008281119195408012120368
008281119195411012120124
009281119195412014020120
009281119195413014020120
001281119195414012020352
008281119195414012120412
001281119195417013010006
001281119195421012020385
008281119195421012100134
008281119195425012120433
009281119195431014020633
003281119195434012010377
001281119195434012010348
009281119195434014020092
001281119195438012010387
009281119195438012120489
003281119195439012030397
001281119195443012020285
009281119195443014020615
001281119195445012010392
001281119195454012010247
001281119195455012010415
001281119195458012050343
003281119195501012020381
008281119195502012090413
003281119195509015010687
009281119195509014020617
001281119195511014010338
003281119195511013010740
002281119195512014030471
001281119195514014010605
001281119195516014010616
001281119195519015010407
003281119195519012010393
001281119195521012020382
003281119195523012020393
009281119195523012070377
009281119195525012070392
003281119195526012050254
009281119195529012070443
001281119195533015010789
002281119195535019100061
008281119195535012090422
003281119195537012050310
003281119195539013010284
009281119195539012110178
008281119195539012070384
003281119195542012010237
009281119195542012110397
003281119195545013010806
001281119195546012020368
008281119195546012070445
001281119195549012020286
003281119195551012030266
001281119195554015020500
003281119195554012010398
003281119195558013010803
002281119195601014030480
002281119195602019060003
003281119195605012020400
009281119195605012070432
003281119195607012020390
003281119195609012010414
001281119195610012060349
003281119195611012010422
001281119195612015010001
002281119195613013030349
001281119195614012060397
003281119195615012010355
002281119195615014030456
008281119195615012110410
003281119195617013010776
004281119195622014030456
002281119195622012130263
009281119195626012110375
002281119195627014030475
008281119195628012090396
004281119195629012130327
004281119195633014030475
004281119195641014030096
008281119195643012070360
003281119195644012020403
004281119195644014030055
001281119195645014010332
003281119195646012010309
008281119195647012110487
001281119195648014010457
002281119195650014030444
008281119195650012110480
003281119195651012020300
009281119195652012080408
002281119195653014030476
008281119195653012110487
003281119195655012020279
002281119195657013030618
002281119195700014030416
001281119195701014010615
002281119195703014030381
001281119195703014010264
009281119195703012110482
008281119195703012100329
002281119195705014030325
001281119195705014010617
004281119195705014030478
003281119195707012010413
002281119195707014030077
001281119195707014010510
004281119195707014030476
008281119195707012100430
001281119195708014010607
002281119195709014030424
004281119195710014030425
001281119195711012010014
002281119195712015030442
004281119195713014030393
001281119195714012060095
003281119195714012010372
002281119195714012130263
002281119195715012140405
004281119195716014030325
002281119195717015030279
001281119195718015010785
002281119195718019020353
002281119195719015030187
004281119195719014030334
009281119195720013020586
002281119195721014030489
004281119195721012130316
002281119195723014030453
009281119195723012070427
001281119195724012040458
008281119195725012090401
004281119195726012180249
002281119195726015030461
001281119195727015010790
002281119195728012170309
004281119195728014030454
009281119195728014020592
001281119195729015020563
002281119195729014030484
003281119195730013010799
008281119195730012100405
004281119195731014030305
002281119195731012130338
009281119195731012120354
004281119195732013030485
001281119195732015010678
002281119195733012150226
009281119195733015020022
001281119195734012020121
004281119195735015030246
008281119195735012070358
009281119195735012100379
004281119195736012130014
002281119195736014030336
004281119195738015030343
001281119195738015010764
003281119195738012010389
004281119195739015030371
003281119195739013010653
009281119195739012070331
002281119195740014030390
004281119195740012130223
001281119195740012030365
004281119195741012180046
002281119195742014030336
003281119195742013010765
001281119195742014010003
002281119195744015030389
001281119195744015010802
004281119195744014030150
009281119195744012100432
003281119195745012010329
009281119195746012110478
002281119195747015030101
004281119195747014030438
001281119195747015010795
008281119195747012090333
006281119195748011000263
004281119195749012180296
002281119195749015030410
004281119195750015030438
003281119195750013010270
009281119195750012110443
001281119195751014010492
008281119195751012100446
006281119195751011000263
009281119195751012110406
004281119195752012140420
003281119195753013010714
009281119195753012110409
004281119195754015030439
002281119195754015030402
001281119195754013010358
003281119195756012020002
001281119195756014010316
002281119195756015020598
001281119195757014010565
009281119195757012090414
002281119195758015030244
001281119195759012050348
003281119195800012030344
009281119195800012070321
004281119195801015030439
002281119195801014030087
001281119195801015010796
001281119195802014010538
004281119195802012140420
008281119195802012080127
003281119195803012050364
009281119195803012110437
001281119195804014010537
004281119195804015020655
002281119195804014030452
008281119195805012070403
001281119195806014010157
003281119195806012030390
004281119195806012170218
002281119195807015030476
001281119195808014010614
004281119195808014030087
008281119195808012090383
001281119195809014010555
004281119195810012170073
001281119195810015010807
003281119195810012060312
009281119195810015020541
001281119195812014010548
003281119195812012010337
001281119195813014010578
001281119195815014010575
002281119195815015030461
001281119195816012040426
008281119195816012090400
001281119195819013010446
002281119195819015030383
003281119195820012050213
001281119195821013010011
003281119195823012060259
001281119195823012020013
002281119195823015030475
009281119195825012070187
001281119195826012020269
002281119195826015030395
001281119195828012050344
002281119195828015030466
003281119195828012060389
008281119195828012110378
001281119195830014010612
002281119195830015030477
003281119195830015010780
004281119195831012150271
008281119195832012100398
001281119195833012060383
002281119195834013030584
004281119195834013030071
001281119195835012030368
009281119195835015020577
003281119195836012030335
001281119195837014010536
008281119195837012090344
001281119195839012060416
008281119195839012110378
003281119195840012010420
001281119195841012010340
002281119195841019050237
002281119195842015030262
008281119195842013020858
003281119195843012040423
001281119195844012040293
002281119195844019050205
003281119195845012020162
008281119195845012100380
001281119195847014010563
003281119195847012060400
008281119195847012100334
001281119195848014010539
003281119195849014010053
002281119195850014030356
001281119195850012030304
008281119195850012100322
001281119195852014010524
003281119195852012050315
002281119195852012180287
009281119195852015020535
008281119195852012110404
001281119195853014010295
004281119195853012130282
001281119195855012040465
004281119195856012170178
003281119195857015010798
001281119195858015010731
004281119195858012140444
003281119195859015010682
001281119195859014010603
008281119195859012100442
001281119195901013010347
002281119195901012140468
004281119195901012140463
003281119195903012020367
001281119195904014010241
004281119195904012140043
003281119195905013010004
002281119195905012140449
008281119195905012110164
001281119195906014010424
004281119195906015030443
003281119195907012030353
001281119195908014010208
004281119195908012170222
008281119195908012100442
002281119195909014030459
003281119195909012060007
004281119195910015030408
001281119195910014010267
004281119195911012140434
001281119195912012030352
003281119195912012060309
001281119195913014010604
002281119195914019050220
002281119195915013030563
001281119195915012030352
001281119195916014010525
004281119195916012130205
008281119195916013020738
003281119195918012060420
009281119195918012090343
001281119195919015020469
002281119195919012140148
004281119195919012140127
003281119195919014010604
004281119195921012140471
002281119195921012140425
001281119195921014010526
008281119195921012110351
009281119195922012110485
003281119195923012060379
004281119195923012160315
001281119195923015010787
001281119195924012050224
008281119195924013020721
004281119195925014030398
001281119195926012060407
003281119195926012010385
001281119195927015010752
003281119195928012060360
004281119195928012150241
008281119195929013020753
003281119195930013010473
001281119195930012030329
001281119195930012060405
004281119195930015030106
004281119195932013030550
008281119195932013020852
001281119195933012040209
002281119195933019060115
003281119195934012010293
004281119195935012150283
008281119195935015020478
001281119195936012050367
001281119195937012040433
002281119195937019050228
003281119195939012030338
001281119195939015010615
002281119195939012150135
001281119195941015010783
002281119195941012150108
004281119195942013030562
002281119195943012180253
008281119195943013020755
001281119195944014010613
001281119195946014010584
004281119195946014030056
008281119195946013020726
003281119195947014010436
001281119195948014010598
008281119195949012110416
003281119195951012060432
004281119195951012130305
001281119195951012030361
002281119195952012180253
008281119195952012100436
004281119195954012130345
003281119195955012060434
002281119195955015030458
001281119195956012050347
008281119195956012110455
004281119195957014030299
002281119195957019050170
001281119195958012010361
003281119195958012040382
004281119195959014030174
008281119195959015020580
004281119200001012140457
009281119200001013020820
001281119200002012040444
008281119200002012090339
009281119200002013020869
001281119200003015010797
004281119200004012170144
003281119200005012060398
009281119200005012100450
001281119200006012030372
003281119200008012050368
001281119200008015010693
009281119200009015020618
002281119200010013030596
001281119200010015010804
002281119200010019050195
008281119200011012100403
004281119200012012180212
009281119200012013020723
001281119200013012030329
003281119200014012020311
004281119200015012180278
001281119200015015010632
009281119200015012110479
004281119200017012150303
003281119200017012040469
001281119200017015010596
008281119200017013020723
004281119200019012180262
009281119200019012120488
001281119200020015010761
003281119200020013010788
004281119200021012170267
009281119200021013020857
001281119200022012020021
003281119200022012040459
004281119200023012150310
009281119200023012090379
003281119200024013010541
001281119200024015010786
008281119200026013020876
003281119200027012040337
009281119200027015020654
004281119200028015030465
001281119200028012040222
008281119200028013020780
001281119200029015010632
004281119200030015030457
001281119200031015010797
008281119200031015020686
001281119200032015010693
002281119200032012140445
004281119200033015030112
009281119200034012090405
009281119200036012090405
001281119200038012040403
003281119200039012060353
004281119200042012150307
001281119200042015010774
008281119200044012110151
004281119200045012170284
008281119200047012110446
001281119200049012010421
004281119200049012170306
008281119200050012110400
001281119200052012020332
004281119200052012160301
008281119200052012110461
003281119200054012030317
004281119200054015030306
001281119200055014010581
004281119200056015030437
003281119200057012050345
004281119200057012160301
001281119200058015010788
003281119200100012050366
002281119200100012150304
004281119200100012170280
008281119200100012090368
001281119200101012040478
004281119200101012170209
001281119200102012030387
009281119200102015020681
003281119200103012040473
009281119200105012100439
008281119200105012110414
009281119200107012110486
003281119200108012030351
009281119200108012110486
002281119200108019020373
004281119200109012160310
009281119200110012110477
001281119200111015010692
008281119200111012110382
003281119200112012050351
004281119200112014030440
003281119200113012020404
008281119200113012110421
009281119200113012090150
001281119200114012030377
003281119200116012050238
002281119200116012160012
009281119200116012090335
001281119200117012060422
008281119200117012110464
003281119200118012050085
002281119200119012160012
009281119200119012110424
009281119200120012110483
004281119200121012180206
008281119200121015020664
008281119200123012110367
003281119200125012060428
009281119200125012110377
004281119200126012180251
009281119200127015020664
003281119200128012050365
002281119200129015030247
003281119200130012030402
002281119200131015030362
002281119200133015030470
002281119200136012130337
003281119200136012060384
001281119200137012030333
003281119200142012060363
004281119200142012150270
002281119200144012140086
008281119200147012110297
001281119200148012030385
002281119200150012160280
001281119200150014010580
002281119200150019050216
004281119200151012170253
001281119200152013010199
002281119200153012170053
004281119200156012170286
002281119200157012150315
009281119200158015020639
008281119200158012120256
004281119200159012180266
009281119200159015020639
002281119200201012140469
003281119200203015010801
002281119200204012170228
002281119200205012170303
004281119200208012140469
003281119200210012030194
004281119200214012140154
008281119200216013020799
004281119200217012160087
004281119200220012140088
001281119200221015010793
008281119200221013020425
001281119200223015010781
004281119200223012170194
004281119200226015030455
008281119200226013020640
004281119200227012140442
004281119200229012180252
004281119200231012170297
001281119200233012030356
004281119200234012170217
008281119200234015020672
002281119200236015030455
001281119200236012030242
004281119200239012140446
002281119200239019020363
003281119200240012040420
001281119200240012050357
001281119200242012050183
002281119200242019020083
003281119200243012040425
001281119200244013010746
003281119200246014010606
002281119200246019050217
001281119200247015010668
001281119200250015010683
002281119200251012180252
002281119200252012140442
002281119200254012150299
001281119200255015010129
002281119200256012160291
002281119200259012150299
002281119200303019020326
001281119200306014010608
004281119200306015030168
002281119200309012180277
001281119200310015010473
001281119200313015010716
001281119200315015010669
002281119200315019020400
002281119200317015030469
003281119200329012050363
004281119200331012130267
001281119200332012050129
002281119200337015030386
004281119200351012170265
003281119200352013010176
004281119200353012140443
002281119200356012170287
001281119200356013010176
004281119200356015030368
004281119200358015030460
002281119200359012170235
004281119200401012160104
001281119200409014010452
004281119200410012140421
001281119200412012020398
001281119200414012020396
003281119200417012020008
002281119200417012150203
004281119200418013030498
004281119200424012150203
004281119200445013030590
003281119200450012060431
002281119200452019020340
002281119200456012170077
002281119200458019110037
002281119200459012160224
003281119200502015010610
004281119200502012170077
002281119200505019020378
004281119200506012160224
004281119200520012150250
004281119200529012170146
002281119200531012130254
004281119200531012160143
002281119200539012170305
002281119200543019020007
002281119200600019050148
002281119200603019020211
002281119200609019020382
002281119200611019020327
002281119200613015030351
002281119200614019020333
002281119200615015030444
002281119200618019060120
002281119200629019050240
001281119200641012020348
002281119200644015030441
001281119200645012040367
001281119200648012060369
003281119200656012040429
002281119200708019020307
002281119200715019020275
004281119200721012160088
004281119200724012160282
002281119200724019030001
002281119200727019030001
001281119200742019020402
002281119200806019020349
002281119200818019020186
002281119200825019020231
002281119200855019020399
002281119200856019020399
002281119200915015030474
002281119200931019020313
002281119201032019060086
002281119201043019020335
002281119201114019050244
002281119201249019020368
002281119201252019020401
002281119201347019050245
002281119201352019050152
002281119201647019060097
002281119201649019060108
002281119201756019020389
001281119201837012040442
001281119201840013010755
001281119203233016010024
001281119203235016010125
002281119203723019020372
001281119203801012060378
001281119203803012010327
002281119203903019050196
008281119204106014020088
008281119204111014020524
009281119204126014020532
002281119204247019020377
009281119204345014020586
009281119204446014020578
009281119204448014020570
009281119204459014020567
009281119204731014020424
009281119204739014020603
002281119204831019020374
009281119204854014020608
002281119204900019050213
009281119204917014020435
009281119204918015020630
009281119204923014020542
009281119204934014020231
009281119204937014020546
009281119204941014020413
008281119204944014020632
009281119204953014020180
004281119204956014030373
004281119205000014030430
002281119205001016000123
001281119205002014010592
004281119205003014030368
002281119205004014030369
008281119205004014020563
004281119205004014030160
001281119205005014010250
004281119205007014030088
002281119205008014030447
001281119205008014010573
008281119205008014020589
004281119205009014030331
004281119205010014030159
002281119205011014030450
004281119205011014030423
008281119205011014020598
004281119205013014030490
004281119205015014030491
002281119205016016000144
004281119205016014030267
004281119205019014030021
004281119205020014030109
002281119205032014030289
004281119205035015030337
002281119205037014030072
009281119205045014020414
008281119205052014020055
002281119205052019110005
002281119205103014030374
002281119205114019110029
002281119205134014030399
002281119205137014030399
002281119205140014030399
002281119205144014030418
002281119205203014030387
002281119205214014030366
002281119205218015030388
002281119205221015030424
002281119205223015030473
002281119205226015030468
002281119205228014030448
002281119205239019110002
002281119205317019110006
002281119205323019110050
002281119205447019060123
002281119205451019060119
002281119205454019020398
002281119205458019060095
002281119205459014030031
002281119205548019110046
006281119205548019100071
003281119205620019020282
002281119205649019110013
002281119205722014030250
002281119205726014030458
002281119205728014030279
006281119205917011000473
006281119205921015090568
006281119205923011000440
006281119205925011000678
006281119205930015090629
006281119205934011000086
001281119205936014010535
006281119205939011000566
006281119205945015090579
006281119210003015090608
006281119210006015090608
006281119210008015090616
006281119210011015090620
006281119210014015090631
006281119210017015090580
006281119210022015090621
002281119210025014030365
006281119210025015090611
006281119210028015090627
006281119210037011000682
006281119210040011000632
006281119210042019100013
006281119210046019100013
006281119210049011000262
006281119210052011000662
006281119210055011000670
006281119210058011000627
006281119210101015090618
006281119210103011000627
006281119210105011000706
006281119210108015090617
006281119210111011000713
006281119210114011000078
006281119210117011000713
002281119210118019110043
006281119210120011000564
006281119210122011000710
006281119210123011000668
006281119210124011000710
006281119210126011000445
006281119210127011000640
006281119210130011000710
006281119210133011000277
006281119210134011000388
006281119210137011000640
006281119210140011000687
006281119210142015090632
006281119210144011000422
006281119210147011000525
006281119210149011000648
006281119210151011000422
006281119210153011000574
006281119210156011000639
006281119210159011000727
006281119210202011000555
006281119210204011000723
006281119210207011000735
006281119210209011000720
006281119210211011000724
006281119210212011000635
006281119210215011000564
006281119210217011000445
006281119210220011000719
006281119210222011000276
006281119210224011000231
006281119210227011000674
006281119210229011000165
006281119210231011000717
002281119210234019110033
006281119210234011000169
006281119210235011000203
006281119210238011000203
006281119210240011000491
006281119210244011000258
006281119210246011000729
006281119210248011000718
006281119210251011000692
006281119210253011000722
006281119210255011000699
006281119210257011000700
006281119210300011000677
006281119210303011000595
006281119210306019100066
006281119210308011000733
006281119210310011000731
006281119210313011000730
002281119210315019100052
006281119210316011000498
006281119210319011000439
006281119210323011000581
006281119210325011000534
006281119210329011000663
006281119210333011000586
006281119210337011000636
006281119210340011000675
006281119210342011000683
006281119210344011000601
006281119210347011000573
006281119210349011000725
006281119210351011000283
006281119210353011000065
006281119210355011000120
006281119210357011000704
006281119210359011000398
006281119210401011000120
006281119210403011000686
006281119210406011000001
006281119210408011000517
006281119210410011000651
006281119210414011000690
006281119210415011000732
006281119210419011000732
006281119210422011000726
006281119210423011000694
006281119210426011000598
006281119210428011000343
006281119210429011000691
006281119210432011000643
006281119210434019100065
006281119210437019100065
006281119210441011000723
006281119210443011000410
006281119210446011000681
006281119210449011000715
006281119210451011000359
006281119210453019100028
006281119210455019100063
006281119210457011000041
006281119210501011000656
006281119210504011000656
006281119210506011000120
006281119210509011000410
006281119210525019100032
006281119210526019100002
006281119210528019100032
006281119210529019100002
006281119210542011000728
006281119210545015090632
006281119210556011000026
006281119210634011000517
006281119210642011000651
006281119210647011000283
006281119210653011000704
006281119210658011000690
006281119210703011000568
006281119210708011000694
006281119210713011000686
006281119210717011000065
006281119210721011000725
006281119210727011000643
006281119210732011000343
006281119210738011000598
006281119210743011000691
002281119210818019050084
006281119210824011000408
006281119210843011000654
006281119210846011000654
006281119210900019100068
006281119210938011000490
006281119210948019100067
006281119210951019100067
006281119211007019100067
006281119211010019100067
006281119211135019100046
002281119211509019070001
002281119211516019070031
002281119211630019010135
002281119213452019050246
002281119213553019060114
001281119232503016000003
001281119232505016000003
001281119232510016000008
001281119232549016000126
001281119232550016000126
001281119232815016000141
001281119233103016010082
001281119233109016010081
001281119233111016010081
001281119233114016010098
001281119233118016010090
002301119071700016000090
001301119071830016010045
001301119071834016010095
001301119071841016010119
001301119071847016010098
001301119071851016010081
001301119071854016010105
001301119071902019010125
001301119071928016010090
009301119072135016010129
009301119072148016010129
001301119072220016010106
001301119072246016010128
001301119072253016010130
001301119072300016010056
001301119072305016010125
001301119072310016010122
001301119072316016010050
001301119072320016010079
001301119072334016010120
001301119072629016010080
001301119072640016010124
002301119072706019030022
002301119072737019020083
006301119072752019100067
006301119072755019100067
001301119072809016010084
001301119072819016010121
002301119072829019020391
002301119072830014030055
002301119072834019050230
001301119072837016010131
001301119072841016010131
001301119072843016010131
003301119072846012030349
003301119072850012060396
003301119072855012030335
001301119072858016010032
001301119072902016010048
002301119072923019060003
001301119072925016010110
001301119072939016010073
003301119073010013010768
001301119073023019020402
003301119073033014010606
003301119073056013010771
002301119073106015030444
002301119073109015030444
001301119073132016010100
001301119073134016010100
001301119073137016010024
001301119073139016010024
008301119073142015020671
002301119073204015030428
002301119073208019060084
002301119073212019110027
002301119073217019060123
002301119073247019100046
001301119073249016010082
001301119073255016010127
002301119073310019060101
002301119073329012160275
002301119073402013030625
002301119073422019030001
003301119073432012040466
001301119073453015010737
008301119073514014020451
002301119073522019030045
004301119073539012160136
002301119073556019010087
002301119073558015030473
002301119073602019020231
002301119073603015030476
003301119073608012030402
006301119073620011000491
002301119073633019050243
002301119073634019050243
006301119073647011000359
006301119073649011000714
003301119073655012010019
002301119073704019020399
003301119073712012060433
002301119073713019020377
008301119073718013020849
002301119073741012140419
004301119073742014030478
003301119073751013010365
004301119073751013030637
001301119073758016000152
004301119073811013030624
002301119073822019020401
003301119073835012020348
002301119073835019050188
002301119073840014030374
002301119073841019050084
006301119073846013010009
004301119073849012180299
002301119073852019010135
003301119073854012040293
008301119073855012080463
002301119073858019060114
006301119073912013020067
006301119073915012160021
008301119073916012090422
003301119073918013010800
001301119073920013010755
004301119073934012160224
004301119073937012160224
002301119073943019050216
001301119073957012060369
009301119074029012070187
008301119074031013020844
002301119074042019100032
002301119074047019020374
001301119074048016010077
002301119074053019020392
002301119074057019020313
002301119074104019050235
002301119074108019020400
009301119074109014020588
002301119074112019050094
002301119074116019030047
002301119074126019020383
004301119074133012180046
003301119074139012060426
006301119074148011000675
006301119074153013020543
008301119074154015020668
006301119074157011000165
008301119074200013020851
001301119074201016000073
001301119074202013010479
006301119074202011000078
002301119074216019020180
003301119074218012050363
003301119074222014010565
006301119074227011000692
001301119074230018010067
004301119074231012160282
003301119074238014010584
001301119074241012030242
002301119074243019020061
001301119074245012030356
008301119074246012070429
008301119074249012110414
009301119074258012080467
004301119074259015030368
009301119074309012070437
008301119074310015020658
008301119074313015020683
009301119074317013020532
004301119074318013030546
008301119074321013020821
008301119074322012110484
001301119074325015010632
006301119074326011000498
009301119074326012120489
001301119074327012030333
004301119074331015030465
008301119074331013020438
004301119074334013030382
009301119074340015020620
002301119074340019100039
004301119074348012150190
009301119074349012120484
008301119074349015020635
009301119074352012090375
003301119074354013010199
004301119074355012170279
002301119074402012180252
003301119074404015010687
008301119074404012090405
008301119074406012090405
003301119074408012040442
002301119074408019050128
009301119074410012090379
002301119074413013030509
002301119074413019010116
006301119074413015090579
003301119074414012050254
004301119074415012140167
008301119074415012070387
009301119074419015020687
004301119074419013030509
003301119074421013010677
006301119074422014030174
002301119074423019010132
002301119074425013030541
004301119074425012140457
003301119074426012040476
004301119074427012150249
002301119074428013030349
001301119074433012040438
004301119074435014030426
008301119074435012110400
004301119074438013030443
004301119074444012140456
009301119074444012100434
002301119074444019050239
008301119074445013020723
009301119074449012100311
001301119074450013010802
008301119074450012100434
009301119074454013020864
002301119074458014030404
004301119074501012160075
008301119074501012110151
002301119074503012130305
004301119074504012180284
002301119074505019020318
003301119074509013010726
002301119074511012130165
008301119074519012100423
002301119074523019020186
008301119074525015020029
008301119074526012070432
006301119074529011000715
001301119074529015100561
009301119074529013020818
008301119074529012070244
008301119074532012110466
009301119074533012110377
004301119074533012150310
008301119074534012070445
006301119074535011000715
004301119074536015030443
001301119074537012020324
006301119074538011000258
008301119074538012100429
004301119074539013030379
004301119074542012160163
002301119074543019030042
002301119074545013030466
004301119074545012170292
003301119074546013010693
004301119074547012150273
001301119074552012010011
001301119074555015010797
009301119074555015020604
004301119074555012130312
001301119074559012060372
009301119074600012080383
002301119074601019020230
003301119074603012010364
003301119074606012060374
008301119074607013020683
001301119074609012060007
008301119074609013020758
002301119074609019010074
009301119074610015020640
003301119074612013010746
008301119074612015020679
009301119074612012110437
002301119074613012130250
006301119074614011000573
009301119074615012090372
008301119074615013020824
008301119074618012090248
003301119074621015010801
006301119074621013010270
002301119074621019020393
004301119074621012180171
008301119074623013020789
009301119074624012070010
003301119074625012060309
003301119074627013010007
008301119074627013020387
001301119074627016000062
006301119074628011000595
004301119074629013030386
009301119074629012110482
002301119074631019060107
009301119074632012080464
003301119074634013010505
003301119074635012030355
009301119074635012070415
002301119074637012170305
008301119074640012080466
009301119074640012080343
004301119074641012150091
002301119074643019070014
004301119074644012150274
003301119074646012060434
004301119074649012180251
002301119074650019050242
008301119074650012110474
008301119074654013020562
006301119074654012020340
008301119074657013020858
004301119074658012170144
001301119074700012010361
003301119074700012050195
004301119074701012130341
003301119074704015010798
002301119074705019100070
003301119074706012030276
006301119074710011000651
009301119074716015020676
004301119074717014030334
001301119074718012040468
008301119074719012070428
009301119074720012100432
004301119074720013030565
002301119074721012140445
004301119074723012150283
009301119074723015020535
002301119074724015030466
002301119074727019020378
008301119074728012090404
009301119074730012120476
002301119074731019020127
001301119074732015010800
006301119074732015090580
009301119074733012120479
003301119074735014010003
009301119074736013020859
009301119074738013020855
009301119074741013020882
006301119074741011000730
002301119074743019010124
009301119074746012070148
006301119074746011000051
003301119074752013010541
001301119074753014010570
006301119074755013010014
008301119074756012100006
006301119074759013010001
001301119074800012060405
009301119074800012090348
008301119074801013020861
008301119074804013020755
002301119074805015030469
001301119074805015010001
006301119074805015090621
002301119074805019110006
008301119074807013020823
008301119074809012100134
004301119074809012140458
006301119074810015090618
008301119074811012100411
006301119074812011000681
002301119074813019050026
008301119074814013020873
006301119074815015090620
008301119074816015020502
001301119074817016010123
006301119074818011000717
002301119074820019110050
002301119074821014030482
004301119074821013030084
003301119074824012040192
001301119074824012030404
002301119074824019020398
004301119074825012130319
001301119074826012020333
003301119074827012040447
008301119074828012120473
004301119074829012170231
008301119074830012120473
002301119074830019020389
009301119074830012110454
001301119074830018010054
004301119074832012160300
001301119074833012010419
008301119074834012120478
001301119074835014010592
002301119074836019020095
001301119074837014010033
003301119074838015010704
002301119074838019060095
009301119074839013020868
004301119074840013030507
009301119074841013020763
009301119074842013020763
003301119074843012050350
006301119074843011000699
009301119074844012120491
009301119074846013020867
001301119074847012040444
006301119074849013030003
008301119074850014020501
004301119074851012150318
008301119074853012080456
009301119074853019020387
001301119074854013010700
009301119074855013020703
003301119074856012040273
002301119074857012170309
002301119074857019020394
006301119074857013010321
009301119074858012070444
002301119074901012130297
009301119074901012120487
002301119074901019040001
002301119074903013030638
001301119074903013010021
008301119074903013020651
003301119074904014010537
009301119074904012120490
004301119074904013030246
001301119074906012060095
003301119074907012060359
002301119074907019020397
004301119074907015030445
009301119074909012080267
003301119074910013010758
008301119074910013020780
006301119074912013020412
008301119074912012120490
003301119074913012040465
006301119074915011000677
003301119074916013010806
004301119074916012130280
002301119074916019040035
002301119074917014030400
008301119074917015020686
006301119074918011000041
003301119074919013010601
001301119074919014010440
009301119074919015010696
001301119074920012010410
001301119074920018010072
008301119074920012090267
002301119074921019040024
006301119074922019100066
003301119074923013010799
009301119074923012070449
001301119074924015020500
006301119074924011000408
008301119074925012080375
002301119074926012180157
001301119074926014010600
006301119074928011000408
009301119074928012110488
001301119074928015100546
003301119074929013010651
008301119074929012120496
002301119074930013030592
009301119074930013020797
004301119074930012130282
002301119074932019050164
004301119074933012130342
003301119074934013010294
004301119074937013030545
003301119074938012020121
002301119074938019060103
006301119074939012120199
009301119074939012090351
001301119074940014010201
003301119074941014010452
002301119074942019020340
008301119074942012090417
003301119074943012030400
009301119074944012090017
003301119074945012050368
008301119074945012100403
004301119074946012130317
003301119074948012050364
008301119074948012070435
003301119074951013010772
008301119074951013020644
001301119074953015010669
006301119074953015090568
002301119074953019050148
003301119074954013010788
008301119074954014020598
001301119074955015010758
003301119074956012050345
002301119074957015030458
008301119074957012110427
003301119074959012030389
009301119074959012110178
006301119075000011000564
008301119075000013020411
001301119075001015010807
003301119075002012060384
008301119075002013020738
001301119075004012060397
006301119075004011000724
003301119075005012050365
008301119075005013020761
001301119075007015010787
006301119075007013020240
001301119075007015100551
003301119075008013010577
004301119075008012180272
008301119075008012110367
001301119075009015010693
002301119075010014030239
003301119075010013010529
003301119075011013010426
001301119075011012050213
006301119075011011000388
008301119075012014020523
004301119075012012150196
003301119075013012050313
002301119075014014030421
001301119075014012050344
001301119075015012050308
006301119075015011000388
003301119075016013010780
008301119075016012080457
003301119075018012040443
004301119075018012140466
001301119075019014010068
009301119075019013020188
003301119075021012020390
009301119075022014020567
008301119075022015020531
006301119075022012080163
004301119075023012140462
003301119075024012050366
008301119075024015020469
004301119075026014030342
003301119075027012040469
006301119075027011000445
008301119075027012110446
001301119075028012060360
001301119075029013010176
003301119075029013010646
004301119075029012170073
002301119075029019110033
006301119075030011000732
008301119075030013020850
001301119075031015010753
003301119075031012060381
004301119075031012140435
006301119075033011000525
003301119075034013010794
004301119075034012160285
002301119075036013030618
006301119075036011000713
004301119075036012170146
003301119075037012030304
001301119075037015010682
006301119075038015090616
004301119075039013030606
003301119075040012030387
009301119075040012110481
001301119075041016000101
006301119075041011000713
003301119075042012010309
004301119075042013030530
001301119075043016000101
009301119075043012070448
008301119075044012100047
003301119075045013010781
006301119075045011000663
001301119075045016000101
004301119075045012170257
004301119075046012180276
001301119075046016000168
002301119075047012130343
001301119075048012020306
001301119075048016000168
004301119075048013030551
002301119075049012140474
006301119075050011000687
004301119075050012170218
002301119075051015030434
003301119075051013010672
008301119075052012100218
004301119075052013030458
003301119075053012030036
006301119075053012110223
009301119075054015020641
004301119075054014030490
003301119075055012030261
002301119075055014030159
006301119075055012030293
004301119075056014030491
008301119075056015020545
003301119075057013010787
006301119075057012040209
004301119075057013030498
004301119075058013030603
001301119075059013010762
008301119075059014020417
002301119075101012150305
004301119075101012140434
001301119075102013020180
008301119075102012090393
009301119075102012120472
004301119075103013030516
006301119075103011000686
008301119075104012080304
006301119075105015090608
003301119075106012030372
002301119075106012160291
008301119075107012100334
004301119075107012140472
003301119075108012010375
001301119075108015010788
002301119075108012180308
002301119075108019110002
006301119075108015090608
001301119075109016000008
001301119075110013010712
003301119075110013010654
008301119075110012070384
002301119075111012140379
009301119075111015020577
001301119075113012020383
003301119075113013010606
008301119075113012070441
006301119075113016010086
009301119075114012080462
004301119075115012170195
003301119075116013010662
008301119075116012110455
006301119075116011000722
001301119075117015010752
009301119075117013020808
008301119075118013020542
001301119075119012040458
003301119075119013010522
009301119075119013020831
008301119075121012100312
003301119075122012020008
001301119075122012020344
006301119075122013030188
009301119075122012080408
002301119075123019020079
008301119075123012100284
001301119075124014010615
002301119075125013030639
009301119075125013020857
003301119075126013010624
006301119075126011000727
008301119075126012080189
002301119075126019100028
009301119075127013020881
006301119075128011000729
002301119075130014030489
008301119075131013020795
004301119075131012150301
001301119075132014010563
003301119075132013010776
006301119075132011000601
008301119075133014020525
004301119075133013030629
003301119075135012060400
001301119075136012020228
002301119075136012160306
001301119075136015010763
008301119075136014020589
004301119075136012160271
002301119075136019050225
009301119075137012110373
004301119075138013030641
008301119075138015020657
002301119075139015030455
009301119075139013020832
008301119075140012100398
009301119075141012110143
001301119075142013010761
008301119075142012110410
003301119075143012040452
002301119075143016000123
002301119075143019050244
004301119075144014030077
008301119075145013020876
002301119075145019050152
009301119075146012100257
008301119075146014020632
001301119075147015010791
003301119075148013010732
004301119075148013030571
008301119075149012100322
002301119075149019020353
002301119075150013030648
008301119075150012090302
009301119075150015020675
001301119075151015030112
002301119075152012140462
004301119075152015030246
008301119075152013020836
002301119075154019110048
008301119075154013020878
009301119075156015020663
006301119075156014030087
001301119075156015030454
008301119075157012080135
002301119075157019040032
009301119075158012070286
004301119075158012150073
003301119075159012040454
008301119075159012080220
006301119075200015090611
008301119075201014020611
004301119075201012150203
009301119075201012070447
002301119075202019050238
001301119075202015030454
006301119075204011000276
008301119075204012100431
009301119075205012070407
002301119075207012140442
008301119075207012090350
009301119075208012110476
004301119075209013030508
002301119075210012150203
001301119075211015010781
009301119075211015020667
006301119075213011000735
009301119075214014020532
004301119075215012150260
003301119075216012060166
004301119075216013030398
009301119075216015020652
003301119075217012040467
008301119075217012090408
001301119075219014010457
003301119075219012040423
006301119075219012020137
004301119075220012150307
003301119075222013010550
008301119075222014020486
003301119075223013010695
001301119075223012060416
006301119075223011000388
004301119075224012130290
003301119075226013010631
009301119075226012090406
006301119075226012020037
003301119075228013010770
001301119075228012040461
009301119075228015020660
002301119075228019100061
004301119075228012130214
001301119075229012040462
002301119075230019020373
001301119075231012050343
009301119075231012080431
008301119075231012090400
004301119075231012150198
006301119075231011000490
003301119075232012010387
001301119075233013010549
006301119075233013030176
004301119075233014030440
001301119075234012020352
003301119075235012020332
009301119075235013020841
001301119075236012040425
004301119075236013030506
002301119075236019100068
003301119075237012060427
002301119075237012170277
009301119075237013020860
006301119075237015090632
001301119075239014010616
003301119075239012040453
004301119075239013030646
002301119075240012160308
006301119075240011000731
009301119075240014020231
002301119075240019110037
003301119075241012050028
002301119075242012130276
009301119075242012080458
004301119075242012170253
008301119075242012110461
002301119075243012130333
003301119075244012030366
001301119075244018010047
006301119075244011000683
001301119075245012060005
009301119075245012120395
002301119075245019020263
002301119075246012160259
003301119075246015010751
006301119075246014010053
001301119075246018010047
004301119075246014030430
004301119075247012180262
009301119075247014020088
003301119075248012040376
006301119075249012110164
009301119075249012100400
002301119075249019020368
001301119075250012040337
003301119075250012020286
002301119075250014030458
008301119075250012120493
004301119075250012170258
006301119075251011000388
002301119075251019100072
009301119075252013020692
008301119075252013020874
004301119075253012170268
003301119075254013010735
006301119075254014010241
008301119075254013020874
009301119075255013020017
004301119075256013030644
008301119075257013020606
009301119075257015020674
006301119075257011000726
003301119075258013010724
001301119075259014010526
004301119075259012170178
003301119075300012050279
009301119075300015020672
008301119075300012070344
006301119075301011000586
001301119075301016000003
008301119075301012070344
004301119075302012140443
009301119075302015020654
001301119075303016000003
003301119075304013010759
001301119075304013010804
008301119075304013020468
006301119075304011000598
004301119075305014030331
009301119075305013020862
002301119075306019100063
003301119075307012050315
001301119075307014010596
008301119075307013020877
006301119075307011000700
001301119075308012040405
003301119075309013010520
001301119075309013030157
006301119075309011000694
001301119075310013010797
004301119075310013030622
009301119075311014020525
001301119075312012030365
003301119075312012050310
006301119075312011000710
008301119075312015020591
002301119075313015030337
004301119075313014030423
003301119075315013010625
006301119075315011000343
002301119075315019020275
008301119075315012120368
004301119075315015020655
001301119075315016000126
003301119075317013010580
009301119075317013020778
001301119075317016000126
004301119075318012160088
008301119075318014020504
003301119075319012010247
006301119075319019100071
009301119075320012100441
008301119075321012120377
004301119075321012130278
003301119075322012020402
008301119075322013020781
006301119075322011000388
002301119075323012160215
004301119075323013030634
009301119075323014020092
003301119075324012040478
001301119075324015100557
001301119075325014010316
009301119075325014020394
008301119075325013020766
002301119075326014030290
006301119075326011000728
004301119075326012170280
001301119075327014010548
003301119075328015010690
004301119075328012150312
006301119075328013020068
009301119075328012080448
008301119075328012080419
001301119075330012060383
003301119075331012030386
001301119075331013010011
004301119075331013030441
008301119075331012070443
009301119075332012120415
003301119075333012010162
001301119075333014010598
008301119075333014020606
002301119075334015030343
002301119075334019050214
004301119075334013030535
008301119075335014020630
001301119075336012020385
004301119075336015030371
006301119075336011000574
003301119075338012010422
001301119075338015010790
004301119075338013030187
008301119075338013020574
001301119075340012020111
008301119075340012120412
006301119075340012040300
003301119075341015010716
004301119075341012150135
001301119075342013010347
008301119075342012120242
006301119075342012050222
001301119075344012030350
003301119075344013010259
006301119075344011000678
009301119075344012110409
003301119075345012050303
002301119075345019050237
008301119075345013020554
004301119075345015030389
001301119075346013010059
002301119075346015030410
006301119075346012110087
003301119075347013010793
009301119075347015020688
001301119075348015010785
008301119075348013020769
004301119075348013030075
003301119075349012060364
002301119075349019020103
002301119075350013030630
008301119075350013020879
009301119075350013020198
004301119075350013030504
003301119075351012030230
001301119075351014010493
006301119075351011000670
002301119075352014030456
009301119075352012070331
006301119075352011000682
001301119075353015010784
002301119075353019050212
008301119075353012110297
004301119075353012160287
003301119075354012050123
002301119075355012130288
001301119075355015010473
006301119075355015090631
009301119075355013020819
008301119075355012100446
004301119075356015030460
002301119075357012130339
002301119075357019020323
003301119075358013010710
009301119075358013020810
008301119075358013020726
006301119075358011000627
003301119075359012060379
001301119075359013010446
004301119075359014030425
002301119075400012140235
001301119075401013010798
008301119075401012090383
009301119075401014020633
006301119075401013020154
004301119075401012130059
002301119075402014030373
003301119075402014010607
009301119075402015020057
004301119075403012140388
001301119075404014010569
002301119075404014030450
008301119075404012120482
003301119075405014010603
006301119075405012130091
002301119075406012130327
001301119075406012020380
004301119075406012180158
003301119075407012040382
008301119075407014020404
001301119075408012040417
004301119075408012170219
006301119075408011000639
003301119075409013010727
008301119075409014020404
004301119075409012140421
003301119075410013010777
008301119075410012070414
002301119075410019050029
001301119075411015010796
009301119075411015020643
003301119075412012030266
008301119075412013020706
004301119075412012150255
006301119075412011000627
004301119075413012150294
006301119075414011000203
002301119075414019060102
003301119075415013010714
001301119075415012040354
009301119075415014020524
008301119075415012120434
004301119075416014030438
002301119075417012150108
003301119075417015010792
001301119075417012010408
008301119075417012100436
001301119075417016000058
006301119075417011000262
009301119075418014020493
002301119075418019050220
004301119075418013030590
002301119075419012170293
003301119075420015010678
006301119075420011000086
004301119075420013030619
008301119075420013020753
001301119075421012050285
002301119075421012150278
009301119075421012080017
002301119075422012140389
003301119075422013010737
004301119075422015030437
008301119075422012080242
009301119075422012100447
001301119075423014010332
006301119075423011000555
003301119075424012020381
004301119075424013030356
009301119075424012120494
001301119075425012040473
002301119075425014030424
006301119075425012070006
002301119075426019050224
009301119075426015020630
008301119075426013020825
003301119075427013010763
001301119075427014010578
004301119075427012160280
002301119075428015030423
006301119075428011000277
008301119075428014020623
001301119075429012010341
003301119075429012030405
004301119075429014030476
009301119075429013020504
009301119075430012090368
002301119075431012160253
001301119075431014010011
008301119075431012100223
006301119075431015090617
003301119075432012010329
008301119075432014020553
004301119075432012170193
009301119075433014020538
002301119075434012180253
001301119075434012040410
004301119075434013030576
006301119075434011000718
003301119075435012060356
001301119075435015010793
006301119075436012020002
009301119075436012070427
004301119075436013030607
008301119075436012080452
003301119075437012060363
001301119075437012010376
003301119075439012020288
006301119075439011000643
008301119075439012120427
004301119075439013030348
001301119075440014010502
009301119075440012110412
001301119075441014010264
006301119075441011000704
004301119075441012130345
002301119075442013030642
003301119075442013010460
008301119075442013020767
009301119075442014020574
004301119075443012170290
003301119075444012040222
001301119075444012010421
008301119075444012120475
001301119075445014010599
006301119075445011000656
003301119075446013010575
004301119075446014030021
001301119075447014010614
002301119075447019040028
008301119075447012120474
003301119075448013010803
009301119075448012100169
006301119075448013020581
004301119075449013030264
008301119075450012080284
001301119075451014010617
002301119075451014030390
009301119075451012090423
006301119075451011000640
008301119075451012080413
001301119075452012010389
003301119075452013010682
009301119075452012120350
004301119075452012150304
002301119075453019020327
001301119075454014010573
008301119075454013020793
009301119075454012100347
004301119075454012130322
006301119075454012130223
002301119075455012150226
003301119075455012060331
001301119075455015010129
004301119075455013030346
001301119075456014010580
009301119075456012090341
001301119075457014010477
006301119075457011000566
003301119075458014010492
008301119075458014020597
009301119075459014020546
006301119075459011000440
002301119075459019020326
001301119075500015010786
004301119075500013030562
003301119075501012020396
008301119075501012070264
009301119075501013020880
001301119075502015010802
003301119075502015010615
004301119075502014030459
006301119075502011000691
002301119075503012130116
009301119075503012070236
001301119075504015010683
006301119075504011000720
008301119075504012090300
003301119075505012030390
006301119075506015090627
009301119075506014020528
008301119075506012090411
003301119075507012020403
001301119075507013010023
004301119075507014030459
009301119075508014020554
003301119075509012030256
008301119075509012100329
006301119075509012180106
001301119075510012040346
004301119075510012170228
009301119075511012080123
003301119075512012030303
001301119075512012050217
008301119075512012100380
006301119075512015090629
004301119075512012170265
003301119075514012020393
001301119075514013010734
009301119075514012110424
008301119075514012110487
004301119075515012140363
006301119075515011000723
003301119075516012010413
002301119075516019020260
001301119075516018010066
008301119075516012080425
001301119075517013010035
009301119075517012070442
006301119075517014030056
004301119075517012130320
008301119075518014020594
002301119075518019020211
003301119075519012030342
001301119075519012060387
006301119075519013010015
009301119075519013020820
002301119075520014030484
004301119075520012130075
008301119075520012110354
001301119075521012040355
003301119075521012060229
006301119075521013010392
003301119075522012060410
009301119075522014020593
008301119075522014020622
002301119075523013030562
001301119075523014010613
009301119075523015020644
004301119075523012160243
002301119075525012180271
003301119075525013010560
008301119075525014020581
004301119075525013030482
001301119075526012050234
004301119075526013030339
009301119075526013020866
002301119075526019060086
001301119075527012060349
006301119075527012050129
003301119075528015010717
002301119075528015030376
002301119075528019050240
008301119075528015020568
001301119075529012010005
004301119075529012140444
009301119075529014020180
002301119075530012180287
003301119075531015010794
001301119075531012060407
004301119075531013030448
001301119075531013020226
008301119075531012090333
006301119075531013020274
002301119075531019020286
003301119075533012030327
002301119075534015030262
002301119075534019020382
008301119075534015020680
004301119075534015030451
001301119075535012010170
004301119075535012150293
003301119075536012030401
002301119075536015030402
008301119075536015020677
001301119075537015010738
004301119075537013030066
002301119075537019030032
003301119075538012060414
008301119075538012100323
009301119075538012120354
002301119075539012160313
001301119075539012020345
006301119075539011000581
003301119075540012020400
002301119075540015030461
001301119075540012040471
002301119075540019010108
008301119075541014020607
004301119075541012180277
006301119075541011000706
003301119075542014010604
001301119075542012030397
002301119075542012140453
009301119075543014020578
008301119075543012070440
003301119075544012060421
002301119075544012130338
001301119075544015010774
002301119075544019070038
004301119075544012150098
001301119075545014010575
008301119075545012100280
002301119075546015030426
001301119075546018010061
004301119075546012180307
003301119075547012040414
004301119075547014030325
002301119075547019050126
006301119075547011000632
003301119075548012060420
002301119075548015030471
001301119075548014010605
008301119075548013020721
009301119075548016000147
006301119075549015020199
002301119075550012150299
003301119075550012040397
001301119075550012060415
004301119075550012150241
002301119075550019040023
008301119075551013020702
003301119075552012060432
004301119075552012160256
001301119075553014010357
002301119075553014030366
004301119075553012140446
009301119075553014020592
001301119075553019020282
006301119075554013010358
008301119075554012100394
003301119075555012050266
002301119075555014030289
009301119075555012100424
001301119075556012030352
004301119075556012170194
001301119075557012050210
003301119075557012020269
008301119075557014020634
001301119075557018010071
002301119075558014030418
004301119075558012180185
009301119075558014020617
001301119075559012010355
003301119075600012040445
008301119075600012100442
006301119075600011000065
002301119075601014030375
001301119075601012050224
002301119075601019050205
009301119075601012110438
004301119075601012170056
001301119075602014010267
002301119075603015030431
003301119075603013010791
006301119075603012130102
008301119075603012110351
009301119075604015020451
002301119075604019110046
003301119075605012050369
001301119075605012040403
002301119075606015030388
001301119075606012040446
008301119075606012070421
006301119075606012080131
009301119075606014020351
003301119075607012020086
002301119075607019020007
004301119075607012130295
009301119075607014020351
006301119075608012120196
008301119075608012070382
001301119075609012060353
002301119075609019110029
009301119075609015020666
003301119075610012060423
004301119075610013030636
001301119075611014010597
006301119075611011000231
009301119075611012100444
008301119075611012080396
003301119075612012040477
002301119075612019100052
009301119075613012070321
004301119075613015030395
001301119075614013010805
003301119075614012040353
008301119075614014020627
003301119075615012060428
006301119075615013020397
002301119075616013030587
006301119075616011000725
004301119075616012140422
009301119075617012110489
008301119075617012080459
002301119075617019100065
004301119075617012130264
002301119075618012140439
003301119075618012040437
009301119075618012110489
001301119075619012050360
003301119075619012010393
009301119075619012110489
008301119075619012080454
002301119075620013030563
006301119075620011000283
004301119075620015030438
009301119075621013020610
006301119075621012130286
003301119075622012010400
002301119075622012170271
001301119075622013010747
004301119075622014030471
002301119075622019020363
001301119075622015030106
008301119075622012120461
009301119075623015020659
008301119075623013020515
008301119075624013020515
006301119075624012130049
001301119075625012010277
002301119075625016000144
008301119075625012070193
004301119075625012180206
002301119075625019020307
009301119075625012110489
004301119075626015030356
009301119075626012110489
009301119075627012100416
002301119075628014030250
009301119075628012100416
008301119075629013020843
004301119075629013030550
001301119075630014010571
009301119075630012100224
006301119075630011000026
001301119075631014010157
003301119075631013010807
009301119075631012100224
008301119075631014020443
006301119075631012170053
004301119075632013030456
002301119075633015030279
001301119075633014010510
009301119075633015020678
004301119075633012170127
003301119075634012050225
008301119075635013020674
009301119075635015020013
006301119075635011000719
003301119075636012010420
002301119075636019050245
004301119075636012140473
003301119075637012030399
002301119075637013030263
008301119075637014020511
004301119075637012140470
006301119075638011000594
001301119075639013010331
002301119075639014030448
004301119075639013030558
003301119075640012030344
008301119075640012110353
003301119075641014010208
006301119075641012020162
009301119075641012110443
004301119075641013030440
002301119075641019060122
001301119075642012030368
002301119075642012170266
003301119075643013010739
008301119075643012090330
002301119075645012180275
003301119075645012030353
008301119075645012090256
009301119075645015020685
004301119075645012130336
001301119075646012040450
006301119075646011000410
001301119075646015100560
002301119075647012130263
003301119075647012040470
008301119075647012070422
004301119075647014030305
009301119075648012080430
001301119075649016000064
008301119075649012110404
002301119075650015030244
004301119075650014030454
006301119075650011000120
002301119075651019020221
009301119075651012110483
004301119075651012150128
001301119075652014010432
003301119075652013010244
008301119075652012110421
004301119075652012140154
002301119075653012140468
009301119075653014020435
006301119075653011000668
003301119075654013010733
001301119075654012010415
008301119075654013020852
002301119075655012130316
004301119075655012160134
006301119075656011000712
001301119075656018010048
009301119075656012110477
008301119075656014020331
003301119075657012020404
009301119075657015020647
002301119075657019080001
003301119075658012050356
001301119075659012040464
008301119075659013020812
006301119075659012010292
009301119075659014020545
004301119075700013030573
001301119075701012050358
009301119075701012100449
008301119075701012120492
006301119075701013030199
003301119075702013010650
002301119075702019100044
004301119075702012180312
009301119075702012110397
001301119075703013010743
002301119075704015030474
008301119075704012110340
006301119075704012010201
002301119075704019060119
009301119075704012100439
001301119075705012060253
002301119075705012160279
004301119075705012140464
008301119075705013020865
003301119075706012050204
009301119075706012120454
006301119075706011000568
001301119075707013010006
003301119075708012060388
001301119075708016000169
002301119075708019020346
001301119075708018010070
008301119075708012100318
004301119075708012150271
004301119075709013030496
006301119075709012010254
001301119075710014010377
003301119075710012060221
002301119075710019060097
009301119075710014020608
009301119075711015020684
008301119075711012090235
006301119075712013020241
004301119075712013030614
003301119075713012020300
009301119075713014020025
001301119075714012010340
008301119075714015020478
004301119075715013030523
002301119075716019050091
009301119075716013020883
008301119075716013020835
006301119075716011000666
001301119075718012020285
004301119075718012180212
008301119075718012100445
009301119075719014020618
004301119075719014030088
008301119075720012100327
002301119075720019050246
009301119075720012080453
004301119075721012160298
006301119075722012170077
009301119075722014020398
001301119075723012050179
008301119075723012090335
001301119075723016000157
002301119075724019100013
009301119075724015020639
004301119075724013030366
003301119075725015010550
008301119075725014020626
004301119075725012130210
009301119075725012080297
001301119075726016000139
006301119075726012140043
001301119075727012010409
004301119075727012140149
009301119075727014020416
001301119075727016000139
001301119075728014010424
009301119075728014020416
008301119075728012100364
002301119075729014030453
003301119075729012050194
002301119075729019020150
001301119075729018010065
004301119075730014030336
009301119075730013020833
008301119075730012080225
006301119075731011000534
002301119075732014030365
003301119075732013010454
006301119075732012160085
004301119075732012180258
008301119075732013020685
009301119075732012110406
002301119075733015030459
004301119075733012140465
009301119075734012110486
003301119075735012020391
002301119075735012140475
002301119075735019060120
008301119075735012100428
001301119075736012050309
006301119075736012020010
009301119075736012120486
004301119075737012140461
001301119075737016000166
002301119075737019050184
008301119075737014020036
001301119075738012030381
009301119075738015020410
003301119075739012050357
002301119075739014030100
004301119075739012180220
006301119075739011000690
002301119075740012140148
009301119075740012110485
002301119075740019010134
003301119075741012030300
008301119075741015020386
002301119075742013030484
003301119075742012050238
004301119075742012150270
006301119075742011000001
008301119075743013020681
004301119075743012140086
002301119075743019110040
009301119075743014020631
003301119075744015010721
001301119075744013010604
001301119075745014010494
002301119075745013030647
008301119075745013020783
004301119075745013030354
006301119075745011000473
009301119075745014020426
002301119075745019020273
001301119075746015100556
002301119075747013030631
003301119075747013010413
008301119075747012090396
006301119075747012060389
004301119075747015030441
003301119075748013010653
001301119075748012040411
004301119075748012180249
009301119075748014020529
001301119075749014010555
002301119075749019040021
008301119075749012090272
002301119075750019040021
009301119075750013020840
001301119075751015010766
002301119075751012170264
004301119075751012140469
006301119075751012160114
003301119075752012010372
008301119075752012120444
009301119075752012120393
001301119075753014010593
004301119075753013030577
003301119075754012050351
002301119075754015030386
008301119075754012110467
009301119075754015020669
006301119075755013010215
008301119075756012080364
004301119075756013030024
003301119075757015010610
004301119075757012140452
009301119075757014020604
006301119075758012150102
001301119075759015010017
002301119075759013030548
008301119075759012080361
004301119075759012140426
009301119075759012080461
003301119075800013010190
004301119075801015030467
009301119075801014020619
001301119075802014010460
002301119075802015030475
002301119075802019110005
008301119075802013020536
003301119075803012030377
004301119075803012180266
009301119075804012120481
001301119075805012010338
002301119075805012180273
003301119075805013010598
002301119075805019050217
008301119075805012070426
004301119075806012150286
002301119075807012150309
009301119075807012090420
004301119075807013030609
003301119075808013010473
002301119075808015030477
008301119075808012080380
009301119075809014020512
002301119075810012170303
008301119075810012120433
004301119075810012140088
001301119075811014010564
003301119075811013010785
009301119075811012090416
002301119075812014030279
003301119075812015010783
006301119075812013030240
004301119075812013030104
008301119075813015020580
003301119075814019110043
004301119075814013030325
009301119075814012090380
001301119075815012050183
002301119075815014030488
008301119075815013020848
001301119075816012010014
003301119075816012010414
006301119075817011000636
009301119075817014020424
003301119075818012020389
001301119075818012020322
002301119075818014030388
006301119075819011000398
004301119075819012160301
008301119075819012090220
009301119075819012120143
003301119075820012020274
009301119075820012090041
002301119075821013030649
001301119075821012060259
008301119075821012080468
009301119075822012120143
003301119075823013010765
004301119075823012180278
008301119075823012110480
001301119075824012020325
006301119075824011000654
004301119075824012130242
008301119075824012080394
003301119075825013010542
009301119075825015020681
003301119075826012040367
008301119075826012080424
009301119075827012100379
003301119075828012080007
001301119075828012020388
009301119075828013020409
004301119075829013030119
008301119075829013020748
006301119075829012090150
008301119075830012110464
003301119075831012020392
009301119075831014020007
004301119075832013030479
002301119075833019020065
001301119075834015010692
008301119075834012090401
009301119075834015020623
003301119075835013010740
002301119075835012150201
004301119075835012160315
006301119075835012060015
008301119075836012070403
004301119075836012130298
002301119075837012160292
006301119075837012160104
008301119075837012070403
009301119075837012090410
003301119075838012040406
002301119075838019040033
004301119075838013030460
002301119075839012170308
001301119075839016000088
009301119075839012070439
008301119075839012100405
002301119075840015030351
008301119075840012070358
003301119075841015010769
006301119075841013010296
002301119075841019050234
004301119075841012140127
009301119075841014020006
008301119075842012070360
002301119075843015030424
001301119075843012070090
009301119075843014020542
003301119075844015010761
006301119075844011000422
004301119075844012150303
001301119075845015010596
003301119075845012020368
008301119075845013020572
002301119075845019060115
002301119075846014030449
009301119075846013020626
004301119075846012160233
004301119075847015030457
002301119075848014030031
001301119075848012020016
003301119075848013010767
008301119075848014020563
002301119075848019050241
009301119075848012090291
003301119075850012040373
004301119075850012140337
001301119075851014010581
003301119075851012040429
002301119075851014030444
008301119075851013020619
009301119075851013020869
001301119075851018010059
004301119075851012160149
004301119075853012180282
008301119075853012120399
009301119075853012080266
001301119075854018010059
002301119075855012140449
009301119075855015020618
008301119075855014020562
006301119075855012010028
003301119075856012060398
002301119075856014030480
004301119075856012180268
001301119075857014010444
009301119075857014020537
002301119075858015030187
008301119075858012100418
006301119075858011000439
002301119075859012140425
003301119075859012010337
004301119075859013030538
009301119075859013020803
002301119075859019050241
004301119075900012150319
008301119075901012070404
009301119075901013020773
001301119075902014010608
002301119075902012140405
003301119075902013010702
008301119075902012070404
001301119075903014010612
006301119075903012080127
003301119075904015010668
004301119075904012150287
008301119075905012120256
004301119075906012140408
006301119075906011000733
009301119075906012090377
001301119075907012050367
003301119075908013010795
004301119075908012130205
009301119075909014020615
008301119075909012070390
001301119075909018010069
002301119075910014030487
001301119075910012020382
004301119075910012150268
009301119075910013020799
008301119075910012070390
003301119075911014010436
001301119075911016000025
008301119075911012120431
006301119075912012010190
004301119075912012160231
001301119075913012050321
004301119075913013030633
009301119075913012070308
002301119075914012160230
003301119075914012050311
001301119075914018010068
008301119075914012100307
001301119075915012040475
002301119075915019020149
006301119075915011000169
004301119075915012130271
009301119075915012100419
002301119075916012140409
001301119075917012020021
004301119075917012170267
008301119075917012100430
009301119075917012120440
002301119075918012150250
009301119075918013020599
006301119075918015020461
001301119075919014010538
004301119075919012140225
002301119075919019050223
003301119075920013010774
008301119075920012090344
002301119075921013030623
009301119075921014020043
006301119075921012060241
001301119075922015010804
008301119075922013020826
004301119075922012140424
002301119075923012130303
003301119075923012050334
009301119075923015020664
001301119075924015010795
006301119075924011000517
002301119075925015030470
001301119075925012010377
004301119075925012140471
004301119075925012180296
009301119075925012070417
003301119075926012030351
008301119075926013020689
001301119075927012040472
002301119075927015030478
006301119075927012080114
008301119075927013020689
004301119075928012170291
009301119075928012120392
003301119075929012030317
008301119075929012100350
004301119075929012180144
001301119075930013010783
002301119075930013030589
009301119075930012090419
006301119075930011000674
002301119075931015020598
004301119075931012160293
003301119075932012010398
009301119075932012120497
008301119075932012110382
001301119075933014010558
002301119075933012160307
002301119075933019020335
004301119075933012140460
009301119075934014020530
001301119075935015010789
003301119075935013010567
004301119075935012170297
008301119075935012080346
002301119075936013030518
006301119075936013020428
001301119075936018010008
002301119075936019020301
003301119075937013010730
006301119075937012110004
004301119075937012150297
008301119075938012070368
009301119075938012080078
001301119075939014010536
002301119075939014030399
003301119075939013010666
009301119075939014020494
002301119075939019010109
001301119075939015100559
004301119075939012130270
003301119075941013010284
001301119075941012030376
009301119075941012100443
001301119075941012040131
008301119075941012090339
006301119075941011000635
002301119075942013030308
004301119075942012170217
001301119075943013010641
009301119075943012110375
004301119075943012160272
006301119075943012130120
008301119075943012080428
003301119075944014010525
008301119075944012080414
001301119075945012050348
004301119075945012140429
009301119075946014020551
006301119075946014030109
003301119075947012050009
009301119075947013020460
008301119075947012090394
002301119075948014030381
001301119075948014010590
002301119075948019050183
006301119075948015090628
004301119075948012130344
008301119075948012070377
004301119075949012160296
003301119075950014020020
006301119075950011000662
009301119075951014020603
004301119075951013030617
008301119075951012120402
001301119075952014010103
009301119075952012110160
001301119075953016000112
008301119075953014020624
006301119075953012090035
004301119075953012130285
009301119075954012120421
008301119075955012120425
002301119075955019030025
004301119075955013030591
002301119075956014030393
009301119075956014020413
003301119075957012050354
006301119075957013010151
004301119075957012150171
001301119075958016000141
008301119075958013020749
001301119075959012060431
001301119075959016000141
002301119080000012130279
003301119080001012020398
004301119080001012160190
006301119080001014020550
001301119080002012020311
009301119080002014020566
002301119080003012170275
001301119080003014010609
002301119080003019040006
009301119080003012120463
002301119080004012140441
004301119080004014030437
003301119080005012050341
008301119080005012090279
009301119080005014020411
004301119080005015030306
001301119080005016000154
001301119080006014010411
001301119080006016000154
002301119080007013030596
001301119080007016000154
008301119080007012110458
009301119080007014020565
002301119080007019050196
004301119080008012180260
002301119080009012130254
009301119080009013020822
001301119080010014010250
002301119080010019020372
008301119080010014020582
004301119080010012130314
001301119080010016000161
002301119080011014030226
001301119080011016000161
009301119080011012070366
006301119080011012060312
008301119080012014020628
004301119080012012170304
002301119080013014030466
009301119080013012120464
001301119080014012040426
008301119080014012110378
004301119080014012160289
003301119080015012030194
001301119080015014010587
002301119080015019050209
009301119080015012080358
002301119080016012180297
008301119080016012070410
009301119080016012080358
001301119080017019030038
004301119080017012170287
002301119080018019040034
009301119080018014020502
008301119080018012070438
002301119080019014030486
009301119080019012120401
004301119080019012170284
002301119080020014030485
008301119080020013020701
003301119080021012020399
001301119080021014010522
009301119080021012070392
004301119080021012160236
002301119080022014030072
001301119080023015100543
004301119080023012130284
009301119080023015020624
003301119080024012020366
006301119080024015020540
002301119080024019050171
008301119080024013020813
002301119080025014030447
001301119080025014010200
001301119080025019010128
004301119080025012170286
003301119080026012020367
009301119080026015020022
002301119080026019030046
008301119080026014020536
002301119080027015030362
004301119080027012150295
009301119080028012070197
008301119080028012120483
002301119080029012170299
004301119080029013030425
002301119080029019060108
006301119080029014020288
002301119080031012130326
004301119080031014030470
009301119080031012080447
001301119080031016000167
003301119080032012020376
008301119080032012090345
002301119080032019010127
003301119080033012010403
004301119080033012130334
008301119080034012100201
009301119080034012100252
003301119080035012030396
008301119080035012100201
002301119080035019040012
001301119080036014010594
009301119080037012110479
004301119080037012170298
003301119080038013010716
001301119080038014010309
002301119080038012170295
004301119080038014030398
008301119080038013020660
003301119080039012010401
002301119080039019020124
009301119080039012090343
002301119080041012140428
004301119080041014030368
008301119080041014020414
009301119080042012110478
008301119080042014020540
001301119080043012030010
009301119080043013020837
002301119080043019040030
002301119080044014030356
004301119080044013030567
002301119080045012130329
009301119080045012070357
006301119080045012160222
008301119080045012100358
003301119080047014010524
002301119080047019010131
009301119080047013020586
002301119080048012130330
002301119080048019010131
008301119080048012080360
004301119080048012160087
006301119080048012020279
003301119080049013010808
009301119080049014020620
002301119080050012180305
001301119080050019030043
009301119080050012090407
008301119080050012070376
001301119080051012010385
003301119080051014010539
002301119080052012150314
009301119080052014020513
008301119080052012120470
006301119080052014020055
002301119080053019050170
002301119080054015030442
003301119080054013010674
001301119080054016000163
004301119080054012150100
008301119080054014020120
009301119080055012090388
002301119080056012150315
001301119080056016000163
004301119080056013030608
003301119080057012050359
002301119080057012160228
009301119080057012120488
008301119080058012120419
003301119080059012010237
009301119080059012100450
004301119080059012170207
002301119080059019110049
006301119080059012050085
002301119080100014030475
004301119080100013030412
008301119080100013020747
009301119080101013020282
002301119080102014030465
003301119080102012030328
006301119080103012150195
004301119080103012160143
008301119080103014020602
009301119080104012080366
006301119080105015020563
009301119080105012090309
004301119080105012170020
002301119080106019070001
001301119080106012150311
009301119080107012120448
001301119080108013010688
004301119080108013030331
001301119080108012150311
009301119080109012080427
004301119080110013030610
009301119080110014020571
002301119080111014030387
008301119080111012100420
002301119080113012130302
009301119080113015020638
008301119080113012080373
004301119080115014030267
008301119080115012090413
002301119080115019010133
002301119080116012170019
002301119080117019010008
002301119080118012130292
004301119080118013030616
008301119080118013020838
006301119080118013020326
001301119080119012040338
004301119080119012180159
002301119080120019020333
004301119080121012170209
008301119080121012070411
002301119080122014030158
001301119080122019060076
002301119080123019110013
009301119080123012090414
004301119080124012140437
006301119080124014030096
008301119080124014020489
008301119080125012120301
004301119080126013030605
001301119080127012030385
008301119080127012090391
009301119080127016000149
004301119080129015030408
008301119080129012120485
003301119080130012050320
009301119080130016000124
008301119080131012110416
002301119080132014030467
004301119080132014030150
009301119080132013020863
001301119080133012040420
002301119080134014030481
008301119080134012080429
004301119080134012170235
003301119080135012050009
001301119080136015010731
008301119080137012090402
002301119080137019040009
001301119080139012010382
004301119080139012180292
009301119080141013020643
004301119080141014030452
001301119080143014010066
008301119080143012100425
002301119080143019020379
004301119080143014030299
009301119080144012120414
003301119080146012060378
004301119080146013030584
004301119080147012130335
008301119080147012070338
001301119080148014010610
002301119080148015030383
001301119080150014010535
004301119080150012160311
002301119080151012150261
001301119080152012050147
001301119080152018010055
006301119080152015030168
002301119080153012180261
002301119080153019050228
004301119080153012170054
003301119080155012010327
002301119080156015030468
002301119080156019050222
001301119080157012060368
001301119080158014010338
004301119080158015030101
002301119080159012130337
002301119080159019010072
001301119080201013010751
001301119080202016000163
004301119080202012150069
003301119080204012010010
009301119080204012080418
002301119080205012140431
006301119080205012160012
008301119080205012120465
002301119080206012150263
002301119080206019090016
003301119080208012010173
002301119080209014030416
004301119080209012150170
003301119080210015010805
002301119080211012180257
001301119080212014010611
004301119080212015030439
001301119080212018010018
002301119080213013030465
006301119080213014030160
009301119080214014020586
002301119080215012180154
003301119080215013010515
003301119080216012040459
002301119080217012160302
004301119080217012130267
008301119080218012070431
009301119080218012070450
004301119080219012130014
003301119080220012030095
004301119080220013030399
008301119080221013020255
009301119080222013020425
002301119080223014030022
001301119080226012060403
001301119080226016000164
004301119080226012160312
008301119080227013020870
001301119080228015010407
004301119080228012180263
001301119080229016000164
008301119080230012100367
003301119080231013010769
008301119080232013020790
009301119080233014020534
006301119080233013030222
008301119080235012120306
002301119080240019040016
006301119080242012120124
008301119080242014020470
006301119080245019100002
002301119080249014030176
009301119080250012080470
009301119080252012080470
009301119080255015020541
004301119080256012140420
001301119080258012030329
008301119080301014020616
009301119080304013020817
008301119080304012090412
002301119080305014030427
004301119080305012180301
008301119080306012090412
001301119080308012030363
004301119080308012020358
004301119080311013030485
001301119080312012010423
002301119080313014030217
004301119080314012170306
008301119080316012080469
001301119080321012030305
002301119080324012140447
006301119080327014010295
009301119080329013020640
008301119080330012100385
003301119080332013010004
002301119080338019110014
001301119080341014010508
009301119080343014020568
002301119080344014030001
001301119080349012050347
008301119080352012080438
009301119080359014020570
009301119080401012070433
001301119080402014010133
001301119080409012030196
001301119080412015010764
004301119080415012170222
006301119080415013010117
003301119080420012030338
002301119080420019030049
002301119080425019010119
002301119080430019040020
003301119080436012050353
002301119080445019050195
002301119080447019050213
009301119080458012090399
006301119080506012030282
004301119080507013030510
006301119080511012020013
003301119080515012010293
002301119080537012140430
008301119080539012090357
001301119080628012030361
002301119080648019010118
006301119080649012030316
002301119080650019040015
002301119080655019010094
006301119080656012010405
004301119080706012180290
002301119080706019060001
002301119080711019030048
004301119080717012170250
004301119080723012140463
008301119080729012070341
004301119080735014030369
003301119080813012010392
008301119080916012080345
001301119081032013010213
001301119081323013030071
002301119081413019030033
001301119081627016000052
001301119081709016000012
001301119082034016000007
001301119082037016000001
001301119082040016000001
002301119082831019010111
002301119082841019010031
002301119083051019050193
